fold,run_id,route,duration_s,model_err_m,baseline_err_m,oracle_err_m,model_drift_pct
0,S-M#0,M/M (Driver B),10.0,8.931,21.067,2.146,12.328
0,S-M#0,M/M (Driver B),10.0,10.445,20.467,1.743,13.932
0,S-M#0,M/M (Driver B),10.0,9.499,19.071,1.936,12.494
0,S-M#0,M/M (Driver B),10.0,9.609,11.601,0.829,13.687
0,S-M#0,M/M (Driver B),10.0,1.008,1.397,0.517,1.747
0,S-M#0,M/M (Driver B),10.0,0.484,1.218,0.333,0.8
0,S-M#0,M/M (Driver B),10.0,0.663,0.734,0.484,1.013
0,S-M#0,M/M (Driver B),10.0,1.103,0.773,0.363,1.707
0,S-M#0,M/M (Driver B),10.0,1.038,1.508,0.403,1.67
0,S-M#0,M/M (Driver B),10.0,1.351,2.422,0.636,2.368
0,S-M#0,M/M (Driver B),10.0,0.756,1.116,0.613,1.28
0,S-M#0,M/M (Driver B),10.0,2.448,1.173,0.327,4.067
0,S-M#0,M/M (Driver B),10.0,1.764,1.156,0.364,2.888
0,S-M#0,M/M (Driver B),10.0,1.457,1.592,0.493,2.41
0,S-M#0,M/M (Driver B),10.0,1.381,2.595,0.371,2.37
0,S-M#0,M/M (Driver B),10.0,0.935,1.403,0.604,1.6
0,S-M#0,M/M (Driver B),10.0,2.25,9.179,0.68,4.282
0,S-M#0,M/M (Driver B),10.0,18.343,94.887,2.071,35.709
0,S-M#0,M/M (Driver B),10.0,4.126,12.087,0.919,17.732
0,S-M#0,M/M (Driver B),10.0,13.974,42.586,6.913,31.664
0,S-M#0,M/M (Driver B),10.0,14.398,24.231,2.942,15.184
0,S-M#0,M/M (Driver B),10.0,12.7,76.123,1.56,10.511
0,S-M#0,M/M (Driver B),10.0,12.321,41.462,2.71,10.124
0,S-M#0,M/M (Driver B),10.0,11.318,142.449,4.769,6.966
0,S-M#0,M/M (Driver B),10.0,36.802,127.047,4.873,20.883
0,S-M#0,M/M (Driver B),10.0,28.44,1.204,2.535,16.432
0,S-M#0,M/M (Driver B),10.0,31.71,142.604,0.434,17.589
0,S-M#0,M/M (Driver B),10.0,14.752,54.225,43.552,12.528
0,S-M#0,M/M (Driver B),10.0,61.826,124.769,49.045,33.504
0,S-M#0,M/M (Driver B),10.0,7.095,6.824,0.806,4.105
0,S-M#0,M/M (Driver B),10.0,9.155,27.534,1.194,5.684
0,S-M#0,M/M (Driver B),10.0,9.122,103.942,5.283,5.981
0,S-M#0,M/M (Driver B),10.0,26.196,51.202,1.067,16.128
0,S-M#0,M/M (Driver B),10.0,16.753,54.108,16.956,10.22
0,S-M#0,M/M (Driver B),10.0,20.132,39.828,1.562,15.543
0,S-M#0,M/M (Driver B),10.0,12.198,67.807,1.535,12.338
0,S-M#0,M/M (Driver B),10.0,11.811,13.977,1.043,9.104
0,S-M#0,M/M (Driver B),10.0,3.745,16.419,2.475,2.828
0,S-M#0,M/M (Driver B),10.0,20.058,94.868,3.127,16.532
0,S-M#0,M/M (Driver B),10.0,9.83,0.758,1.292,8.052
0,S-M#0,M/M (Driver B),10.0,14.105,55.917,2.407,11.391
0,S-M#0,M/M (Driver B),10.0,9.257,12.643,1.107,7.42
0,S-M#0,M/M (Driver B),10.0,8.936,80.459,1.378,7.371
0,S-M#0,M/M (Driver B),10.0,31.483,28.866,0.24,35.281
0,S-M#0,M/M (Driver B),10.0,8.75,28.304,1.941,8.684
0,S-M#0,M/M (Driver B),10.0,2.321,28.554,0.319,3.576
0,S-M#0,M/M (Driver B),10.0,7.473,26.177,1.544,7.18
0,S-M#0,M/M (Driver B),10.0,6.228,32.118,0.164,5.639
0,S-M#0,M/M (Driver B),10.0,1.769,26.217,1.071,2.249
0,S-M#0,M/M (Driver B),10.0,10.431,23.392,0.693,117.482
0,S-M#0,M/M (Driver B),10.0,2.96,12.013,1.29,24.206
0,S-M#0,M/M (Driver B),10.0,2.886,28.754,0.974,2.707
0,S-M#0,M/M (Driver B),10.0,13.286,5.97,0.313,10.227
0,S-M#0,M/M (Driver B),10.0,20.364,32.844,0.648,13.16
0,S-M#0,M/M (Driver B),10.0,22.324,23.843,0.138,12.846
0,S-M#0,M/M (Driver B),10.0,15.826,47.698,3.299,15.144
0,S-M#0,M/M (Driver B),10.0,13.669,118.935,1.185,13.359
0,S-M#0,M/M (Driver B),10.0,1.42,29.763,1.06,1.127
0,S-M#0,M/M (Driver B),10.0,6.985,44.696,1.135,8.09
0,S-M#0,M/M (Driver B),10.0,15.043,56.043,2.167,12.113
0,S-M#0,M/M (Driver B),10.0,20.787,59.02,0.318,15.821
0,S-M#0,M/M (Driver B),10.0,5.418,1.49,2.072,4.152
0,S-M#0,M/M (Driver B),10.0,7.891,16.762,0.767,6.457
0,S-M#0,M/M (Driver B),10.0,6.528,88.444,1.592,8.543
0,S-M#0,M/M (Driver B),10.0,6.653,57.243,2.876,6.948
0,S-M#0,M/M (Driver B),10.0,24.652,27.03,1.174,21.056
0,S-M#0,M/M (Driver B),10.0,14.701,23.978,6.205,11.813
0,S-M#0,M/M (Driver B),10.0,3.603,4.846,2.082,3.182
0,S-M#0,M/M (Driver B),10.0,25.521,26.562,2.604,20.851
0,S-M#0,M/M (Driver B),10.0,1.453,28.077,4.526,1.147
0,S-M#0,M/M (Driver B),10.0,7.859,6.497,2.35,9.305
0,S-M#0,M/M (Driver B),10.0,12.862,11.275,3.339,12.016
0,S-M#0,M/M (Driver B),10.0,3.174,16.714,1.363,2.49
0,S-M#0,M/M (Driver B),10.0,4.461,15.957,2.898,3.591
0,S-M#0,M/M (Driver B),10.0,8.271,60.663,3.486,6.241
0,S-M#0,M/M (Driver B),10.0,3.777,17.244,3.587,2.68
0,S-M#0,M/M (Driver B),10.0,18.737,112.017,2.899,13.082
0,S-M#0,M/M (Driver B),10.0,5.337,37.616,5.285,4.625
0,S-M#0,M/M (Driver B),10.0,9.764,103.293,2.202,11.409
0,S-M#0,M/M (Driver B),10.0,13.926,9.711,3.378,10.874
0,S-M#0,M/M (Driver B),10.0,2.634,53.445,1.166,2.117
0,S-M#0,M/M (Driver B),10.0,2.327,9.316,4.398,1.983
0,S-M#0,M/M (Driver B),10.0,1.317,47.148,3.367,1.379
0,S-M#0,M/M (Driver B),10.0,4.38,60.074,3.022,5.817
0,S-M#0,M/M (Driver B),10.0,6.574,12.878,2.441,9.206
0,S-M#0,M/M (Driver B),10.0,6.939,21.186,0.914,7.551
0,S-M#0,M/M (Driver B),10.0,13.843,12.734,2.082,14.468
0,S-M#0,M/M (Driver B),10.0,10.605,31.679,2.718,11.859
0,S-M#0,M/M (Driver B),10.0,8.3,48.026,2.659,14.841
0,S-M#0,M/M (Driver B),10.0,5.045,22.571,3.306,5.722
0,S-M#0,M/M (Driver B),10.0,5.389,32.929,3.935,5.098
0,S-M#0,M/M (Driver B),10.0,11.072,42.814,1.505,20.178
0,S-M#0,M/M (Driver B),10.0,8.013,84.712,4.205,12.353
0,S-M#0,M/M (Driver B),10.0,17.234,70.928,2.698,27.601
0,S-M#0,M/M (Driver B),10.0,12.173,22.048,4.234,167.746
0,S-M#0,M/M (Driver B),10.0,1.728,5.503,0.317,46.812
0,S-M#0,M/M (Driver B),10.0,4.595,1.504,2.955,268.051
0,S-M#0,M/M (Driver B),10.0,5.38,1.079,2.687,251.795
0,S-M#0,M/M (Driver B),10.0,6.177,53.524,4.736,11.768
0,S-M#0,M/M (Driver B),10.0,12.193,61.905,1.286,20.881
0,S-M#0,M/M (Driver B),10.0,8.557,2.299,0.369,311.507
0,S-M#0,M/M (Driver B),10.0,15.029,79.405,0.523,25.496
0,S-M#0,M/M (Driver B),10.0,12.932,48.492,2.079,25.634
0,S-M#0,M/M (Driver B),10.0,6.854,116.832,1.838,8.778
0,S-M#0,M/M (Driver B),10.0,15.684,4.775,1.164,18.167
0,S-M#0,M/M (Driver B),10.0,5.331,16.018,1.357,6.551
0,S-M#0,M/M (Driver B),10.0,7.087,76.284,1.386,7.654
0,S-M#0,M/M (Driver B),10.0,6.379,11.355,4.94,6.466
0,S-M#0,M/M (Driver B),10.0,3.185,9.903,1.175,3.39
0,S-M#0,M/M (Driver B),10.0,3.639,11.351,1.155,3.754
0,S-M#0,M/M (Driver B),10.0,6.786,114.46,4.145,9.364
0,S-M#0,M/M (Driver B),10.0,21.126,83.44,1.621,37.35
0,S-M#0,M/M (Driver B),10.0,21.827,13.105,0.382,29.304
0,S-M#0,M/M (Driver B),10.0,6.37,16.217,0.781,11.409
0,S-M#0,M/M (Driver B),10.0,17.873,9.527,0.733,20.633
0,S-M#0,M/M (Driver B),10.0,23.916,19.313,0.968,34.267
0,S-M#0,M/M (Driver B),10.0,5.11,41.16,0.141,14.398
0,S-M#0,M/M (Driver B),10.0,6.183,37.102,1.53,9.477
0,S-M#0,M/M (Driver B),10.0,22.781,3.609,1.185,32.676
0,S-M#0,M/M (Driver B),10.0,9.635,7.576,1.552,13.575
0,S-M#0,M/M (Driver B),10.0,14.2,80.726,1.3,24.531
0,S-M#0,M/M (Driver B),10.0,4.926,83.811,0.525,8.052
0,S-M#0,M/M (Driver B),10.0,13.933,22.887,2.755,19.869
0,S-M#0,M/M (Driver B),10.0,3.146,27.906,2.287,4.781
0,S-M#0,M/M (Driver B),10.0,12.645,49.308,2.155,18.173
0,S-M#0,M/M (Driver B),10.0,8.424,46.34,0.694,11.271
0,S-M#0,M/M (Driver B),10.0,5.905,2.257,2.409,7.454
0,S-M#0,M/M (Driver B),10.0,6.49,100.274,2.943,9.839
0,S-M#0,M/M (Driver B),10.0,9.317,8.126,0.901,11.871
0,S-M#0,M/M (Driver B),10.0,6.142,33.085,1.412,9.033
0,S-M#0,M/M (Driver B),10.0,11.702,40.678,1.986,28.363
0,S-M#0,M/M (Driver B),10.0,8.777,14.435,0.18,10.278
0,S-M#0,M/M (Driver B),10.0,3.937,70.114,3.152,6.639
0,S-M#0,M/M (Driver B),10.0,13.751,17.95,0.34,18.234
0,S-M#0,M/M (Driver B),10.0,17.82,5.594,0.348,24.045
0,S-M#0,M/M (Driver B),10.0,13.129,7.727,0.966,16.953
0,S-M#0,M/M (Driver B),10.0,25.093,11.564,0.848,37.092
0,S-M#0,M/M (Driver B),10.0,8.246,78.234,2.12,13.387
0,S-M#0,M/M (Driver B),10.0,15.798,61.297,2.027,60.092
0,S-M#0,M/M (Driver B),10.0,4.779,34.066,1.018,6.034
0,S-M#0,M/M (Driver B),10.0,5.732,4.057,0.513,6.208
0,S-M#0,M/M (Driver B),10.0,9.35,3.216,0.319,10.244
0,S-M#0,M/M (Driver B),10.0,14.563,35.95,0.41,15.641
0,S-M#0,M/M (Driver B),10.0,3.474,3.357,0.449,3.889
0,S-M#0,M/M (Driver B),10.0,5.985,74.292,2.936,9.085
0,S-M#0,M/M (Driver B),10.0,7.634,10.135,2.068,11.333
0,S-M#0,M/M (Driver B),10.0,2.436,78.645,1.693,3.505
0,S-M#0,M/M (Driver B),10.0,9.405,1.661,0.874,11.586
0,S-M#0,M/M (Driver B),10.0,21.604,27.476,1.368,44.273
0,S-M#0,M/M (Driver B),10.0,1.54,38.47,1.054,2.047
0,S-M#0,M/M (Driver B),10.0,11.23,46.097,1.07,41.743
0,S-M#0,M/M (Driver B),10.0,9.259,26.322,1.009,31.985
0,S-M#0,M/M (Driver B),10.0,12.824,49.334,3.806,14.777
0,S-M#0,M/M (Driver B),10.0,12.521,106.397,2.837,13.775
0,S-M#0,M/M (Driver B),10.0,16.915,13.948,2.19,20.617
0,S-M#0,M/M (Driver B),10.0,5.388,27.269,1.63,8.088
0,S-M#0,M/M (Driver B),10.0,21.682,25.029,1.095,36.475
0,S-M#0,M/M (Driver B),10.0,16.787,17.961,0.198,20.874
0,S-M#0,M/M (Driver B),10.0,10.212,26.007,0.828,11.886
0,S-M#0,M/M (Driver B),10.0,12.2,7.633,0.54,13.79
0,S-M#0,M/M (Driver B),10.0,11.408,62.445,2.349,17.086
0,S-M#0,M/M (Driver B),10.0,13.255,59.97,2.02,30.573
0,S-M#0,M/M (Driver B),10.0,21.381,46.001,3.024,68.735
0,S-M#0,M/M (Driver B),10.0,5.668,5.875,1.194,125.526
0,S-M#0,M/M (Driver B),10.0,5.509,29.59,5.247,13.45
0,S-M#0,M/M (Driver B),10.0,3.432,76.015,2.222,7.525
0,S-M#0,M/M (Driver B),10.0,3.143,10.67,1.692,26.842
0,S-M#0,M/M (Driver B),10.0,8.82,11.541,0.284,11.234
0,S-M#0,M/M (Driver B),10.0,5.196,123.394,1.18,6.636
0,S-M#0,M/M (Driver B),10.0,3.014,17.073,1.243,3.194
0,S-M#0,M/M (Driver B),10.0,1.987,12.108,1.388,1.917
0,S-M#0,M/M (Driver B),10.0,19.918,17.198,0.524,19.416
0,S-M#0,M/M (Driver B),10.0,4.757,105.309,3.699,7.231
0,S-M#0,M/M (Driver B),10.0,4.842,37.435,1.183,20.688
0,S-M#0,M/M (Driver B),10.0,9.252,3.477,10.244,80.497
0,S-M#0,M/M (Driver B),10.0,8.854,11.0,0.508,14.899
0,S-M#0,M/M (Driver B),10.0,7.79,30.109,2.308,24.644
0,S-M#0,M/M (Driver B),10.0,7.277,9.263,1.269,7.991
0,S-M#0,M/M (Driver B),10.0,8.266,5.829,2.053,9.065
0,S-M#0,M/M (Driver B),10.0,2.892,6.656,0.949,3.179
0,S-M#0,M/M (Driver B),10.0,9.353,47.697,0.32,10.894
0,S-M#0,M/M (Driver B),10.0,9.256,72.223,2.489,16.202
0,S-M#0,M/M (Driver B),10.0,3.269,57.388,1.227,16.784
0,S-M#0,M/M (Driver B),10.0,3.087,6.597,0.915,48.696
0,S-M#0,M/M (Driver B),10.0,4.874,28.934,2.339,5.693
0,S-M#0,M/M (Driver B),10.0,6.937,7.834,0.431,6.382
0,S-M#0,M/M (Driver B),10.0,5.783,5.254,0.282,5.247
0,S-M#0,M/M (Driver B),10.0,4.168,9.596,1.311,3.847
0,S-M#0,M/M (Driver B),10.0,9.544,95.949,2.495,13.397
0,S-M#0,M/M (Driver B),10.0,13.177,38.071,1.969,14.64
0,S-M#0,M/M (Driver B),10.0,6.627,96.046,1.704,9.781
0,S-M#0,M/M (Driver B),10.0,25.085,70.523,2.956,38.212
0,S-M#0,M/M (Driver B),10.0,14.086,36.463,1.734,17.671
0,S-M#0,M/M (Driver B),10.0,17.561,28.286,1.093,23.068
0,S-M#0,M/M (Driver B),10.0,5.155,57.787,3.162,10.023
0,S-M#0,M/M (Driver B),10.0,7.3,44.267,2.485,10.049
0,S-M#0,M/M (Driver B),10.0,10.069,14.604,1.319,12.789
0,S-M#0,M/M (Driver B),10.0,3.081,67.108,2.894,4.049
0,S-M#0,M/M (Driver B),10.0,12.905,46.359,3.505,16.008
0,S-M#0,M/M (Driver B),10.0,0.819,28.884,0.652,5.896
0,S-M#0,M/M (Driver B),10.0,14.301,88.497,3.502,21.163
0,S-M#0,M/M (Driver B),10.0,21.599,22.218,1.733,37.904
0,S-M#0,M/M (Driver B),10.0,12.425,37.865,2.569,16.444
0,S-M#0,M/M (Driver B),10.0,6.426,63.879,2.64,10.059
0,S-M#0,M/M (Driver B),10.0,21.451,65.391,1.83,56.632
0,S-M#0,M/M (Driver B),10.0,5.186,6.12,0.617,74.238
0,S-M#0,M/M (Driver B),10.0,4.079,3.33,0.211,395.222
0,S-M#0,M/M (Driver B),10.0,6.461,48.231,0.566,12.086
0,S-M#0,M/M (Driver B),10.0,4.047,1.817,0.459,5.117
0,S-M#0,M/M (Driver B),10.0,4.737,112.728,5.021,6.343
0,S-M#0,M/M (Driver B),10.0,12.427,0.52,0.735,17.476
0,S-M#0,M/M (Driver B),10.0,7.979,66.142,1.938,11.219
0,S-M#0,M/M (Driver B),10.0,20.694,20.423,1.668,24.99
0,S-M#0,M/M (Driver B),10.0,9.323,58.318,3.712,21.387
0,S-M#0,M/M (Driver B),10.0,5.788,22.484,2.307,5.499
0,S-M#0,M/M (Driver B),10.0,3.861,15.397,2.161,3.564
0,S-M#0,M/M (Driver B),10.0,1.595,10.935,2.962,1.683
0,S-M#0,M/M (Driver B),10.0,2.117,2.19,1.36,2.108
0,S-M#0,M/M (Driver B),10.0,20.163,13.734,1.802,22.123
0,S-M#0,M/M (Driver B),10.0,17.86,8.496,1.772,35.095
0,S-M#0,M/M (Driver B),10.0,11.527,134.601,1.362,12.499
0,S-M#0,M/M (Driver B),10.0,14.907,11.88,1.558,11.087
0,S-M#0,M/M (Driver B),10.0,7.36,27.208,2.881,5.781
0,S-M#0,M/M (Driver B),10.0,5.068,2.912,1.811,4.069
0,S-M#0,M/M (Driver B),10.0,8.07,12.146,1.133,6.414
0,S-M#0,M/M (Driver B),10.0,4.423,2.566,3.13,3.501
0,S-M#0,M/M (Driver B),10.0,3.053,1.705,1.631,2.428
0,S-M#0,M/M (Driver B),10.0,7.635,1.921,1.116,6.071
0,S-M#0,M/M (Driver B),10.0,4.206,3.02,3.454,3.377
0,S-M#0,M/M (Driver B),10.0,3.359,2.452,2.65,2.666
0,S-M#0,M/M (Driver B),10.0,6.16,70.321,3.778,7.034
0,S-M#0,M/M (Driver B),10.0,28.237,25.927,0.537,23.359
0,S-M#0,M/M (Driver B),10.0,13.463,9.673,1.509,8.783
0,S-M#0,M/M (Driver B),10.0,18.925,9.387,2.887,11.159
0,S-M#0,M/M (Driver B),10.0,5.113,16.66,3.444,3.303
0,S-M#0,M/M (Driver B),10.0,23.479,36.673,2.841,31.965
0,S-M#0,M/M (Driver B),10.0,3.704,141.881,1.292,4.366
0,S-M#0,M/M (Driver B),10.0,20.716,50.843,2.745,17.509
0,S-M#0,M/M (Driver B),10.0,0.809,18.573,5.26,0.712
0,S-M#0,M/M (Driver B),10.0,2.485,48.55,2.356,3.483
0,S-M#0,M/M (Driver B),10.0,7.751,6.655,2.917,8.395
0,S-M#0,M/M (Driver B),10.0,4.324,43.539,2.229,3.669
0,S-M#0,M/M (Driver B),10.0,14.623,31.761,0.663,10.69
0,S-M#0,M/M (Driver B),10.0,11.381,121.73,5.173,8.039
0,S-M#0,M/M (Driver B),10.0,4.075,8.769,3.294,2.957
0,S-M#0,M/M (Driver B),10.0,14.146,79.832,3.216,14.78
0,S-M#0,M/M (Driver B),10.0,9.089,43.9,1.883,9.604
0,S-M#0,M/M (Driver B),10.0,20.495,29.729,17.446,16.64
0,S-M#0,M/M (Driver B),10.0,23.124,56.917,3.26,15.326
0,S-M#0,M/M (Driver B),10.0,74.045,51.748,5.414,47.078
0,S-M#0,M/M (Driver B),10.0,55.984,47.26,3.131,42.826
0,S-M#0,M/M (Driver B),10.0,11.276,35.454,2.668,6.625
0,S-M#0,M/M (Driver B),10.0,34.797,27.924,3.496,17.298
0,S-M#0,M/M (Driver B),10.0,11.611,66.335,1.606,9.004
0,S-M#0,M/M (Driver B),10.0,19.695,80.981,4.637,14.238
0,S-M#0,M/M (Driver B),10.0,35.706,139.623,5.981,34.594
0,S-M#0,M/M (Driver B),10.0,17.15,28.968,1.126,8.642
0,S-M#0,M/M (Driver B),10.0,27.55,117.403,5.848,19.727
0,S-M#0,M/M (Driver B),10.0,17.216,28.223,4.949,10.363
0,S-M#0,M/M (Driver B),10.0,39.925,92.552,3.591,25.763
0,S-M#0,M/M (Driver B),10.0,36.577,123.043,0.975,17.519
0,S-M#0,M/M (Driver B),10.0,26.434,105.899,2.464,22.381
0,S-M#0,M/M (Driver B),10.0,14.714,26.454,6.522,13.133
0,S-M#0,M/M (Driver B),10.0,12.632,146.367,0.631,11.417
0,S-M#0,M/M (Driver B),10.0,33.88,48.686,3.866,18.412
0,S-M#0,M/M (Driver B),10.0,8.895,76.654,1.294,5.256
0,S-M#0,M/M (Driver B),10.0,27.709,59.433,3.681,21.001
0,S-M#0,M/M (Driver B),10.0,19.512,18.363,2.143,16.88
0,S-M#0,M/M (Driver B),10.0,28.549,55.943,1.908,23.054
0,S-M#0,M/M (Driver B),10.0,3.483,12.177,2.735,2.553
0,S-M#0,M/M (Driver B),10.0,24.949,18.345,2.225,13.86
0,S-M#0,M/M (Driver B),10.0,39.671,84.829,2.943,40.116
0,S-M#0,M/M (Driver B),10.0,15.62,6.284,8.978,235.058
0,S-M#0,M/M (Driver B),10.0,40.02,146.024,6.374,30.489
0,S-M#0,M/M (Driver B),10.0,20.594,72.822,2.899,12.03
0,S-M#0,M/M (Driver B),10.0,40.636,33.226,3.688,26.567
0,S-M#0,M/M (Driver B),10.0,12.722,66.854,1.684,12.326
0,S-M#0,M/M (Driver B),10.0,1.29,15.906,0.909,0.869
0,S-M#0,M/M (Driver B),10.0,31.269,118.596,1.975,16.107
0,S-M#0,M/M (Driver B),10.0,33.321,76.565,2.502,26.238
0,S-M#0,M/M (Driver B),10.0,3.808,38.447,2.443,2.775
0,S-M#0,M/M (Driver B),10.0,24.994,159.404,2.198,21.687
0,S-M#0,M/M (Driver B),10.0,17.79,58.216,2.464,15.431
0,S-M#0,M/M (Driver B),10.0,78.916,50.362,86.788,158.779
0,S-M#0,M/M (Driver B),10.0,6.039,62.755,2.564,5.144
0,S-M#0,M/M (Driver B),10.0,13.846,15.064,0.372,11.169
0,S-M#0,M/M (Driver B),10.0,50.303,44.789,0.563,27.82
0,S-M#0,M/M (Driver B),10.0,41.152,35.775,0.917,123.958
0,S-M#0,M/M (Driver B),10.0,9.755,34.726,1.455,8.949
0,S-M#0,M/M (Driver B),10.0,4.458,37.669,0.614,3.771
0,S-M#0,M/M (Driver B),10.0,5.752,1.778,1.948,4.498
0,S-M#0,M/M (Driver B),10.0,20.52,74.07,3.064,16.567
0,S-M#0,M/M (Driver B),10.0,14.396,67.184,0.382,12.927
0,S-M#0,M/M (Driver B),10.0,15.874,23.932,1.244,20.177
0,S-M#0,M/M (Driver B),10.0,3.34,54.408,1.321,7.241
0,S-M#0,M/M (Driver B),10.0,5.527,15.459,0.362,5.337
0,S-M#0,M/M (Driver B),10.0,5.664,28.886,1.584,5.2
0,S-M#0,M/M (Driver B),10.0,17.949,19.917,1.886,16.648
0,S-M#0,M/M (Driver B),10.0,4.801,26.678,0.952,4.293
0,S-M#0,M/M (Driver B),10.0,5.771,17.244,4.236,5.375
0,S-M#0,M/M (Driver B),10.0,4.922,125.445,1.462,4.809
0,S-M#0,M/M (Driver B),10.0,9.279,12.45,4.02,10.796
0,S-M#0,M/M (Driver B),10.0,23.178,45.85,1.351,74.438
0,S-M#0,M/M (Driver B),10.0,27.225,24.875,28.89,110.901
0,S-M#0,M/M (Driver B),10.0,13.104,16.523,4.832,26.211
0,S-M#0,M/M (Driver B),10.0,24.319,27.895,0.37,23.576
0,S-M#0,M/M (Driver B),10.0,14.326,133.75,2.054,15.391
0,S-M#0,M/M (Driver B),10.0,15.763,84.7,3.568,11.408
0,S-M#0,M/M (Driver B),10.0,9.611,75.255,3.199,6.793
0,S-M#0,M/M (Driver B),10.0,14.065,164.334,2.315,13.9
0,S-M#0,M/M (Driver B),10.0,21.547,40.594,0.704,58.877
0,S-M#0,M/M (Driver B),10.0,10.346,78.852,0.536,12.652
0,S-M#0,M/M (Driver B),10.0,15.151,80.836,0.681,22.525
0,S-M#0,M/M (Driver B),10.0,3.927,113.666,1.471,4.197
0,S-M#0,M/M (Driver B),10.0,10.379,77.105,1.081,10.408
0,S-M#0,M/M (Driver B),10.0,3.559,26.905,0.358,5.387
0,S-M#0,M/M (Driver B),10.0,10.886,54.558,1.054,14.194
0,S-M#0,M/M (Driver B),10.0,13.384,59.075,2.581,15.179
0,S-M#0,M/M (Driver B),10.0,13.299,53.721,0.641,12.819
0,S-M#0,M/M (Driver B),10.0,17.685,45.012,0.401,19.563
0,S-M#0,M/M (Driver B),10.0,7.482,9.533,0.142,9.129
0,S-M#0,M/M (Driver B),10.0,6.39,44.756,0.472,7.919
0,S-M#0,M/M (Driver B),10.0,14.732,76.476,2.678,22.342
0,S-M#0,M/M (Driver B),10.0,13.071,17.716,0.679,13.628
0,S-M#0,M/M (Driver B),10.0,25.544,17.436,1.919,29.182
0,S-M#0,M/M (Driver B),10.0,18.238,48.023,0.505,16.663
0,S-M#0,M/M (Driver B),10.0,2.967,72.235,0.67,2.439
0,S-M#0,M/M (Driver B),10.0,10.749,43.077,1.49,8.689
0,S-M#0,M/M (Driver B),10.0,7.637,49.888,0.155,6.325
0,S-M#0,M/M (Driver B),10.0,11.768,134.677,0.255,9.376
0,S-M#0,M/M (Driver B),10.0,3.473,35.478,0.312,2.476
0,S-M#0,M/M (Driver B),10.0,11.491,11.835,0.79,9.833
0,S-M#0,M/M (Driver B),10.0,17.964,48.42,1.275,87.713
0,S-M#0,M/M (Driver B),10.0,21.283,81.318,2.223,26.217
0,S-M#0,M/M (Driver B),10.0,3.532,6.344,0.929,2.938
0,S-M#0,M/M (Driver B),10.0,15.916,30.846,0.942,21.081
0,S-M#0,M/M (Driver B),10.0,8.326,4.434,2.207,19.512
0,S-M#0,M/M (Driver B),10.0,7.018,50.543,3.867,7.589
0,S-M#0,M/M (Driver B),10.0,12.347,29.86,0.614,12.469
0,S-M#0,M/M (Driver B),10.0,14.034,123.959,3.961,16.243
0,S-M#0,M/M (Driver B),10.0,21.008,39.037,1.206,72.883
0,S-M#0,M/M (Driver B),10.0,10.949,4.582,8.831,229.503
0,S-M#0,M/M (Driver B),10.0,85.343,43.635,86.355,195.053
0,S-M#0,M/M (Driver B),10.0,8.366,36.297,0.798,26.538
0,S-M#0,M/M (Driver B),10.0,10.628,43.136,3.686,19.598
0,S-M#0,M/M (Driver B),10.0,14.026,75.17,3.393,18.591
0,S-M#0,M/M (Driver B),10.0,11.718,11.479,1.4,15.157
0,S-M#0,M/M (Driver B),10.0,2.587,14.154,1.302,18.003
0,S-M#0,M/M (Driver B),10.0,16.002,15.89,0.362,25.946
0,S-M#0,M/M (Driver B),10.0,13.767,86.046,1.434,18.856
0,S-M#0,M/M (Driver B),10.0,13.562,80.654,1.809,15.171
0,S-M#0,M/M (Driver B),10.0,4.601,95.223,5.605,5.281
0,S-M#0,M/M (Driver B),10.0,4.126,140.82,7.972,4.162
0,S-M#0,M/M (Driver B),10.0,7.356,34.314,2.636,7.267
0,S-M#0,M/M (Driver B),10.0,17.701,2.167,1.7,19.732
0,S-M#0,M/M (Driver B),10.0,3.219,82.9,5.568,4.889
0,S-M#0,M/M (Driver B),10.0,26.316,33.319,2.904,99.498
0,S-M#0,M/M (Driver B),10.0,31.929,2.439,19.902,216.512
0,S-M#0,M/M (Driver B),10.0,13.843,63.831,3.655,26.702
0,S-M#0,M/M (Driver B),10.0,6.51,131.619,2.636,7.738
0,S-M#0,M/M (Driver B),10.0,9.635,58.663,3.402,14.343
0,S-M#0,M/M (Driver B),10.0,10.646,18.81,4.558,10.75
0,S-M#0,M/M (Driver B),10.0,9.53,143.929,0.743,11.079
0,S-M#0,M/M (Driver B),10.0,17.401,31.902,2.193,20.599
0,S-M#0,M/M (Driver B),10.0,11.206,93.73,5.039,15.831
0,S-M#0,M/M (Driver B),10.0,17.0,147.742,4.751,20.879
0,S-M#0,M/M (Driver B),10.0,9.246,136.551,5.273,10.472
0,S-M#0,M/M (Driver B),10.0,25.732,19.72,1.214,31.126
0,S-M#0,M/M (Driver B),10.0,12.362,57.325,1.768,25.284
0,S-M#0,M/M (Driver B),10.0,14.989,45.319,1.449,32.856
0,S-M#0,M/M (Driver B),10.0,1.631,7.411,0.439,18.902
0,S-M#0,M/M (Driver B),10.0,6.652,53.352,1.218,6.837
0,S-M#0,M/M (Driver B),10.0,3.37,4.69,0.312,3.309
0,S-M#0,M/M (Driver B),10.0,25.185,48.2,1.349,45.918
0,S-M#0,M/M (Driver B),10.0,21.53,30.358,22.116,63.12
0,S-M#0,M/M (Driver B),10.0,16.296,46.18,2.8,13.546
0,S-M#0,M/M (Driver B),10.0,6.506,24.493,0.154,7.427
0,S-M#0,M/M (Driver B),10.0,20.773,33.559,3.737,14.344
0,S-M#0,M/M (Driver B),10.0,6.591,22.38,0.428,4.838
0,S-M#0,M/M (Driver B),10.0,24.946,42.162,1.513,25.446
0,S-M#0,M/M (Driver B),10.0,8.232,0.622,0.906,9.049
0,S-M#0,M/M (Driver B),10.0,20.747,28.525,1.91,15.169
0,S-M#0,M/M (Driver B),10.0,3.541,11.909,0.98,2.406
0,S-M#0,M/M (Driver B),10.0,9.175,25.771,0.719,6.488
0,S-M#0,M/M (Driver B),10.0,8.725,9.05,0.558,6.695
0,S-M#0,M/M (Driver B),10.0,6.336,40.728,1.899,4.554
0,S-M#0,M/M (Driver B),10.0,11.279,27.848,1.717,8.419
0,S-M#0,M/M (Driver B),10.0,3.315,76.675,2.762,13.989
0,S-M#0,M/M (Driver B),10.0,1.009,1.187,1.182,74.693
0,S-M#0,M/M (Driver B),10.0,12.988,53.094,9.742,20.555
0,S-M#0,M/M (Driver B),10.0,0.051,33.444,1.181,0.146
0,S-M#0,M/M (Driver B),10.0,11.924,41.625,3.6,26.227
0,S-M#0,M/M (Driver B),10.0,0.723,43.31,1.191,3.271
0,S-M#0,M/M (Driver B),10.0,14.46,43.552,5.952,29.834
0,S-M#0,M/M (Driver B),10.0,11.897,49.64,0.654,11.692
0,S-M#0,M/M (Driver B),10.0,32.744,51.157,2.855,36.743
0,S-M#0,M/M (Driver B),10.0,7.043,23.744,0.523,89.481
0,S-M#0,M/M (Driver B),10.0,20.416,72.331,1.287,25.844
0,S-M#0,M/M (Driver B),10.0,4.944,41.768,0.474,2.866
0,S-M#0,M/M (Driver B),10.0,12.94,24.434,1.689,7.461
0,S-M#0,M/M (Driver B),10.0,24.002,16.816,2.166,13.742
0,S-M#0,M/M (Driver B),10.0,9.426,37.232,3.399,5.505
0,S-M#0,M/M (Driver B),10.0,14.709,20.857,4.41,8.556
0,S-M#0,M/M (Driver B),10.0,7.821,24.227,0.922,4.8
0,S-M#0,M/M (Driver B),10.0,8.909,70.954,2.547,9.499
0,S-M#0,M/M (Driver B),10.0,12.737,19.481,1.823,10.609
0,S-M#0,M/M (Driver B),10.0,26.921,30.175,2.356,17.107
0,S-M#0,M/M (Driver B),10.0,12.752,22.902,4.905,7.693
0,S-M#0,M/M (Driver B),10.0,8.977,17.207,3.642,5.377
0,S-M#0,M/M (Driver B),10.0,20.943,15.25,3.473,12.818
0,S-M#0,M/M (Driver B),10.0,10.976,17.802,1.285,6.71
0,S-M#0,M/M (Driver B),10.0,14.904,4.247,1.873,9.131
0,S-M#0,M/M (Driver B),10.0,44.094,18.901,3.704,30.79
0,S-M#0,M/M (Driver B),30.0,13.714,20.337,2.358,6.096
0,S-M#0,M/M (Driver B),30.0,15.125,30.504,2.92,6.791
0,S-M#0,M/M (Driver B),30.0,14.935,37.568,3.094,7.278
0,S-M#0,M/M (Driver B),30.0,11.52,7.008,1.011,6.08
0,S-M#0,M/M (Driver B),30.0,4.571,3.168,1.201,2.474
0,S-M#0,M/M (Driver B),30.0,4.757,2.645,1.127,2.48
0,S-M#0,M/M (Driver B),30.0,3.996,2.749,1.114,2.065
0,S-M#0,M/M (Driver B),30.0,0.622,4.592,1.267,0.336
0,S-M#0,M/M (Driver B),30.0,1.564,7.502,1.644,0.872
0,S-M#0,M/M (Driver B),30.0,2.298,9.067,1.643,1.295
0,S-M#0,M/M (Driver B),30.0,5.083,5.661,1.388,2.801
0,S-M#0,M/M (Driver B),30.0,4.533,5.83,1.206,2.478
0,S-M#0,M/M (Driver B),30.0,2.755,6.869,1.193,1.522
0,S-M#0,M/M (Driver B),30.0,3.068,9.523,1.449,1.721
0,S-M#0,M/M (Driver B),30.0,4.504,19.972,1.477,2.643
0,S-M#0,M/M (Driver B),30.0,19.091,43.547,3.724,11.677
0,S-M#0,M/M (Driver B),30.0,27.394,138.199,2.848,21.383
0,S-M#0,M/M (Driver B),30.0,47.581,104.006,8.68,39.886
0,S-M#0,M/M (Driver B),30.0,33.655,137.532,13.88,20.591
0,S-M#0,M/M (Driver B),30.0,28.12,125.926,13.307,10.737
0,S-M#0,M/M (Driver B),30.0,48.937,383.396,3.566,14.414
0,S-M#0,M/M (Driver B),30.0,76.224,499.899,6.511,18.709
0,S-M#0,M/M (Driver B),30.0,91.392,431.417,0.897,19.717
0,S-M#0,M/M (Driver B),30.0,129.346,677.23,10.22,25.098
0,S-M#0,M/M (Driver B),30.0,148.45,435.572,4.394,27.845
0,S-M#0,M/M (Driver B),30.0,134.226,418.786,39.959,28.277
0,S-M#0,M/M (Driver B),30.0,124.623,682.584,58.252,23.657
0,S-M#0,M/M (Driver B),30.0,94.165,562.794,56.145,18.133
0,S-M#0,M/M (Driver B),30.0,188.123,428.263,163.211,36.041
0,S-M#0,M/M (Driver B),30.0,31.612,249.081,11.529,6.455
0,S-M#0,M/M (Driver B),30.0,75.812,536.944,19.563,15.824
0,S-M#0,M/M (Driver B),30.0,68.991,603.477,34.272,14.303
0,S-M#0,M/M (Driver B),30.0,9.064,373.494,17.328,1.973
0,S-M#0,M/M (Driver B),30.0,58.347,240.17,33.361,14.775
0,S-M#0,M/M (Driver B),30.0,62.977,182.981,15.397,17.479
0,S-M#0,M/M (Driver B),30.0,55.084,424.532,14.466,15.154
0,S-M#0,M/M (Driver B),30.0,41.07,29.479,7.901,10.64
0,S-M#0,M/M (Driver B),30.0,50.754,288.093,7.325,13.421
0,S-M#0,M/M (Driver B),30.0,66.302,375.956,4.927,17.934
0,S-M#0,M/M (Driver B),30.0,47.73,69.401,5.45,12.789
0,S-M#0,M/M (Driver B),30.0,48.771,67.484,2.578,13.098
0,S-M#0,M/M (Driver B),30.0,18.121,279.81,5.851,5.367
0,S-M#0,M/M (Driver B),30.0,13.619,262.172,1.583,4.347
0,S-M#0,M/M (Driver B),30.0,47.165,188.896,5.657,18.37
0,S-M#0,M/M (Driver B),30.0,13.754,182.362,1.752,5.062
0,S-M#0,M/M (Driver B),30.0,17.559,65.154,8.933,6.239
0,S-M#0,M/M (Driver B),30.0,5.719,78.934,10.259,1.937
0,S-M#0,M/M (Driver B),30.0,10.33,141.957,2.229,5.179
0,S-M#0,M/M (Driver B),30.0,11.344,217.717,2.665,12.753
0,S-M#0,M/M (Driver B),30.0,14.436,75.116,1.969,65.324
0,S-M#0,M/M (Driver B),30.0,15.14,119.234,9.32,12.565
0,S-M#0,M/M (Driver B),30.0,39.544,250.801,14.643,15.775
0,S-M#0,M/M (Driver B),30.0,50.5,157.911,5.07,12.821
0,S-M#0,M/M (Driver B),30.0,92.754,138.634,2.559,20.096
0,S-M#0,M/M (Driver B),30.0,76.18,191.659,4.544,17.46
0,S-M#0,M/M (Driver B),30.0,39.056,193.524,3.473,10.201
0,S-M#0,M/M (Driver B),30.0,10.772,167.245,7.297,3.217
0,S-M#0,M/M (Driver B),30.0,39.196,297.993,9.813,12.36
0,S-M#0,M/M (Driver B),30.0,41.466,208.775,16.035,12.245
0,S-M#0,M/M (Driver B),30.0,71.128,92.137,18.868,20.663
0,S-M#0,M/M (Driver B),30.0,57.635,71.313,14.668,14.826
0,S-M#0,M/M (Driver B),30.0,81.236,238.446,11.694,21.005
0,S-M#0,M/M (Driver B),30.0,25.875,84.504,12.489,7.81
0,S-M#0,M/M (Driver B),30.0,15.109,131.576,12.091,5.103
0,S-M#0,M/M (Driver B),30.0,55.702,248.162,16.226,19.149
0,S-M#0,M/M (Driver B),30.0,51.7,226.842,19.651,15.233
0,S-M#0,M/M (Driver B),30.0,29.569,100.232,14.803,8.278
0,S-M#0,M/M (Driver B),30.0,56.358,106.877,32.223,15.554
0,S-M#0,M/M (Driver B),30.0,34.932,103.904,21.283,9.577
0,S-M#0,M/M (Driver B),30.0,43.12,143.016,19.737,12.84
0,S-M#0,M/M (Driver B),30.0,10.224,147.971,28.505,3.195
0,S-M#0,M/M (Driver B),30.0,32.783,86.023,27.037,10.204
0,S-M#0,M/M (Driver B),30.0,38.197,72.034,27.381,10.57
0,S-M#0,M/M (Driver B),30.0,23.12,67.43,21.361,5.977
0,S-M#0,M/M (Driver B),30.0,16.285,303.684,30.073,4.068
0,S-M#0,M/M (Driver B),30.0,39.943,104.576,32.257,9.523
0,S-M#0,M/M (Driver B),30.0,50.607,352.749,30.858,12.574
0,S-M#0,M/M (Driver B),30.0,47.615,431.475,17.936,13.754
0,S-M#0,M/M (Driver B),30.0,24.903,510.616,27.804,7.531
0,S-M#0,M/M (Driver B),30.0,52.542,396.177,34.752,15.425
0,S-M#0,M/M (Driver B),30.0,40.865,247.663,27.172,10.973
0,S-M#0,M/M (Driver B),30.0,18.147,416.802,21.253,5.343
0,S-M#0,M/M (Driver B),30.0,3.687,123.98,26.433,1.27
0,S-M#0,M/M (Driver B),30.0,2.724,113.425,12.507,1.117
0,S-M#0,M/M (Driver B),30.0,10.843,379.204,20.873,4.52
0,S-M#0,M/M (Driver B),30.0,37.212,219.272,24.732,14.278
0,S-M#0,M/M (Driver B),30.0,58.266,66.379,14.634,20.887
0,S-M#0,M/M (Driver B),30.0,66.305,94.153,15.806,27.298
0,S-M#0,M/M (Driver B),30.0,32.139,286.387,18.381,13.671
0,S-M#0,M/M (Driver B),30.0,19.885,409.426,24.55,7.909
0,S-M#0,M/M (Driver B),30.0,51.527,108.564,19.64,20.55
0,S-M#0,M/M (Driver B),30.0,36.336,66.279,16.749,16.013
0,S-M#0,M/M (Driver B),30.0,21.396,97.496,15.711,11.662
0,S-M#0,M/M (Driver B),30.0,29.718,232.294,13.606,21.899
0,S-M#0,M/M (Driver B),30.0,43.594,145.66,14.078,59.068
0,S-M#0,M/M (Driver B),30.0,24.751,65.561,11.607,193.812
0,S-M#0,M/M (Driver B),30.0,13.37,21.298,4.417,177.022
0,S-M#0,M/M (Driver B),30.0,103.977,52.916,105.706,184.331
0,S-M#0,M/M (Driver B),30.0,21.672,100.509,20.632,19.047
0,S-M#0,M/M (Driver B),30.0,46.25,152.685,10.692,40.455
0,S-M#0,M/M (Driver B),30.0,36.662,90.496,7.285,30.465
0,S-M#0,M/M (Driver B),30.0,31.225,93.163,13.994,27.718
0,S-M#0,M/M (Driver B),30.0,28.047,175.944,6.374,14.878
0,S-M#0,M/M (Driver B),30.0,23.76,214.399,11.388,10.973
0,S-M#0,M/M (Driver B),30.0,46.089,421.575,6.438,18.622
0,S-M#0,M/M (Driver B),30.0,37.917,173.341,7.164,14.478
0,S-M#0,M/M (Driver B),30.0,28.369,360.063,6.537,10.341
0,S-M#0,M/M (Driver B),30.0,46.549,228.99,5.035,16.211
0,S-M#0,M/M (Driver B),30.0,7.919,110.267,20.134,2.716
0,S-M#0,M/M (Driver B),30.0,9.203,220.175,7.242,3.473
0,S-M#0,M/M (Driver B),30.0,40.815,220.71,5.539,17.951
0,S-M#0,M/M (Driver B),30.0,88.229,207.312,11.483,43.044
0,S-M#0,M/M (Driver B),30.0,90.645,285.395,6.775,48.135
0,S-M#0,M/M (Driver B),30.0,89.15,100.928,0.603,40.807
0,S-M#0,M/M (Driver B),30.0,82.655,23.983,2.333,38.641
0,S-M#0,M/M (Driver B),30.0,82.572,133.337,0.935,42.755
0,S-M#0,M/M (Driver B),30.0,26.918,206.251,1.82,15.69
0,S-M#0,M/M (Driver B),30.0,42.742,126.699,1.443,24.882
0,S-M#0,M/M (Driver B),30.0,81.021,316.365,1.126,39.072
0,S-M#0,M/M (Driver B),30.0,80.879,65.488,4.178,40.413
0,S-M#0,M/M (Driver B),30.0,36.277,162.139,5.206,18.984
0,S-M#0,M/M (Driver B),30.0,47.96,235.104,7.056,25.215
0,S-M#0,M/M (Driver B),30.0,23.923,214.815,3.52,12.052
0,S-M#0,M/M (Driver B),30.0,20.668,99.501,7.895,9.995
0,S-M#0,M/M (Driver B),30.0,8.461,182.859,5.431,4.0
0,S-M#0,M/M (Driver B),30.0,14.654,333.004,8.281,6.51
0,S-M#0,M/M (Driver B),30.0,9.279,252.155,4.018,4.191
0,S-M#0,M/M (Driver B),30.0,34.136,265.082,7.864,15.167
0,S-M#0,M/M (Driver B),30.0,37.801,344.538,6.886,17.679
0,S-M#0,M/M (Driver B),30.0,47.283,88.266,2.643,25.038
0,S-M#0,M/M (Driver B),30.0,22.886,36.315,2.385,11.687
0,S-M#0,M/M (Driver B),30.0,22.535,199.21,2.239,12.024
0,S-M#0,M/M (Driver B),30.0,16.007,176.016,1.099,7.225
0,S-M#0,M/M (Driver B),30.0,67.49,236.782,1.22,32.1
0,S-M#0,M/M (Driver B),30.0,97.25,135.013,0.968,42.558
0,S-M#0,M/M (Driver B),30.0,120.061,16.184,1.874,54.368
0,S-M#0,M/M (Driver B),30.0,84.899,145.723,6.75,40.845
0,S-M#0,M/M (Driver B),30.0,46.395,210.303,4.831,29.607
0,S-M#0,M/M (Driver B),30.0,20.676,138.695,4.693,12.287
0,S-M#0,M/M (Driver B),30.0,41.126,371.682,8.589,20.656
0,S-M#0,M/M (Driver B),30.0,24.462,128.429,1.388,9.242
0,S-M#0,M/M (Driver B),30.0,27.58,39.934,5.113,9.901
0,S-M#0,M/M (Driver B),30.0,5.384,116.751,4.43,1.954
0,S-M#0,M/M (Driver B),30.0,4.415,190.052,3.506,1.765
0,S-M#0,M/M (Driver B),30.0,25.053,247.245,7.261,11.174
0,S-M#0,M/M (Driver B),30.0,18.107,262.533,6.811,8.883
0,S-M#0,M/M (Driver B),30.0,37.529,303.263,4.97,17.119
0,S-M#0,M/M (Driver B),30.0,64.706,238.402,9.513,32.178
0,S-M#0,M/M (Driver B),30.0,34.08,155.513,2.947,16.506
0,S-M#0,M/M (Driver B),30.0,31.963,247.656,1.841,20.999
0,S-M#0,M/M (Driver B),30.0,30.814,90.354,2.287,29.87
0,S-M#0,M/M (Driver B),30.0,22.085,174.049,3.171,39.402
0,S-M#0,M/M (Driver B),30.0,29.489,98.86,8.252,25.195
0,S-M#0,M/M (Driver B),30.0,64.656,189.214,17.467,31.009
0,S-M#0,M/M (Driver B),30.0,84.106,131.726,6.536,32.169
0,S-M#0,M/M (Driver B),30.0,48.271,358.164,4.222,20.022
0,S-M#0,M/M (Driver B),30.0,59.621,124.161,4.902,28.46
0,S-M#0,M/M (Driver B),30.0,60.411,99.236,2.018,29.052
0,S-M#0,M/M (Driver B),30.0,82.49,178.162,4.374,36.292
0,S-M#0,M/M (Driver B),30.0,86.079,146.85,3.216,33.557
0,S-M#0,M/M (Driver B),30.0,66.141,151.929,2.853,27.23
0,S-M#0,M/M (Driver B),30.0,44.223,133.914,4.338,22.095
0,S-M#0,M/M (Driver B),30.0,46.293,214.643,7.164,32.479
0,S-M#0,M/M (Driver B),30.0,37.659,104.066,11.826,47.265
0,S-M#0,M/M (Driver B),30.0,37.693,102.112,9.591,49.146
0,S-M#0,M/M (Driver B),30.0,133.595,55.354,135.312,145.776
0,S-M#0,M/M (Driver B),30.0,16.42,81.15,8.046,16.613
0,S-M#0,M/M (Driver B),30.0,18.104,155.24,4.404,13.269
0,S-M#0,M/M (Driver B),30.0,6.264,80.12,4.734,3.691
0,S-M#0,M/M (Driver B),30.0,16.608,184.796,10.832,6.571
0,S-M#0,M/M (Driver B),30.0,24.829,421.777,5.229,8.927
0,S-M#0,M/M (Driver B),30.0,52.086,41.322,10.834,17.212
0,S-M#0,M/M (Driver B),30.0,50.707,114.108,8.108,18.513
0,S-M#0,M/M (Driver B),30.0,42.419,203.96,6.522,21.953
0,S-M#0,M/M (Driver B),30.0,20.103,166.516,17.796,19.827
0,S-M#0,M/M (Driver B),30.0,20.644,77.191,10.456,21.793
0,S-M#0,M/M (Driver B),30.0,161.357,60.827,158.639,156.567
0,S-M#0,M/M (Driver B),30.0,24.66,196.342,5.305,13.465
0,S-M#0,M/M (Driver B),30.0,14.822,228.012,4.669,6.872
0,S-M#0,M/M (Driver B),30.0,20.683,46.591,12.457,7.517
0,S-M#0,M/M (Driver B),30.0,10.305,42.785,13.395,3.818
0,S-M#0,M/M (Driver B),30.0,29.177,58.531,9.934,12.39
0,S-M#0,M/M (Driver B),30.0,26.022,106.008,5.259,15.871
0,S-M#0,M/M (Driver B),30.0,4.688,192.656,3.543,6.006
0,S-M#0,M/M (Driver B),30.0,2.405,203.092,1.298,9.104
0,S-M#0,M/M (Driver B),30.0,20.925,92.34,4.466,22.494
0,S-M#0,M/M (Driver B),30.0,30.936,202.585,12.577,15.303
0,S-M#0,M/M (Driver B),30.0,30.255,128.772,12.671,9.866
0,S-M#0,M/M (Driver B),30.0,24.868,28.793,6.824,7.547
0,S-M#0,M/M (Driver B),30.0,10.787,125.943,4.008,3.698
0,S-M#0,M/M (Driver B),30.0,12.954,299.385,6.833,4.775
0,S-M#0,M/M (Driver B),30.0,14.673,351.343,1.751,6.359
0,S-M#0,M/M (Driver B),30.0,70.454,146.692,7.037,31.308
0,S-M#0,M/M (Driver B),30.0,35.461,160.567,2.114,16.525
0,S-M#0,M/M (Driver B),30.0,70.895,390.177,5.883,31.788
0,S-M#0,M/M (Driver B),30.0,72.059,197.978,7.941,34.496
0,S-M#0,M/M (Driver B),30.0,36.141,216.037,9.878,17.922
0,S-M#0,M/M (Driver B),30.0,26.041,282.86,15.81,12.745
0,S-M#0,M/M (Driver B),30.0,33.889,304.195,16.02,14.799
0,S-M#0,M/M (Driver B),30.0,35.771,309.856,16.215,15.092
0,S-M#0,M/M (Driver B),30.0,45.14,250.663,9.844,26.241
0,S-M#0,M/M (Driver B),30.0,42.826,85.09,6.373,26.3
0,S-M#0,M/M (Driver B),30.0,46.362,196.435,4.67,33.254
0,S-M#0,M/M (Driver B),30.0,51.089,218.515,5.567,25.357
0,S-M#0,M/M (Driver B),30.0,35.581,154.44,10.715,17.995
0,S-M#0,M/M (Driver B),30.0,28.483,105.43,3.965,15.928
0,S-M#0,M/M (Driver B),30.0,20.032,189.808,1.982,18.284
0,S-M#0,M/M (Driver B),30.0,28.549,210.401,2.262,62.038
0,S-M#0,M/M (Driver B),30.0,17.386,58.338,8.784,28.237
0,S-M#0,M/M (Driver B),30.0,16.507,122.187,4.778,12.282
0,S-M#0,M/M (Driver B),30.0,11.105,153.763,6.801,5.324
0,S-M#0,M/M (Driver B),30.0,22.562,296.483,11.193,9.973
0,S-M#0,M/M (Driver B),30.0,30.926,304.885,14.263,14.153
0,S-M#0,M/M (Driver B),30.0,20.412,215.401,4.595,9.006
0,S-M#0,M/M (Driver B),30.0,57.772,286.968,6.2,29.02
0,S-M#0,M/M (Driver B),30.0,85.745,288.317,14.905,36.757
0,S-M#0,M/M (Driver B),30.0,30.182,389.903,22.289,11.641
0,S-M#0,M/M (Driver B),30.0,30.051,42.745,16.725,9.675
0,S-M#0,M/M (Driver B),30.0,25.111,131.277,14.357,8.218
0,S-M#0,M/M (Driver B),30.0,34.407,42.962,14.035,11.932
0,S-M#0,M/M (Driver B),30.0,37.71,62.585,9.377,15.452
0,S-M#0,M/M (Driver B),30.0,46.127,167.838,1.759,19.589
0,S-M#0,M/M (Driver B),30.0,28.04,234.096,8.758,10.025
0,S-M#0,M/M (Driver B),30.0,44.795,516.12,14.986,12.557
0,S-M#0,M/M (Driver B),30.0,9.322,118.338,19.629,2.397
0,S-M#0,M/M (Driver B),30.0,16.365,116.768,19.287,4.305
0,S-M#0,M/M (Driver B),30.0,27.861,23.614,18.319,7.348
0,S-M#0,M/M (Driver B),30.0,44.283,44.166,17.828,11.64
0,S-M#0,M/M (Driver B),30.0,21.21,10.421,16.174,5.575
0,S-M#0,M/M (Driver B),30.0,24.246,27.433,9.954,6.404
0,S-M#0,M/M (Driver B),30.0,14.302,5.083,11.935,3.775
0,S-M#0,M/M (Driver B),30.0,17.445,81.978,13.361,5.121
0,S-M#0,M/M (Driver B),30.0,52.729,291.359,13.863,15.67
0,S-M#0,M/M (Driver B),30.0,86.071,537.737,21.753,23.644
0,S-M#0,M/M (Driver B),30.0,113.33,154.179,10.92,25.358
0,S-M#0,M/M (Driver B),30.0,77.611,47.703,20.236,16.133
0,S-M#0,M/M (Driver B),30.0,6.464,91.814,21.085,1.613
0,S-M#0,M/M (Driver B),30.0,42.093,219.059,11.813,13.365
0,S-M#0,M/M (Driver B),30.0,30.397,354.662,18.857,10.92
0,S-M#0,M/M (Driver B),30.0,33.366,496.987,29.014,10.457
0,S-M#0,M/M (Driver B),30.0,39.816,286.36,20.634,13.039
0,S-M#0,M/M (Driver B),30.0,14.536,100.01,29.181,5.209
0,S-M#0,M/M (Driver B),30.0,26.021,172.845,24.176,9.173
0,S-M#0,M/M (Driver B),30.0,35.254,159.808,23.776,10.088
0,S-M#0,M/M (Driver B),30.0,47.387,190.64,22.195,11.885
0,S-M#0,M/M (Driver B),30.0,51.867,168.975,21.974,12.382
0,S-M#0,M/M (Driver B),30.0,29.551,404.879,26.113,7.82
0,S-M#0,M/M (Driver B),30.0,13.247,210.423,25.653,4.014
0,S-M#0,M/M (Driver B),30.0,19.841,179.421,25.169,6.294
0,S-M#0,M/M (Driver B),30.0,15.866,241.335,16.241,4.271
0,S-M#0,M/M (Driver B),30.0,80.493,143.993,40.216,18.541
0,S-M#0,M/M (Driver B),30.0,94.776,292.096,26.848,21.49
0,S-M#0,M/M (Driver B),30.0,139.637,255.852,34.467,30.287
0,S-M#0,M/M (Driver B),30.0,131.554,249.556,12.034,26.017
0,S-M#0,M/M (Driver B),30.0,75.643,201.237,22.108,14.993
0,S-M#0,M/M (Driver B),30.0,73.748,251.855,15.595,15.597
0,S-M#0,M/M (Driver B),30.0,42.108,170.55,9.446,11.285
0,S-M#0,M/M (Driver B),30.0,136.344,598.49,13.935,30.804
0,S-M#0,M/M (Driver B),30.0,127.588,480.563,19.333,28.653
0,S-M#0,M/M (Driver B),30.0,135.621,418.922,13.009,26.719
0,S-M#0,M/M (Driver B),30.0,141.52,484.802,26.227,30.543
0,S-M#0,M/M (Driver B),30.0,101.498,137.035,33.94,19.037
0,S-M#0,M/M (Driver B),30.0,96.744,233.736,15.291,19.902
0,S-M#0,M/M (Driver B),30.0,82.801,482.051,8.843,18.728
0,S-M#0,M/M (Driver B),30.0,35.984,331.621,11.563,10.493
0,S-M#0,M/M (Driver B),30.0,58.379,394.057,32.232,14.263
0,S-M#0,M/M (Driver B),30.0,92.528,659.358,23.795,19.792
0,S-M#0,M/M (Driver B),30.0,90.826,37.504,19.966,18.594
0,S-M#0,M/M (Driver B),30.0,13.363,260.079,16.057,3.187
0,S-M#0,M/M (Driver B),30.0,34.207,274.161,23.286,9.151
0,S-M#0,M/M (Driver B),30.0,34.306,120.166,17.84,9.071
0,S-M#0,M/M (Driver B),30.0,61.181,312.166,21.925,13.803
0,S-M#0,M/M (Driver B),30.0,25.256,53.196,19.37,6.029
0,S-M#0,M/M (Driver B),30.0,56.343,144.738,5.477,19.59
0,S-M#0,M/M (Driver B),30.0,105.269,224.44,26.32,44.386
0,S-M#0,M/M (Driver B),30.0,112.833,309.484,4.523,36.213
0,S-M#0,M/M (Driver B),30.0,178.711,519.262,29.918,38.952
0,S-M#0,M/M (Driver B),30.0,85.817,266.801,18.104,19.979
0,S-M#0,M/M (Driver B),30.0,82.77,192.709,21.431,20.335
0,S-M#0,M/M (Driver B),30.0,76.91,393.658,12.159,17.138
0,S-M#0,M/M (Driver B),30.0,24.935,174.899,6.724,5.264
0,S-M#0,M/M (Driver B),30.0,46.21,222.608,19.164,9.998
0,S-M#0,M/M (Driver B),30.0,44.515,259.485,9.111,11.656
0,S-M#0,M/M (Driver B),30.0,52.794,510.269,3.116,14.251
0,S-M#0,M/M (Driver B),30.0,40.056,499.467,1.098,14.211
0,S-M#0,M/M (Driver B),30.0,53.227,239.886,5.551,18.773
0,S-M#0,M/M (Driver B),30.0,457.208,283.396,496.351,155.812
0,S-M#0,M/M (Driver B),30.0,81.526,339.136,19.071,19.192
0,S-M#0,M/M (Driver B),30.0,30.717,143.795,3.578,9.011
0,S-M#0,M/M (Driver B),30.0,21.436,132.559,5.093,6.587
0,S-M#0,M/M (Driver B),30.0,27.488,193.175,6.693,10.472
0,S-M#0,M/M (Driver B),30.0,21.796,358.87,6.207,6.096
0,S-M#0,M/M (Driver B),30.0,29.725,125.27,6.478,7.981
0,S-M#0,M/M (Driver B),30.0,29.768,288.971,11.135,8.141
0,S-M#0,M/M (Driver B),30.0,5.111,378.628,7.718,1.617
0,S-M#0,M/M (Driver B),30.0,41.054,172.87,2.549,17.299
0,S-M#0,M/M (Driver B),30.0,6.308,312.683,2.002,2.749
0,S-M#0,M/M (Driver B),30.0,37.525,336.185,7.635,14.4
0,S-M#0,M/M (Driver B),30.0,60.55,155.414,8.116,18.776
0,S-M#0,M/M (Driver B),30.0,81.159,163.987,14.125,24.539
0,S-M#0,M/M (Driver B),30.0,63.632,47.312,13.703,19.328
0,S-M#0,M/M (Driver B),30.0,5.439,150.725,8.305,1.681
0,S-M#0,M/M (Driver B),30.0,13.418,413.069,7.24,4.51
0,S-M#0,M/M (Driver B),30.0,21.833,396.263,10.056,9.877
0,S-M#0,M/M (Driver B),30.0,55.98,144.491,5.278,47.21
0,S-M#0,M/M (Driver B),30.0,45.528,198.033,2.029,141.471
0,S-M#0,M/M (Driver B),30.0,10.379,0.836,0.823,750.506
0,S-M#0,M/M (Driver B),30.0,5.049,1.192,1.181,407.649
0,S-M#0,M/M (Driver B),30.0,3.952,1.496,1.519,256.094
0,S-M#0,M/M (Driver B),30.0,4.324,1.778,1.761,246.135
0,S-M#0,M/M (Driver B),30.0,3.324,1.677,1.732,196.226
0,S-M#0,M/M (Driver B),30.0,4.009,1.675,1.788,207.742
0,S-M#0,M/M (Driver B),30.0,4.003,1.477,1.682,217.957
0,S-M#0,M/M (Driver B),30.0,4.463,3.575,1.221,307.464
0,S-M#0,M/M (Driver B),30.0,28.651,24.975,29.242,115.248
0,S-M#0,M/M (Driver B),30.0,43.62,27.11,36.463,57.875
0,S-M#0,M/M (Driver B),30.0,57.195,77.506,87.136,31.935
0,S-M#0,M/M (Driver B),30.0,19.555,144.141,6.729,7.893
0,S-M#0,M/M (Driver B),30.0,38.071,287.01,6.48,11.312
0,S-M#0,M/M (Driver B),30.0,61.039,352.787,6.848,16.256
0,S-M#0,M/M (Driver B),30.0,49.069,266.764,14.713,12.796
0,S-M#0,M/M (Driver B),30.0,10.604,218.322,6.018,3.769
0,S-M#0,M/M (Driver B),30.0,23.344,436.629,1.25,10.567
0,S-M#0,M/M (Driver B),30.0,50.246,183.589,1.794,26.851
0,S-M#0,M/M (Driver B),30.0,56.015,339.39,0.215,22.908
0,S-M#0,M/M (Driver B),30.0,30.176,81.705,2.501,11.497
0,S-M#0,M/M (Driver B),30.0,37.906,358.406,3.711,14.516
0,S-M#0,M/M (Driver B),30.0,59.46,189.578,0.542,24.361
0,S-M#0,M/M (Driver B),30.0,59.046,282.203,7.68,25.387
0,S-M#0,M/M (Driver B),30.0,65.682,365.07,11.823,24.275
0,S-M#0,M/M (Driver B),30.0,68.859,98.832,6.24,24.202
0,S-M#0,M/M (Driver B),30.0,81.473,311.717,0.175,29.304
0,S-M#0,M/M (Driver B),30.0,83.606,184.623,1.799,32.836
0,S-M#0,M/M (Driver B),30.0,64.286,152.575,5.829,27.969
0,S-M#0,M/M (Driver B),30.0,53.366,315.022,7.634,21.863
0,S-M#0,M/M (Driver B),30.0,40.341,355.187,3.514,16.047
0,S-M#0,M/M (Driver B),30.0,65.251,147.146,2.671,22.139
0,S-M#0,M/M (Driver B),30.0,13.066,219.609,4.247,4.074
0,S-M#0,M/M (Driver B),30.0,34.445,395.035,0.825,9.639
0,S-M#0,M/M (Driver B),30.0,2.839,386.293,2.516,0.77
0,S-M#0,M/M (Driver B),30.0,41.913,268.574,3.55,11.255
0,S-M#0,M/M (Driver B),30.0,11.966,266.154,2.224,3.075
0,S-M#0,M/M (Driver B),30.0,16.557,581.927,2.365,4.296
0,S-M#0,M/M (Driver B),30.0,34.349,136.672,2.185,12.278
0,S-M#0,M/M (Driver B),30.0,55.238,139.907,1.585,25.186
0,S-M#0,M/M (Driver B),30.0,31.087,241.655,8.362,13.934
0,S-M#0,M/M (Driver B),30.0,6.225,283.45,10.194,2.229
0,S-M#0,M/M (Driver B),30.0,47.712,116.098,6.862,19.884
0,S-M#0,M/M (Driver B),30.0,38.16,156.845,10.717,18.014
0,S-M#0,M/M (Driver B),30.0,27.526,201.883,16.485,11.666
0,S-M#0,M/M (Driver B),30.0,12.891,293.997,10.064,4.606
0,S-M#0,M/M (Driver B),30.0,58.74,302.009,7.736,27.207
0,S-M#0,M/M (Driver B),30.0,65.394,248.637,12.982,54.176
0,S-M#0,M/M (Driver B),30.0,39.907,108.417,8.092,51.586
0,S-M#0,M/M (Driver B),30.0,40.305,76.691,10.111,49.904
0,S-M#0,M/M (Driver B),30.0,233.536,108.92,218.986,179.348
0,S-M#0,M/M (Driver B),30.0,6.975,181.299,8.996,4.303
0,S-M#0,M/M (Driver B),30.0,31.575,173.746,8.499,15.126
0,S-M#0,M/M (Driver B),30.0,32.154,326.303,10.935,19.099
0,S-M#0,M/M (Driver B),30.0,14.293,192.382,3.84,9.262
0,S-M#0,M/M (Driver B),30.0,16.448,97.034,2.52,10.98
0,S-M#0,M/M (Driver B),30.0,32.525,254.135,1.315,14.456
0,S-M#0,M/M (Driver B),30.0,42.813,213.487,7.49,17.038
0,S-M#0,M/M (Driver B),30.0,46.345,332.683,7.599,16.71
0,S-M#0,M/M (Driver B),30.0,7.091,77.526,14.114,2.451
0,S-M#0,M/M (Driver B),30.0,25.586,171.678,12.276,8.762
0,S-M#0,M/M (Driver B),30.0,23.159,332.879,9.929,8.968
0,S-M#0,M/M (Driver B),30.0,38.814,68.324,6.256,21.194
0,S-M#0,M/M (Driver B),30.0,43.653,31.189,11.423,40.552
0,S-M#0,M/M (Driver B),30.0,52.748,118.984,12.857,56.29
0,S-M#0,M/M (Driver B),30.0,255.67,106.265,248.697,168.227
0,S-M#0,M/M (Driver B),30.0,26.437,157.018,10.945,12.917
0,S-M#0,M/M (Driver B),30.0,13.246,209.517,13.684,5.256
0,S-M#0,M/M (Driver B),30.0,18.12,268.771,16.849,7.138
0,S-M#0,M/M (Driver B),30.0,9.009,188.359,7.852,3.323
0,S-M#0,M/M (Driver B),30.0,23.398,317.415,5.501,9.648
0,S-M#0,M/M (Driver B),30.0,39.7,167.477,9.568,16.686
0,S-M#0,M/M (Driver B),30.0,23.634,67.326,7.821,9.761
0,S-M#0,M/M (Driver B),30.0,43.159,36.209,8.928,16.99
0,S-M#0,M/M (Driver B),30.0,44.459,253.142,9.815,20.101
0,S-M#0,M/M (Driver B),30.0,50.165,196.996,0.584,28.098
0,S-M#0,M/M (Driver B),30.0,7.072,149.818,1.226,6.798
0,S-M#0,M/M (Driver B),30.0,42.401,266.63,1.346,27.883
0,S-M#0,M/M (Driver B),30.0,30.283,205.725,7.634,14.469
0,S-M#0,M/M (Driver B),30.0,25.232,108.43,6.172,9.854
0,S-M#0,M/M (Driver B),30.0,31.128,144.539,1.113,19.667
0,S-M#0,M/M (Driver B),30.0,38.235,253.403,0.919,68.057
0,S-M#0,M/M (Driver B),30.0,5.908,30.383,0.398,16.664
0,S-M#0,M/M (Driver B),30.0,37.538,141.226,3.58,24.053
0,S-M#0,M/M (Driver B),30.0,165.397,228.645,167.542,67.776
0,S-M#0,M/M (Driver B),30.0,49.44,111.28,8.635,13.927
0,S-M#0,M/M (Driver B),30.0,43.952,70.875,3.28,11.841
0,S-M#0,M/M (Driver B),30.0,3.638,19.038,4.677,0.953
0,S-M#0,M/M (Driver B),30.0,63.548,201.611,4.712,19.407
0,S-M#0,M/M (Driver B),30.0,62.557,128.135,12.845,19.09
0,S-M#0,M/M (Driver B),30.0,39.736,104.855,16.438,10.526
0,S-M#0,M/M (Driver B),30.0,56.374,111.892,16.079,13.159
0,S-M#0,M/M (Driver B),30.0,27.611,126.897,5.298,6.548
0,S-M#0,M/M (Driver B),30.0,40.02,31.179,2.472,9.677
0,S-M#0,M/M (Driver B),30.0,9.489,233.988,3.202,2.336
0,S-M#0,M/M (Driver B),30.0,30.13,280.454,3.581,10.063
0,S-M#0,M/M (Driver B),30.0,32.663,253.288,3.22,20.428
0,S-M#0,M/M (Driver B),30.0,7.41,273.59,3.799,28.899
0,S-M#0,M/M (Driver B),30.0,2.628,2.677,2.72,79.712
0,S-M#0,M/M (Driver B),30.0,3.046,2.238,2.216,109.618
0,S-M#0,M/M (Driver B),30.0,3.498,1.862,1.874,147.022
0,S-M#0,M/M (Driver B),30.0,4.304,1.506,1.488,264.775
0,S-M#0,M/M (Driver B),30.0,11.083,63.677,10.608,17.211
0,S-M#0,M/M (Driver B),30.0,16.433,98.177,15.074,16.581
0,S-M#0,M/M (Driver B),30.0,28.639,65.614,14.881,28.955
0,S-M#0,M/M (Driver B),30.0,9.34,125.439,2.019,11.607
0,S-M#0,M/M (Driver B),30.0,6.113,67.435,3.71,8.898
0,S-M#0,M/M (Driver B),30.0,24.68,93.04,9.438,21.139
0,S-M#0,M/M (Driver B),30.0,30.858,243.821,3.161,17.811
0,S-M#0,M/M (Driver B),30.0,15.501,184.876,23.977,6.422
0,S-M#0,M/M (Driver B),30.0,64.229,329.311,2.863,32.072
0,S-M#0,M/M (Driver B),30.0,70.107,260.017,2.817,71.709
0,S-M#0,M/M (Driver B),30.0,12.593,86.203,0.781,147.635
0,S-M#0,M/M (Driver B),30.0,25.16,73.117,1.538,31.584
0,S-M#0,M/M (Driver B),30.0,49.079,239.389,2.463,19.383
0,S-M#0,M/M (Driver B),30.0,98.041,428.225,4.849,22.9
0,S-M#0,M/M (Driver B),30.0,92.287,256.202,6.917,17.61
0,S-M#0,M/M (Driver B),30.0,72.768,187.299,14.785,13.917
0,S-M#0,M/M (Driver B),30.0,16.776,205.701,24.215,3.218
0,S-M#0,M/M (Driver B),30.0,14.194,247.944,29.33,2.786
0,S-M#0,M/M (Driver B),30.0,32.893,249.216,23.077,7.619
0,S-M#0,M/M (Driver B),30.0,27.439,163.943,7.745,7.237
0,S-M#0,M/M (Driver B),30.0,46.603,75.247,17.635,12.479
0,S-M#0,M/M (Driver B),30.0,64.39,211.265,17.268,14.433
0,S-M#0,M/M (Driver B),30.0,93.284,210.284,33.197,18.905
0,S-M#0,M/M (Driver B),30.0,82.58,173.576,39.418,16.534
0,S-M#0,M/M (Driver B),30.0,92.424,87.646,31.052,18.587
0,S-M#0,M/M (Driver B),30.0,94.511,17.726,27.243,19.151
0,S-M#0,M/M (Driver B),30.0,104.553,47.13,21.948,22.091
0,S-M#0,M/M (Driver B),60.0,5.91,13.895,2.419,1.423
0,S-M#0,M/M (Driver B),60.0,13.982,31.157,4.162,3.427
0,S-M#0,M/M (Driver B),60.0,19.389,39.296,4.404,4.876
0,S-M#0,M/M (Driver B),60.0,16.397,9.248,2.258,4.274
0,S-M#0,M/M (Driver B),60.0,3.755,6.094,2.257,1.014
0,S-M#0,M/M (Driver B),60.0,1.361,6.933,2.202,0.366
0,S-M#0,M/M (Driver B),60.0,2.103,9.229,2.306,0.566
0,S-M#0,M/M (Driver B),60.0,5.559,14.435,2.737,1.514
0,S-M#0,M/M (Driver B),60.0,5.873,20.014,3.008,1.618
0,S-M#0,M/M (Driver B),60.0,7.088,21.238,2.933,1.974
0,S-M#0,M/M (Driver B),60.0,7.953,21.73,2.959,2.207
0,S-M#0,M/M (Driver B),60.0,9.845,30.641,2.715,2.782
0,S-M#0,M/M (Driver B),60.0,22.502,11.039,7.859,6.522
0,S-M#0,M/M (Driver B),60.0,29.173,46.54,8.809,9.503
0,S-M#0,M/M (Driver B),60.0,47.849,93.241,7.717,16.485
0,S-M#0,M/M (Driver B),60.0,45.91,135.976,16.551,14.026
0,S-M#0,M/M (Driver B),60.0,38.433,267.03,11.006,9.851
0,S-M#0,M/M (Driver B),60.0,38.07,292.642,9.134,8.278
0,S-M#0,M/M (Driver B),60.0,104.816,258.905,7.867,18.327
0,S-M#0,M/M (Driver B),60.0,188.018,416.225,27.99,25.879
0,S-M#0,M/M (Driver B),60.0,193.23,413.126,4.116,22.569
0,S-M#0,M/M (Driver B),60.0,257.251,1333.103,14.155,27.299
0,S-M#0,M/M (Driver B),60.0,230.107,1067.153,35.911,24.48
0,S-M#0,M/M (Driver B),60.0,220.253,993.838,53.56,21.099
0,S-M#0,M/M (Driver B),60.0,200.962,54.122,53.504,19.062
0,S-M#0,M/M (Driver B),60.0,213.303,1449.952,49.169,20.529
0,S-M#0,M/M (Driver B),60.0,206.163,1649.244,42.572,20.245
0,S-M#0,M/M (Driver B),60.0,197.551,1485.978,29.088,19.752
0,S-M#0,M/M (Driver B),60.0,383.881,1323.225,315.735,38.163
0,S-M#0,M/M (Driver B),60.0,99.367,1193.879,60.816,10.453
0,S-M#0,M/M (Driver B),60.0,110.626,1426.222,70.978,12.628
0,S-M#0,M/M (Driver B),60.0,62.346,1239.816,85.831,7.385
0,S-M#0,M/M (Driver B),60.0,19.865,475.766,64.529,2.411
0,S-M#0,M/M (Driver B),60.0,23.327,298.625,95.464,2.983
0,S-M#0,M/M (Driver B),60.0,139.386,795.556,50.82,18.84
0,S-M#0,M/M (Driver B),60.0,140.965,1065.262,36.959,19.196
0,S-M#0,M/M (Driver B),60.0,89.863,401.028,23.345,11.818
0,S-M#0,M/M (Driver B),60.0,112.137,732.492,7.442,14.916
0,S-M#0,M/M (Driver B),60.0,104.664,603.169,6.006,14.77
0,S-M#0,M/M (Driver B),60.0,54.687,181.834,13.429,7.952
0,S-M#0,M/M (Driver B),60.0,48.007,103.936,7.018,7.617
0,S-M#0,M/M (Driver B),60.0,18.661,489.755,2.321,3.058
0,S-M#0,M/M (Driver B),60.0,45.971,283.317,20.472,7.717
0,S-M#0,M/M (Driver B),60.0,76.389,574.571,33.914,13.813
0,S-M#0,M/M (Driver B),60.0,18.864,425.646,14.738,3.995
0,S-M#0,M/M (Driver B),60.0,12.372,230.016,16.479,3.331
0,S-M#0,M/M (Driver B),60.0,8.833,327.75,13.901,2.78
0,S-M#0,M/M (Driver B),60.0,18.84,336.703,13.311,5.888
0,S-M#0,M/M (Driver B),60.0,22.345,310.972,22.034,6.579
0,S-M#0,M/M (Driver B),60.0,38.962,224.358,19.655,9.351
0,S-M#0,M/M (Driver B),60.0,93.191,573.369,43.766,15.976
0,S-M#0,M/M (Driver B),60.0,92.358,676.311,45.602,13.417
0,S-M#0,M/M (Driver B),60.0,113.852,352.571,16.23,14.625
0,S-M#0,M/M (Driver B),60.0,131.887,424.776,16.268,16.528
0,S-M#0,M/M (Driver B),60.0,129.168,558.417,21.801,17.128
0,S-M#0,M/M (Driver B),60.0,90.106,410.74,35.744,12.466
0,S-M#0,M/M (Driver B),60.0,72.269,265.411,19.567,10.624
0,S-M#0,M/M (Driver B),60.0,120.578,637.098,64.985,17.059
0,S-M#0,M/M (Driver B),60.0,136.222,274.743,68.359,18.745
0,S-M#0,M/M (Driver B),60.0,165.269,59.788,60.616,24.416
0,S-M#0,M/M (Driver B),60.0,103.209,151.468,49.908,15.043
0,S-M#0,M/M (Driver B),60.0,123.106,633.565,50.223,18.143
0,S-M#0,M/M (Driver B),60.0,101.303,213.211,62.825,15.086
0,S-M#0,M/M (Driver B),60.0,88.611,195.381,62.855,13.547
0,S-M#0,M/M (Driver B),60.0,142.246,434.425,71.377,21.734
0,S-M#0,M/M (Driver B),60.0,98.561,500.632,79.685,13.973
0,S-M#0,M/M (Driver B),60.0,47.884,152.074,67.543,6.899
0,S-M#0,M/M (Driver B),60.0,78.121,79.25,101.638,11.425
0,S-M#0,M/M (Driver B),60.0,74.024,359.252,88.547,10.776
0,S-M#0,M/M (Driver B),60.0,95.59,380.75,97.597,13.692
0,S-M#0,M/M (Driver B),60.0,25.717,213.105,118.124,3.631
0,S-M#0,M/M (Driver B),60.0,47.159,306.933,111.878,6.524
0,S-M#0,M/M (Driver B),60.0,76.464,265.966,114.714,9.777
0,S-M#0,M/M (Driver B),60.0,81.281,141.948,103.398,10.28
0,S-M#0,M/M (Driver B),60.0,70.198,112.103,80.096,9.386
0,S-M#0,M/M (Driver B),60.0,84.774,433.385,77.014,11.279
0,S-M#0,M/M (Driver B),60.0,88.894,899.256,89.359,11.956
0,S-M#0,M/M (Driver B),60.0,95.074,893.076,95.7,13.209
0,S-M#0,M/M (Driver B),60.0,65.257,1123.894,108.059,9.716
0,S-M#0,M/M (Driver B),60.0,71.921,796.616,105.68,11.378
0,S-M#0,M/M (Driver B),60.0,40.203,615.93,65.069,6.512
0,S-M#0,M/M (Driver B),60.0,10.523,885.37,66.286,1.813
0,S-M#0,M/M (Driver B),60.0,40.184,327.581,89.362,7.286
0,S-M#0,M/M (Driver B),60.0,68.287,468.464,88.434,13.045
0,S-M#0,M/M (Driver B),60.0,92.55,827.411,78.938,19.13
0,S-M#0,M/M (Driver B),60.0,93.99,542.692,60.98,18.924
0,S-M#0,M/M (Driver B),60.0,85.822,356.205,53.238,16.153
0,S-M#0,M/M (Driver B),60.0,94.729,593.951,62.094,19.165
0,S-M#0,M/M (Driver B),60.0,67.348,722.976,69.101,14.546
0,S-M#0,M/M (Driver B),60.0,60.908,748.329,60.367,13.972
0,S-M#0,M/M (Driver B),60.0,73.695,271.424,45.183,19.047
0,S-M#0,M/M (Driver B),60.0,68.789,313.573,34.293,22.812
0,S-M#0,M/M (Driver B),60.0,47.088,327.709,25.557,23.957
0,S-M#0,M/M (Driver B),60.0,48.027,333.131,22.931,33.502
0,S-M#0,M/M (Driver B),60.0,61.9,282.665,10.49,47.535
0,S-M#0,M/M (Driver B),60.0,51.201,78.617,9.846,40.457
0,S-M#0,M/M (Driver B),60.0,240.503,96.347,205.02,197.219
0,S-M#0,M/M (Driver B),60.0,318.126,139.614,284.087,179.283
0,S-M#0,M/M (Driver B),60.0,56.304,139.918,40.659,24.865
0,S-M#0,M/M (Driver B),60.0,53.243,54.48,24.834,17.567
0,S-M#0,M/M (Driver B),60.0,21.199,168.471,29.86,6.288
0,S-M#0,M/M (Driver B),60.0,15.599,236.981,50.615,4.322
0,S-M#0,M/M (Driver B),60.0,37.707,282.093,23.969,8.355
0,S-M#0,M/M (Driver B),60.0,63.516,459.974,33.613,12.918
0,S-M#0,M/M (Driver B),60.0,104.457,532.091,23.142,19.51
0,S-M#0,M/M (Driver B),60.0,72.02,669.554,35.515,12.992
0,S-M#0,M/M (Driver B),60.0,32.46,617.463,22.67,6.008
0,S-M#0,M/M (Driver B),60.0,24.808,67.632,8.589,4.813
0,S-M#0,M/M (Driver B),60.0,80.733,249.337,9.565,16.24
0,S-M#0,M/M (Driver B),60.0,121.909,277.302,19.285,26.849
0,S-M#0,M/M (Driver B),60.0,161.715,406.957,25.649,36.216
0,S-M#0,M/M (Driver B),60.0,224.018,420.874,31.967,53.387
0,S-M#0,M/M (Driver B),60.0,188.225,430.053,14.011,49.243
0,S-M#0,M/M (Driver B),60.0,146.151,313.907,2.347,37.389
0,S-M#0,M/M (Driver B),60.0,69.469,158.078,1.154,17.995
0,S-M#0,M/M (Driver B),60.0,89.014,112.807,2.927,22.189
0,S-M#0,M/M (Driver B),60.0,115.32,177.596,4.556,30.971
0,S-M#0,M/M (Driver B),60.0,125.702,222.563,7.533,34.568
0,S-M#0,M/M (Driver B),60.0,118.817,209.478,10.361,29.827
0,S-M#0,M/M (Driver B),60.0,114.323,353.704,15.45,28.66
0,S-M#0,M/M (Driver B),60.0,67.453,395.145,14.278,16.921
0,S-M#0,M/M (Driver B),60.0,56.62,239.316,15.069,14.071
0,S-M#0,M/M (Driver B),60.0,35.058,284.547,11.404,8.264
0,S-M#0,M/M (Driver B),60.0,16.437,218.219,12.839,3.832
0,S-M#0,M/M (Driver B),60.0,39.487,68.194,10.082,9.028
0,S-M#0,M/M (Driver B),60.0,29.232,147.997,13.838,6.65
0,S-M#0,M/M (Driver B),60.0,59.587,470.987,8.748,14.499
0,S-M#0,M/M (Driver B),60.0,71.157,618.356,17.1,16.882
0,S-M#0,M/M (Driver B),60.0,77.793,560.926,12.867,19.365
0,S-M#0,M/M (Driver B),60.0,35.018,117.8,3.643,8.518
0,S-M#0,M/M (Driver B),60.0,51.081,117.665,6.289,12.555
0,S-M#0,M/M (Driver B),60.0,88.175,125.684,8.846,21.165
0,S-M#0,M/M (Driver B),60.0,162.742,412.459,8.07,36.724
0,S-M#0,M/M (Driver B),60.0,186.364,494.162,12.165,44.489
0,S-M#0,M/M (Driver B),60.0,159.506,3.622,5.348,41.317
0,S-M#0,M/M (Driver B),60.0,129.219,205.264,8.144,33.182
0,S-M#0,M/M (Driver B),60.0,80.279,218.798,14.778,19.686
0,S-M#0,M/M (Driver B),60.0,67.326,232.895,21.36,15.964
0,S-M#0,M/M (Driver B),60.0,66.088,264.327,20.491,14.76
0,S-M#0,M/M (Driver B),60.0,106.003,836.453,26.267,22.289
0,S-M#0,M/M (Driver B),60.0,37.603,241.214,6.603,7.292
0,S-M#0,M/M (Driver B),60.0,33.588,337.869,12.904,6.668
0,S-M#0,M/M (Driver B),60.0,18.656,480.561,13.328,3.884
0,S-M#0,M/M (Driver B),60.0,49.562,522.927,15.04,10.542
0,S-M#0,M/M (Driver B),60.0,101.837,433.865,15.794,23.925
0,S-M#0,M/M (Driver B),60.0,72.996,170.75,16.959,17.754
0,S-M#0,M/M (Driver B),60.0,66.18,519.248,13.545,17.78
0,S-M#0,M/M (Driver B),60.0,68.16,437.048,17.13,22.37
0,S-M#0,M/M (Driver B),60.0,55.986,415.038,4.565,21.261
0,S-M#0,M/M (Driver B),60.0,43.935,374.249,6.079,16.317
0,S-M#0,M/M (Driver B),60.0,38.772,343.507,12.532,12.44
0,S-M#0,M/M (Driver B),60.0,63.293,486.417,8.526,19.865
0,S-M#0,M/M (Driver B),60.0,117.181,321.649,33.08,32.65
0,S-M#0,M/M (Driver B),60.0,136.838,381.597,35.635,32.662
0,S-M#0,M/M (Driver B),60.0,138.185,214.685,10.413,29.404
0,S-M#0,M/M (Driver B),60.0,141.375,610.792,6.232,30.132
0,S-M#0,M/M (Driver B),60.0,192.032,166.463,11.292,41.151
0,S-M#0,M/M (Driver B),60.0,179.7,424.022,4.964,39.783
0,S-M#0,M/M (Driver B),60.0,156.142,512.142,5.899,36.457
0,S-M#0,M/M (Driver B),60.0,114.756,397.534,3.389,28.693
0,S-M#0,M/M (Driver B),60.0,71.305,344.164,9.919,22.06
0,S-M#0,M/M (Driver B),60.0,67.971,229.172,12.786,24.495
0,S-M#0,M/M (Driver B),60.0,52.766,146.789,11.414,22.528
0,S-M#0,M/M (Driver B),60.0,31.62,56.337,11.587,17.708
0,S-M#0,M/M (Driver B),60.0,27.266,164.834,9.985,12.763
0,S-M#0,M/M (Driver B),60.0,246.328,131.012,242.197,94.231
0,S-M#0,M/M (Driver B),60.0,16.642,199.18,32.943,4.726
0,S-M#0,M/M (Driver B),60.0,28.611,303.325,17.727,6.891
0,S-M#0,M/M (Driver B),60.0,73.098,298.91,27.588,15.446
0,S-M#0,M/M (Driver B),60.0,49.858,287.831,34.917,9.45
0,S-M#0,M/M (Driver B),60.0,79.459,619.08,15.176,16.818
0,S-M#0,M/M (Driver B),60.0,71.195,218.928,27.463,17.587
0,S-M#0,M/M (Driver B),60.0,76.589,126.371,15.162,20.741
0,S-M#0,M/M (Driver B),60.0,65.625,182.262,13.115,22.145
0,S-M#0,M/M (Driver B),60.0,34.525,132.2,18.89,12.12
0,S-M#0,M/M (Driver B),60.0,40.531,263.31,25.233,13.05
0,S-M#0,M/M (Driver B),60.0,640.7,341.124,625.142,169.027
0,S-M#0,M/M (Driver B),60.0,41.242,608.466,39.254,9.085
0,S-M#0,M/M (Driver B),60.0,11.855,465.911,29.228,2.622
0,S-M#0,M/M (Driver B),60.0,33.237,150.353,30.99,7.554
0,S-M#0,M/M (Driver B),60.0,25.865,220.127,22.085,7.421
0,S-M#0,M/M (Driver B),60.0,27.618,289.401,12.903,10.511
0,S-M#0,M/M (Driver B),60.0,45.389,417.958,17.715,17.663
0,S-M#0,M/M (Driver B),60.0,32.487,547.541,25.325,11.594
0,S-M#0,M/M (Driver B),60.0,58.305,126.83,28.993,17.48
0,S-M#0,M/M (Driver B),60.0,54.27,421.142,27.758,12.813
0,S-M#0,M/M (Driver B),60.0,39.218,458.997,19.996,7.923
0,S-M#0,M/M (Driver B),60.0,29.526,335.706,31.796,5.099
0,S-M#0,M/M (Driver B),60.0,28.923,393.801,18.574,5.155
0,S-M#0,M/M (Driver B),60.0,51.785,449.667,16.303,10.003
0,S-M#0,M/M (Driver B),60.0,45.522,276.467,8.934,9.353
0,S-M#0,M/M (Driver B),60.0,103.772,113.659,17.171,22.829
0,S-M#0,M/M (Driver B),60.0,147.69,419.989,20.547,33.984
0,S-M#0,M/M (Driver B),60.0,96.657,346.227,14.428,23.173
0,S-M#0,M/M (Driver B),60.0,85.79,168.404,23.262,20.04
0,S-M#0,M/M (Driver B),60.0,58.29,53.016,28.05,13.29
0,S-M#0,M/M (Driver B),60.0,30.902,79.687,38.743,7.031
0,S-M#0,M/M (Driver B),60.0,54.94,93.961,37.727,14.57
0,S-M#0,M/M (Driver B),60.0,56.683,579.204,36.372,14.434
0,S-M#0,M/M (Driver B),60.0,80.314,374.501,29.867,21.303
0,S-M#0,M/M (Driver B),60.0,73.469,162.969,37.99,19.661
0,S-M#0,M/M (Driver B),60.0,82.734,256.859,32.408,22.896
0,S-M#0,M/M (Driver B),60.0,70.699,304.978,15.217,22.176
0,S-M#0,M/M (Driver B),60.0,84.091,285.327,4.353,26.973
0,S-M#0,M/M (Driver B),60.0,47.688,184.721,9.84,19.502
0,S-M#0,M/M (Driver B),60.0,31.001,361.294,12.26,12.894
0,S-M#0,M/M (Driver B),60.0,15.631,500.845,22.574,6.405
0,S-M#0,M/M (Driver B),60.0,16.581,512.215,24.156,6.512
0,S-M#0,M/M (Driver B),60.0,13.193,198.664,40.572,4.571
0,S-M#0,M/M (Driver B),60.0,37.058,258.737,24.298,10.484
0,S-M#0,M/M (Driver B),60.0,42.917,330.647,24.453,9.842
0,S-M#0,M/M (Driver B),60.0,64.22,486.526,28.475,15.071
0,S-M#0,M/M (Driver B),60.0,92.828,497.005,42.063,20.51
0,S-M#0,M/M (Driver B),60.0,87.467,164.161,38.972,17.972
0,S-M#0,M/M (Driver B),60.0,131.598,161.384,48.392,25.776
0,S-M#0,M/M (Driver B),60.0,167.766,833.618,62.836,31.065
0,S-M#0,M/M (Driver B),60.0,74.954,852.842,67.886,13.661
0,S-M#0,M/M (Driver B),60.0,81.147,81.288,47.266,14.605
0,S-M#0,M/M (Driver B),60.0,84.183,364.43,22.623,15.53
0,S-M#0,M/M (Driver B),60.0,85.258,290.76,13.806,14.994
0,S-M#0,M/M (Driver B),60.0,79.17,407.54,32.538,13.163
0,S-M#0,M/M (Driver B),60.0,54.69,563.672,47.101,8.74
0,S-M#0,M/M (Driver B),60.0,47.182,665.475,61.888,7.137
0,S-M#0,M/M (Driver B),60.0,65.499,1071.176,70.292,8.886
0,S-M#0,M/M (Driver B),60.0,47.135,282.406,77.249,6.117
0,S-M#0,M/M (Driver B),60.0,82.481,211.189,73.571,10.827
0,S-M#0,M/M (Driver B),60.0,92.02,93.054,65.511,12.123
0,S-M#0,M/M (Driver B),60.0,109.376,128.224,59.323,14.381
0,S-M#0,M/M (Driver B),60.0,37.155,38.807,45.851,5.144
0,S-M#0,M/M (Driver B),60.0,63.818,248.912,24.836,8.909
0,S-M#0,M/M (Driver B),60.0,94.829,538.346,37.137,12.744
0,S-M#0,M/M (Driver B),60.0,141.077,811.902,62.759,17.895
0,S-M#0,M/M (Driver B),60.0,156.449,1069.293,78.633,19.1
0,S-M#0,M/M (Driver B),60.0,106.392,1217.987,76.35,13.882
0,S-M#0,M/M (Driver B),60.0,96.864,220.065,37.592,12.685
0,S-M#0,M/M (Driver B),60.0,51.892,462.355,44.905,6.823
0,S-M#0,M/M (Driver B),60.0,40.608,705.138,60.853,5.636
0,S-M#0,M/M (Driver B),60.0,52.297,903.76,71.994,8.417
0,S-M#0,M/M (Driver B),60.0,31.073,824.047,84.403,5.562
0,S-M#0,M/M (Driver B),60.0,28.458,922.731,103.962,4.715
0,S-M#0,M/M (Driver B),60.0,6.803,771.107,97.464,1.038
0,S-M#0,M/M (Driver B),60.0,51.102,151.239,123.56,7.526
0,S-M#0,M/M (Driver B),60.0,110.897,485.188,104.57,15.756
0,S-M#0,M/M (Driver B),60.0,102.934,212.117,91.69,14.128
0,S-M#0,M/M (Driver B),60.0,101.993,47.71,81.709,13.967
0,S-M#0,M/M (Driver B),60.0,75.465,605.624,85.276,10.261
0,S-M#0,M/M (Driver B),60.0,29.095,928.93,108.569,3.88
0,S-M#0,M/M (Driver B),60.0,88.204,502.748,117.285,11.525
0,S-M#0,M/M (Driver B),60.0,127.079,551.437,110.547,16.767
0,S-M#0,M/M (Driver B),60.0,125.917,455.763,87.731,15.104
0,S-M#0,M/M (Driver B),60.0,200.637,529.025,25.182,21.326
0,S-M#0,M/M (Driver B),60.0,183.692,575.221,113.073,19.39
0,S-M#0,M/M (Driver B),60.0,242.555,213.983,108.162,25.924
0,S-M#0,M/M (Driver B),60.0,144.531,343.249,35.871,16.401
0,S-M#0,M/M (Driver B),60.0,87.114,201.205,46.478,9.179
0,S-M#0,M/M (Driver B),60.0,108.23,586.457,38.408,11.779
0,S-M#0,M/M (Driver B),60.0,232.548,911.728,45.794,26.346
0,S-M#0,M/M (Driver B),60.0,324.17,873.064,48.992,35.702
0,S-M#0,M/M (Driver B),60.0,402.933,836.866,74.449,41.126
0,S-M#0,M/M (Driver B),60.0,357.951,1008.228,58.492,35.976
0,S-M#0,M/M (Driver B),60.0,281.146,546.11,74.659,30.981
0,S-M#0,M/M (Driver B),60.0,104.528,347.766,67.733,11.901
0,S-M#0,M/M (Driver B),60.0,81.12,816.808,49.249,9.05
0,S-M#0,M/M (Driver B),60.0,205.714,1509.239,55.674,22.586
0,S-M#0,M/M (Driver B),60.0,76.296,1243.545,73.937,9.161
0,S-M#0,M/M (Driver B),60.0,97.407,1054.876,103.129,11.725
0,S-M#0,M/M (Driver B),60.0,105.368,1199.784,78.726,12.508
0,S-M#0,M/M (Driver B),60.0,81.966,318.489,74.426,9.442
0,S-M#0,M/M (Driver B),60.0,29.857,716.679,79.521,3.457
0,S-M#0,M/M (Driver B),60.0,45.448,791.145,86.536,5.724
0,S-M#0,M/M (Driver B),60.0,100.604,395.313,41.562,15.073
0,S-M#0,M/M (Driver B),60.0,42.195,412.007,13.593,6.184
0,S-M#0,M/M (Driver B),60.0,107.508,176.416,51.261,14.715
0,S-M#0,M/M (Driver B),60.0,162.84,314.958,85.708,21.809
0,S-M#0,M/M (Driver B),60.0,267.075,360.723,98.994,39.925
0,S-M#0,M/M (Driver B),60.0,236.469,716.03,13.794,32.853
0,S-M#0,M/M (Driver B),60.0,417.898,852.714,97.098,45.994
0,S-M#0,M/M (Driver B),60.0,298.883,843.65,83.047,33.043
0,S-M#0,M/M (Driver B),60.0,243.506,740.743,83.646,27.963
0,S-M#0,M/M (Driver B),60.0,179.281,845.652,43.692,21.519
0,S-M#0,M/M (Driver B),60.0,26.652,700.971,27.989,3.152
0,S-M#0,M/M (Driver B),60.0,72.248,923.379,31.432,9.696
0,S-M#0,M/M (Driver B),60.0,70.059,1063.575,25.12,10.502
0,S-M#0,M/M (Driver B),60.0,117.925,1178.92,6.866,17.762
0,S-M#0,M/M (Driver B),60.0,152.026,1136.709,25.091,21.479
0,S-M#0,M/M (Driver B),60.0,69.805,399.089,27.256,11.157
0,S-M#0,M/M (Driver B),60.0,995.984,603.757,1064.967,160.573
0,S-M#0,M/M (Driver B),60.0,31.486,357.272,42.697,4.571
0,S-M#0,M/M (Driver B),60.0,34.631,658.766,25.656,4.952
0,S-M#0,M/M (Driver B),60.0,39.856,551.012,28.005,5.701
0,S-M#0,M/M (Driver B),60.0,84.952,376.046,27.309,13.497
0,S-M#0,M/M (Driver B),60.0,79.887,290.882,21.865,11.836
0,S-M#0,M/M (Driver B),60.0,40.588,531.561,14.606,6.642
0,S-M#0,M/M (Driver B),60.0,56.102,386.625,22.804,9.413
0,S-M#0,M/M (Driver B),60.0,72.954,142.194,23.507,12.645
0,S-M#0,M/M (Driver B),60.0,133.637,456.473,28.042,23.835
0,S-M#0,M/M (Driver B),60.0,112.804,930.809,26.511,20.097
0,S-M#0,M/M (Driver B),60.0,151.189,757.972,42.386,25.587
0,S-M#0,M/M (Driver B),60.0,107.208,513.978,33.861,16.564
0,S-M#0,M/M (Driver B),60.0,101.303,638.251,39.728,16.096
0,S-M#0,M/M (Driver B),60.0,52.53,574.434,32.491,9.529
0,S-M#0,M/M (Driver B),60.0,33.703,585.731,20.837,7.606
0,S-M#0,M/M (Driver B),60.0,34.449,778.427,9.566,10.424
0,S-M#0,M/M (Driver B),60.0,41.221,674.286,10.209,18.531
0,S-M#0,M/M (Driver B),60.0,63.888,404.565,6.463,53.322
0,S-M#0,M/M (Driver B),60.0,49.916,427.342,3.036,147.984
0,S-M#0,M/M (Driver B),60.0,15.072,2.393,2.367,480.062
0,S-M#0,M/M (Driver B),60.0,8.506,2.939,2.921,288.871
0,S-M#0,M/M (Driver B),60.0,8.116,3.121,3.312,233.004
0,S-M#0,M/M (Driver B),60.0,8.41,3.316,3.446,234.013
0,S-M#0,M/M (Driver B),60.0,7.61,2.713,2.954,241.154
0,S-M#0,M/M (Driver B),60.0,8.138,2.253,2.353,301.335
0,S-M#0,M/M (Driver B),60.0,8.397,1.578,1.867,366.116
0,S-M#0,M/M (Driver B),60.0,2.986,18.618,0.917,11.349
0,S-M#0,M/M (Driver B),60.0,47.31,26.893,36.936,62.126
0,S-M#0,M/M (Driver B),60.0,63.525,77.365,87.305,35.379
0,S-M#0,M/M (Driver B),60.0,110.971,107.917,130.051,40.605
0,S-M#0,M/M (Driver B),60.0,205.962,177.869,218.814,49.913
0,S-M#0,M/M (Driver B),60.0,296.29,257.899,320.01,53.348
0,S-M#0,M/M (Driver B),60.0,39.974,472.965,17.39,6.32
0,S-M#0,M/M (Driver B),60.0,75.393,559.481,19.137,12.174
0,S-M#0,M/M (Driver B),60.0,77.327,730.216,13.58,12.939
0,S-M#0,M/M (Driver B),60.0,20.8,157.468,19.654,3.64
0,S-M#0,M/M (Driver B),60.0,56.901,722.018,8.911,10.81
0,S-M#0,M/M (Driver B),60.0,94.638,909.047,3.917,19.539
0,S-M#0,M/M (Driver B),60.0,120.221,605.168,6.743,26.765
0,S-M#0,M/M (Driver B),60.0,112.753,704.007,3.812,23.03
0,S-M#0,M/M (Driver B),60.0,91.757,140.058,13.254,18.506
0,S-M#0,M/M (Driver B),60.0,141.89,847.488,21.002,26.644
0,S-M#0,M/M (Driver B),60.0,159.205,153.763,18.73,30.072
0,S-M#0,M/M (Driver B),60.0,166.464,706.78,25.191,32.528
0,S-M#0,M/M (Driver B),60.0,154.929,642.536,27.988,29.441
0,S-M#0,M/M (Driver B),60.0,156.764,134.063,14.665,30.426
0,S-M#0,M/M (Driver B),60.0,132.358,154.36,10.978,25.316
0,S-M#0,M/M (Driver B),60.0,111.745,326.731,14.284,22.059
0,S-M#0,M/M (Driver B),60.0,82.563,641.487,20.189,15.709
0,S-M#0,M/M (Driver B),60.0,73.86,839.523,16.419,13.053
0,S-M#0,M/M (Driver B),60.0,53.833,658.153,4.744,8.831
0,S-M#0,M/M (Driver B),60.0,84.299,771.343,7.097,12.684
0,S-M#0,M/M (Driver B),60.0,13.086,845.146,8.851,1.885
0,S-M#0,M/M (Driver B),60.0,31.445,936.213,1.264,4.206
0,S-M#0,M/M (Driver B),60.0,30.641,1102.617,1.846,4.057
0,S-M#0,M/M (Driver B),60.0,74.586,848.493,1.965,11.413
0,S-M#0,M/M (Driver B),60.0,44.541,724.306,2.917,7.305
0,S-M#0,M/M (Driver B),60.0,69.904,1028.719,10.307,11.474
0,S-M#0,M/M (Driver B),60.0,88.751,658.684,14.579,15.877
0,S-M#0,M/M (Driver B),60.0,83.146,529.187,20.084,18.056
0,S-M#0,M/M (Driver B),60.0,23.817,530.761,33.034,5.462
0,S-M#0,M/M (Driver B),60.0,28.437,412.497,33.763,5.515
0,S-M#0,M/M (Driver B),60.0,54.6,400.158,22.833,10.488
0,S-M#0,M/M (Driver B),60.0,36.529,404.764,20.488,8.519
0,S-M#0,M/M (Driver B),60.0,41.449,302.639,23.889,11.591
0,S-M#0,M/M (Driver B),60.0,36.33,420.252,14.343,10.149
0,S-M#0,M/M (Driver B),60.0,47.278,211.449,8.231,15.937
0,S-M#0,M/M (Driver B),60.0,31.104,237.441,6.447,12.395
0,S-M#0,M/M (Driver B),60.0,42.386,275.448,11.293,17.65
0,S-M#0,M/M (Driver B),60.0,36.033,218.964,17.752,12.446
0,S-M#0,M/M (Driver B),60.0,461.171,234.523,462.85,154.0
0,S-M#0,M/M (Driver B),60.0,25.535,442.747,21.159,8.048
0,S-M#0,M/M (Driver B),60.0,52.193,263.076,13.202,14.542
0,S-M#0,M/M (Driver B),60.0,25.162,688.738,26.74,6.387
0,S-M#0,M/M (Driver B),60.0,33.112,345.538,14.795,8.16
0,S-M#0,M/M (Driver B),60.0,61.215,309.814,21.085,14.306
0,S-M#0,M/M (Driver B),60.0,47.122,541.048,17.555,9.145
0,S-M#0,M/M (Driver B),60.0,48.207,421.896,28.948,8.862
0,S-M#0,M/M (Driver B),60.0,46.535,599.079,21.196,8.671
0,S-M#0,M/M (Driver B),60.0,44.165,266.502,27.161,9.332
0,S-M#0,M/M (Driver B),60.0,70.594,114.376,17.541,17.635
0,S-M#0,M/M (Driver B),60.0,68.721,265.4,14.991,19.498
0,S-M#0,M/M (Driver B),60.0,84.674,119.769,7.11,25.259
0,S-M#0,M/M (Driver B),60.0,97.524,117.685,10.377,31.171
0,S-M#0,M/M (Driver B),60.0,74.149,352.135,27.495,21.402
0,S-M#0,M/M (Driver B),60.0,594.654,283.763,587.178,146.233
0,S-M#0,M/M (Driver B),60.0,25.188,209.348,24.103,5.285
0,S-M#0,M/M (Driver B),60.0,25.636,512.88,22.583,5.176
0,S-M#0,M/M (Driver B),60.0,40.905,279.925,31.964,8.304
0,S-M#0,M/M (Driver B),60.0,28.601,180.381,10.764,5.569
0,S-M#0,M/M (Driver B),60.0,26.168,187.533,6.712,5.261
0,S-M#0,M/M (Driver B),60.0,34.634,135.105,8.919,7.531
0,S-M#0,M/M (Driver B),60.0,83.351,138.374,19.712,19.774
0,S-M#0,M/M (Driver B),60.0,72.444,119.591,16.091,20.206
0,S-M#0,M/M (Driver B),60.0,58.125,411.348,7.945,15.536
0,S-M#0,M/M (Driver B),60.0,104.461,315.375,4.799,26.934
0,S-M#0,M/M (Driver B),60.0,75.226,178.968,9.448,20.861
0,S-M#0,M/M (Driver B),60.0,72.574,667.739,2.931,23.309
0,S-M#0,M/M (Driver B),60.0,32.06,261.587,10.278,12.028
0,S-M#0,M/M (Driver B),60.0,21.925,170.605,7.075,7.521
0,S-M#0,M/M (Driver B),60.0,36.83,418.021,5.535,11.716
0,S-M#0,M/M (Driver B),60.0,66.043,554.589,10.125,21.998
0,S-M#0,M/M (Driver B),60.0,66.084,374.321,10.527,16.889
0,S-M#0,M/M (Driver B),60.0,78.197,514.256,14.931,14.798
0,S-M#0,M/M (Driver B),60.0,449.779,609.043,447.296,71.733
0,S-M#0,M/M (Driver B),60.0,51.821,255.243,23.981,7.577
0,S-M#0,M/M (Driver B),60.0,38.302,40.994,9.497,5.47
0,S-M#0,M/M (Driver B),60.0,105.924,128.549,16.347,13.932
0,S-M#0,M/M (Driver B),60.0,201.383,523.26,42.899,26.607
0,S-M#0,M/M (Driver B),60.0,180.432,351.159,57.016,24.028
0,S-M#0,M/M (Driver B),60.0,144.974,251.284,57.053,18.293
0,S-M#0,M/M (Driver B),60.0,125.996,182.154,46.018,15.074
0,S-M#0,M/M (Driver B),60.0,51.411,206.916,14.532,7.116
0,S-M#0,M/M (Driver B),60.0,50.021,392.03,3.555,8.703
0,S-M#0,M/M (Driver B),60.0,22.759,574.92,1.956,5.256
0,S-M#0,M/M (Driver B),60.0,34.346,678.145,1.032,11.345
0,S-M#0,M/M (Driver B),60.0,36.635,649.515,4.863,22.519
0,S-M#0,M/M (Driver B),60.0,11.339,569.807,5.557,40.443
0,S-M#0,M/M (Driver B),60.0,7.459,3.809,3.888,151.218
0,S-M#0,M/M (Driver B),60.0,6.16,65.431,12.379,9.171
0,S-M#0,M/M (Driver B),60.0,7.854,98.971,16.614,7.737
0,S-M#0,M/M (Driver B),60.0,12.006,97.927,15.904,11.941
0,S-M#0,M/M (Driver B),60.0,20.139,143.515,20.979,13.831
0,S-M#0,M/M (Driver B),60.0,25.296,165.471,23.149,15.073
0,S-M#0,M/M (Driver B),60.0,52.798,141.931,29.003,24.479
0,S-M#0,M/M (Driver B),60.0,27.335,263.38,2.977,10.744
0,S-M#0,M/M (Driver B),60.0,22.031,160.626,5.56,7.105
0,S-M#0,M/M (Driver B),60.0,44.374,175.62,16.82,13.957
0,S-M#0,M/M (Driver B),60.0,42.833,367.532,4.786,15.74
0,S-M#0,M/M (Driver B),60.0,43.925,199.936,25.417,17.548
0,S-M#0,M/M (Driver B),60.0,43.32,588.8,2.581,15.476
0,S-M#0,M/M (Driver B),60.0,48.645,484.643,1.524,13.86
0,S-M#0,M/M (Driver B),60.0,99.907,508.712,10.226,22.88
0,S-M#0,M/M (Driver B),60.0,166.321,584.326,10.483,27.483
0,S-M#0,M/M (Driver B),60.0,184.133,752.795,21.089,23.672
0,S-M#0,M/M (Driver B),60.0,198.813,959.83,37.615,20.901
0,S-M#0,M/M (Driver B),60.0,96.976,863.191,54.865,9.366
0,S-M#0,M/M (Driver B),60.0,82.444,747.858,65.797,8.621
0,S-M#0,M/M (Driver B),60.0,50.799,682.856,77.216,5.631
0,S-M#0,M/M (Driver B),60.0,57.041,716.512,88.23,6.45
0,S-M#0,M/M (Driver B),60.0,111.577,610.164,96.143,12.696
0,S-M#0,M/M (Driver B),60.0,120.753,513.815,78.438,13.818
0,S-M#0,M/M (Driver B),60.0,160.951,441.451,106.885,18.403
0,S-M#0,M/M (Driver B),60.0,171.494,665.468,103.784,18.146
0,S-M#0,M/M (Driver B),60.0,220.276,569.394,130.896,22.281
0,S-M#0,M/M (Driver B),60.0,210.302,394.825,132.648,21.583
0,S-M#0,M/M (Driver B),120.0,7.335,15.485,4.833,0.931
0,S-M#0,M/M (Driver B),120.0,15.57,26.481,5.874,2.007
0,S-M#0,M/M (Driver B),120.0,13.643,26.651,4.32,1.792
0,S-M#0,M/M (Driver B),120.0,2.985,18.888,3.681,0.402
0,S-M#0,M/M (Driver B),120.0,11.773,27.996,4.772,1.609
0,S-M#0,M/M (Driver B),120.0,18.539,32.473,4.583,2.552
0,S-M#0,M/M (Driver B),120.0,40.001,66.089,14.997,5.577
0,S-M#0,M/M (Driver B),120.0,45.174,143.475,19.507,6.695
0,S-M#0,M/M (Driver B),120.0,53.754,76.109,5.189,8.222
0,S-M#0,M/M (Driver B),120.0,64.169,91.405,30.003,9.341
0,S-M#0,M/M (Driver B),120.0,56.421,125.514,37.096,7.511
0,S-M#0,M/M (Driver B),120.0,26.04,156.255,47.767,3.198
0,S-M#0,M/M (Driver B),120.0,30.347,201.696,60.186,3.308
0,S-M#0,M/M (Driver B),120.0,133.744,255.588,70.373,12.939
0,S-M#0,M/M (Driver B),120.0,202.307,365.107,61.025,17.63
0,S-M#0,M/M (Driver B),120.0,281.222,582.828,57.882,22.131
0,S-M#0,M/M (Driver B),120.0,319.356,967.686,67.304,23.989
0,S-M#0,M/M (Driver B),120.0,274.736,1478.936,64.335,18.254
0,S-M#0,M/M (Driver B),120.0,319.404,922.948,57.599,19.62
0,S-M#0,M/M (Driver B),120.0,366.649,1303.06,84.046,20.746
0,S-M#0,M/M (Driver B),120.0,208.494,1513.54,40.517,11.112
0,S-M#0,M/M (Driver B),120.0,178.163,1830.633,25.5,9.163
0,S-M#0,M/M (Driver B),120.0,110.798,485.423,11.643,5.573
0,S-M#0,M/M (Driver B),120.0,105.54,355.4,16.095,5.287
0,S-M#0,M/M (Driver B),120.0,215.688,1667.808,36.415,11.164
0,S-M#0,M/M (Driver B),120.0,367.396,2272.611,78.292,19.492
0,S-M#0,M/M (Driver B),120.0,393.989,2638.904,129.194,21.369
0,S-M#0,M/M (Driver B),120.0,334.792,3067.254,142.805,18.765
0,S-M#0,M/M (Driver B),120.0,671.847,2782.186,666.885,38.451
0,S-M#0,M/M (Driver B),120.0,150.801,2306.81,208.585,8.944
0,S-M#0,M/M (Driver B),120.0,147.427,2337.932,223.025,9.003
0,S-M#0,M/M (Driver B),120.0,100.272,1509.994,236.384,6.277
0,S-M#0,M/M (Driver B),120.0,128.536,400.193,178.662,8.381
0,S-M#0,M/M (Driver B),120.0,93.011,1389.209,221.622,6.323
0,S-M#0,M/M (Driver B),120.0,278.368,2041.912,123.943,20.299
0,S-M#0,M/M (Driver B),120.0,265.069,2153.732,79.568,19.695
0,S-M#0,M/M (Driver B),120.0,100.528,742.571,35.383,7.406
0,S-M#0,M/M (Driver B),120.0,186.691,1422.069,25.728,14.295
0,S-M#0,M/M (Driver B),120.0,167.249,1201.726,20.765,14.153
0,S-M#0,M/M (Driver B),120.0,50.698,426.878,8.012,4.782
0,S-M#0,M/M (Driver B),120.0,85.846,521.609,38.279,9.046
0,S-M#0,M/M (Driver B),120.0,35.207,817.951,41.118,3.781
0,S-M#0,M/M (Driver B),120.0,79.465,565.742,77.528,8.487
0,S-M#0,M/M (Driver B),120.0,112.0,1343.368,113.783,11.545
0,S-M#0,M/M (Driver B),120.0,131.166,995.069,101.092,12.427
0,S-M#0,M/M (Driver B),120.0,117.964,320.958,118.6,11.131
0,S-M#0,M/M (Driver B),120.0,124.007,265.481,115.984,11.305
0,S-M#0,M/M (Driver B),120.0,198.264,582.428,95.779,17.716
0,S-M#0,M/M (Driver B),120.0,173.413,137.437,102.621,15.835
0,S-M#0,M/M (Driver B),120.0,172.607,760.291,92.039,15.125
0,S-M#0,M/M (Driver B),120.0,182.501,1216.219,150.772,14.427
0,S-M#0,M/M (Driver B),120.0,215.272,1338.567,166.752,15.422
0,S-M#0,M/M (Driver B),120.0,316.792,858.414,133.221,21.028
0,S-M#0,M/M (Driver B),120.0,337.66,1102.143,132.878,22.877
0,S-M#0,M/M (Driver B),120.0,333.386,1437.236,156.079,23.133
0,S-M#0,M/M (Driver B),120.0,260.571,1193.446,184.716,18.577
0,S-M#0,M/M (Driver B),120.0,185.046,914.201,158.255,13.676
0,S-M#0,M/M (Driver B),120.0,235.0,1423.542,246.121,17.251
0,S-M#0,M/M (Driver B),120.0,224.5,213.587,257.729,16.244
0,S-M#0,M/M (Driver B),120.0,293.305,423.085,269.227,21.208
0,S-M#0,M/M (Driver B),120.0,158.389,519.788,243.338,11.469
0,S-M#0,M/M (Driver B),120.0,147.179,1400.509,248.617,10.794
0,S-M#0,M/M (Driver B),120.0,226.239,540.947,283.961,16.64
0,S-M#0,M/M (Driver B),120.0,191.583,583.532,296.781,14.156
0,S-M#0,M/M (Driver B),120.0,267.469,1022.885,323.178,19.609
0,S-M#0,M/M (Driver B),120.0,138.835,949.788,354.137,9.715
0,S-M#0,M/M (Driver B),120.0,114.597,376.696,361.99,7.758
0,S-M#0,M/M (Driver B),120.0,169.652,39.813,439.856,11.496
0,S-M#0,M/M (Driver B),120.0,172.75,807.497,334.411,12.029
0,S-M#0,M/M (Driver B),120.0,193.673,906.316,293.761,13.347
0,S-M#0,M/M (Driver B),120.0,118.795,905.608,280.252,8.175
0,S-M#0,M/M (Driver B),120.0,141.875,595.895,198.366,9.825
0,S-M#0,M/M (Driver B),120.0,153.293,726.971,196.392,10.534
0,S-M#0,M/M (Driver B),120.0,134.807,939.676,208.295,9.472
0,S-M#0,M/M (Driver B),120.0,123.686,674.971,171.863,9.051
0,S-M#0,M/M (Driver B),120.0,134.862,713.521,202.586,10.113
0,S-M#0,M/M (Driver B),120.0,143.456,448.747,242.114,11.067
0,S-M#0,M/M (Driver B),120.0,193.018,561.884,287.493,15.511
0,S-M#0,M/M (Driver B),120.0,135.121,1266.622,297.555,11.684
0,S-M#0,M/M (Driver B),120.0,118.511,1230.152,282.92,10.493
0,S-M#0,M/M (Driver B),120.0,65.294,1279.008,243.939,5.681
0,S-M#0,M/M (Driver B),120.0,91.942,1364.903,204.446,8.546
0,S-M#0,M/M (Driver B),120.0,116.744,451.125,216.082,11.496
0,S-M#0,M/M (Driver B),120.0,126.429,368.814,173.689,13.166
0,S-M#0,M/M (Driver B),120.0,140.213,337.473,149.75,16.091
0,S-M#0,M/M (Driver B),120.0,136.68,762.752,128.625,17.102
0,S-M#0,M/M (Driver B),120.0,132.55,826.172,105.49,18.186
0,S-M#0,M/M (Driver B),120.0,141.015,1116.875,101.793,22.099
0,S-M#0,M/M (Driver B),120.0,107.062,1070.305,72.295,18.023
0,S-M#0,M/M (Driver B),120.0,92.983,867.903,28.757,16.522
0,S-M#0,M/M (Driver B),120.0,81.868,178.325,14.572,16.085
0,S-M#0,M/M (Driver B),120.0,92.342,484.883,15.414,19.278
0,S-M#0,M/M (Driver B),120.0,73.756,593.38,24.589,17.437
0,S-M#0,M/M (Driver B),120.0,56.82,267.937,33.235,12.725
0,S-M#0,M/M (Driver B),120.0,40.061,340.405,47.133,8.559
0,S-M#0,M/M (Driver B),120.0,53.056,227.119,67.084,10.884
0,S-M#0,M/M (Driver B),120.0,422.663,249.921,472.624,73.7
0,S-M#0,M/M (Driver B),120.0,638.8,322.268,664.288,95.431
0,S-M#0,M/M (Driver B),120.0,21.986,413.262,198.218,2.883
0,S-M#0,M/M (Driver B),120.0,85.612,577.085,179.393,9.974
0,S-M#0,M/M (Driver B),120.0,108.982,581.926,131.189,12.409
0,S-M#0,M/M (Driver B),120.0,45.33,541.105,127.885,5.168
0,S-M#0,M/M (Driver B),120.0,108.591,389.591,40.903,11.438
0,S-M#0,M/M (Driver B),120.0,143.8,508.849,35.253,15.189
0,S-M#0,M/M (Driver B),120.0,191.011,669.009,31.813,19.433
0,S-M#0,M/M (Driver B),120.0,204.398,181.896,44.252,20.973
0,S-M#0,M/M (Driver B),120.0,193.31,193.136,46.245,20.937
0,S-M#0,M/M (Driver B),120.0,163.696,401.034,45.202,18.047
0,S-M#0,M/M (Driver B),120.0,156.724,451.471,35.372,17.731
0,S-M#0,M/M (Driver B),120.0,149.796,384.242,20.282,17.499
0,S-M#0,M/M (Driver B),120.0,127.55,403.801,16.549,15.56
0,S-M#0,M/M (Driver B),120.0,63.307,433.69,26.428,8.079
0,S-M#0,M/M (Driver B),120.0,57.381,76.392,20.271,7.345
0,S-M#0,M/M (Driver B),120.0,77.458,502.843,18.222,9.799
0,S-M#0,M/M (Driver B),120.0,107.842,538.205,23.43,13.73
0,S-M#0,M/M (Driver B),120.0,108.813,481.464,19.355,13.528
0,S-M#0,M/M (Driver B),120.0,95.108,326.726,22.096,11.935
0,S-M#0,M/M (Driver B),120.0,92.02,128.585,14.021,11.599
0,S-M#0,M/M (Driver B),120.0,108.313,259.455,10.326,12.95
0,S-M#0,M/M (Driver B),120.0,102.486,74.707,14.464,12.214
0,S-M#0,M/M (Driver B),120.0,89.898,107.884,11.062,11.094
0,S-M#0,M/M (Driver B),120.0,91.69,36.142,25.748,11.118
0,S-M#0,M/M (Driver B),120.0,79.874,164.893,26.593,9.663
0,S-M#0,M/M (Driver B),120.0,65.868,181.655,26.047,7.834
0,S-M#0,M/M (Driver B),120.0,30.14,131.477,15.507,3.567
0,S-M#0,M/M (Driver B),120.0,47.536,405.324,16.695,5.549
0,S-M#0,M/M (Driver B),120.0,102.099,246.088,16.884,11.944
0,S-M#0,M/M (Driver B),120.0,109.914,41.462,27.92,13.067
0,S-M#0,M/M (Driver B),120.0,95.046,59.163,23.539,12.055
0,S-M#0,M/M (Driver B),120.0,124.218,313.99,17.427,15.503
0,S-M#0,M/M (Driver B),120.0,166.206,312.212,18.183,20.382
0,S-M#0,M/M (Driver B),120.0,140.72,233.482,25.442,16.769
0,S-M#0,M/M (Driver B),120.0,166.467,215.257,38.161,18.678
0,S-M#0,M/M (Driver B),120.0,174.221,112.198,50.564,19.459
0,S-M#0,M/M (Driver B),120.0,137.58,179.398,44.79,15.251
0,S-M#0,M/M (Driver B),120.0,97.95,80.613,41.604,10.956
0,S-M#0,M/M (Driver B),120.0,73.15,213.756,53.966,8.228
0,S-M#0,M/M (Driver B),120.0,100.656,277.724,65.571,11.275
0,S-M#0,M/M (Driver B),120.0,161.636,397.462,57.963,18.486
0,S-M#0,M/M (Driver B),120.0,184.916,1184.071,62.686,20.833
0,S-M#0,M/M (Driver B),120.0,116.555,390.294,33.074,13.115
0,S-M#0,M/M (Driver B),120.0,123.565,465.44,40.76,15.278
0,S-M#0,M/M (Driver B),120.0,90.481,461.534,30.394,12.154
0,S-M#0,M/M (Driver B),120.0,93.4,292.827,10.097,12.619
0,S-M#0,M/M (Driver B),120.0,117.01,192.952,15.602,15.86
0,S-M#0,M/M (Driver B),120.0,125.755,181.458,29.653,17.213
0,S-M#0,M/M (Driver B),120.0,126.879,131.11,38.966,17.354
0,S-M#0,M/M (Driver B),120.0,134.24,91.222,49.62,18.55
0,S-M#0,M/M (Driver B),120.0,149.823,394.112,45.11,20.401
0,S-M#0,M/M (Driver B),120.0,162.148,321.477,42.498,21.935
0,S-M#0,M/M (Driver B),120.0,150.877,881.975,42.017,19.361
0,S-M#0,M/M (Driver B),120.0,191.211,1071.007,23.088,24.804
0,S-M#0,M/M (Driver B),120.0,246.302,656.768,68.773,31.257
0,S-M#0,M/M (Driver B),120.0,257.675,678.813,67.164,31.441
0,S-M#0,M/M (Driver B),120.0,230.486,667.12,18.272,29.026
0,S-M#0,M/M (Driver B),120.0,218.286,452.006,14.837,29.201
0,S-M#0,M/M (Driver B),120.0,195.967,232.578,5.115,27.924
0,S-M#0,M/M (Driver B),120.0,156.017,384.376,7.187,24.728
0,S-M#0,M/M (Driver B),120.0,142.027,416.155,5.349,22.103
0,S-M#0,M/M (Driver B),120.0,81.73,135.135,2.882,12.357
0,S-M#0,M/M (Driver B),120.0,65.291,123.348,2.95,9.667
0,S-M#0,M/M (Driver B),120.0,82.856,201.664,13.593,11.952
0,S-M#0,M/M (Driver B),120.0,127.31,259.661,26.837,17.993
0,S-M#0,M/M (Driver B),120.0,146.566,571.258,29.419,20.74
0,S-M#0,M/M (Driver B),120.0,159.795,211.748,30.331,23.268
0,S-M#0,M/M (Driver B),120.0,800.246,333.53,789.146,119.952
0,S-M#0,M/M (Driver B),120.0,76.907,368.124,87.394,10.647
0,S-M#0,M/M (Driver B),120.0,114.273,397.777,31.95,16.035
0,S-M#0,M/M (Driver B),120.0,99.007,207.905,16.225,13.046
0,S-M#0,M/M (Driver B),120.0,77.51,279.131,23.748,9.24
0,S-M#0,M/M (Driver B),120.0,102.754,234.074,56.618,12.066
0,S-M#0,M/M (Driver B),120.0,106.766,89.704,83.173,12.427
0,S-M#0,M/M (Driver B),120.0,99.098,63.957,94.804,12.062
0,S-M#0,M/M (Driver B),120.0,96.331,147.503,89.941,13.067
0,S-M#0,M/M (Driver B),120.0,86.74,264.396,85.847,13.673
0,S-M#0,M/M (Driver B),120.0,56.152,729.223,72.418,9.778
0,S-M#0,M/M (Driver B),120.0,1059.314,569.254,1042.204,166.319
0,S-M#0,M/M (Driver B),120.0,29.083,938.47,103.212,3.958
0,S-M#0,M/M (Driver B),120.0,55.083,702.12,105.003,7.003
0,S-M#0,M/M (Driver B),120.0,93.128,971.254,135.27,10.785
0,S-M#0,M/M (Driver B),120.0,108.116,943.91,129.01,12.817
0,S-M#0,M/M (Driver B),120.0,134.389,819.8,117.288,15.954
0,S-M#0,M/M (Driver B),120.0,126.741,759.89,92.03,15.474
0,S-M#0,M/M (Driver B),120.0,103.424,875.179,67.237,12.944
0,S-M#0,M/M (Driver B),120.0,77.192,211.433,33.449,9.398
0,S-M#0,M/M (Driver B),120.0,96.706,328.057,3.084,11.003
0,S-M#0,M/M (Driver B),120.0,150.404,304.481,43.769,16.164
0,S-M#0,M/M (Driver B),120.0,145.762,347.049,33.734,14.62
0,S-M#0,M/M (Driver B),120.0,137.628,486.743,44.228,13.903
0,S-M#0,M/M (Driver B),120.0,110.545,521.047,43.152,11.552
0,S-M#0,M/M (Driver B),120.0,46.198,460.219,53.19,4.983
0,S-M#0,M/M (Driver B),120.0,33.612,334.109,49.517,4.038
0,S-M#0,M/M (Driver B),120.0,90.867,130.072,69.553,10.974
0,S-M#0,M/M (Driver B),120.0,71.699,122.5,81.322,9.019
0,S-M#0,M/M (Driver B),120.0,55.331,383.664,109.589,6.895
0,S-M#0,M/M (Driver B),120.0,61.739,319.497,110.122,7.71
0,S-M#0,M/M (Driver B),120.0,89.213,151.837,94.868,11.756
0,S-M#0,M/M (Driver B),120.0,110.565,469.013,88.449,16.047
0,S-M#0,M/M (Driver B),120.0,115.124,742.996,70.808,18.044
0,S-M#0,M/M (Driver B),120.0,109.836,237.939,62.338,17.772
0,S-M#0,M/M (Driver B),120.0,133.343,428.743,82.753,21.561
0,S-M#0,M/M (Driver B),120.0,131.546,801.805,94.417,21.329
0,S-M#0,M/M (Driver B),120.0,131.827,665.885,84.57,21.701
0,S-M#0,M/M (Driver B),120.0,177.585,656.679,77.67,26.692
0,S-M#0,M/M (Driver B),120.0,92.191,301.21,110.346,13.546
0,S-M#0,M/M (Driver B),120.0,94.502,736.171,99.017,14.161
0,S-M#0,M/M (Driver B),120.0,97.131,817.432,109.145,13.932
0,S-M#0,M/M (Driver B),120.0,136.316,787.852,122.257,18.369
0,S-M#0,M/M (Driver B),120.0,163.297,545.626,177.425,20.413
0,S-M#0,M/M (Driver B),120.0,151.867,664.579,143.795,16.981
0,S-M#0,M/M (Driver B),120.0,174.36,764.084,157.445,17.693
0,S-M#0,M/M (Driver B),120.0,188.169,1506.157,163.997,19.15
0,S-M#0,M/M (Driver B),120.0,189.397,1091.639,139.239,19.018
0,S-M#0,M/M (Driver B),120.0,146.561,343.563,67.755,13.875
0,S-M#0,M/M (Driver B),120.0,144.223,505.945,50.906,12.958
0,S-M#0,M/M (Driver B),120.0,119.279,550.192,78.943,10.222
0,S-M#0,M/M (Driver B),120.0,96.936,223.644,114.07,8.009
0,S-M#0,M/M (Driver B),120.0,138.784,720.612,149.326,10.73
0,S-M#0,M/M (Driver B),120.0,116.777,890.073,180.658,8.887
0,S-M#0,M/M (Driver B),120.0,98.133,1041.614,207.689,7.369
0,S-M#0,M/M (Driver B),120.0,108.786,1246.989,226.798,7.989
0,S-M#0,M/M (Driver B),120.0,147.041,1381.884,241.108,10.597
0,S-M#0,M/M (Driver B),120.0,209.157,1465.449,240.454,15.105
0,S-M#0,M/M (Driver B),120.0,202.427,1833.602,194.371,13.915
0,S-M#0,M/M (Driver B),120.0,180.6,963.635,165.723,11.913
0,S-M#0,M/M (Driver B),120.0,243.393,1028.361,154.121,15.688
0,S-M#0,M/M (Driver B),120.0,257.132,966.902,162.164,16.28
0,S-M#0,M/M (Driver B),120.0,201.76,1136.662,159.785,13.202
0,S-M#0,M/M (Driver B),120.0,125.064,1302.061,150.469,8.412
0,S-M#0,M/M (Driver B),120.0,135.423,1350.947,137.736,9.16
0,S-M#0,M/M (Driver B),120.0,142.043,1365.75,138.108,9.687
0,S-M#0,M/M (Driver B),120.0,152.141,1341.522,146.91,10.779
0,S-M#0,M/M (Driver B),120.0,145.816,1326.907,157.705,10.575
0,S-M#0,M/M (Driver B),120.0,143.283,1240.685,188.125,10.454
0,S-M#0,M/M (Driver B),120.0,117.907,1119.714,225.493,8.301
0,S-M#0,M/M (Driver B),120.0,61.335,1640.133,298.202,4.257
0,S-M#0,M/M (Driver B),120.0,49.1,1979.28,363.851,3.445
0,S-M#0,M/M (Driver B),120.0,56.444,2326.146,389.078,4.178
0,S-M#0,M/M (Driver B),120.0,71.271,1867.87,391.23,5.524
0,S-M#0,M/M (Driver B),120.0,77.014,1940.926,418.064,5.746
0,S-M#0,M/M (Driver B),120.0,94.306,1281.784,405.511,6.703
0,S-M#0,M/M (Driver B),120.0,147.537,378.854,456.215,10.205
0,S-M#0,M/M (Driver B),120.0,222.116,609.395,406.129,15.182
0,S-M#0,M/M (Driver B),120.0,203.088,727.888,414.926,12.995
0,S-M#0,M/M (Driver B),120.0,242.289,742.13,437.813,14.49
0,S-M#0,M/M (Driver B),120.0,220.974,1969.511,436.466,13.118
0,S-M#0,M/M (Driver B),120.0,243.83,2273.067,452.441,14.456
0,S-M#0,M/M (Driver B),120.0,261.928,1358.864,388.872,15.898
0,S-M#0,M/M (Driver B),120.0,293.447,1432.145,326.155,17.173
0,S-M#0,M/M (Driver B),120.0,127.733,693.172,203.653,7.281
0,S-M#0,M/M (Driver B),120.0,28.141,1188.073,87.907,1.541
0,S-M#0,M/M (Driver B),120.0,145.472,1460.914,156.625,7.832
0,S-M#0,M/M (Driver B),120.0,309.958,1331.42,196.399,16.176
0,S-M#0,M/M (Driver B),120.0,347.698,1142.547,169.784,18.513
0,S-M#0,M/M (Driver B),120.0,495.092,1842.026,197.48,26.638
0,S-M#0,M/M (Driver B),120.0,601.199,2038.961,182.551,33.428
0,S-M#0,M/M (Driver B),120.0,660.716,2326.495,166.011,37.113
0,S-M#0,M/M (Driver B),120.0,657.548,2551.713,151.755,36.113
0,S-M#0,M/M (Driver B),120.0,637.682,1702.63,188.771,35.137
0,S-M#0,M/M (Driver B),120.0,508.762,604.602,185.633,27.851
0,S-M#0,M/M (Driver B),120.0,343.64,1078.251,228.863,19.625
0,S-M#0,M/M (Driver B),120.0,49.08,1996.738,272.262,2.808
0,S-M#0,M/M (Driver B),120.0,97.987,2293.572,268.913,5.561
0,S-M#0,M/M (Driver B),120.0,433.232,3480.495,261.098,25.395
0,S-M#0,M/M (Driver B),120.0,114.148,2358.376,241.088,7.601
0,S-M#0,M/M (Driver B),120.0,187.753,1449.575,188.62,12.4
0,S-M#0,M/M (Driver B),120.0,186.639,1201.352,48.5,11.855
0,S-M#0,M/M (Driver B),120.0,174.574,384.156,44.793,10.8
0,S-M#0,M/M (Driver B),120.0,174.081,520.258,104.042,11.345
0,S-M#0,M/M (Driver B),120.0,230.591,325.921,170.603,15.231
0,S-M#0,M/M (Driver B),120.0,304.82,548.893,240.008,19.338
0,S-M#0,M/M (Driver B),120.0,411.829,499.228,281.595,25.916
0,S-M#0,M/M (Driver B),120.0,549.708,1163.599,321.333,34.301
0,S-M#0,M/M (Driver B),120.0,506.206,1666.839,300.42,32.022
0,S-M#0,M/M (Driver B),120.0,687.728,1699.701,279.145,45.372
0,S-M#0,M/M (Driver B),120.0,550.515,1173.856,87.645,37.54
0,S-M#0,M/M (Driver B),120.0,716.028,832.052,184.02,45.373
0,S-M#0,M/M (Driver B),120.0,457.535,2292.031,167.022,29.146
0,S-M#0,M/M (Driver B),120.0,277.784,1905.459,176.614,17.585
0,S-M#0,M/M (Driver B),120.0,251.259,1772.126,128.308,17.205
0,S-M#0,M/M (Driver B),120.0,77.268,2095.212,113.581,5.271
0,S-M#0,M/M (Driver B),120.0,47.988,2383.377,129.02,3.344
0,S-M#0,M/M (Driver B),120.0,100.722,2779.092,117.681,7.365
0,S-M#0,M/M (Driver B),120.0,316.094,2500.998,77.108,23.167
0,S-M#0,M/M (Driver B),120.0,253.985,2199.258,102.98,18.972
0,S-M#0,M/M (Driver B),120.0,63.336,717.136,109.822,4.866
0,S-M#0,M/M (Driver B),120.0,1918.63,1123.716,2001.794,155.665
0,S-M#0,M/M (Driver B),120.0,82.773,496.775,118.091,6.436
0,S-M#0,M/M (Driver B),120.0,116.387,1298.979,86.615,9.11
0,S-M#0,M/M (Driver B),120.0,244.566,1192.201,92.652,19.393
0,S-M#0,M/M (Driver B),120.0,361.461,968.54,102.338,30.332
0,S-M#0,M/M (Driver B),120.0,383.215,1208.38,107.467,30.269
0,S-M#0,M/M (Driver B),120.0,338.168,519.246,103.465,26.856
0,S-M#0,M/M (Driver B),120.0,324.247,575.58,119.591,26.436
0,S-M#0,M/M (Driver B),120.0,258.481,404.131,101.04,22.889
0,S-M#0,M/M (Driver B),120.0,267.814,512.15,83.722,26.651
0,S-M#0,M/M (Driver B),120.0,151.127,1153.512,59.047,16.926
0,S-M#0,M/M (Driver B),120.0,165.26,739.434,61.564,20.294
0,S-M#0,M/M (Driver B),120.0,102.533,1175.189,46.853,13.352
0,S-M#0,M/M (Driver B),120.0,92.572,1333.972,43.003,13.945
0,S-M#0,M/M (Driver B),120.0,61.656,1218.897,32.728,11.121
0,S-M#0,M/M (Driver B),120.0,44.031,1227.528,22.768,9.871
0,S-M#0,M/M (Driver B),120.0,41.564,1449.231,12.971,12.446
0,S-M#0,M/M (Driver B),120.0,48.777,1275.577,13.481,21.579
0,S-M#0,M/M (Driver B),120.0,71.184,927.108,9.414,57.881
0,S-M#0,M/M (Driver B),120.0,57.586,885.284,5.251,158.022
0,S-M#0,M/M (Driver B),120.0,23.356,4.109,4.264,429.828
0,S-M#0,M/M (Driver B),120.0,12.602,21.552,3.674,43.059
0,S-M#0,M/M (Driver B),120.0,22.916,23.979,7.376,28.776
0,S-M#0,M/M (Driver B),120.0,33.198,79.93,10.625,18.126
0,S-M#0,M/M (Driver B),120.0,16.309,108.132,10.785,5.899
0,S-M#0,M/M (Driver B),120.0,29.738,176.623,9.546,7.16
0,S-M#0,M/M (Driver B),120.0,46.644,257.19,10.006,8.364
0,S-M#0,M/M (Driver B),120.0,62.647,344.477,11.107,9.498
0,S-M#0,M/M (Driver B),120.0,498.358,381.899,474.567,71.587
0,S-M#0,M/M (Driver B),120.0,553.726,444.991,549.832,71.175
0,S-M#0,M/M (Driver B),120.0,528.352,439.433,541.414,62.447
0,S-M#0,M/M (Driver B),120.0,565.368,480.491,588.538,60.12
0,S-M#0,M/M (Driver B),120.0,646.501,553.072,674.751,62.105
0,S-M#0,M/M (Driver B),120.0,46.841,1028.533,27.445,4.327
0,S-M#0,M/M (Driver B),120.0,100.44,1250.333,42.812,9.054
0,S-M#0,M/M (Driver B),120.0,103.779,1355.523,42.123,9.482
0,S-M#0,M/M (Driver B),120.0,138.394,797.795,69.282,12.526
0,S-M#0,M/M (Driver B),120.0,208.939,1835.808,54.796,19.772
0,S-M#0,M/M (Driver B),120.0,249.434,1915.973,42.397,25.021
0,S-M#0,M/M (Driver B),120.0,292.546,873.576,52.177,29.966
0,S-M#0,M/M (Driver B),120.0,282.234,879.496,43.001,28.065
0,S-M#0,M/M (Driver B),120.0,251.023,848.886,50.072,24.615
0,S-M#0,M/M (Driver B),120.0,270.069,1288.895,55.641,25.964
0,S-M#0,M/M (Driver B),120.0,246.838,885.939,55.935,23.378
0,S-M#0,M/M (Driver B),120.0,278.978,1203.356,71.006,25.872
0,S-M#0,M/M (Driver B),120.0,203.185,1529.413,76.416,17.88
0,S-M#0,M/M (Driver B),120.0,142.519,998.017,55.441,12.069
0,S-M#0,M/M (Driver B),120.0,153.86,135.598,38.37,12.63
0,S-M#0,M/M (Driver B),120.0,155.649,515.953,37.165,12.402
0,S-M#0,M/M (Driver B),120.0,84.984,985.277,39.038,6.629
0,S-M#0,M/M (Driver B),120.0,77.882,995.176,25.413,6.381
0,S-M#0,M/M (Driver B),120.0,126.702,404.653,3.649,10.381
0,S-M#0,M/M (Driver B),120.0,151.191,1175.78,14.159,11.858
0,S-M#0,M/M (Driver B),120.0,68.237,1175.456,20.195,5.438
0,S-M#0,M/M (Driver B),120.0,86.967,1062.149,23.983,7.19
0,S-M#0,M/M (Driver B),120.0,116.967,1693.097,35.653,9.813
0,S-M#0,M/M (Driver B),120.0,157.025,1740.597,40.685,13.431
0,S-M#0,M/M (Driver B),120.0,71.488,1409.645,41.535,6.318
0,S-M#0,M/M (Driver B),120.0,113.318,1420.168,35.959,10.905
0,S-M#0,M/M (Driver B),120.0,137.369,590.205,30.887,14.98
0,S-M#0,M/M (Driver B),120.0,111.592,431.844,31.523,13.622
0,S-M#0,M/M (Driver B),120.0,52.153,372.247,37.709,7.108
0,S-M#0,M/M (Driver B),120.0,40.369,442.271,46.715,5.26
0,S-M#0,M/M (Driver B),120.0,72.135,898.306,56.044,9.473
0,S-M#0,M/M (Driver B),120.0,71.016,1014.998,73.714,9.887
0,S-M#0,M/M (Driver B),120.0,68.496,651.591,72.564,10.424
0,S-M#0,M/M (Driver B),120.0,56.327,890.317,57.66,8.333
0,S-M#0,M/M (Driver B),120.0,39.997,430.959,56.499,6.101
0,S-M#0,M/M (Driver B),120.0,24.062,416.401,62.068,3.726
0,S-M#0,M/M (Driver B),120.0,48.982,876.859,67.22,7.573
0,S-M#0,M/M (Driver B),120.0,96.192,475.949,64.411,13.401
0,S-M#0,M/M (Driver B),120.0,1065.25,585.353,1171.385,130.651
0,S-M#0,M/M (Driver B),120.0,153.323,1093.631,86.086,17.799
0,S-M#0,M/M (Driver B),120.0,154.815,565.654,52.544,17.271
0,S-M#0,M/M (Driver B),120.0,12.027,1128.164,70.894,1.385
0,S-M#0,M/M (Driver B),120.0,59.524,678.196,51.135,7.378
0,S-M#0,M/M (Driver B),120.0,30.133,444.101,49.836,3.856
0,S-M#0,M/M (Driver B),120.0,91.256,613.389,27.479,10.719
0,S-M#0,M/M (Driver B),120.0,80.318,499.327,34.792,9.367
0,S-M#0,M/M (Driver B),120.0,122.814,554.452,54.62,13.898
0,S-M#0,M/M (Driver B),120.0,135.04,504.249,56.768,15.345
0,S-M#0,M/M (Driver B),120.0,131.429,565.216,15.31,14.978
0,S-M#0,M/M (Driver B),120.0,131.198,455.514,38.583,15.463
0,S-M#0,M/M (Driver B),120.0,172.964,410.827,45.013,20.873
0,S-M#0,M/M (Driver B),120.0,133.793,301.782,34.208,16.171
0,S-M#0,M/M (Driver B),120.0,88.522,255.057,10.777,10.481
0,S-M#0,M/M (Driver B),120.0,439.797,194.707,449.915,50.705
0,S-M#0,M/M (Driver B),120.0,71.626,139.931,6.34,7.971
0,S-M#0,M/M (Driver B),120.0,58.81,142.395,15.59,6.881
0,S-M#0,M/M (Driver B),120.0,17.817,242.641,21.522,2.054
0,S-M#0,M/M (Driver B),120.0,31.902,144.535,36.674,3.536
0,S-M#0,M/M (Driver B),120.0,43.901,123.488,35.852,5.114
0,S-M#0,M/M (Driver B),120.0,58.649,185.403,33.432,7.596
0,S-M#0,M/M (Driver B),120.0,68.433,61.887,40.705,9.946
0,S-M#0,M/M (Driver B),120.0,46.823,798.723,30.272,7.197
0,S-M#0,M/M (Driver B),120.0,15.761,605.69,29.279,2.286
0,S-M#0,M/M (Driver B),120.0,131.053,832.482,19.108,19.017
0,S-M#0,M/M (Driver B),120.0,89.437,506.118,31.441,11.895
0,S-M#0,M/M (Driver B),120.0,84.83,989.832,30.513,10.101
0,S-M#0,M/M (Driver B),120.0,40.075,683.419,55.225,4.485
0,S-M#0,M/M (Driver B),120.0,15.792,969.387,51.489,1.618
0,S-M#0,M/M (Driver B),120.0,88.247,1604.908,46.561,8.688
0,S-M#0,M/M (Driver B),120.0,220.506,1845.442,68.599,20.771
0,S-M#0,M/M (Driver B),120.0,246.917,1115.166,80.891,21.478
0,S-M#0,M/M (Driver B),120.0,316.722,1247.118,99.777,24.73
0,S-M#0,M/M (Driver B),120.0,1278.13,1380.355,1088.984,89.983
0,S-M#0,M/M (Driver B),120.0,398.25,773.789,139.5,26.187
0,S-M#0,M/M (Driver B),120.0,306.133,174.285,89.498,21.494
0,S-M#0,M/M (Driver B),120.0,345.446,218.186,78.424,25.846
0,S-M#0,M/M (Driver B),120.0,403.544,779.741,94.698,33.876
0,S-M#0,M/M (Driver B),120.0,291.74,442.693,90.826,27.653
0,S-M#0,M/M (Driver B),120.0,188.131,325.662,69.769,19.668
0,S-M#0,M/M (Driver B),120.0,131.702,519.955,44.315,15.223
0,S-M#0,M/M (Driver B),120.0,54.3,1145.999,10.776,7.465
0,S-M#0,M/M (Driver B),120.0,53.314,1263.87,0.788,8.305
0,S-M#0,M/M (Driver B),120.0,21.299,1344.309,1.235,3.984
0,S-M#0,M/M (Driver B),120.0,38.297,1493.998,1.556,9.496
0,S-M#0,M/M (Driver B),120.0,21.482,1319.162,5.911,6.968
0,S-M#0,M/M (Driver B),120.0,8.681,1000.81,17.867,4.432
0,S-M#0,M/M (Driver B),120.0,23.346,201.61,31.051,10.581
0,S-M#0,M/M (Driver B),120.0,36.474,231.492,33.881,11.315
0,S-M#0,M/M (Driver B),120.0,36.311,199.499,28.098,8.822
0,S-M#0,M/M (Driver B),120.0,41.265,198.006,27.998,9.86
0,S-M#0,M/M (Driver B),120.0,45.467,198.053,27.853,10.865
0,S-M#0,M/M (Driver B),120.0,49.48,197.599,27.572,11.833
0,S-M#0,M/M (Driver B),120.0,96.742,305.118,36.81,19.483
0,S-M#0,M/M (Driver B),120.0,76.518,749.509,4.839,12.616
0,S-M#0,M/M (Driver B),120.0,86.448,569.611,19.691,11.57
0,S-M#0,M/M (Driver B),120.0,203.227,769.059,64.693,22.015
0,S-M#0,M/M (Driver B),120.0,225.56,1354.859,6.1,21.482
0,S-M#0,M/M (Driver B),120.0,95.39,1070.058,179.514,7.939
0,S-M#0,M/M (Driver B),120.0,92.157,459.651,59.122,6.999
0,S-M#0,M/M (Driver B),120.0,134.029,1831.797,62.545,10.238
0,S-M#0,M/M (Driver B),120.0,296.411,1473.041,111.388,22.111
0,S-M#0,M/M (Driver B),120.0,361.105,1414.339,134.348,24.213
0,S-M#0,M/M (Driver B),120.0,419.583,1564.086,181.564,25.3
0,S-M#0,M/M (Driver B),120.0,447.556,1765.33,235.596,24.5
0,S-M#0,M/M (Driver B),120.0,274.608,2455.797,289.257,14.367
0,S-M#0,M/M (Driver B),120.0,267.366,2321.973,350.267,14.054
0,S-M#0,M/M (Driver B),120.0,282.473,2273.344,404.23,14.929
0,S-M#0,M/M (Driver B),120.0,307.938,2268.98,426.744,16.552
0,S-M#1,M/M (Driver B),10.0,12.303,5.811,3.206,18.718
0,S-M#1,M/M (Driver B),10.0,72.596,45.282,9.705,73.862
0,S-M#1,M/M (Driver B),10.0,27.963,45.033,2.555,21.093
0,S-M#1,M/M (Driver B),10.0,7.511,35.631,3.733,5.014
0,S-M#1,M/M (Driver B),10.0,3.503,26.663,3.75,2.518
0,S-M#1,M/M (Driver B),10.0,2.18,15.216,4.494,2.2
0,S-M#1,M/M (Driver B),10.0,7.088,145.96,2.333,5.048
0,S-M#1,M/M (Driver B),10.0,48.689,43.171,4.331,22.225
0,S-M#1,M/M (Driver B),10.0,40.198,22.853,2.669,16.101
0,S-M#1,M/M (Driver B),10.0,12.573,21.023,3.31,5.996
0,S-M#1,M/M (Driver B),10.0,3.766,18.923,1.873,2.183
0,S-M#1,M/M (Driver B),10.0,10.628,42.443,1.379,10.258
0,S-M#1,M/M (Driver B),10.0,19.742,55.409,2.992,10.315
0,S-M#1,M/M (Driver B),10.0,16.769,4.773,2.003,7.245
0,S-M#1,M/M (Driver B),10.0,5.646,45.16,4.973,2.972
0,S-M#1,M/M (Driver B),10.0,15.048,114.294,5.248,11.069
0,S-M#1,M/M (Driver B),10.0,37.067,101.879,2.079,26.122
0,S-M#1,M/M (Driver B),10.0,44.079,150.638,8.443,29.717
0,S-M#1,M/M (Driver B),10.0,20.578,81.892,3.495,12.526
0,S-M#1,M/M (Driver B),10.0,0.812,11.98,3.035,0.476
0,S-M#1,M/M (Driver B),10.0,8.189,14.137,3.563,4.853
0,S-M#1,M/M (Driver B),10.0,32.677,58.335,4.308,25.982
0,S-M#1,M/M (Driver B),10.0,18.859,14.176,4.78,18.933
0,S-M#1,M/M (Driver B),10.0,22.154,39.841,4.696,12.302
0,S-M#1,M/M (Driver B),10.0,15.919,13.032,4.868,7.336
0,S-M#1,M/M (Driver B),10.0,20.781,25.363,3.903,10.656
0,S-M#1,M/M (Driver B),10.0,24.397,101.076,5.379,18.761
0,S-M#1,M/M (Driver B),10.0,13.187,133.354,0.698,11.232
0,S-M#1,M/M (Driver B),10.0,31.467,146.257,2.739,18.773
0,S-M#1,M/M (Driver B),10.0,25.577,99.693,4.681,12.616
0,S-M#1,M/M (Driver B),10.0,17.264,48.244,0.99,8.3
0,S-M#1,M/M (Driver B),10.0,13.978,34.35,1.426,7.503
0,S-M#1,M/M (Driver B),10.0,5.81,24.677,1.098,3.298
0,S-M#1,M/M (Driver B),10.0,29.876,18.933,1.996,21.771
0,S-M#1,M/M (Driver B),10.0,26.375,52.745,1.438,163.008
0,S-M#1,M/M (Driver B),10.0,1.097,1.702,0.534,48.211
0,S-M#1,M/M (Driver B),10.0,6.941,51.844,1.473,10.386
0,S-M#1,M/M (Driver B),10.0,16.253,135.824,0.672,15.231
0,S-M#1,M/M (Driver B),10.0,2.591,81.009,1.165,2.425
0,S-M#1,M/M (Driver B),10.0,37.696,84.344,4.763,41.101
0,S-M#1,M/M (Driver B),10.0,7.142,33.063,0.162,5.74
0,S-M#1,M/M (Driver B),10.0,6.712,58.29,0.697,4.736
0,S-M#1,M/M (Driver B),10.0,6.65,16.149,1.826,5.166
0,S-M#1,M/M (Driver B),10.0,21.723,53.849,3.108,18.216
0,S-M#1,M/M (Driver B),10.0,27.757,43.751,3.364,57.7
0,S-M#1,M/M (Driver B),10.0,12.086,33.745,1.537,98.41
0,S-M#1,M/M (Driver B),10.0,26.607,37.801,29.534,60.1
0,S-M#1,M/M (Driver B),10.0,11.622,66.826,0.482,11.528
0,S-M#1,M/M (Driver B),10.0,24.185,5.327,0.178,20.305
0,S-M#1,M/M (Driver B),10.0,7.208,113.342,1.521,6.284
0,S-M#1,M/M (Driver B),10.0,7.937,22.242,1.289,7.653
0,S-M#1,M/M (Driver B),10.0,17.86,58.558,1.129,18.268
0,S-M#1,M/M (Driver B),10.0,8.551,49.323,0.995,6.845
0,S-M#1,M/M (Driver B),10.0,27.782,26.095,3.117,25.079
0,S-M#1,M/M (Driver B),10.0,3.651,13.528,1.959,3.818
0,S-M#1,M/M (Driver B),10.0,9.131,5.473,1.239,9.63
0,S-M#1,M/M (Driver B),10.0,3.288,3.717,1.152,3.636
0,S-M#1,M/M (Driver B),10.0,10.44,6.325,1.137,17.771
0,S-M#1,M/M (Driver B),10.0,15.499,18.21,4.223,32.94
0,S-M#1,M/M (Driver B),10.0,2.545,9.239,1.141,70.495
0,S-M#1,M/M (Driver B),10.0,4.662,27.357,2.158,15.487
0,S-M#1,M/M (Driver B),10.0,15.382,11.198,0.724,27.886
0,S-M#1,M/M (Driver B),10.0,8.612,5.62,0.332,10.147
0,S-M#1,M/M (Driver B),10.0,13.274,2.639,1.04,13.067
0,S-M#1,M/M (Driver B),10.0,30.555,28.075,0.691,50.399
0,S-M#1,M/M (Driver B),10.0,11.855,62.332,0.361,20.242
0,S-M#1,M/M (Driver B),10.0,9.347,85.257,2.554,13.664
0,S-M#1,M/M (Driver B),10.0,1.916,36.933,1.481,1.8
0,S-M#1,M/M (Driver B),10.0,16.081,15.048,1.401,13.34
0,S-M#1,M/M (Driver B),10.0,7.027,4.116,0.631,6.246
0,S-M#1,M/M (Driver B),10.0,6.073,2.485,0.437,4.863
0,S-M#1,M/M (Driver B),10.0,8.881,25.433,1.406,6.762
0,S-M#1,M/M (Driver B),10.0,8.776,23.937,0.795,8.812
0,S-M#1,M/M (Driver B),10.0,7.396,1.981,0.527,6.964
0,S-M#1,M/M (Driver B),10.0,3.32,4.288,0.519,3.065
0,S-M#1,M/M (Driver B),10.0,14.683,16.817,1.732,14.39
0,S-M#1,M/M (Driver B),10.0,15.174,64.238,2.963,13.345
0,S-M#1,M/M (Driver B),10.0,10.519,41.127,1.085,8.069
0,S-M#1,M/M (Driver B),10.0,49.265,47.424,1.657,57.045
0,S-M#1,M/M (Driver B),10.0,0.545,9.977,0.489,20.522
0,S-M#1,M/M (Driver B),10.0,3.853,10.507,1.294,35.831
0,S-M#1,M/M (Driver B),10.0,9.909,30.265,2.41,8.423
0,S-M#1,M/M (Driver B),10.0,19.053,11.278,1.856,13.235
0,S-M#1,M/M (Driver B),10.0,7.302,10.297,2.138,5.01
0,S-M#1,M/M (Driver B),10.0,9.872,6.451,0.282,6.995
0,S-M#1,M/M (Driver B),10.0,9.431,7.367,3.198,6.105
0,S-M#1,M/M (Driver B),10.0,10.712,6.045,3.136,6.671
0,S-M#1,M/M (Driver B),10.0,3.158,16.629,3.789,2.12
0,S-M#1,M/M (Driver B),10.0,29.904,36.669,2.553,31.407
0,S-M#1,M/M (Driver B),10.0,10.582,34.51,2.441,13.403
0,S-M#1,M/M (Driver B),10.0,26.117,59.689,2.595,23.019
0,S-M#1,M/M (Driver B),10.0,15.475,10.161,2.091,12.175
0,S-M#1,M/M (Driver B),10.0,5.849,9.518,2.795,4.521
0,S-M#1,M/M (Driver B),10.0,10.33,15.157,2.477,8.351
0,S-M#1,M/M (Driver B),10.0,13.84,140.833,0.921,12.411
0,S-M#1,M/M (Driver B),10.0,16.995,177.194,4.348,15.518
0,S-M#1,M/M (Driver B),10.0,10.558,43.687,1.169,9.074
0,S-M#1,M/M (Driver B),10.0,28.2,17.754,3.139,22.506
0,S-M#1,M/M (Driver B),10.0,21.515,37.241,5.156,17.24
0,S-M#1,M/M (Driver B),10.0,7.728,3.226,5.466,6.327
0,S-M#1,M/M (Driver B),10.0,2.629,5.901,3.776,2.143
0,S-M#1,M/M (Driver B),10.0,3.965,10.304,3.98,3.205
0,S-M#1,M/M (Driver B),10.0,11.909,7.342,1.441,10.81
0,S-M#1,M/M (Driver B),10.0,22.366,39.08,2.582,38.025
0,S-M#1,M/M (Driver B),10.0,24.682,37.362,0.832,102.558
0,S-M#1,M/M (Driver B),10.0,15.441,32.961,0.425,20.585
0,S-M#1,M/M (Driver B),10.0,22.107,5.464,1.764,19.731
0,S-M#1,M/M (Driver B),10.0,24.277,11.825,0.719,22.134
0,S-M#1,M/M (Driver B),10.0,2.044,48.598,1.051,1.858
0,S-M#1,M/M (Driver B),10.0,23.609,24.69,1.691,28.421
0,S-M#1,M/M (Driver B),10.0,5.725,22.965,0.77,81.879
0,S-M#1,M/M (Driver B),10.0,1.756,1.303,0.462,116.403
0,S-M#1,M/M (Driver B),10.0,6.416,38.557,1.53,8.877
0,S-M#1,M/M (Driver B),10.0,3.206,9.933,1.232,3.383
0,S-M#1,M/M (Driver B),10.0,13.223,1.856,0.191,13.953
0,S-M#1,M/M (Driver B),10.0,5.061,5.677,1.119,4.818
0,S-M#1,M/M (Driver B),10.0,4.125,74.493,0.372,3.77
0,S-M#1,M/M (Driver B),10.0,35.308,44.794,1.633,62.066
0,S-M#1,M/M (Driver B),10.0,0.504,6.699,0.906,27.005
0,S-M#1,M/M (Driver B),10.0,1.184,54.736,2.897,1.395
0,S-M#1,M/M (Driver B),10.0,18.783,52.685,1.617,18.5
0,S-M#1,M/M (Driver B),10.0,7.384,89.173,1.595,9.527
0,S-M#1,M/M (Driver B),10.0,16.842,8.856,1.393,21.284
0,S-M#1,M/M (Driver B),10.0,3.629,2.425,0.508,4.53
0,S-M#1,M/M (Driver B),10.0,4.221,67.1,1.077,6.757
0,S-M#1,M/M (Driver B),10.0,4.373,11.054,1.787,5.89
0,S-M#1,M/M (Driver B),10.0,3.516,3.094,0.904,4.881
0,S-M#1,M/M (Driver B),10.0,16.842,4.725,0.404,19.317
0,S-M#1,M/M (Driver B),10.0,4.281,10.829,1.382,4.999
0,S-M#1,M/M (Driver B),10.0,5.247,22.416,3.718,8.948
0,S-M#1,M/M (Driver B),10.0,2.273,25.275,1.945,19.525
0,S-M#1,M/M (Driver B),10.0,19.965,8.593,8.183,190.279
0,S-M#1,M/M (Driver B),10.0,25.787,64.716,10.763,33.344
0,S-M#1,M/M (Driver B),10.0,4.621,12.501,3.196,4.997
0,S-M#1,M/M (Driver B),10.0,7.855,73.679,1.048,12.875
0,S-M#1,M/M (Driver B),10.0,2.878,9.879,3.381,18.398
0,S-M#1,M/M (Driver B),10.0,9.174,108.039,3.413,10.22
0,S-M#1,M/M (Driver B),10.0,37.114,69.983,2.22,34.212
0,S-M#1,M/M (Driver B),10.0,37.531,19.066,1.018,52.276
0,S-M#1,M/M (Driver B),10.0,17.581,31.745,5.526,15.959
0,S-M#1,M/M (Driver B),10.0,37.163,50.852,1.85,38.774
0,S-M#1,M/M (Driver B),10.0,14.849,25.876,1.461,159.995
0,S-M#1,M/M (Driver B),10.0,22.122,40.168,6.731,43.467
0,S-M#1,M/M (Driver B),10.0,18.834,32.519,1.543,21.74
0,S-M#1,M/M (Driver B),10.0,13.942,35.472,0.742,12.538
0,S-M#1,M/M (Driver B),10.0,7.264,52.173,1.496,16.582
0,S-M#1,M/M (Driver B),10.0,4.179,13.252,0.253,15.374
0,S-M#1,M/M (Driver B),10.0,7.821,27.441,0.864,28.74
0,S-M#1,M/M (Driver B),10.0,18.486,159.493,4.519,13.403
0,S-M#1,M/M (Driver B),10.0,12.653,1.796,0.452,8.344
0,S-M#1,M/M (Driver B),10.0,25.311,12.481,0.57,14.717
0,S-M#1,M/M (Driver B),10.0,15.085,11.06,0.472,8.074
0,S-M#1,M/M (Driver B),10.0,15.435,21.188,1.403,8.088
0,S-M#1,M/M (Driver B),10.0,26.03,23.481,1.374,13.21
0,S-M#1,M/M (Driver B),10.0,6.953,8.241,0.83,3.768
0,S-M#1,M/M (Driver B),10.0,5.701,5.715,0.595,3.375
0,S-M#1,M/M (Driver B),10.0,5.107,15.161,0.407,3.347
0,S-M#1,M/M (Driver B),10.0,31.647,50.018,0.921,31.62
0,S-M#1,M/M (Driver B),10.0,13.977,145.259,0.402,11.965
0,S-M#1,M/M (Driver B),10.0,19.519,28.014,1.512,12.826
0,S-M#1,M/M (Driver B),10.0,15.767,25.263,1.565,10.036
0,S-M#1,M/M (Driver B),10.0,18.515,8.005,1.303,11.805
0,S-M#1,M/M (Driver B),10.0,12.684,22.527,1.958,9.375
0,S-M#1,M/M (Driver B),10.0,20.137,38.477,2.163,19.214
0,S-M#1,M/M (Driver B),10.0,13.18,23.478,0.855,177.038
0,S-M#1,M/M (Driver B),10.0,4.002,29.886,1.97,13.52
0,S-M#1,M/M (Driver B),10.0,5.053,13.697,0.272,6.228
0,S-M#1,M/M (Driver B),10.0,3.278,81.301,0.656,2.601
0,S-M#1,M/M (Driver B),10.0,0.433,20.16,1.607,0.304
0,S-M#1,M/M (Driver B),10.0,31.643,29.151,0.749,34.368
0,S-M#1,M/M (Driver B),10.0,65.528,20.919,0.662,163.288
0,S-M#1,M/M (Driver B),10.0,3.198,2.018,0.051,23.05
0,S-M#1,M/M (Driver B),10.0,1.133,14.545,0.883,4.019
0,S-M#1,M/M (Driver B),10.0,50.155,10.408,0.296,132.149
0,S-M#1,M/M (Driver B),10.0,28.167,9.563,0.299,132.978
0,S-M#1,M/M (Driver B),10.0,1.021,5.342,0.18,34.896
0,S-M#1,M/M (Driver B),10.0,12.852,31.759,2.322,40.795
0,S-M#1,M/M (Driver B),10.0,68.59,8.575,0.427,113.552
0,S-M#1,M/M (Driver B),10.0,43.21,12.619,0.97,93.865
0,S-M#1,M/M (Driver B),10.0,5.035,15.613,0.473,84.17
0,S-M#1,M/M (Driver B),10.0,3.822,24.779,0.787,15.571
0,S-M#1,M/M (Driver B),10.0,15.856,14.501,0.795,33.85
0,S-M#1,M/M (Driver B),10.0,0.663,0.869,0.678,51.224
0,S-M#1,M/M (Driver B),10.0,3.324,3.174,0.393,47.148
0,S-M#1,M/M (Driver B),10.0,24.261,24.309,2.503,65.851
0,S-M#1,M/M (Driver B),10.0,14.937,38.758,1.053,18.666
0,S-M#1,M/M (Driver B),10.0,12.995,52.649,1.269,10.444
0,S-M#1,M/M (Driver B),10.0,9.897,45.629,2.422,6.236
0,S-M#1,M/M (Driver B),10.0,8.238,85.892,3.227,4.765
0,S-M#1,M/M (Driver B),10.0,32.199,66.401,1.465,34.554
0,S-M#1,M/M (Driver B),10.0,11.344,127.621,2.204,11.251
0,S-M#1,M/M (Driver B),10.0,27.146,27.874,1.984,14.19
0,S-M#1,M/M (Driver B),10.0,8.161,7.388,1.045,4.098
0,S-M#1,M/M (Driver B),10.0,54.287,76.027,2.079,60.82
0,S-M#1,M/M (Driver B),10.0,2.709,7.396,0.439,142.595
0,S-M#1,M/M (Driver B),10.0,7.777,20.431,1.139,39.296
0,S-M#1,M/M (Driver B),10.0,16.756,41.291,1.671,12.709
0,S-M#1,M/M (Driver B),10.0,10.697,51.087,1.861,6.103
0,S-M#1,M/M (Driver B),10.0,35.947,45.557,2.992,24.868
0,S-M#1,M/M (Driver B),10.0,37.243,44.116,3.719,59.358
0,S-M#1,M/M (Driver B),10.0,5.899,45.056,2.525,13.27
0,S-M#1,M/M (Driver B),10.0,12.076,127.08,1.659,13.997
0,S-M#1,M/M (Driver B),10.0,1.625,19.764,1.074,32.983
0,S-M#1,M/M (Driver B),10.0,1.691,11.51,0.663,14.784
0,S-M#1,M/M (Driver B),10.0,0.306,33.658,1.84,0.303
0,S-M#1,M/M (Driver B),10.0,29.482,5.803,0.448,25.196
0,S-M#1,M/M (Driver B),10.0,19.078,27.526,1.058,22.834
0,S-M#1,M/M (Driver B),10.0,22.646,32.448,1.526,29.44
0,S-M#1,M/M (Driver B),10.0,15.222,11.655,2.654,25.214
0,S-M#1,M/M (Driver B),10.0,9.323,86.444,2.417,15.743
0,S-M#1,M/M (Driver B),10.0,18.969,74.123,2.225,25.544
0,S-M#1,M/M (Driver B),10.0,4.066,3.573,0.788,10.828
0,S-M#1,M/M (Driver B),10.0,21.704,71.901,0.463,23.523
0,S-M#1,M/M (Driver B),10.0,32.796,19.734,1.047,37.896
0,S-M#1,M/M (Driver B),10.0,0.689,16.466,0.579,16.952
0,S-M#1,M/M (Driver B),10.0,10.984,45.153,4.2,24.526
0,S-M#1,M/M (Driver B),10.0,0.847,92.883,1.665,0.96
0,S-M#1,M/M (Driver B),10.0,10.656,9.989,0.535,26.459
0,S-M#1,M/M (Driver B),10.0,15.326,34.395,2.271,13.073
0,S-M#1,M/M (Driver B),10.0,6.008,11.85,0.709,4.423
0,S-M#1,M/M (Driver B),10.0,2.054,23.065,1.519,1.312
0,S-M#1,M/M (Driver B),10.0,5.24,2.183,0.45,3.428
0,S-M#1,M/M (Driver B),10.0,14.338,15.246,1.109,10.231
0,S-M#1,M/M (Driver B),10.0,3.538,39.844,1.063,32.082
0,S-M#1,M/M (Driver B),10.0,5.664,38.363,1.151,11.981
0,S-M#1,M/M (Driver B),10.0,24.181,6.492,0.359,23.484
0,S-M#1,M/M (Driver B),10.0,54.441,4.956,2.061,53.536
0,S-M#1,M/M (Driver B),10.0,30.129,4.702,0.628,28.147
0,S-M#1,M/M (Driver B),10.0,23.467,8.228,0.219,23.923
0,S-M#1,M/M (Driver B),10.0,8.428,49.189,3.329,6.971
0,S-M#1,M/M (Driver B),10.0,19.433,48.148,2.881,14.468
0,S-M#1,M/M (Driver B),10.0,29.706,83.387,2.436,25.038
0,S-M#1,M/M (Driver B),10.0,18.416,48.124,1.329,38.474
0,S-M#1,M/M (Driver B),10.0,5.131,20.207,2.192,24.133
0,S-M#1,M/M (Driver B),10.0,11.123,34.689,3.079,10.222
0,S-M#1,M/M (Driver B),10.0,3.933,33.643,2.334,3.244
0,S-M#1,M/M (Driver B),10.0,7.172,31.408,1.87,6.001
0,S-M#1,M/M (Driver B),10.0,6.936,40.359,2.707,5.37
0,S-M#1,M/M (Driver B),10.0,10.644,58.686,0.534,8.593
0,S-M#1,M/M (Driver B),10.0,22.05,44.782,2.821,39.818
0,S-M#1,M/M (Driver B),10.0,15.189,67.963,2.246,11.197
0,S-M#1,M/M (Driver B),10.0,10.263,96.24,5.155,6.55
0,S-M#1,M/M (Driver B),10.0,13.436,60.064,7.039,9.198
0,S-M#1,M/M (Driver B),10.0,41.059,53.163,3.962,68.418
0,S-M#1,M/M (Driver B),10.0,4.826,108.607,6.912,5.077
0,S-M#1,M/M (Driver B),10.0,14.96,19.368,1.135,12.189
0,S-M#1,M/M (Driver B),10.0,13.208,32.047,1.718,11.076
0,S-M#1,M/M (Driver B),10.0,6.93,5.822,1.988,5.096
0,S-M#1,M/M (Driver B),10.0,5.479,6.153,1.514,4.311
0,S-M#1,M/M (Driver B),10.0,2.884,7.245,2.082,2.267
0,S-M#1,M/M (Driver B),10.0,33.725,20.875,1.896,28.041
0,S-M#1,M/M (Driver B),10.0,21.169,44.086,1.168,51.106
0,S-M#1,M/M (Driver B),10.0,14.889,111.103,1.429,16.915
0,S-M#1,M/M (Driver B),10.0,43.408,44.17,2.25,54.441
0,S-M#1,M/M (Driver B),10.0,0.506,3.083,0.152,14.574
0,S-M#1,M/M (Driver B),10.0,6.015,42.729,1.755,6.037
0,S-M#1,M/M (Driver B),10.0,13.513,7.825,1.361,10.453
0,S-M#1,M/M (Driver B),10.0,4.789,67.311,5.288,3.653
0,S-M#1,M/M (Driver B),10.0,21.406,69.435,3.601,18.192
0,S-M#1,M/M (Driver B),10.0,2.906,175.085,2.009,2.437
0,S-M#1,M/M (Driver B),10.0,20.318,104.614,2.179,17.041
0,S-M#1,M/M (Driver B),10.0,37.883,71.213,12.11,28.414
0,S-M#1,M/M (Driver B),10.0,7.139,12.066,1.556,5.772
0,S-M#1,M/M (Driver B),10.0,14.931,52.667,0.694,44.332
0,S-M#1,M/M (Driver B),10.0,5.564,23.696,3.24,24.046
0,S-M#1,M/M (Driver B),10.0,9.805,18.886,0.494,9.263
0,S-M#1,M/M (Driver B),10.0,2.75,10.718,1.228,4.482
0,S-M#1,M/M (Driver B),10.0,9.577,119.137,1.355,10.42
0,S-M#1,M/M (Driver B),10.0,13.679,33.8,0.588,11.803
0,S-M#1,M/M (Driver B),10.0,13.634,9.036,0.455,10.924
0,S-M#1,M/M (Driver B),10.0,12.219,52.957,2.416,9.381
0,S-M#1,M/M (Driver B),10.0,3.356,38.035,0.668,2.822
0,S-M#1,M/M (Driver B),10.0,10.688,5.762,0.396,9.269
0,S-M#1,M/M (Driver B),10.0,12.099,23.238,0.653,12.422
0,S-M#1,M/M (Driver B),10.0,5.591,25.261,2.945,5.899
0,S-M#1,M/M (Driver B),10.0,18.823,80.152,2.297,16.411
0,S-M#1,M/M (Driver B),10.0,30.559,13.246,1.318,29.904
0,S-M#1,M/M (Driver B),10.0,14.945,20.089,0.312,13.661
0,S-M#1,M/M (Driver B),10.0,11.286,34.774,0.309,9.684
0,S-M#1,M/M (Driver B),10.0,5.38,106.786,2.705,4.386
0,S-M#1,M/M (Driver B),10.0,15.696,32.662,5.14,20.246
0,S-M#1,M/M (Driver B),10.0,4.105,18.987,2.759,3.753
0,S-M#1,M/M (Driver B),10.0,12.21,78.134,0.399,11.683
0,S-M#1,M/M (Driver B),10.0,32.389,33.287,2.317,29.439
0,S-M#1,M/M (Driver B),10.0,29.771,53.12,1.49,50.449
0,S-M#1,M/M (Driver B),10.0,3.226,51.141,1.14,5.109
0,S-M#1,M/M (Driver B),10.0,23.286,7.659,2.458,21.384
0,S-M#1,M/M (Driver B),10.0,20.952,70.8,0.447,19.831
0,S-M#1,M/M (Driver B),10.0,6.712,55.756,3.103,7.19
0,S-M#1,M/M (Driver B),10.0,19.289,7.665,0.419,17.478
0,S-M#1,M/M (Driver B),10.0,16.535,8.135,2.033,14.972
0,S-M#1,M/M (Driver B),10.0,7.988,44.303,1.59,7.67
0,S-M#1,M/M (Driver B),10.0,7.385,7.25,1.141,8.543
0,S-M#1,M/M (Driver B),10.0,6.44,18.001,1.087,7.083
0,S-M#1,M/M (Driver B),10.0,10.697,4.243,0.938,11.754
0,S-M#1,M/M (Driver B),10.0,5.527,28.959,1.215,5.32
0,S-M#1,M/M (Driver B),10.0,15.813,89.652,3.382,18.908
0,S-M#1,M/M (Driver B),10.0,35.952,4.813,1.039,40.261
0,S-M#1,M/M (Driver B),10.0,3.067,11.389,1.624,3.026
0,S-M#1,M/M (Driver B),10.0,1.315,10.865,0.713,1.157
0,S-M#1,M/M (Driver B),10.0,22.242,1.817,0.191,18.84
0,S-M#1,M/M (Driver B),10.0,7.578,1.353,1.557,6.512
0,S-M#1,M/M (Driver B),10.0,5.873,2.538,0.977,4.926
0,S-M#1,M/M (Driver B),10.0,5.535,18.632,1.283,4.797
0,S-M#1,M/M (Driver B),10.0,26.942,29.913,0.099,24.208
0,S-M#1,M/M (Driver B),10.0,11.436,42.333,1.818,10.486
0,S-M#1,M/M (Driver B),10.0,3.14,6.043,0.156,2.967
0,S-M#1,M/M (Driver B),10.0,7.408,6.431,0.991,7.024
0,S-M#1,M/M (Driver B),10.0,5.422,11.746,0.246,4.67
0,S-M#1,M/M (Driver B),10.0,25.773,34.262,1.245,36.6
0,S-M#1,M/M (Driver B),10.0,0.049,9.047,0.314,2.134
0,S-M#1,M/M (Driver B),10.0,10.666,54.33,3.318,15.472
0,S-M#1,M/M (Driver B),10.0,7.338,17.834,1.058,7.449
0,S-M#1,M/M (Driver B),10.0,1.092,2.659,0.054,0.937
0,S-M#1,M/M (Driver B),10.0,11.22,29.889,1.47,12.046
0,S-M#1,M/M (Driver B),10.0,0.831,100.951,0.292,0.946
0,S-M#1,M/M (Driver B),10.0,25.473,115.423,2.726,23.602
0,S-M#1,M/M (Driver B),10.0,23.18,24.642,1.686,32.108
0,S-M#1,M/M (Driver B),10.0,11.861,123.052,2.045,16.177
0,S-M#1,M/M (Driver B),10.0,3.31,12.904,0.833,3.817
0,S-M#1,M/M (Driver B),10.0,16.485,15.441,1.034,17.902
0,S-M#1,M/M (Driver B),10.0,5.795,7.508,0.668,6.223
0,S-M#1,M/M (Driver B),10.0,8.067,27.788,0.181,11.093
0,S-M#1,M/M (Driver B),10.0,6.017,2.62,1.881,9.945
0,S-M#1,M/M (Driver B),10.0,0.743,13.217,0.482,1.012
0,S-M#1,M/M (Driver B),10.0,12.581,4.702,1.319,13.899
0,S-M#1,M/M (Driver B),10.0,10.849,2.534,0.97,11.936
0,S-M#1,M/M (Driver B),10.0,18.381,0.964,0.896,17.858
0,S-M#1,M/M (Driver B),10.0,26.004,21.495,1.955,30.693
0,S-M#1,M/M (Driver B),10.0,36.29,41.984,1.565,33.598
0,S-M#1,M/M (Driver B),10.0,7.552,73.647,3.412,5.286
0,S-M#1,M/M (Driver B),10.0,21.197,9.937,2.658,14.006
0,S-M#1,M/M (Driver B),10.0,7.786,13.614,1.459,5.127
0,S-M#1,M/M (Driver B),10.0,16.761,23.008,0.989,11.87
0,S-M#1,M/M (Driver B),10.0,17.99,41.811,3.419,12.473
0,S-M#1,M/M (Driver B),10.0,9.92,4.458,1.491,6.688
0,S-M#1,M/M (Driver B),10.0,2.653,0.043,2.187,2.003
0,S-M#1,M/M (Driver B),10.0,10.607,15.494,0.58,8.226
0,S-M#1,M/M (Driver B),10.0,5.727,24.386,1.699,4.902
0,S-M#1,M/M (Driver B),10.0,2.819,13.198,0.841,2.371
0,S-M#1,M/M (Driver B),10.0,14.21,49.591,4.55,11.067
0,S-M#1,M/M (Driver B),10.0,2.625,62.492,0.462,2.196
0,S-M#1,M/M (Driver B),10.0,8.704,26.939,1.483,7.455
0,S-M#1,M/M (Driver B),10.0,11.05,17.523,1.77,10.38
0,S-M#1,M/M (Driver B),10.0,15.199,20.641,1.551,14.15
0,S-M#1,M/M (Driver B),10.0,12.655,19.89,0.546,11.397
0,S-M#1,M/M (Driver B),10.0,16.055,1.039,0.66,17.743
0,S-M#1,M/M (Driver B),10.0,4.541,28.584,1.538,4.341
0,S-M#1,M/M (Driver B),10.0,11.847,42.68,1.969,10.473
0,S-M#1,M/M (Driver B),10.0,1.669,44.865,1.378,2.297
0,S-M#1,M/M (Driver B),10.0,13.432,35.607,2.587,21.799
0,S-M#1,M/M (Driver B),10.0,5.273,85.692,0.624,6.465
0,S-M#1,M/M (Driver B),10.0,8.563,25.495,1.705,7.758
0,S-M#1,M/M (Driver B),10.0,16.256,60.235,3.474,10.233
0,S-M#1,M/M (Driver B),10.0,6.669,7.758,4.618,3.913
0,S-M#1,M/M (Driver B),10.0,15.157,4.951,4.828,8.312
0,S-M#1,M/M (Driver B),10.0,11.58,45.872,0.166,6.385
0,S-M#1,M/M (Driver B),10.0,6.504,17.732,1.998,3.379
0,S-M#1,M/M (Driver B),10.0,9.859,2.464,0.48,5.145
0,S-M#1,M/M (Driver B),10.0,2.889,42.879,2.08,1.511
0,S-M#1,M/M (Driver B),10.0,16.871,9.566,2.793,8.845
0,S-M#1,M/M (Driver B),10.0,10.31,2.83,0.447,5.399
0,S-M#1,M/M (Driver B),10.0,4.143,7.052,3.395,2.124
0,S-M#1,M/M (Driver B),10.0,12.534,4.67,0.638,6.151
0,S-M#1,M/M (Driver B),10.0,34.357,16.548,5.03,17.003
0,S-M#1,M/M (Driver B),10.0,5.183,6.438,1.753,2.659
0,S-M#1,M/M (Driver B),10.0,49.675,59.818,1.894,58.233
0,S-M#1,M/M (Driver B),10.0,32.972,94.077,2.896,36.648
0,S-M#1,M/M (Driver B),10.0,30.572,13.444,2.991,14.397
0,S-M#1,M/M (Driver B),10.0,15.566,2.624,3.493,7.33
0,S-M#1,M/M (Driver B),10.0,7.838,3.229,3.656,3.671
0,S-M#1,M/M (Driver B),10.0,2.729,3.176,3.592,1.279
0,S-M#1,M/M (Driver B),10.0,28.458,22.54,5.102,13.346
0,S-M#1,M/M (Driver B),10.0,7.65,10.345,0.94,3.593
0,S-M#1,M/M (Driver B),10.0,9.654,11.077,5.365,4.551
0,S-M#1,M/M (Driver B),10.0,30.484,7.229,4.91,14.284
0,S-M#1,M/M (Driver B),10.0,32.254,59.409,7.018,15.073
0,S-M#1,M/M (Driver B),10.0,24.888,88.248,7.182,11.724
0,S-M#1,M/M (Driver B),10.0,5.068,18.276,5.206,2.745
0,S-M#1,M/M (Driver B),10.0,5.21,123.13,1.1,3.369
0,S-M#1,M/M (Driver B),10.0,53.115,31.517,3.319,47.744
0,S-M#1,M/M (Driver B),10.0,9.083,30.082,0.807,107.278
0,S-M#1,M/M (Driver B),10.0,12.769,55.957,1.603,19.533
0,S-M#1,M/M (Driver B),10.0,26.145,16.151,1.342,19.76
0,S-M#1,M/M (Driver B),10.0,23.411,151.893,8.716,19.203
0,S-M#1,M/M (Driver B),10.0,2.929,20.068,3.043,1.925
0,S-M#1,M/M (Driver B),10.0,14.65,51.826,1.457,9.465
0,S-M#1,M/M (Driver B),10.0,20.08,6.367,2.52,12.918
0,S-M#1,M/M (Driver B),10.0,16.132,23.729,3.556,10.165
0,S-M#1,M/M (Driver B),10.0,5.388,41.888,3.63,3.279
0,S-M#1,M/M (Driver B),10.0,9.839,58.038,1.564,5.875
0,S-M#1,M/M (Driver B),10.0,14.765,13.181,1.893,8.483
0,S-M#1,M/M (Driver B),10.0,7.194,27.754,2.95,4.15
0,S-M#1,M/M (Driver B),10.0,12.539,73.995,5.3,7.302
0,S-M#1,M/M (Driver B),10.0,18.454,17.051,1.119,11.97
0,S-M#1,M/M (Driver B),10.0,13.257,44.275,2.98,9.413
0,S-M#1,M/M (Driver B),10.0,21.892,4.438,3.256,14.209
0,S-M#1,M/M (Driver B),10.0,13.01,5.785,1.317,8.377
0,S-M#1,M/M (Driver B),10.0,32.259,14.029,4.218,20.554
0,S-M#1,M/M (Driver B),10.0,23.701,9.299,2.532,14.103
0,S-M#1,M/M (Driver B),10.0,5.814,8.736,2.558,3.422
0,S-M#1,M/M (Driver B),10.0,7.91,9.678,2.64,5.615
0,S-M#1,M/M (Driver B),10.0,3.024,19.879,3.341,2.196
0,S-M#1,M/M (Driver B),10.0,20.673,10.091,2.356,14.173
0,S-M#1,M/M (Driver B),10.0,17.817,4.237,2.263,12.196
0,S-M#1,M/M (Driver B),10.0,4.056,2.996,2.258,2.9
0,S-M#1,M/M (Driver B),10.0,3.155,1.237,2.364,2.277
0,S-M#1,M/M (Driver B),10.0,1.778,35.667,2.561,1.384
0,S-M#1,M/M (Driver B),10.0,11.712,70.736,0.266,9.524
0,S-M#1,M/M (Driver B),10.0,8.255,22.113,2.312,7.685
0,S-M#1,M/M (Driver B),10.0,18.805,62.035,2.758,18.963
0,S-M#1,M/M (Driver B),10.0,1.531,12.709,1.881,1.681
0,S-M#1,M/M (Driver B),10.0,4.65,7.354,0.957,4.928
0,S-M#1,M/M (Driver B),10.0,7.775,13.729,0.854,9.247
0,S-M#1,M/M (Driver B),10.0,1.383,18.251,1.39,1.69
0,S-M#1,M/M (Driver B),10.0,3.21,32.58,0.261,3.702
0,S-M#1,M/M (Driver B),10.0,11.685,14.026,0.996,12.991
0,S-M#1,M/M (Driver B),10.0,14.306,19.381,0.389,17.422
0,S-M#1,M/M (Driver B),10.0,12.829,15.411,1.145,15.027
0,S-M#1,M/M (Driver B),10.0,8.005,29.592,2.103,10.867
0,S-M#1,M/M (Driver B),10.0,8.396,39.973,1.265,8.429
0,S-M#1,M/M (Driver B),10.0,39.048,27.303,2.327,48.914
0,S-M#1,M/M (Driver B),10.0,0.439,26.815,0.756,1.306
0,S-M#1,M/M (Driver B),10.0,33.397,13.376,1.016,51.887
0,S-M#1,M/M (Driver B),10.0,14.885,147.106,1.452,15.297
0,S-M#1,M/M (Driver B),10.0,20.806,19.832,1.084,16.468
0,S-M#1,M/M (Driver B),10.0,16.107,47.62,0.296,12.537
0,S-M#1,M/M (Driver B),10.0,18.333,34.725,1.213,17.576
0,S-M#1,M/M (Driver B),10.0,32.857,16.506,1.042,44.604
0,S-M#1,M/M (Driver B),10.0,10.595,19.891,0.514,153.931
0,S-M#1,M/M (Driver B),10.0,4.552,33.388,4.631,13.773
0,S-M#1,M/M (Driver B),10.0,12.599,22.441,0.821,29.172
0,S-M#1,M/M (Driver B),10.0,0.505,10.623,0.807,4.749
0,S-M#1,M/M (Driver B),10.0,25.446,3.458,0.266,48.712
0,S-M#1,M/M (Driver B),10.0,5.855,66.313,2.437,8.596
0,S-M#1,M/M (Driver B),10.0,4.538,42.046,1.389,4.375
0,S-M#1,M/M (Driver B),10.0,12.852,42.534,5.129,11.177
0,S-M#1,M/M (Driver B),10.0,8.597,49.453,0.444,7.535
0,S-M#1,M/M (Driver B),10.0,8.449,88.541,2.263,7.564
0,S-M#1,M/M (Driver B),10.0,18.399,27.581,0.307,17.938
0,S-M#1,M/M (Driver B),10.0,18.471,4.026,0.116,18.118
0,S-M#1,M/M (Driver B),10.0,5.796,5.768,0.906,5.317
0,S-M#1,M/M (Driver B),10.0,12.661,3.9,0.209,11.684
0,S-M#1,M/M (Driver B),10.0,24.213,26.985,1.087,31.412
0,S-M#1,M/M (Driver B),10.0,0.445,7.257,0.742,25.759
0,S-M#1,M/M (Driver B),10.0,3.446,44.974,1.434,7.283
0,S-M#1,M/M (Driver B),10.0,27.117,64.244,1.629,19.32
0,S-M#1,M/M (Driver B),10.0,19.657,63.114,2.276,9.825
0,S-M#1,M/M (Driver B),10.0,9.569,5.286,0.337,4.574
0,S-M#1,M/M (Driver B),10.0,5.443,17.926,0.652,2.792
0,S-M#1,M/M (Driver B),10.0,33.804,76.627,1.987,28.667
0,S-M#1,M/M (Driver B),10.0,2.14,126.562,2.381,1.51
0,S-M#1,M/M (Driver B),10.0,11.485,21.793,1.033,6.016
0,S-M#1,M/M (Driver B),10.0,28.759,2.892,0.79,13.501
0,S-M#1,M/M (Driver B),10.0,36.228,2.487,1.002,16.913
0,S-M#1,M/M (Driver B),10.0,21.874,24.805,1.181,10.307
0,S-M#1,M/M (Driver B),10.0,33.04,3.8,4.042,15.387
0,S-M#1,M/M (Driver B),10.0,28.923,33.041,1.017,13.749
0,S-M#1,M/M (Driver B),10.0,3.739,17.293,1.077,2.225
0,S-M#1,M/M (Driver B),10.0,17.364,31.359,1.066,16.606
0,S-M#1,M/M (Driver B),10.0,5.024,36.094,1.981,7.433
0,S-M#1,M/M (Driver B),10.0,6.837,148.317,1.502,6.439
0,S-M#1,M/M (Driver B),10.0,26.509,14.778,1.159,24.141
0,S-M#1,M/M (Driver B),10.0,48.244,33.056,1.171,53.12
0,S-M#1,M/M (Driver B),10.0,0.255,14.461,0.487,7.517
0,S-M#1,M/M (Driver B),10.0,1.51,9.349,0.611,16.618
0,S-M#1,M/M (Driver B),10.0,24.521,11.636,1.743,29.201
0,S-M#1,M/M (Driver B),10.0,7.694,64.785,1.255,7.344
0,S-M#1,M/M (Driver B),10.0,5.295,71.081,2.156,3.998
0,S-M#1,M/M (Driver B),10.0,22.348,17.001,1.883,16.773
0,S-M#1,M/M (Driver B),10.0,35.699,70.948,1.453,31.979
0,S-M#1,M/M (Driver B),10.0,43.302,141.865,2.477,57.823
0,S-M#1,M/M (Driver B),10.0,8.376,53.156,2.472,6.356
0,S-M#1,M/M (Driver B),10.0,12.468,201.078,6.199,8.84
0,S-M#1,M/M (Driver B),10.0,24.031,16.14,1.795,13.765
0,S-M#1,M/M (Driver B),10.0,9.232,192.626,2.796,5.669
0,S-M#1,M/M (Driver B),10.0,2.069,34.642,2.115,1.208
0,S-M#1,M/M (Driver B),10.0,17.663,95.7,2.302,9.592
0,S-M#1,M/M (Driver B),10.0,19.604,89.928,6.88,11.025
0,S-M#1,M/M (Driver B),10.0,6.839,2.523,2.032,3.974
0,S-M#1,M/M (Driver B),10.0,33.038,150.125,54.648,17.422
0,S-M#1,M/M (Driver B),10.0,30.183,14.908,5.407,19.766
0,S-M#1,M/M (Driver B),10.0,5.496,8.144,1.36,3.477
0,S-M#1,M/M (Driver B),10.0,6.54,81.004,2.514,4.062
0,S-M#1,M/M (Driver B),10.0,18.432,58.715,17.426,11.302
0,S-M#1,M/M (Driver B),10.0,55.704,69.213,3.361,65.601
0,S-M#1,M/M (Driver B),10.0,37.949,70.639,0.522,48.764
0,S-M#1,M/M (Driver B),10.0,27.097,4.151,2.727,26.273
0,S-M#1,M/M (Driver B),10.0,14.485,26.292,2.684,17.052
0,S-M#1,M/M (Driver B),10.0,1.084,10.526,0.889,32.899
0,S-M#1,M/M (Driver B),10.0,12.466,57.741,3.505,21.04
0,S-M#1,M/M (Driver B),10.0,23.237,3.251,2.296,18.101
0,S-M#1,M/M (Driver B),10.0,2.389,16.203,1.476,1.888
0,S-M#1,M/M (Driver B),10.0,9.744,47.158,2.803,10.078
0,S-M#1,M/M (Driver B),10.0,38.05,92.31,0.461,34.789
0,S-M#1,M/M (Driver B),10.0,11.625,50.361,1.148,44.88
0,S-M#1,M/M (Driver B),10.0,0.624,4.303,0.162,13.736
0,S-M#1,M/M (Driver B),10.0,13.961,68.37,1.427,23.13
0,S-M#1,M/M (Driver B),10.0,13.453,80.793,1.738,24.854
0,S-M#1,M/M (Driver B),10.0,12.785,31.535,2.065,41.288
0,S-M#1,M/M (Driver B),10.0,10.552,36.983,0.785,63.997
0,S-M#1,M/M (Driver B),10.0,1.259,2.5,0.208,42.769
0,S-M#1,M/M (Driver B),30.0,296.946,303.441,2.194,99.501
0,S-M#1,M/M (Driver B),30.0,335.769,227.719,9.593,87.582
0,S-M#1,M/M (Driver B),30.0,28.135,367.804,25.477,6.628
0,S-M#1,M/M (Driver B),30.0,9.915,183.954,24.0,2.538
0,S-M#1,M/M (Driver B),30.0,56.71,233.969,8.462,14.892
0,S-M#1,M/M (Driver B),30.0,86.81,500.322,23.087,18.814
0,S-M#1,M/M (Driver B),30.0,145.376,511.588,19.309,23.689
0,S-M#1,M/M (Driver B),30.0,194.251,162.092,30.491,28.421
0,S-M#1,M/M (Driver B),30.0,112.249,189.03,20.871,17.648
0,S-M#1,M/M (Driver B),30.0,45.323,199.886,15.126,9.266
0,S-M#1,M/M (Driver B),30.0,2.482,93.387,15.799,0.528
0,S-M#1,M/M (Driver B),30.0,74.18,251.406,22.655,13.995
0,S-M#1,M/M (Driver B),30.0,89.631,198.416,22.886,14.52
0,S-M#1,M/M (Driver B),30.0,37.273,121.159,19.114,6.642
0,S-M#1,M/M (Driver B),30.0,39.036,93.626,12.326,8.293
0,S-M#1,M/M (Driver B),30.0,83.244,101.255,2.461,19.402
0,S-M#1,M/M (Driver B),30.0,227.228,203.341,2.714,49.647
0,S-M#1,M/M (Driver B),30.0,180.986,402.234,6.089,37.205
0,S-M#1,M/M (Driver B),30.0,40.834,286.454,29.603,8.054
0,S-M#1,M/M (Driver B),30.0,41.554,73.491,27.857,8.872
0,S-M#1,M/M (Driver B),30.0,63.521,66.951,14.757,16.015
0,S-M#1,M/M (Driver B),30.0,81.714,75.024,16.781,20.038
0,S-M#1,M/M (Driver B),30.0,127.266,398.932,27.027,25.441
0,S-M#1,M/M (Driver B),30.0,111.611,171.341,41.45,18.714
0,S-M#1,M/M (Driver B),30.0,30.094,82.147,34.229,5.513
0,S-M#1,M/M (Driver B),30.0,21.249,41.685,7.756,4.772
0,S-M#1,M/M (Driver B),30.0,44.217,36.606,16.227,10.594
0,S-M#1,M/M (Driver B),30.0,85.762,347.941,13.118,17.46
0,S-M#1,M/M (Driver B),30.0,54.991,442.695,18.233,9.438
0,S-M#1,M/M (Driver B),30.0,86.444,588.732,29.662,14.382
0,S-M#1,M/M (Driver B),30.0,71.874,349.42,15.231,12.516
0,S-M#1,M/M (Driver B),30.0,82.196,194.845,15.864,16.337
0,S-M#1,M/M (Driver B),30.0,118.203,225.763,6.857,35.596
0,S-M#1,M/M (Driver B),30.0,112.679,317.069,3.906,72.847
0,S-M#1,M/M (Driver B),30.0,38.604,187.782,2.025,204.799
0,S-M#1,M/M (Driver B),30.0,14.36,65.495,12.442,20.605
0,S-M#1,M/M (Driver B),30.0,40.526,155.803,24.209,22.898
0,S-M#1,M/M (Driver B),30.0,33.266,138.3,5.256,11.781
0,S-M#1,M/M (Driver B),30.0,57.79,469.3,7.62,18.799
0,S-M#1,M/M (Driver B),30.0,40.206,204.661,13.98,12.364
0,S-M#1,M/M (Driver B),30.0,32.064,293.505,18.963,8.898
0,S-M#1,M/M (Driver B),30.0,23.691,236.364,8.678,5.958
0,S-M#1,M/M (Driver B),30.0,66.177,84.25,13.259,16.865
0,S-M#1,M/M (Driver B),30.0,77.456,57.975,12.032,25.965
0,S-M#1,M/M (Driver B),30.0,49.272,126.663,5.016,27.209
0,S-M#1,M/M (Driver B),30.0,58.83,178.726,2.846,95.61
0,S-M#1,M/M (Driver B),30.0,18.174,94.951,4.862,31.795
0,S-M#1,M/M (Driver B),30.0,108.164,130.73,98.179,73.798
0,S-M#1,M/M (Driver B),30.0,230.185,245.195,189.189,86.45
0,S-M#1,M/M (Driver B),30.0,70.932,306.099,5.736,21.049
0,S-M#1,M/M (Driver B),30.0,46.466,314.824,6.315,13.675
0,S-M#1,M/M (Driver B),30.0,65.308,473.976,10.682,20.554
0,S-M#1,M/M (Driver B),30.0,50.944,137.818,8.672,15.523
0,S-M#1,M/M (Driver B),30.0,27.677,202.776,3.048,8.239
0,S-M#1,M/M (Driver B),30.0,66.571,322.168,6.226,19.971
0,S-M#1,M/M (Driver B),30.0,51.951,127.005,4.085,17.138
0,S-M#1,M/M (Driver B),30.0,22.75,51.369,9.325,8.044
0,S-M#1,M/M (Driver B),30.0,25.321,45.255,7.862,10.309
0,S-M#1,M/M (Driver B),30.0,41.704,84.339,8.932,21.111
0,S-M#1,M/M (Driver B),30.0,34.871,89.105,6.013,31.654
0,S-M#1,M/M (Driver B),30.0,34.051,111.577,3.782,42.071
0,S-M#1,M/M (Driver B),30.0,73.803,53.102,1.007,82.623
0,S-M#1,M/M (Driver B),30.0,70.858,163.158,13.327,41.341
0,S-M#1,M/M (Driver B),30.0,47.618,111.306,1.426,19.558
0,S-M#1,M/M (Driver B),30.0,106.638,23.983,3.544,42.811
0,S-M#1,M/M (Driver B),30.0,90.129,104.42,3.405,40.556
0,S-M#1,M/M (Driver B),30.0,28.734,196.675,4.527,15.222
0,S-M#1,M/M (Driver B),30.0,34.412,239.822,7.467,14.646
0,S-M#1,M/M (Driver B),30.0,58.498,437.537,7.997,19.661
0,S-M#1,M/M (Driver B),30.0,53.054,124.478,3.168,15.517
0,S-M#1,M/M (Driver B),30.0,73.655,78.41,5.366,20.441
0,S-M#1,M/M (Driver B),30.0,53.964,36.752,2.133,14.533
0,S-M#1,M/M (Driver B),30.0,41.348,61.552,1.417,11.536
0,S-M#1,M/M (Driver B),30.0,60.899,153.231,4.509,17.943
0,S-M#1,M/M (Driver B),30.0,43.369,75.249,0.989,13.716
0,S-M#1,M/M (Driver B),30.0,17.852,13.549,7.325,5.604
0,S-M#1,M/M (Driver B),30.0,43.917,119.696,9.054,13.464
0,S-M#1,M/M (Driver B),30.0,66.832,228.065,13.331,19.182
0,S-M#1,M/M (Driver B),30.0,139.638,142.248,8.782,41.944
0,S-M#1,M/M (Driver B),30.0,108.081,152.479,2.743,48.919
0,S-M#1,M/M (Driver B),30.0,83.392,312.338,2.449,92.953
0,S-M#1,M/M (Driver B),30.0,7.348,34.444,1.389,200.568
0,S-M#1,M/M (Driver B),30.0,4.84,0.886,1.09,263.529
0,S-M#1,M/M (Driver B),30.0,4.879,10.275,2.668,40.321
0,S-M#1,M/M (Driver B),30.0,3.107,128.948,6.745,2.391
0,S-M#1,M/M (Driver B),30.0,67.091,274.482,32.01,24.446
0,S-M#1,M/M (Driver B),30.0,95.661,135.975,2.004,23.319
0,S-M#1,M/M (Driver B),30.0,67.608,74.788,17.644,15.587
0,S-M#1,M/M (Driver B),30.0,85.464,47.131,19.168,19.238
0,S-M#1,M/M (Driver B),30.0,90.244,26.339,15.235,19.65
0,S-M#1,M/M (Driver B),30.0,55.716,49.421,27.218,11.924
0,S-M#1,M/M (Driver B),30.0,46.687,102.936,25.05,11.45
0,S-M#1,M/M (Driver B),30.0,72.337,151.573,21.222,22.241
0,S-M#1,M/M (Driver B),30.0,74.306,123.06,21.067,25.71
0,S-M#1,M/M (Driver B),30.0,47.055,358.792,25.77,14.634
0,S-M#1,M/M (Driver B),30.0,24.574,221.256,24.494,6.597
0,S-M#1,M/M (Driver B),30.0,41.065,41.97,21.56,10.729
0,S-M#1,M/M (Driver B),30.0,48.98,184.352,15.098,13.348
0,S-M#1,M/M (Driver B),30.0,53.213,201.23,13.101,15.337
0,S-M#1,M/M (Driver B),30.0,75.585,33.389,14.249,22.258
0,S-M#1,M/M (Driver B),30.0,114.27,644.944,22.975,32.315
0,S-M#1,M/M (Driver B),30.0,79.626,313.913,20.361,21.571
0,S-M#1,M/M (Driver B),30.0,68.502,245.298,25.638,18.285
0,S-M#1,M/M (Driver B),30.0,50.658,164.292,29.666,13.616
0,S-M#1,M/M (Driver B),30.0,13.535,9.32,19.325,3.648
0,S-M#1,M/M (Driver B),30.0,34.247,2.416,13.698,9.538
0,S-M#1,M/M (Driver B),30.0,70.137,109.514,9.621,23.785
0,S-M#1,M/M (Driver B),30.0,61.992,155.778,5.302,31.875
0,S-M#1,M/M (Driver B),30.0,86.137,309.954,4.332,54.303
0,S-M#1,M/M (Driver B),30.0,125.199,177.708,3.255,58.926
0,S-M#1,M/M (Driver B),30.0,144.125,176.119,1.87,48.206
0,S-M#1,M/M (Driver B),30.0,96.523,122.011,5.092,28.894
0,S-M#1,M/M (Driver B),30.0,67.483,215.236,3.758,22.127
0,S-M#1,M/M (Driver B),30.0,59.313,182.088,3.604,29.422
0,S-M#1,M/M (Driver B),30.0,59.422,231.536,2.268,64.618
0,S-M#1,M/M (Driver B),30.0,17.467,8.741,1.057,21.573
0,S-M#1,M/M (Driver B),30.0,10.334,169.1,6.896,6.092
0,S-M#1,M/M (Driver B),30.0,35.899,166.91,7.912,13.615
0,S-M#1,M/M (Driver B),30.0,50.897,35.432,4.506,17.163
0,S-M#1,M/M (Driver B),30.0,41.458,96.696,3.017,13.319
0,S-M#1,M/M (Driver B),30.0,72.817,139.339,5.201,26.627
0,S-M#1,M/M (Driver B),30.0,72.031,229.695,3.467,42.535
0,S-M#1,M/M (Driver B),30.0,57.264,240.899,2.808,96.197
0,S-M#1,M/M (Driver B),30.0,16.999,58.894,3.241,19.437
0,S-M#1,M/M (Driver B),30.0,38.239,155.006,12.996,20.316
0,S-M#1,M/M (Driver B),30.0,57.965,188.364,5.334,21.806
0,S-M#1,M/M (Driver B),30.0,78.701,206.825,4.05,30.291
0,S-M#1,M/M (Driver B),30.0,60.776,227.759,5.38,25.488
0,S-M#1,M/M (Driver B),30.0,38.594,47.54,4.266,17.292
0,S-M#1,M/M (Driver B),30.0,14.58,224.435,0.118,6.687
0,S-M#1,M/M (Driver B),30.0,15.228,366.189,0.993,7.245
0,S-M#1,M/M (Driver B),30.0,59.091,43.801,5.736,25.126
0,S-M#1,M/M (Driver B),30.0,50.486,22.488,1.569,20.484
0,S-M#1,M/M (Driver B),30.0,61.5,34.712,3.884,26.388
0,S-M#1,M/M (Driver B),30.0,42.709,75.882,5.651,27.2
0,S-M#1,M/M (Driver B),30.0,45.159,155.158,1.182,55.685
0,S-M#1,M/M (Driver B),30.0,25.689,12.461,18.937,25.73
0,S-M#1,M/M (Driver B),30.0,169.113,176.848,159.653,93.17
0,S-M#1,M/M (Driver B),30.0,19.029,224.708,17.832,8.182
0,S-M#1,M/M (Driver B),30.0,22.478,193.57,3.755,13.215
0,S-M#1,M/M (Driver B),30.0,20.046,206.755,3.727,11.995
0,S-M#1,M/M (Driver B),30.0,39.155,181.626,12.457,18.159
0,S-M#1,M/M (Driver B),30.0,129.035,438.474,5.512,47.42
0,S-M#1,M/M (Driver B),30.0,143.963,203.896,1.289,49.276
0,S-M#1,M/M (Driver B),30.0,116.463,56.045,4.252,41.623
0,S-M#1,M/M (Driver B),30.0,110.646,45.541,7.217,50.986
0,S-M#1,M/M (Driver B),30.0,133.3,283.666,5.707,85.14
0,S-M#1,M/M (Driver B),30.0,91.495,91.57,4.508,61.964
0,S-M#1,M/M (Driver B),30.0,126.327,226.818,35.589,50.418
0,S-M#1,M/M (Driver B),30.0,92.23,9.912,4.638,37.832
0,S-M#1,M/M (Driver B),30.0,61.671,197.617,1.376,33.609
0,S-M#1,M/M (Driver B),30.0,40.778,197.953,1.467,41.256
0,S-M#1,M/M (Driver B),30.0,50.967,163.659,3.616,26.32
0,S-M#1,M/M (Driver B),30.0,61.102,393.66,3.302,19.14
0,S-M#1,M/M (Driver B),30.0,29.069,547.238,8.545,6.256
0,S-M#1,M/M (Driver B),30.0,77.674,60.638,4.982,15.115
0,S-M#1,M/M (Driver B),30.0,102.079,77.189,2.242,18.446
0,S-M#1,M/M (Driver B),30.0,100.58,52.935,6.224,17.384
0,S-M#1,M/M (Driver B),30.0,85.713,153.672,13.1,14.872
0,S-M#1,M/M (Driver B),30.0,66.186,113.545,9.203,11.942
0,S-M#1,M/M (Driver B),30.0,41.891,71.199,0.749,8.222
0,S-M#1,M/M (Driver B),30.0,36.593,101.266,2.562,8.617
0,S-M#1,M/M (Driver B),30.0,50.429,115.06,2.626,13.558
0,S-M#1,M/M (Driver B),30.0,99.393,59.882,7.633,26.753
0,S-M#1,M/M (Driver B),30.0,60.825,495.57,10.379,14.176
0,S-M#1,M/M (Driver B),30.0,79.558,186.982,14.038,16.954
0,S-M#1,M/M (Driver B),30.0,77.822,140.374,14.462,17.204
0,S-M#1,M/M (Driver B),30.0,72.685,136.409,12.621,18.181
0,S-M#1,M/M (Driver B),30.0,97.456,241.91,7.914,39.091
0,S-M#1,M/M (Driver B),30.0,67.128,299.008,3.277,59.396
0,S-M#1,M/M (Driver B),30.0,19.019,84.852,1.616,233.403
0,S-M#1,M/M (Driver B),30.0,8.506,29.423,3.201,28.104
0,S-M#1,M/M (Driver B),30.0,27.715,107.298,9.033,24.813
0,S-M#1,M/M (Driver B),30.0,31.102,230.047,17.294,13.049
0,S-M#1,M/M (Driver B),30.0,9.173,155.422,3.704,2.606
0,S-M#1,M/M (Driver B),30.0,47.263,370.709,8.504,13.009
0,S-M#1,M/M (Driver B),30.0,212.8,203.688,5.868,76.947
0,S-M#1,M/M (Driver B),30.0,197.851,219.407,1.718,134.738
0,S-M#1,M/M (Driver B),30.0,91.163,100.484,0.917,110.577
0,S-M#1,M/M (Driver B),30.0,103.179,45.021,1.821,127.922
0,S-M#1,M/M (Driver B),30.0,169.945,45.791,0.53,192.847
0,S-M#1,M/M (Driver B),30.0,130.897,83.713,1.097,209.606
0,S-M#1,M/M (Driver B),30.0,37.195,67.842,0.455,151.306
0,S-M#1,M/M (Driver B),30.0,23.08,10.781,1.335,66.275
0,S-M#1,M/M (Driver B),30.0,180.957,92.863,7.41,194.743
0,S-M#1,M/M (Driver B),30.0,273.797,138.234,11.645,196.764
0,S-M#1,M/M (Driver B),30.0,204.877,91.599,1.732,180.892
0,S-M#1,M/M (Driver B),30.0,69.786,96.513,1.443,90.839
0,S-M#1,M/M (Driver B),30.0,37.54,14.031,0.546,48.155
0,S-M#1,M/M (Driver B),30.0,33.645,71.848,0.815,45.918
0,S-M#1,M/M (Driver B),30.0,25.485,129.371,1.166,46.127
0,S-M#1,M/M (Driver B),30.0,14.771,43.602,3.244,32.641
0,S-M#1,M/M (Driver B),30.0,37.967,96.384,2.64,30.552
0,S-M#1,M/M (Driver B),30.0,59.363,196.767,14.673,24.459
0,S-M#1,M/M (Driver B),30.0,24.645,253.511,0.633,6.738
0,S-M#1,M/M (Driver B),30.0,43.303,153.014,12.175,9.427
0,S-M#1,M/M (Driver B),30.0,68.862,357.729,15.317,16.086
0,S-M#1,M/M (Driver B),30.0,68.816,321.986,12.224,18.639
0,S-M#1,M/M (Driver B),30.0,55.511,211.35,8.91,14.319
0,S-M#1,M/M (Driver B),30.0,74.715,674.825,10.848,15.097
0,S-M#1,M/M (Driver B),30.0,71.627,24.927,6.223,14.816
0,S-M#1,M/M (Driver B),30.0,99.881,344.893,2.715,34.183
0,S-M#1,M/M (Driver B),30.0,80.62,385.406,2.012,87.741
0,S-M#1,M/M (Driver B),30.0,2.439,5.027,1.09,10.97
0,S-M#1,M/M (Driver B),30.0,13.875,154.192,2.49,9.069
0,S-M#1,M/M (Driver B),30.0,29.732,328.78,4.296,9.023
0,S-M#1,M/M (Driver B),30.0,100.08,268.207,3.066,21.99
0,S-M#1,M/M (Driver B),30.0,143.529,376.492,9.568,37.245
0,S-M#1,M/M (Driver B),30.0,126.251,308.811,7.283,49.928
0,S-M#1,M/M (Driver B),30.0,76.982,128.95,2.643,39.607
0,S-M#1,M/M (Driver B),30.0,41.719,110.88,7.421,30.465
0,S-M#1,M/M (Driver B),30.0,41.478,308.457,2.907,45.05
0,S-M#1,M/M (Driver B),30.0,1.874,57.197,1.343,11.135
0,S-M#1,M/M (Driver B),30.0,8.919,109.784,6.127,7.864
0,S-M#1,M/M (Driver B),30.0,35.242,224.05,14.115,15.244
0,S-M#1,M/M (Driver B),30.0,112.202,80.009,3.451,36.95
0,S-M#1,M/M (Driver B),30.0,125.232,170.167,2.822,44.812
0,S-M#1,M/M (Driver B),30.0,58.483,186.667,3.3,26.29
0,S-M#1,M/M (Driver B),30.0,34.77,16.969,4.288,17.589
0,S-M#1,M/M (Driver B),30.0,20.944,146.481,3.005,10.737
0,S-M#1,M/M (Driver B),30.0,42.381,51.242,3.085,24.596
0,S-M#1,M/M (Driver B),30.0,61.824,254.052,4.55,30.089
0,S-M#1,M/M (Driver B),30.0,87.209,94.844,2.08,39.962
0,S-M#1,M/M (Driver B),30.0,110.267,252.647,1.825,59.835
0,S-M#1,M/M (Driver B),30.0,48.244,194.509,1.905,35.54
0,S-M#1,M/M (Driver B),30.0,12.324,64.18,1.326,8.93
0,S-M#1,M/M (Driver B),30.0,29.486,145.372,13.809,16.863
0,S-M#1,M/M (Driver B),30.0,47.566,434.138,1.583,19.248
0,S-M#1,M/M (Driver B),30.0,26.337,163.49,7.879,8.91
0,S-M#1,M/M (Driver B),30.0,13.139,160.949,14.45,3.184
0,S-M#1,M/M (Driver B),30.0,33.303,115.106,10.05,7.428
0,S-M#1,M/M (Driver B),30.0,35.831,96.172,4.666,7.915
0,S-M#1,M/M (Driver B),30.0,51.762,156.068,2.153,16.895
0,S-M#1,M/M (Driver B),30.0,48.531,315.232,2.144,31.898
0,S-M#1,M/M (Driver B),30.0,8.907,140.725,1.39,77.084
0,S-M#1,M/M (Driver B),30.0,5.793,37.87,1.275,12.118
0,S-M#1,M/M (Driver B),30.0,31.5,135.997,7.837,20.788
0,S-M#1,M/M (Driver B),30.0,159.502,238.953,14.792,62.814
0,S-M#1,M/M (Driver B),30.0,258.382,6.967,0.959,82.346
0,S-M#1,M/M (Driver B),30.0,222.978,35.558,7.96,72.162
0,S-M#1,M/M (Driver B),30.0,91.159,100.71,5.573,27.779
0,S-M#1,M/M (Driver B),30.0,51.92,273.286,9.781,14.599
0,S-M#1,M/M (Driver B),30.0,92.671,420.627,17.633,24.611
0,S-M#1,M/M (Driver B),30.0,119.517,334.846,9.625,39.419
0,S-M#1,M/M (Driver B),30.0,76.427,342.109,4.472,45.566
0,S-M#1,M/M (Driver B),30.0,37.947,220.066,2.858,54.731
0,S-M#1,M/M (Driver B),30.0,33.796,130.134,2.903,25.766
0,S-M#1,M/M (Driver B),30.0,48.34,252.313,7.719,19.075
0,S-M#1,M/M (Driver B),30.0,40.262,232.922,15.979,11.436
0,S-M#1,M/M (Driver B),30.0,20.447,293.994,18.153,5.491
0,S-M#1,M/M (Driver B),30.0,23.572,157.795,14.214,6.285
0,S-M#1,M/M (Driver B),30.0,63.311,73.092,6.547,20.377
0,S-M#1,M/M (Driver B),30.0,91.883,373.071,3.356,28.997
0,S-M#1,M/M (Driver B),30.0,71.276,294.487,10.751,20.347
0,S-M#1,M/M (Driver B),30.0,57.528,522.808,26.115,13.03
0,S-M#1,M/M (Driver B),30.0,96.754,517.955,18.387,26.472
0,S-M#1,M/M (Driver B),30.0,106.881,104.57,18.105,35.313
0,S-M#1,M/M (Driver B),30.0,104.421,432.311,7.103,37.368
0,S-M#1,M/M (Driver B),30.0,85.331,385.838,34.945,25.137
0,S-M#1,M/M (Driver B),30.0,113.906,180.189,6.237,29.942
0,S-M#1,M/M (Driver B),30.0,87.166,136.149,0.783,22.637
0,S-M#1,M/M (Driver B),30.0,42.001,49.78,13.183,10.691
0,S-M#1,M/M (Driver B),30.0,83.246,34.438,12.304,22.073
0,S-M#1,M/M (Driver B),30.0,109.228,93.402,8.665,37.506
0,S-M#1,M/M (Driver B),30.0,100.246,161.013,6.051,39.92
0,S-M#1,M/M (Driver B),30.0,84.712,267.113,10.621,40.184
0,S-M#1,M/M (Driver B),30.0,66.432,291.361,2.443,39.233
0,S-M#1,M/M (Driver B),30.0,64.846,275.953,2.678,77.591
0,S-M#1,M/M (Driver B),30.0,17.122,103.206,8.072,16.482
0,S-M#1,M/M (Driver B),30.0,34.376,234.246,15.573,14.686
0,S-M#1,M/M (Driver B),30.0,27.501,189.15,15.309,7.585
0,S-M#1,M/M (Driver B),30.0,32.018,74.46,2.534,8.413
0,S-M#1,M/M (Driver B),30.0,39.042,255.892,4.775,10.539
0,S-M#1,M/M (Driver B),30.0,12.036,36.018,7.014,3.357
0,S-M#1,M/M (Driver B),30.0,74.821,403.648,5.976,19.991
0,S-M#1,M/M (Driver B),30.0,90.95,91.567,14.323,24.006
0,S-M#1,M/M (Driver B),30.0,99.162,329.808,22.851,33.844
0,S-M#1,M/M (Driver B),30.0,52.393,217.375,4.867,28.858
0,S-M#1,M/M (Driver B),30.0,81.155,98.434,10.435,49.619
0,S-M#1,M/M (Driver B),30.0,71.298,191.464,2.776,37.132
0,S-M#1,M/M (Driver B),30.0,62.178,179.439,1.594,23.856
0,S-M#1,M/M (Driver B),30.0,65.578,321.902,6.062,24.209
0,S-M#1,M/M (Driver B),30.0,99.006,455.872,6.789,29.565
0,S-M#1,M/M (Driver B),30.0,67.09,66.051,7.638,17.965
0,S-M#1,M/M (Driver B),30.0,42.545,218.106,9.752,11.299
0,S-M#1,M/M (Driver B),30.0,48.737,295.555,13.906,13.282
0,S-M#1,M/M (Driver B),30.0,31.553,208.649,7.965,9.45
0,S-M#1,M/M (Driver B),30.0,41.009,89.197,5.918,13.255
0,S-M#1,M/M (Driver B),30.0,68.059,284.124,12.633,22.038
0,S-M#1,M/M (Driver B),30.0,96.359,235.026,16.096,30.691
0,S-M#1,M/M (Driver B),30.0,130.098,259.358,13.716,39.612
0,S-M#1,M/M (Driver B),30.0,114.803,173.301,10.094,34.762
0,S-M#1,M/M (Driver B),30.0,68.286,53.52,9.099,19.461
0,S-M#1,M/M (Driver B),30.0,63.171,36.929,11.082,19.801
0,S-M#1,M/M (Driver B),30.0,39.551,30.767,4.379,12.697
0,S-M#1,M/M (Driver B),30.0,47.668,105.769,4.983,16.248
0,S-M#1,M/M (Driver B),30.0,114.533,179.872,14.933,35.116
0,S-M#1,M/M (Driver B),30.0,138.136,130.65,8.233,50.102
0,S-M#1,M/M (Driver B),30.0,112.702,174.177,9.329,48.297
0,S-M#1,M/M (Driver B),30.0,96.545,184.105,12.439,41.579
0,S-M#1,M/M (Driver B),30.0,99.073,235.101,9.796,35.395
0,S-M#1,M/M (Driver B),30.0,109.342,213.042,12.655,35.288
0,S-M#1,M/M (Driver B),30.0,93.137,391.888,8.915,29.914
0,S-M#1,M/M (Driver B),30.0,20.361,210.907,15.607,6.435
0,S-M#1,M/M (Driver B),30.0,32.559,50.684,8.214,9.953
0,S-M#1,M/M (Driver B),30.0,26.353,81.924,8.741,8.696
0,S-M#1,M/M (Driver B),30.0,57.04,179.296,3.881,20.133
0,S-M#1,M/M (Driver B),30.0,72.963,87.501,7.438,27.009
0,S-M#1,M/M (Driver B),30.0,71.451,40.64,10.167,24.829
0,S-M#1,M/M (Driver B),30.0,80.006,1.249,9.306,28.507
0,S-M#1,M/M (Driver B),30.0,80.702,221.823,3.071,28.936
0,S-M#1,M/M (Driver B),30.0,104.623,468.723,4.182,37.886
0,S-M#1,M/M (Driver B),30.0,93.422,27.192,9.784,30.499
0,S-M#1,M/M (Driver B),30.0,61.371,57.802,10.512,18.302
0,S-M#1,M/M (Driver B),30.0,90.385,23.654,9.197,25.791
0,S-M#1,M/M (Driver B),30.0,95.509,11.347,6.424,26.826
0,S-M#1,M/M (Driver B),30.0,55.671,30.881,9.516,15.756
0,S-M#1,M/M (Driver B),30.0,88.401,100.489,7.14,25.382
0,S-M#1,M/M (Driver B),30.0,101.445,89.901,8.061,30.008
0,S-M#1,M/M (Driver B),30.0,80.148,71.122,6.656,24.409
0,S-M#1,M/M (Driver B),30.0,47.295,175.018,8.627,14.666
0,S-M#1,M/M (Driver B),30.0,35.901,70.877,4.597,10.892
0,S-M#1,M/M (Driver B),30.0,67.736,91.815,4.988,23.021
0,S-M#1,M/M (Driver B),30.0,66.757,159.926,1.745,35.117
0,S-M#1,M/M (Driver B),30.0,59.807,172.461,0.345,42.158
0,S-M#1,M/M (Driver B),30.0,31.638,138.108,4.546,18.548
0,S-M#1,M/M (Driver B),30.0,37.894,240.826,10.616,13.249
0,S-M#1,M/M (Driver B),30.0,13.88,66.944,5.372,4.47
0,S-M#1,M/M (Driver B),30.0,29.194,126.093,1.988,9.755
0,S-M#1,M/M (Driver B),30.0,79.901,100.376,5.643,27.49
0,S-M#1,M/M (Driver B),30.0,83.433,89.8,9.441,30.879
0,S-M#1,M/M (Driver B),30.0,80.347,190.478,7.756,31.496
0,S-M#1,M/M (Driver B),30.0,40.295,348.88,4.234,17.242
0,S-M#1,M/M (Driver B),30.0,53.836,386.916,6.932,21.199
0,S-M#1,M/M (Driver B),30.0,20.95,121.391,8.827,7.648
0,S-M#1,M/M (Driver B),30.0,16.705,85.141,7.026,6.435
0,S-M#1,M/M (Driver B),30.0,26.98,81.376,2.609,11.853
0,S-M#1,M/M (Driver B),30.0,12.31,84.163,4.544,5.924
0,S-M#1,M/M (Driver B),30.0,12.927,52.598,11.311,5.722
0,S-M#1,M/M (Driver B),30.0,14.681,75.435,5.756,5.72
0,S-M#1,M/M (Driver B),30.0,38.779,18.107,9.444,13.544
0,S-M#1,M/M (Driver B),30.0,86.471,5.681,3.927,30.81
0,S-M#1,M/M (Driver B),30.0,107.469,13.042,11.26,36.148
0,S-M#1,M/M (Driver B),30.0,65.599,66.316,3.193,19.44
0,S-M#1,M/M (Driver B),30.0,61.102,241.765,11.947,15.085
0,S-M#1,M/M (Driver B),30.0,34.464,297.454,26.311,7.673
0,S-M#1,M/M (Driver B),30.0,58.945,42.23,18.288,13.175
0,S-M#1,M/M (Driver B),30.0,81.599,101.708,15.143,18.537
0,S-M#1,M/M (Driver B),30.0,81.106,82.084,19.81,18.573
0,S-M#1,M/M (Driver B),30.0,60.719,77.316,19.021,14.191
0,S-M#1,M/M (Driver B),30.0,46.868,46.038,12.725,11.363
0,S-M#1,M/M (Driver B),30.0,36.653,69.858,11.318,9.629
0,S-M#1,M/M (Driver B),30.0,42.18,128.217,5.987,11.495
0,S-M#1,M/M (Driver B),30.0,22.176,64.148,11.082,6.048
0,S-M#1,M/M (Driver B),30.0,36.461,174.175,13.14,9.875
0,S-M#1,M/M (Driver B),30.0,58.924,26.727,17.763,16.054
0,S-M#1,M/M (Driver B),30.0,50.853,207.544,9.966,14.736
0,S-M#1,M/M (Driver B),30.0,42.018,249.081,12.208,12.633
0,S-M#1,M/M (Driver B),30.0,53.047,33.735,8.336,16.224
0,S-M#1,M/M (Driver B),30.0,76.381,95.391,6.466,24.552
0,S-M#1,M/M (Driver B),30.0,74.092,67.738,3.875,24.037
0,S-M#1,M/M (Driver B),30.0,13.633,138.523,12.472,4.395
0,S-M#1,M/M (Driver B),30.0,36.991,261.13,12.562,12.65
0,S-M#1,M/M (Driver B),30.0,26.195,155.051,9.349,10.533
0,S-M#1,M/M (Driver B),30.0,9.669,149.059,8.492,4.47
0,S-M#1,M/M (Driver B),30.0,32.318,192.284,2.541,12.674
0,S-M#1,M/M (Driver B),30.0,14.835,360.716,15.474,4.199
0,S-M#1,M/M (Driver B),30.0,61.866,290.846,26.347,13.972
0,S-M#1,M/M (Driver B),30.0,54.791,320.25,31.899,10.638
0,S-M#1,M/M (Driver B),30.0,55.404,40.525,31.738,10.302
0,S-M#1,M/M (Driver B),30.0,68.642,215.658,22.852,12.258
0,S-M#1,M/M (Driver B),30.0,60.52,240.131,7.304,10.63
0,S-M#1,M/M (Driver B),30.0,51.901,28.739,14.201,8.962
0,S-M#1,M/M (Driver B),30.0,62.923,165.245,13.453,10.899
0,S-M#1,M/M (Driver B),30.0,61.835,269.827,19.164,10.723
0,S-M#1,M/M (Driver B),30.0,42.521,69.053,19.307,7.324
0,S-M#1,M/M (Driver B),30.0,41.951,75.837,16.294,7.065
0,S-M#1,M/M (Driver B),30.0,97.226,53.748,25.949,16.07
0,S-M#1,M/M (Driver B),30.0,108.7,28.092,13.349,17.971
0,S-M#1,M/M (Driver B),30.0,21.028,133.417,19.839,4.327
0,S-M#1,M/M (Driver B),30.0,115.192,270.243,3.642,30.971
0,S-M#1,M/M (Driver B),30.0,158.134,454.189,9.365,40.586
0,S-M#1,M/M (Driver B),30.0,151.141,534.096,20.815,29.137
0,S-M#1,M/M (Driver B),30.0,79.114,41.464,29.336,12.312
0,S-M#1,M/M (Driver B),30.0,38.493,22.454,30.091,5.981
0,S-M#1,M/M (Driver B),30.0,43.275,39.981,32.452,6.715
0,S-M#1,M/M (Driver B),30.0,69.125,85.549,36.686,10.736
0,S-M#1,M/M (Driver B),30.0,81.124,195.856,43.707,12.626
0,S-M#1,M/M (Driver B),30.0,81.104,78.316,31.364,12.619
0,S-M#1,M/M (Driver B),30.0,130.635,113.737,48.191,20.29
0,S-M#1,M/M (Driver B),30.0,175.053,291.608,49.381,27.182
0,S-M#1,M/M (Driver B),30.0,134.467,520.72,54.543,21.86
0,S-M#1,M/M (Driver B),30.0,68.291,190.846,40.577,12.3
0,S-M#1,M/M (Driver B),30.0,84.142,384.048,26.148,18.551
0,S-M#1,M/M (Driver B),30.0,126.568,431.5,8.54,45.799
0,S-M#1,M/M (Driver B),30.0,118.961,286.492,5.773,64.081
0,S-M#1,M/M (Driver B),30.0,24.012,229.614,9.105,11.57
0,S-M#1,M/M (Driver B),30.0,30.258,276.907,12.245,9.398
0,S-M#1,M/M (Driver B),30.0,91.922,537.183,25.673,22.477
0,S-M#1,M/M (Driver B),30.0,86.62,599.944,43.586,20.053
0,S-M#1,M/M (Driver B),30.0,53.368,54.899,21.845,11.467
0,S-M#1,M/M (Driver B),30.0,89.18,158.016,21.976,18.895
0,S-M#1,M/M (Driver B),30.0,72.814,167.182,28.051,15.116
0,S-M#1,M/M (Driver B),30.0,58.436,159.949,27.569,11.833
0,S-M#1,M/M (Driver B),30.0,58.686,15.431,23.393,11.523
0,S-M#1,M/M (Driver B),30.0,49.843,131.153,20.223,9.616
0,S-M#1,M/M (Driver B),30.0,11.168,324.938,25.623,2.137
0,S-M#1,M/M (Driver B),30.0,44.762,213.268,24.32,8.905
0,S-M#1,M/M (Driver B),30.0,27.22,268.039,26.759,5.794
0,S-M#1,M/M (Driver B),30.0,53.303,136.993,18.051,11.794
0,S-M#1,M/M (Driver B),30.0,59.969,202.393,21.118,13.227
0,S-M#1,M/M (Driver B),30.0,151.203,13.276,22.087,32.209
0,S-M#1,M/M (Driver B),30.0,91.528,46.701,16.667,18.934
0,S-M#1,M/M (Driver B),30.0,37.715,81.163,25.849,7.569
0,S-M#1,M/M (Driver B),30.0,36.014,8.415,21.058,7.469
0,S-M#1,M/M (Driver B),30.0,29.455,96.808,20.607,6.524
0,S-M#1,M/M (Driver B),30.0,7.592,75.342,23.445,1.777
0,S-M#1,M/M (Driver B),30.0,36.664,100.341,27.598,8.476
0,S-M#1,M/M (Driver B),30.0,65.389,46.215,22.581,15.04
0,S-M#1,M/M (Driver B),30.0,37.056,26.692,21.096,8.67
0,S-M#1,M/M (Driver B),30.0,16.68,43.402,20.34,4.072
0,S-M#1,M/M (Driver B),30.0,53.717,32.602,16.438,13.681
0,S-M#1,M/M (Driver B),30.0,50.48,62.129,13.595,13.968
0,S-M#1,M/M (Driver B),30.0,50.74,108.416,10.709,15.285
0,S-M#1,M/M (Driver B),30.0,64.332,284.247,16.562,21.474
0,S-M#1,M/M (Driver B),30.0,60.631,265.869,16.712,21.18
0,S-M#1,M/M (Driver B),30.0,13.96,27.19,11.397,5.147
0,S-M#1,M/M (Driver B),30.0,6.918,62.106,7.417,2.643
0,S-M#1,M/M (Driver B),30.0,26.804,23.645,6.138,10.541
0,S-M#1,M/M (Driver B),30.0,13.34,47.234,4.563,5.124
0,S-M#1,M/M (Driver B),30.0,38.516,175.351,0.764,14.789
0,S-M#1,M/M (Driver B),30.0,48.383,55.188,4.98,18.669
0,S-M#1,M/M (Driver B),30.0,50.139,59.982,2.265,20.634
0,S-M#1,M/M (Driver B),30.0,49.33,172.235,9.528,18.948
0,S-M#1,M/M (Driver B),30.0,90.662,130.524,5.094,35.553
0,S-M#1,M/M (Driver B),30.0,99.808,124.15,5.034,46.568
0,S-M#1,M/M (Driver B),30.0,125.656,141.303,8.193,70.281
0,S-M#1,M/M (Driver B),30.0,74.349,135.447,0.835,37.786
0,S-M#1,M/M (Driver B),30.0,96.995,357.998,6.648,33.456
0,S-M#1,M/M (Driver B),30.0,74.364,537.089,4.407,20.967
0,S-M#1,M/M (Driver B),30.0,105.102,84.666,4.429,29.064
0,S-M#1,M/M (Driver B),30.0,134.546,282.749,1.043,43.606
0,S-M#1,M/M (Driver B),30.0,114.657,184.602,1.818,61.608
0,S-M#1,M/M (Driver B),30.0,82.196,157.177,2.091,72.138
0,S-M#1,M/M (Driver B),30.0,58.403,5.405,0.638,69.715
0,S-M#1,M/M (Driver B),30.0,43.237,87.026,12.301,49.387
0,S-M#1,M/M (Driver B),30.0,52.845,90.165,0.229,49.622
0,S-M#1,M/M (Driver B),30.0,50.933,117.926,8.929,38.607
0,S-M#1,M/M (Driver B),30.0,49.162,211.435,2.898,21.804
0,S-M#1,M/M (Driver B),30.0,23.785,381.813,12.341,8.237
0,S-M#1,M/M (Driver B),30.0,34.442,304.585,8.698,10.283
0,S-M#1,M/M (Driver B),30.0,53.054,83.608,17.034,15.468
0,S-M#1,M/M (Driver B),30.0,72.197,34.283,6.253,21.839
0,S-M#1,M/M (Driver B),30.0,97.985,266.02,9.545,30.776
0,S-M#1,M/M (Driver B),30.0,95.981,109.872,4.072,30.409
0,S-M#1,M/M (Driver B),30.0,88.0,6.085,4.338,27.375
0,S-M#1,M/M (Driver B),30.0,95.411,21.919,4.581,32.164
0,S-M#1,M/M (Driver B),30.0,86.508,129.884,1.852,45.9
0,S-M#1,M/M (Driver B),30.0,56.631,233.998,1.86,71.432
0,S-M#1,M/M (Driver B),30.0,3.266,23.239,0.488,128.212
0,S-M#1,M/M (Driver B),30.0,2.307,0.679,0.701,170.227
0,S-M#1,M/M (Driver B),30.0,4.733,47.377,1.715,9.773
0,S-M#1,M/M (Driver B),30.0,39.101,182.558,4.053,20.672
0,S-M#1,M/M (Driver B),30.0,49.753,382.229,4.018,12.738
0,S-M#1,M/M (Driver B),30.0,67.63,279.135,4.007,12.216
0,S-M#1,M/M (Driver B),30.0,72.395,285.867,12.497,11.897
0,S-M#1,M/M (Driver B),30.0,35.882,112.066,2.044,6.822
0,S-M#1,M/M (Driver B),30.0,51.451,200.802,2.461,11.251
0,S-M#1,M/M (Driver B),30.0,28.633,157.813,1.227,6.316
0,S-M#1,M/M (Driver B),30.0,87.41,370.35,0.904,15.908
0,S-M#1,M/M (Driver B),30.0,165.629,116.707,5.575,26.608
0,S-M#1,M/M (Driver B),30.0,173.706,44.732,3.534,26.982
0,S-M#1,M/M (Driver B),30.0,158.804,77.63,6.121,24.604
0,S-M#1,M/M (Driver B),30.0,153.353,89.536,3.731,23.902
0,S-M#1,M/M (Driver B),30.0,124.122,87.607,7.177,20.783
0,S-M#1,M/M (Driver B),30.0,29.87,223.678,5.742,6.141
0,S-M#1,M/M (Driver B),30.0,52.9,272.309,4.549,15.446
0,S-M#1,M/M (Driver B),30.0,43.171,105.862,4.53,15.41
0,S-M#1,M/M (Driver B),30.0,40.458,182.785,1.452,14.161
0,S-M#1,M/M (Driver B),30.0,109.407,430.125,2.427,35.394
0,S-M#1,M/M (Driver B),30.0,133.697,165.133,3.525,65.044
0,S-M#1,M/M (Driver B),30.0,85.311,261.187,1.146,82.31
0,S-M#1,M/M (Driver B),30.0,29.954,44.832,0.826,30.86
0,S-M#1,M/M (Driver B),30.0,65.258,193.175,3.268,32.74
0,S-M#1,M/M (Driver B),30.0,71.467,246.125,1.89,22.101
0,S-M#1,M/M (Driver B),30.0,73.103,444.201,7.625,19.598
0,S-M#1,M/M (Driver B),30.0,135.631,279.828,5.45,35.692
0,S-M#1,M/M (Driver B),30.0,145.011,58.914,3.752,44.989
0,S-M#1,M/M (Driver B),30.0,130.662,157.98,5.391,40.784
0,S-M#1,M/M (Driver B),30.0,79.218,272.474,8.656,22.633
0,S-M#1,M/M (Driver B),30.0,48.864,519.289,5.105,10.849
0,S-M#1,M/M (Driver B),30.0,48.428,614.505,13.164,10.053
0,S-M#1,M/M (Driver B),30.0,1.19,587.803,12.162,0.232
0,S-M#1,M/M (Driver B),30.0,50.966,744.516,32.983,9.769
0,S-M#1,M/M (Driver B),30.0,56.624,389.412,19.039,10.544
0,S-M#1,M/M (Driver B),30.0,32.839,146.806,28.904,6.105
0,S-M#1,M/M (Driver B),30.0,72.277,636.93,49.701,13.311
0,S-M#1,M/M (Driver B),30.0,72.424,398.975,45.334,13.99
0,S-M#1,M/M (Driver B),30.0,116.958,566.234,58.42,23.231
0,S-M#1,M/M (Driver B),30.0,58.424,55.154,14.853,12.301
0,S-M#1,M/M (Driver B),30.0,44.901,271.915,25.262,9.252
0,S-M#1,M/M (Driver B),30.0,80.598,508.226,26.48,19.557
0,S-M#1,M/M (Driver B),30.0,104.049,137.99,40.012,31.758
0,S-M#1,M/M (Driver B),30.0,141.335,448.187,14.415,52.909
0,S-M#1,M/M (Driver B),30.0,35.518,306.205,11.874,13.252
0,S-M#1,M/M (Driver B),30.0,73.097,133.624,7.39,37.941
0,S-M#1,M/M (Driver B),30.0,26.236,179.49,5.847,17.76
0,S-M#1,M/M (Driver B),30.0,35.372,153.546,5.208,18.406
0,S-M#1,M/M (Driver B),30.0,41.383,309.17,11.468,13.067
0,S-M#1,M/M (Driver B),30.0,13.628,45.397,12.025,3.85
0,S-M#1,M/M (Driver B),30.0,72.413,76.04,5.967,21.633
0,S-M#1,M/M (Driver B),30.0,117.205,187.569,4.472,50.106
0,S-M#1,M/M (Driver B),30.0,106.318,273.426,1.915,77.897
0,S-M#1,M/M (Driver B),30.0,17.765,197.964,1.447,57.703
0,S-M#1,M/M (Driver B),30.0,7.128,50.076,1.837,10.86
0,S-M#1,M/M (Driver B),30.0,23.251,90.98,6.092,19.367
0,S-M#1,M/M (Driver B),30.0,52.867,92.241,4.91,36.06
0,S-M#1,M/M (Driver B),30.0,40.521,156.046,2.284,39.488
0,S-M#1,M/M (Driver B),30.0,25.476,133.973,1.784,50.058
0,S-M#1,M/M (Driver B),30.0,20.648,129.591,1.331,103.756
0,S-M#1,M/M (Driver B),60.0,750.415,647.362,35.789,108.665
0,S-M#1,M/M (Driver B),60.0,518.218,292.773,8.216,67.675
0,S-M#1,M/M (Driver B),60.0,144.721,101.706,54.458,16.316
0,S-M#1,M/M (Driver B),60.0,195.628,855.381,91.128,19.457
0,S-M#1,M/M (Driver B),60.0,301.916,1318.656,111.065,28.322
0,S-M#1,M/M (Driver B),60.0,316.045,1369.285,112.16,28.725
0,S-M#1,M/M (Driver B),60.0,218.399,854.14,67.911,19.763
0,S-M#1,M/M (Driver B),60.0,245.069,219.511,85.668,21.206
0,S-M#1,M/M (Driver B),60.0,172.713,506.843,79.765,14.793
0,S-M#1,M/M (Driver B),60.0,117.236,333.163,83.71,10.583
0,S-M#1,M/M (Driver B),60.0,68.843,79.269,70.568,6.66
0,S-M#1,M/M (Driver B),60.0,155.039,431.066,52.192,15.458
0,S-M#1,M/M (Driver B),60.0,72.868,148.043,24.97,6.954
0,S-M#1,M/M (Driver B),60.0,289.239,213.216,16.13,28.352
0,S-M#1,M/M (Driver B),60.0,522.735,303.417,50.553,54.525
0,S-M#1,M/M (Driver B),60.0,751.377,147.336,71.348,80.129
0,S-M#1,M/M (Driver B),60.0,713.037,456.057,54.241,76.859
0,S-M#1,M/M (Driver B),60.0,316.322,636.545,21.02,35.747
0,S-M#1,M/M (Driver B),60.0,119.642,214.692,7.369,13.057
0,S-M#1,M/M (Driver B),60.0,121.855,147.132,64.976,12.568
0,S-M#1,M/M (Driver B),60.0,192.232,234.692,113.258,19.332
0,S-M#1,M/M (Driver B),60.0,147.426,167.562,119.863,15.423
0,S-M#1,M/M (Driver B),60.0,186.151,623.927,63.898,19.643
0,S-M#1,M/M (Driver B),60.0,148.919,256.776,87.247,14.664
0,S-M#1,M/M (Driver B),60.0,154.279,290.299,101.578,14.86
0,S-M#1,M/M (Driver B),60.0,133.776,423.321,108.656,12.999
0,S-M#1,M/M (Driver B),60.0,167.17,255.464,112.482,16.378
0,S-M#1,M/M (Driver B),60.0,120.319,972.587,77.426,11.271
0,S-M#1,M/M (Driver B),60.0,35.161,876.771,74.171,3.233
0,S-M#1,M/M (Driver B),60.0,201.266,1063.196,67.92,21.527
0,S-M#1,M/M (Driver B),60.0,189.035,830.639,28.327,25.876
0,S-M#1,M/M (Driver B),60.0,153.355,684.032,18.534,29.331
0,S-M#1,M/M (Driver B),60.0,121.807,684.887,18.445,30.318
0,S-M#1,M/M (Driver B),60.0,130.679,646.911,26.732,39.4
0,S-M#1,M/M (Driver B),60.0,61.069,146.807,25.248,20.26
0,S-M#1,M/M (Driver B),60.0,85.376,283.563,60.188,22.582
0,S-M#1,M/M (Driver B),60.0,107.295,406.291,81.063,21.322
0,S-M#1,M/M (Driver B),60.0,55.429,400.499,43.774,8.609
0,S-M#1,M/M (Driver B),60.0,56.65,1067.397,44.193,8.023
0,S-M#1,M/M (Driver B),60.0,73.899,631.169,55.829,10.279
0,S-M#1,M/M (Driver B),60.0,121.493,454.945,48.69,18.408
0,S-M#1,M/M (Driver B),60.0,68.393,379.373,20.64,11.791
0,S-M#1,M/M (Driver B),60.0,56.705,369.818,14.973,12.467
0,S-M#1,M/M (Driver B),60.0,76.477,354.024,8.965,21.482
0,S-M#1,M/M (Driver B),60.0,101.624,538.565,17.726,31.015
0,S-M#1,M/M (Driver B),60.0,154.36,456.027,24.859,47.089
0,S-M#1,M/M (Driver B),60.0,88.472,398.421,29.749,22.397
0,S-M#1,M/M (Driver B),60.0,436.746,448.8,329.487,89.578
0,S-M#1,M/M (Driver B),60.0,546.308,534.769,400.515,93.359
0,S-M#1,M/M (Driver B),60.0,158.232,265.681,28.967,23.748
0,S-M#1,M/M (Driver B),60.0,138.29,804.102,26.918,20.452
0,S-M#1,M/M (Driver B),60.0,151.142,873.0,32.25,23.166
0,S-M#1,M/M (Driver B),60.0,101.372,59.865,25.778,16.029
0,S-M#1,M/M (Driver B),60.0,53.553,379.545,16.886,8.643
0,S-M#1,M/M (Driver B),60.0,94.373,567.835,21.979,16.272
0,S-M#1,M/M (Driver B),60.0,100.626,381.153,19.151,20.062
0,S-M#1,M/M (Driver B),60.0,64.507,162.279,20.473,16.386
0,S-M#1,M/M (Driver B),60.0,60.952,252.946,17.081,18.632
0,S-M#1,M/M (Driver B),60.0,128.027,276.377,13.192,44.604
0,S-M#1,M/M (Driver B),60.0,119.636,122.959,14.847,42.488
0,S-M#1,M/M (Driver B),60.0,143.201,87.374,9.276,44.083
0,S-M#1,M/M (Driver B),60.0,193.794,267.475,7.715,57.127
0,S-M#1,M/M (Driver B),60.0,197.253,369.633,26.129,49.981
0,S-M#1,M/M (Driver B),60.0,111.865,221.804,4.898,25.822
0,S-M#1,M/M (Driver B),60.0,68.181,327.437,11.946,14.072
0,S-M#1,M/M (Driver B),60.0,19.147,449.338,18.897,3.679
0,S-M#1,M/M (Driver B),60.0,78.363,548.677,22.054,14.742
0,S-M#1,M/M (Driver B),60.0,159.442,552.117,18.829,26.726
0,S-M#1,M/M (Driver B),60.0,169.127,1000.137,13.748,25.242
0,S-M#1,M/M (Driver B),60.0,167.028,213.741,4.828,23.808
0,S-M#1,M/M (Driver B),60.0,233.45,271.741,12.673,33.297
0,S-M#1,M/M (Driver B),60.0,172.772,146.012,3.736,25.084
0,S-M#1,M/M (Driver B),60.0,142.831,216.794,3.779,21.066
0,S-M#1,M/M (Driver B),60.0,160.86,225.48,5.458,24.129
0,S-M#1,M/M (Driver B),60.0,153.174,150.004,18.44,23.014
0,S-M#1,M/M (Driver B),60.0,200.658,308.571,31.504,30.744
0,S-M#1,M/M (Driver B),60.0,208.627,367.832,21.001,38.052
0,S-M#1,M/M (Driver B),60.0,177.102,404.645,17.204,40.299
0,S-M#1,M/M (Driver B),60.0,167.487,444.781,7.938,49.731
0,S-M#1,M/M (Driver B),60.0,116.576,466.102,3.83,52.329
0,S-M#1,M/M (Driver B),60.0,85.243,699.787,4.122,83.717
0,S-M#1,M/M (Driver B),60.0,9.722,148.218,5.396,7.276
0,S-M#1,M/M (Driver B),60.0,68.544,273.657,9.434,24.809
0,S-M#1,M/M (Driver B),60.0,93.526,420.735,6.692,22.108
0,S-M#1,M/M (Driver B),60.0,96.516,562.802,1.17,17.08
0,S-M#1,M/M (Driver B),60.0,233.597,717.282,116.384,32.436
0,S-M#1,M/M (Driver B),60.0,228.728,327.434,42.997,26.263
0,S-M#1,M/M (Driver B),60.0,261.654,242.885,82.078,28.993
0,S-M#1,M/M (Driver B),60.0,265.139,163.527,79.721,31.061
0,S-M#1,M/M (Driver B),60.0,226.138,92.402,64.146,28.768
0,S-M#1,M/M (Driver B),60.0,154.236,266.59,83.813,20.357
0,S-M#1,M/M (Driver B),60.0,148.54,470.942,92.205,20.348
0,S-M#1,M/M (Driver B),60.0,157.466,578.973,101.198,22.546
0,S-M#1,M/M (Driver B),60.0,170.11,484.756,97.056,25.273
0,S-M#1,M/M (Driver B),60.0,136.782,705.172,86.07,19.833
0,S-M#1,M/M (Driver B),60.0,118.311,311.354,72.918,16.414
0,S-M#1,M/M (Driver B),60.0,146.812,158.643,63.009,20.297
0,S-M#1,M/M (Driver B),60.0,148.225,28.464,64.727,20.535
0,S-M#1,M/M (Driver B),60.0,170.9,155.315,65.827,23.834
0,S-M#1,M/M (Driver B),60.0,142.213,123.268,72.517,19.87
0,S-M#1,M/M (Driver B),60.0,144.837,1177.957,88.817,19.927
0,S-M#1,M/M (Driver B),60.0,124.602,800.76,83.359,16.806
0,S-M#1,M/M (Driver B),60.0,151.64,582.549,77.142,20.634
0,S-M#1,M/M (Driver B),60.0,134.662,311.871,63.273,20.151
0,S-M#1,M/M (Driver B),60.0,80.986,147.516,29.724,14.291
0,S-M#1,M/M (Driver B),60.0,111.764,343.097,19.145,21.547
0,S-M#1,M/M (Driver B),60.0,176.366,595.108,19.655,34.735
0,S-M#1,M/M (Driver B),60.0,241.176,757.993,11.275,48.843
0,S-M#1,M/M (Driver B),60.0,229.357,870.214,7.566,46.456
0,S-M#1,M/M (Driver B),60.0,228.438,320.652,11.141,44.044
0,S-M#1,M/M (Driver B),60.0,203.24,340.908,3.978,40.514
0,S-M#1,M/M (Driver B),60.0,153.157,396.948,6.982,35.858
0,S-M#1,M/M (Driver B),60.0,103.031,512.503,4.851,26.669
0,S-M#1,M/M (Driver B),60.0,74.678,399.861,7.25,20.116
0,S-M#1,M/M (Driver B),60.0,105.36,294.638,6.261,29.611
0,S-M#1,M/M (Driver B),60.0,71.768,204.317,12.827,18.967
0,S-M#1,M/M (Driver B),60.0,62.919,474.153,24.351,13.058
0,S-M#1,M/M (Driver B),60.0,121.058,378.765,21.643,22.496
0,S-M#1,M/M (Driver B),60.0,135.525,153.124,10.69,29.022
0,S-M#1,M/M (Driver B),60.0,112.722,320.377,6.484,30.313
0,S-M#1,M/M (Driver B),60.0,69.535,411.642,12.099,19.259
0,S-M#1,M/M (Driver B),60.0,92.193,403.74,10.385,25.783
0,S-M#1,M/M (Driver B),60.0,101.133,358.772,8.645,31.078
0,S-M#1,M/M (Driver B),60.0,79.159,264.967,10.458,22.722
0,S-M#1,M/M (Driver B),60.0,92.143,372.276,35.841,21.556
0,S-M#1,M/M (Driver B),60.0,131.963,420.797,8.547,26.939
0,S-M#1,M/M (Driver B),60.0,123.087,561.57,8.585,25.713
0,S-M#1,M/M (Driver B),60.0,100.06,614.23,8.499,22.272
0,S-M#1,M/M (Driver B),60.0,82.744,523.597,9.894,18.029
0,S-M#1,M/M (Driver B),60.0,85.072,712.517,2.421,18.28
0,S-M#1,M/M (Driver B),60.0,100.523,824.281,3.381,22.635
0,S-M#1,M/M (Driver B),60.0,125.622,33.046,11.994,31.967
0,S-M#1,M/M (Driver B),60.0,118.093,132.4,2.148,35.96
0,S-M#1,M/M (Driver B),60.0,97.367,208.527,7.135,29.224
0,S-M#1,M/M (Driver B),60.0,54.583,176.16,12.522,16.121
0,S-M#1,M/M (Driver B),60.0,39.123,321.82,11.148,12.46
0,S-M#1,M/M (Driver B),60.0,82.019,131.641,50.242,30.287
0,S-M#1,M/M (Driver B),60.0,304.84,296.618,278.587,87.22
0,S-M#1,M/M (Driver B),60.0,31.169,448.323,27.896,6.953
0,S-M#1,M/M (Driver B),60.0,145.015,295.103,3.155,32.748
0,S-M#1,M/M (Driver B),60.0,155.454,188.395,3.807,33.765
0,S-M#1,M/M (Driver B),60.0,212.558,460.909,33.364,42.822
0,S-M#1,M/M (Driver B),60.0,282.755,873.356,13.41,57.718
0,S-M#1,M/M (Driver B),60.0,296.877,299.282,5.32,65.979
0,S-M#1,M/M (Driver B),60.0,269.253,197.29,13.392,62.916
0,S-M#1,M/M (Driver B),60.0,244.39,387.288,6.294,52.262
0,S-M#1,M/M (Driver B),60.0,282.001,739.017,18.812,70.297
0,S-M#1,M/M (Driver B),60.0,180.179,197.452,10.674,54.238
0,S-M#1,M/M (Driver B),60.0,189.067,276.752,48.735,53.94
0,S-M#1,M/M (Driver B),60.0,129.452,310.182,3.34,29.58
0,S-M#1,M/M (Driver B),60.0,119.786,670.889,2.961,23.807
0,S-M#1,M/M (Driver B),60.0,74.905,822.787,3.318,13.272
0,S-M#1,M/M (Driver B),60.0,121.682,732.578,3.912,17.161
0,S-M#1,M/M (Driver B),60.0,104.5,1064.464,2.587,11.954
0,S-M#1,M/M (Driver B),60.0,115.613,1207.753,17.15,11.063
0,S-M#1,M/M (Driver B),60.0,220.168,178.261,0.755,20.16
0,S-M#1,M/M (Driver B),60.0,223.264,171.007,13.363,20.122
0,S-M#1,M/M (Driver B),60.0,156.908,230.356,27.83,14.395
0,S-M#1,M/M (Driver B),60.0,140.748,396.43,32.79,14.036
0,S-M#1,M/M (Driver B),60.0,121.323,319.107,21.187,13.076
0,S-M#1,M/M (Driver B),60.0,126.878,288.297,10.471,14.378
0,S-M#1,M/M (Driver B),60.0,114.961,214.303,20.879,13.449
0,S-M#1,M/M (Driver B),60.0,113.998,172.119,30.944,13.529
0,S-M#1,M/M (Driver B),60.0,168.761,8.254,43.579,20.446
0,S-M#1,M/M (Driver B),60.0,225.527,823.916,45.949,27.157
0,S-M#1,M/M (Driver B),60.0,217.791,550.383,36.203,30.245
0,S-M#1,M/M (Driver B),60.0,155.295,539.54,24.57,27.403
0,S-M#1,M/M (Driver B),60.0,114.592,600.882,13.537,28.062
0,S-M#1,M/M (Driver B),60.0,105.94,686.232,8.467,42.325
0,S-M#1,M/M (Driver B),60.0,77.674,683.688,7.882,54.211
0,S-M#1,M/M (Driver B),60.0,49.865,103.361,13.404,41.608
0,S-M#1,M/M (Driver B),60.0,42.099,229.438,30.95,17.589
0,S-M#1,M/M (Driver B),60.0,35.838,371.871,44.079,9.358
0,S-M#1,M/M (Driver B),60.0,88.489,463.874,48.003,18.592
0,S-M#1,M/M (Driver B),60.0,232.022,504.107,47.51,44.928
0,S-M#1,M/M (Driver B),60.0,228.368,78.994,10.619,45.661
0,S-M#1,M/M (Driver B),60.0,213.863,673.01,14.032,47.907
0,S-M#1,M/M (Driver B),60.0,340.705,599.535,11.66,95.35
0,S-M#1,M/M (Driver B),60.0,381.91,500.673,6.502,162.44
0,S-M#1,M/M (Driver B),60.0,277.98,223.622,4.494,191.19
0,S-M#1,M/M (Driver B),60.0,180.768,34.806,2.965,171.28
0,S-M#1,M/M (Driver B),60.0,199.777,40.187,1.114,162.372
0,S-M#1,M/M (Driver B),60.0,328.165,140.582,7.193,211.205
0,S-M#1,M/M (Driver B),60.0,340.729,52.009,7.36,208.091
0,S-M#1,M/M (Driver B),60.0,314.869,101.536,8.33,211.732
0,S-M#1,M/M (Driver B),60.0,307.036,169.465,15.062,180.264
0,S-M#1,M/M (Driver B),60.0,322.549,214.801,19.369,148.389
0,S-M#1,M/M (Driver B),60.0,244.358,226.944,2.645,130.997
0,S-M#1,M/M (Driver B),60.0,107.385,217.034,2.888,80.948
0,S-M#1,M/M (Driver B),60.0,59.185,23.202,0.863,48.033
0,S-M#1,M/M (Driver B),60.0,65.505,190.194,6.779,33.151
0,S-M#1,M/M (Driver B),60.0,72.607,116.393,3.042,24.368
0,S-M#1,M/M (Driver B),60.0,43.841,398.464,31.402,10.657
0,S-M#1,M/M (Driver B),60.0,118.297,498.997,24.358,20.232
0,S-M#1,M/M (Driver B),60.0,181.271,561.086,53.815,26.961
0,S-M#1,M/M (Driver B),60.0,128.93,583.806,18.116,17.5
0,S-M#1,M/M (Driver B),60.0,180.404,297.801,40.257,21.26
0,S-M#1,M/M (Driver B),60.0,225.596,1240.741,53.294,24.421
0,S-M#1,M/M (Driver B),60.0,186.572,1203.518,40.863,21.841
0,S-M#1,M/M (Driver B),60.0,126.724,625.405,18.381,18.584
0,S-M#1,M/M (Driver B),60.0,99.766,971.266,13.878,16.953
0,S-M#1,M/M (Driver B),60.0,78.914,506.623,5.875,15.6
0,S-M#1,M/M (Driver B),60.0,93.421,886.198,6.102,20.985
0,S-M#1,M/M (Driver B),60.0,92.036,720.553,11.967,21.842
0,S-M#1,M/M (Driver B),60.0,102.304,427.531,12.639,21.395
0,S-M#1,M/M (Driver B),60.0,159.923,523.623,12.043,29.609
0,S-M#1,M/M (Driver B),60.0,173.617,562.085,16.998,29.726
0,S-M#1,M/M (Driver B),60.0,212.687,464.415,14.209,32.691
0,S-M#1,M/M (Driver B),60.0,177.438,531.248,21.339,33.971
0,S-M#1,M/M (Driver B),60.0,144.284,409.83,13.936,41.722
0,S-M#1,M/M (Driver B),60.0,78.19,407.311,1.904,36.953
0,S-M#1,M/M (Driver B),60.0,39.84,141.048,7.334,15.913
0,S-M#1,M/M (Driver B),60.0,88.663,721.58,3.676,27.428
0,S-M#1,M/M (Driver B),60.0,110.115,211.959,3.857,34.289
0,S-M#1,M/M (Driver B),60.0,126.263,374.602,26.033,32.039
0,S-M#1,M/M (Driver B),60.0,130.829,395.776,29.172,28.776
0,S-M#1,M/M (Driver B),60.0,143.101,89.119,1.253,28.489
0,S-M#1,M/M (Driver B),60.0,105.629,87.3,1.978,22.23
0,S-M#1,M/M (Driver B),60.0,21.897,102.126,1.752,5.54
0,S-M#1,M/M (Driver B),60.0,30.337,135.238,2.109,7.512
0,S-M#1,M/M (Driver B),60.0,136.712,557.142,4.666,33.033
0,S-M#1,M/M (Driver B),60.0,155.374,89.224,5.117,43.474
0,S-M#1,M/M (Driver B),60.0,144.135,565.125,9.497,42.111
0,S-M#1,M/M (Driver B),60.0,105.016,127.149,5.876,29.45
0,S-M#1,M/M (Driver B),60.0,135.119,450.122,4.26,37.623
0,S-M#1,M/M (Driver B),60.0,108.159,311.573,4.644,28.181
0,S-M#1,M/M (Driver B),60.0,69.694,351.028,2.962,16.05
0,S-M#1,M/M (Driver B),60.0,106.223,533.11,38.383,18.058
0,S-M#1,M/M (Driver B),60.0,110.538,1139.378,23.069,15.861
0,S-M#1,M/M (Driver B),60.0,82.638,497.043,34.243,11.022
0,S-M#1,M/M (Driver B),60.0,75.629,199.124,31.083,10.496
0,S-M#1,M/M (Driver B),60.0,75.157,360.018,15.181,12.484
0,S-M#1,M/M (Driver B),60.0,70.324,497.653,5.605,15.124
0,S-M#1,M/M (Driver B),60.0,64.883,566.099,4.377,18.319
0,S-M#1,M/M (Driver B),60.0,64.898,681.896,6.963,21.37
0,S-M#1,M/M (Driver B),60.0,170.399,406.271,6.49,64.184
0,S-M#1,M/M (Driver B),60.0,274.034,345.491,22.781,75.58
0,S-M#1,M/M (Driver B),60.0,332.633,444.711,30.906,72.072
0,S-M#1,M/M (Driver B),60.0,316.988,565.211,42.713,54.357
0,S-M#1,M/M (Driver B),60.0,326.059,283.147,12.436,48.628
0,S-M#1,M/M (Driver B),60.0,257.115,530.912,32.702,37.45
0,S-M#1,M/M (Driver B),60.0,192.071,666.262,23.68,30.359
0,S-M#1,M/M (Driver B),60.0,159.368,743.272,20.074,30.371
0,S-M#1,M/M (Driver B),60.0,137.417,772.523,20.05,30.75
0,S-M#1,M/M (Driver B),60.0,163.153,463.347,14.512,37.562
0,S-M#1,M/M (Driver B),60.0,166.84,341.718,17.686,39.615
0,S-M#1,M/M (Driver B),60.0,160.383,665.118,22.447,37.98
0,S-M#1,M/M (Driver B),60.0,132.423,490.261,32.393,26.233
0,S-M#1,M/M (Driver B),60.0,141.623,614.814,43.485,22.489
0,S-M#1,M/M (Driver B),60.0,115.132,577.307,45.292,17.34
0,S-M#1,M/M (Driver B),60.0,124.092,308.482,42.051,17.97
0,S-M#1,M/M (Driver B),60.0,145.979,93.685,45.28,20.097
0,S-M#1,M/M (Driver B),60.0,151.504,328.754,52.54,20.116
0,S-M#1,M/M (Driver B),60.0,216.414,466.602,38.246,31.642
0,S-M#1,M/M (Driver B),60.0,192.068,331.46,35.642,29.348
0,S-M#1,M/M (Driver B),60.0,197.854,847.558,47.619,27.397
0,S-M#1,M/M (Driver B),60.0,236.699,397.749,46.875,33.563
0,S-M#1,M/M (Driver B),60.0,358.004,732.012,20.152,52.305
0,S-M#1,M/M (Driver B),60.0,353.469,1146.794,32.086,53.108
0,S-M#1,M/M (Driver B),60.0,278.376,861.593,92.329,37.94
0,S-M#1,M/M (Driver B),60.0,325.905,402.594,29.811,42.944
0,S-M#1,M/M (Driver B),60.0,263.476,166.412,13.755,38.89
0,S-M#1,M/M (Driver B),60.0,194.344,186.788,30.486,30.117
0,S-M#1,M/M (Driver B),60.0,199.105,306.2,28.646,33.809
0,S-M#1,M/M (Driver B),60.0,185.709,396.611,20.972,40.285
0,S-M#1,M/M (Driver B),60.0,159.723,579.645,15.428,47.552
0,S-M#1,M/M (Driver B),60.0,106.362,588.552,28.104,33.798
0,S-M#1,M/M (Driver B),60.0,86.968,665.723,32.704,21.558
0,S-M#1,M/M (Driver B),60.0,77.903,322.994,47.955,17.445
0,S-M#1,M/M (Driver B),60.0,56.187,469.752,52.052,11.568
0,S-M#1,M/M (Driver B),60.0,24.363,425.241,35.822,4.021
0,S-M#1,M/M (Driver B),60.0,35.108,177.864,8.318,4.86
0,S-M#1,M/M (Driver B),60.0,52.457,58.088,11.846,6.938
0,S-M#1,M/M (Driver B),60.0,49.304,126.879,23.0,6.57
0,S-M#1,M/M (Driver B),60.0,91.801,399.383,38.572,14.062
0,S-M#1,M/M (Driver B),60.0,127.203,917.801,18.069,22.831
0,S-M#1,M/M (Driver B),60.0,181.339,430.624,33.204,33.37
0,S-M#1,M/M (Driver B),60.0,214.347,739.291,21.517,44.189
0,S-M#1,M/M (Driver B),60.0,185.939,350.984,24.081,41.97
0,S-M#1,M/M (Driver B),60.0,210.864,337.415,31.274,48.444
0,S-M#1,M/M (Driver B),60.0,242.838,419.085,13.229,46.029
0,S-M#1,M/M (Driver B),60.0,259.846,775.516,23.963,40.912
0,S-M#1,M/M (Driver B),60.0,236.964,810.374,36.02,36.533
0,S-M#1,M/M (Driver B),60.0,210.074,774.694,36.297,29.878
0,S-M#1,M/M (Driver B),60.0,189.597,302.373,32.649,26.756
0,S-M#1,M/M (Driver B),60.0,144.733,724.522,36.291,21.064
0,S-M#1,M/M (Driver B),60.0,168.274,856.02,41.578,24.861
0,S-M#1,M/M (Driver B),60.0,177.978,794.688,36.903,27.437
0,S-M#1,M/M (Driver B),60.0,242.427,682.169,35.628,37.941
0,S-M#1,M/M (Driver B),60.0,290.877,842.636,48.86,45.433
0,S-M#1,M/M (Driver B),60.0,268.846,557.157,55.479,40.377
0,S-M#1,M/M (Driver B),60.0,252.615,469.66,46.44,38.948
0,S-M#1,M/M (Driver B),60.0,167.912,252.994,15.58,26.117
0,S-M#1,M/M (Driver B),60.0,70.826,89.694,6.26,10.974
0,S-M#1,M/M (Driver B),60.0,141.987,107.092,19.332,21.98
0,S-M#1,M/M (Driver B),60.0,195.257,279.344,23.924,33.187
0,S-M#1,M/M (Driver B),60.0,243.897,266.578,23.956,46.211
0,S-M#1,M/M (Driver B),60.0,276.76,177.316,46.469,49.47
0,S-M#1,M/M (Driver B),60.0,314.603,91.275,43.759,56.615
0,S-M#1,M/M (Driver B),60.0,293.496,330.294,45.369,53.924
0,S-M#1,M/M (Driver B),60.0,278.039,151.344,45.385,51.046
0,S-M#1,M/M (Driver B),60.0,260.273,445.211,41.786,43.586
0,S-M#1,M/M (Driver B),60.0,269.053,749.391,45.978,42.162
0,S-M#1,M/M (Driver B),60.0,214.278,934.091,36.533,34.813
0,S-M#1,M/M (Driver B),60.0,108.336,531.613,42.987,18.032
0,S-M#1,M/M (Driver B),60.0,151.508,290.772,31.912,25.326
0,S-M#1,M/M (Driver B),60.0,154.546,307.715,35.107,26.121
0,S-M#1,M/M (Driver B),60.0,205.74,425.695,24.383,36.42
0,S-M#1,M/M (Driver B),60.0,191.37,346.463,19.936,34.791
0,S-M#1,M/M (Driver B),60.0,208.674,426.377,20.156,36.931
0,S-M#1,M/M (Driver B),60.0,216.025,580.059,24.385,36.744
0,S-M#1,M/M (Driver B),60.0,261.187,864.7,26.979,42.461
0,S-M#1,M/M (Driver B),60.0,281.025,1098.71,32.474,44.773
0,S-M#1,M/M (Driver B),60.0,252.646,107.728,39.847,38.078
0,S-M#1,M/M (Driver B),60.0,168.939,131.859,39.927,24.49
0,S-M#1,M/M (Driver B),60.0,211.098,106.699,34.004,30.16
0,S-M#1,M/M (Driver B),60.0,244.949,79.66,27.54,35.233
0,S-M#1,M/M (Driver B),60.0,205.273,105.18,31.907,30.058
0,S-M#1,M/M (Driver B),60.0,204.608,86.313,29.109,30.454
0,S-M#1,M/M (Driver B),60.0,207.692,89.255,29.688,31.056
0,S-M#1,M/M (Driver B),60.0,197.218,169.095,24.118,31.624
0,S-M#1,M/M (Driver B),60.0,136.516,264.694,18.774,26.572
0,S-M#1,M/M (Driver B),60.0,116.466,245.926,10.815,24.646
0,S-M#1,M/M (Driver B),60.0,137.758,241.14,13.472,29.624
0,S-M#1,M/M (Driver B),60.0,123.586,223.811,12.162,25.957
0,S-M#1,M/M (Driver B),60.0,114.12,196.923,8.253,25.178
0,S-M#1,M/M (Driver B),60.0,73.242,385.482,7.379,15.548
0,S-M#1,M/M (Driver B),60.0,123.244,461.283,11.65,21.328
0,S-M#1,M/M (Driver B),60.0,101.966,91.213,19.326,17.541
0,S-M#1,M/M (Driver B),60.0,133.342,193.761,14.339,24.003
0,S-M#1,M/M (Driver B),60.0,162.501,329.394,17.114,30.929
0,S-M#1,M/M (Driver B),60.0,118.252,389.972,27.274,22.534
0,S-M#1,M/M (Driver B),60.0,105.686,137.771,34.214,19.946
0,S-M#1,M/M (Driver B),60.0,57.699,886.929,28.201,11.673
0,S-M#1,M/M (Driver B),60.0,58.98,714.196,28.217,12.222
0,S-M#1,M/M (Driver B),60.0,12.77,225.554,28.105,2.647
0,S-M#1,M/M (Driver B),60.0,26.827,156.501,27.93,5.519
0,S-M#1,M/M (Driver B),60.0,69.552,158.404,21.627,14.345
0,S-M#1,M/M (Driver B),60.0,59.736,191.905,26.947,12.067
0,S-M#1,M/M (Driver B),60.0,111.526,163.752,40.879,21.974
0,S-M#1,M/M (Driver B),60.0,156.862,195.544,31.894,28.263
0,S-M#1,M/M (Driver B),60.0,152.731,137.512,48.26,24.443
0,S-M#1,M/M (Driver B),60.0,221.207,227.409,46.294,32.233
0,S-M#1,M/M (Driver B),60.0,164.612,321.825,71.462,22.015
0,S-M#1,M/M (Driver B),60.0,199.252,339.989,46.209,25.337
0,S-M#1,M/M (Driver B),60.0,172.297,552.726,63.27,20.348
0,S-M#1,M/M (Driver B),60.0,161.459,563.496,88.129,18.197
0,S-M#1,M/M (Driver B),60.0,160.986,50.139,73.667,18.363
0,S-M#1,M/M (Driver B),60.0,178.345,196.579,60.956,20.88
0,S-M#1,M/M (Driver B),60.0,155.909,139.929,62.609,19.044
0,S-M#1,M/M (Driver B),60.0,147.72,73.618,53.327,18.553
0,S-M#1,M/M (Driver B),60.0,131.586,153.004,42.941,16.866
0,S-M#1,M/M (Driver B),60.0,108.374,84.402,40.6,14.428
0,S-M#1,M/M (Driver B),60.0,133.439,170.101,33.912,18.148
0,S-M#1,M/M (Driver B),60.0,100.676,119.174,42.37,14.122
0,S-M#1,M/M (Driver B),60.0,95.964,329.708,47.167,13.649
0,S-M#1,M/M (Driver B),60.0,118.017,86.786,53.916,16.978
0,S-M#1,M/M (Driver B),60.0,155.124,436.025,33.688,23.609
0,S-M#1,M/M (Driver B),60.0,167.49,427.674,35.765,26.087
0,S-M#1,M/M (Driver B),60.0,148.561,66.612,31.811,23.28
0,S-M#1,M/M (Driver B),60.0,139.918,91.529,31.171,23.14
0,S-M#1,M/M (Driver B),60.0,64.558,271.388,26.627,11.573
0,S-M#1,M/M (Driver B),60.0,56.618,397.227,38.274,10.729
0,S-M#1,M/M (Driver B),60.0,77.738,478.734,47.24,14.198
0,S-M#1,M/M (Driver B),60.0,57.825,136.874,60.477,9.599
0,S-M#1,M/M (Driver B),60.0,20.71,285.538,77.849,3.137
0,S-M#1,M/M (Driver B),60.0,29.372,619.442,52.963,3.807
0,S-M#1,M/M (Driver B),60.0,76.273,823.383,93.501,8.543
0,S-M#1,M/M (Driver B),60.0,119.597,697.37,108.0,11.906
0,S-M#1,M/M (Driver B),60.0,104.813,444.752,102.836,9.649
0,S-M#1,M/M (Driver B),60.0,135.817,321.917,93.872,12.14
0,S-M#1,M/M (Driver B),60.0,204.377,483.736,73.105,17.94
0,S-M#1,M/M (Driver B),60.0,200.259,263.276,45.048,17.446
0,S-M#1,M/M (Driver B),60.0,161.341,280.382,63.789,13.889
0,S-M#1,M/M (Driver B),60.0,161.097,599.936,65.248,13.734
0,S-M#1,M/M (Driver B),60.0,166.934,738.329,81.328,14.104
0,S-M#1,M/M (Driver B),60.0,176.265,258.404,82.078,14.843
0,S-M#1,M/M (Driver B),60.0,127.584,247.857,62.658,11.794
0,S-M#1,M/M (Driver B),60.0,129.903,168.913,48.003,13.269
0,S-M#1,M/M (Driver B),60.0,118.458,525.905,13.948,11.893
0,S-M#1,M/M (Driver B),60.0,186.899,827.239,41.069,18.601
0,S-M#1,M/M (Driver B),60.0,287.435,1151.857,63.106,28.281
0,S-M#1,M/M (Driver B),60.0,302.042,1248.475,82.416,29.173
0,S-M#1,M/M (Driver B),60.0,279.192,1207.004,105.153,23.959
0,S-M#1,M/M (Driver B),60.0,196.245,174.918,124.353,15.23
0,S-M#1,M/M (Driver B),60.0,144.451,248.74,132.448,11.213
0,S-M#1,M/M (Driver B),60.0,145.407,336.856,145.308,11.278
0,S-M#1,M/M (Driver B),60.0,229.205,431.845,159.89,17.771
0,S-M#1,M/M (Driver B),60.0,287.118,763.271,178.824,22.28
0,S-M#1,M/M (Driver B),60.0,283.522,692.358,153.381,22.501
0,S-M#1,M/M (Driver B),60.0,262.083,691.426,170.563,21.818
0,S-M#1,M/M (Driver B),60.0,143.661,624.562,143.742,13.065
0,S-M#1,M/M (Driver B),60.0,45.417,666.375,105.444,5.086
0,S-M#1,M/M (Driver B),60.0,107.895,551.988,60.428,14.536
0,S-M#1,M/M (Driver B),60.0,167.168,1056.286,40.08,25.266
0,S-M#1,M/M (Driver B),60.0,151.948,1103.713,52.152,25.397
0,S-M#1,M/M (Driver B),60.0,119.432,658.002,72.394,20.04
0,S-M#1,M/M (Driver B),60.0,85.328,412.375,74.476,13.323
0,S-M#1,M/M (Driver B),60.0,131.301,655.757,80.944,16.642
0,S-M#1,M/M (Driver B),60.0,179.912,1413.958,104.03,20.388
0,S-M#1,M/M (Driver B),60.0,146.396,1290.309,140.445,15.996
0,S-M#1,M/M (Driver B),60.0,150.962,23.298,97.897,15.712
0,S-M#1,M/M (Driver B),60.0,211.87,193.82,97.14,21.554
0,S-M#1,M/M (Driver B),60.0,181.653,414.98,105.397,18.134
0,S-M#1,M/M (Driver B),60.0,141.441,469.066,103.325,13.892
0,S-M#1,M/M (Driver B),60.0,95.39,320.551,93.378,9.411
0,S-M#1,M/M (Driver B),60.0,47.862,163.963,84.077,4.835
0,S-M#1,M/M (Driver B),60.0,39.241,962.963,90.438,4.02
0,S-M#1,M/M (Driver B),60.0,112.648,682.808,88.169,11.766
0,S-M#1,M/M (Driver B),60.0,214.526,715.172,93.797,22.802
0,S-M#1,M/M (Driver B),60.0,214.057,342.859,76.182,22.845
0,S-M#1,M/M (Driver B),60.0,196.413,395.08,82.414,20.607
0,S-M#1,M/M (Driver B),60.0,224.114,90.295,81.972,23.511
0,S-M#1,M/M (Driver B),60.0,173.532,102.22,69.93,18.527
0,S-M#1,M/M (Driver B),60.0,104.838,63.57,88.721,11.308
0,S-M#1,M/M (Driver B),60.0,91.517,151.994,86.184,9.989
0,S-M#1,M/M (Driver B),60.0,45.102,285.379,88.867,5.081
0,S-M#1,M/M (Driver B),60.0,50.408,236.071,93.274,5.888
0,S-M#1,M/M (Driver B),60.0,68.65,273.095,96.823,8.137
0,S-M#1,M/M (Driver B),60.0,82.337,110.701,79.744,9.934
0,S-M#1,M/M (Driver B),60.0,75.297,109.996,69.377,9.53
0,S-M#1,M/M (Driver B),60.0,119.901,114.179,62.354,16.139
0,S-M#1,M/M (Driver B),60.0,155.35,191.167,55.37,22.402
0,S-M#1,M/M (Driver B),60.0,143.175,269.151,51.548,22.067
0,S-M#1,M/M (Driver B),60.0,101.8,201.587,45.607,16.856
0,S-M#1,M/M (Driver B),60.0,93.252,709.943,52.162,16.585
0,S-M#1,M/M (Driver B),60.0,85.08,529.135,46.836,15.716
0,S-M#1,M/M (Driver B),60.0,36.98,17.46,33.407,6.948
0,S-M#1,M/M (Driver B),60.0,68.866,195.395,21.453,13.163
0,S-M#1,M/M (Driver B),60.0,125.735,150.618,17.214,24.445
0,S-M#1,M/M (Driver B),60.0,117.048,62.769,13.46,23.219
0,S-M#1,M/M (Driver B),60.0,118.557,258.037,11.091,22.723
0,S-M#1,M/M (Driver B),60.0,166.87,103.089,22.58,32.4
0,S-M#1,M/M (Driver B),60.0,150.905,222.64,14.511,32.938
0,S-M#1,M/M (Driver B),60.0,204.504,422.14,26.65,46.457
0,S-M#1,M/M (Driver B),60.0,182.839,75.726,12.905,40.458
0,S-M#1,M/M (Driver B),60.0,219.34,235.873,20.942,43.432
0,S-M#1,M/M (Driver B),60.0,220.464,662.897,31.942,41.276
0,S-M#1,M/M (Driver B),60.0,204.364,468.156,15.322,36.517
0,S-M#1,M/M (Driver B),60.0,253.02,868.067,22.155,42.186
0,S-M#1,M/M (Driver B),60.0,216.678,903.187,9.524,39.979
0,S-M#1,M/M (Driver B),60.0,209.802,374.108,7.725,44.032
0,S-M#1,M/M (Driver B),60.0,215.534,609.263,2.726,54.889
0,S-M#1,M/M (Driver B),60.0,168.512,446.104,1.564,61.579
0,S-M#1,M/M (Driver B),60.0,159.557,322.862,7.532,72.168
0,S-M#1,M/M (Driver B),60.0,111.781,80.189,4.09,51.819
0,S-M#1,M/M (Driver B),60.0,104.21,258.205,41.481,33.248
0,S-M#1,M/M (Driver B),60.0,66.028,422.959,10.062,16.682
0,S-M#1,M/M (Driver B),60.0,83.124,379.742,38.322,17.771
0,S-M#1,M/M (Driver B),60.0,71.619,679.106,17.143,12.575
0,S-M#1,M/M (Driver B),60.0,83.886,853.037,35.937,13.52
0,S-M#1,M/M (Driver B),60.0,138.307,738.947,27.776,21.133
0,S-M#1,M/M (Driver B),60.0,178.877,226.372,43.574,27.114
0,S-M#1,M/M (Driver B),60.0,228.166,35.957,23.739,34.935
0,S-M#1,M/M (Driver B),60.0,229.432,513.002,27.593,37.242
0,S-M#1,M/M (Driver B),60.0,224.6,245.201,10.923,44.458
0,S-M#1,M/M (Driver B),60.0,164.641,233.974,6.365,40.973
0,S-M#1,M/M (Driver B),60.0,124.354,334.297,4.547,41.535
0,S-M#1,M/M (Driver B),60.0,91.665,444.979,1.262,48.287
0,S-M#1,M/M (Driver B),60.0,53.144,496.225,1.693,41.612
0,S-M#1,M/M (Driver B),60.0,33.622,159.769,3.299,17.538
0,S-M#1,M/M (Driver B),60.0,37.632,383.711,8.196,9.601
0,S-M#1,M/M (Driver B),60.0,53.048,594.771,5.571,8.797
0,S-M#1,M/M (Driver B),60.0,83.615,790.722,2.02,10.457
0,S-M#1,M/M (Driver B),60.0,89.182,901.936,2.472,9.708
0,S-M#1,M/M (Driver B),60.0,127.696,473.597,13.612,12.604
0,S-M#1,M/M (Driver B),60.0,120.058,403.704,22.08,11.289
0,S-M#1,M/M (Driver B),60.0,59.702,307.446,2.289,5.546
0,S-M#1,M/M (Driver B),60.0,123.155,442.181,9.843,11.387
0,S-M#1,M/M (Driver B),60.0,204.916,444.648,8.873,18.641
0,S-M#1,M/M (Driver B),60.0,295.61,817.806,10.27,24.693
0,S-M#1,M/M (Driver B),60.0,357.954,213.485,18.687,28.269
0,S-M#1,M/M (Driver B),60.0,325.904,141.225,15.62,26.216
0,S-M#1,M/M (Driver B),60.0,242.158,164.288,13.8,21.355
0,S-M#1,M/M (Driver B),60.0,158.052,285.406,11.743,16.03
0,S-M#1,M/M (Driver B),60.0,103.851,361.43,15.426,11.817
0,S-M#1,M/M (Driver B),60.0,26.79,320.224,8.164,3.466
0,S-M#1,M/M (Driver B),60.0,50.969,531.471,7.679,7.81
0,S-M#1,M/M (Driver B),60.0,86.558,547.973,8.112,17.781
0,S-M#1,M/M (Driver B),60.0,139.667,394.991,5.468,35.763
0,S-M#1,M/M (Driver B),60.0,168.685,717.901,3.757,41.495
0,S-M#1,M/M (Driver B),60.0,210.374,361.196,6.695,51.96
0,S-M#1,M/M (Driver B),60.0,161.019,282.106,6.839,37.655
0,S-M#1,M/M (Driver B),60.0,132.714,385.222,6.013,28.178
0,S-M#1,M/M (Driver B),60.0,183.89,513.829,16.902,31.672
0,S-M#1,M/M (Driver B),60.0,242.621,693.186,6.779,37.501
0,S-M#1,M/M (Driver B),60.0,244.482,844.848,13.845,35.188
0,S-M#1,M/M (Driver B),60.0,223.017,450.907,10.503,30.501
0,S-M#1,M/M (Driver B),60.0,165.325,340.539,6.748,21.37
0,S-M#1,M/M (Driver B),60.0,151.043,447.429,6.906,18.799
0,S-M#1,M/M (Driver B),60.0,91.384,333.043,23.929,10.581
0,S-M#1,M/M (Driver B),60.0,73.381,1118.771,30.11,7.536
0,S-M#1,M/M (Driver B),60.0,100.757,757.101,12.77,9.874
0,S-M#1,M/M (Driver B),60.0,91.678,1509.51,55.206,8.717
0,S-M#1,M/M (Driver B),60.0,146.966,1645.708,94.196,13.777
0,S-M#1,M/M (Driver B),60.0,167.525,63.9,72.163,15.857
0,S-M#1,M/M (Driver B),60.0,147.518,661.049,37.466,14.143
0,S-M#1,M/M (Driver B),60.0,256.302,1674.927,53.06,25.14
0,S-M#1,M/M (Driver B),60.0,213.001,1253.056,46.858,21.204
0,S-M#1,M/M (Driver B),60.0,288.145,1324.722,109.155,31.414
0,S-M#1,M/M (Driver B),60.0,181.468,480.681,60.378,22.568
0,S-M#1,M/M (Driver B),60.0,159.907,346.122,62.364,21.206
0,S-M#1,M/M (Driver B),60.0,183.884,368.325,64.514,27.028
0,S-M#1,M/M (Driver B),60.0,180.344,622.491,74.494,34.592
0,S-M#1,M/M (Driver B),60.0,180.044,1047.502,36.521,43.289
0,S-M#1,M/M (Driver B),60.0,41.67,571.076,35.54,9.051
0,S-M#1,M/M (Driver B),60.0,82.193,142.363,44.373,16.137
0,S-M#1,M/M (Driver B),60.0,60.465,150.036,38.796,12.022
0,S-M#1,M/M (Driver B),60.0,43.316,436.262,24.187,8.2
0,S-M#1,M/M (Driver B),60.0,82.591,519.594,15.206,14.97
0,S-M#1,M/M (Driver B),60.0,97.986,272.952,17.62,19.934
0,S-M#1,M/M (Driver B),60.0,132.936,444.309,6.983,36.282
0,S-M#1,M/M (Driver B),60.0,121.95,342.662,7.21,40.71
0,S-M#1,M/M (Driver B),60.0,119.535,591.219,4.92,46.594
0,S-M#1,M/M (Driver B),60.0,53.539,285.905,5.791,30.112
0,S-M#1,M/M (Driver B),60.0,36.354,102.765,7.481,21.527
0,S-M#1,M/M (Driver B),60.0,33.363,100.889,7.7,19.455
0,S-M#1,M/M (Driver B),60.0,43.02,77.416,3.725,25.76
0,S-M#1,M/M (Driver B),120.0,1640.034,1589.046,238.541,91.278
0,S-M#1,M/M (Driver B),120.0,1479.166,1384.378,260.089,76.914
0,S-M#1,M/M (Driver B),120.0,587.601,1878.438,381.716,28.561
0,S-M#1,M/M (Driver B),120.0,587.402,2817.748,401.73,27.767
0,S-M#1,M/M (Driver B),120.0,637.055,3082.564,370.68,30.312
0,S-M#1,M/M (Driver B),120.0,568.892,2564.199,303.757,27.03
0,S-M#1,M/M (Driver B),120.0,256.556,1280.914,180.332,11.909
0,S-M#1,M/M (Driver B),120.0,132.598,147.303,110.103,6.088
0,S-M#1,M/M (Driver B),120.0,360.786,566.358,16.889,16.951
0,S-M#1,M/M (Driver B),120.0,636.698,489.185,69.604,31.103
0,S-M#1,M/M (Driver B),120.0,866.948,574.125,127.413,44.169
0,S-M#1,M/M (Driver B),120.0,853.798,269.671,125.174,45.189
0,S-M#1,M/M (Driver B),120.0,638.219,238.724,50.955,32.464
0,S-M#1,M/M (Driver B),120.0,404.764,273.05,42.743,20.325
0,S-M#1,M/M (Driver B),120.0,272.996,218.254,130.74,13.965
0,S-M#1,M/M (Driver B),120.0,173.87,149.355,176.435,9.175
0,S-M#1,M/M (Driver B),120.0,209.856,280.117,145.879,11.184
0,S-M#1,M/M (Driver B),120.0,299.675,336.613,217.925,15.758
0,S-M#1,M/M (Driver B),120.0,340.758,656.54,311.82,17.415
0,S-M#1,M/M (Driver B),120.0,423.511,723.695,392.314,21.166
0,S-M#1,M/M (Driver B),120.0,513.234,970.839,448.157,25.448
0,S-M#1,M/M (Driver B),120.0,477.32,858.108,467.071,23.577
0,S-M#1,M/M (Driver B),120.0,767.877,1361.005,428.029,37.704
0,S-M#1,M/M (Driver B),120.0,427.046,823.219,389.044,21.87
0,S-M#1,M/M (Driver B),120.0,372.549,1300.278,320.042,21.038
0,S-M#1,M/M (Driver B),120.0,283.682,1269.35,246.435,18.255
0,S-M#1,M/M (Driver B),120.0,284.593,685.421,211.856,19.982
0,S-M#1,M/M (Driver B),120.0,183.001,1538.428,150.45,13.064
0,S-M#1,M/M (Driver B),120.0,124.27,1231.965,130.119,8.94
0,S-M#1,M/M (Driver B),120.0,271.576,2003.229,149.418,20.683
0,S-M#1,M/M (Driver B),120.0,240.308,1679.119,133.306,19.478
0,S-M#1,M/M (Driver B),120.0,187.326,1205.227,156.322,16.054
0,S-M#1,M/M (Driver B),120.0,167.605,1048.767,165.809,15.115
0,S-M#1,M/M (Driver B),120.0,198.109,817.731,186.881,18.838
0,S-M#1,M/M (Driver B),120.0,153.805,119.712,167.373,15.979
0,S-M#1,M/M (Driver B),120.0,178.975,783.815,208.463,18.659
0,S-M#1,M/M (Driver B),120.0,179.006,783.552,188.252,18.658
0,S-M#1,M/M (Driver B),120.0,130.595,651.346,78.285,13.044
0,S-M#1,M/M (Driver B),120.0,188.946,1331.306,60.668,18.254
0,S-M#1,M/M (Driver B),120.0,263.088,119.499,56.288,25.112
0,S-M#1,M/M (Driver B),120.0,358.204,472.382,81.61,33.934
0,S-M#1,M/M (Driver B),120.0,409.581,1260.82,98.335,38.365
0,S-M#1,M/M (Driver B),120.0,495.546,1505.964,117.275,47.648
0,S-M#1,M/M (Driver B),120.0,570.535,1500.772,141.81,55.761
0,S-M#1,M/M (Driver B),120.0,559.846,1728.195,139.49,55.705
0,S-M#1,M/M (Driver B),120.0,519.292,1480.761,129.158,52.914
0,S-M#1,M/M (Driver B),120.0,314.686,1245.381,119.115,30.594
0,S-M#1,M/M (Driver B),120.0,1120.303,1031.952,712.884,101.143
0,S-M#1,M/M (Driver B),120.0,1198.554,1091.78,775.973,102.749
0,S-M#1,M/M (Driver B),120.0,351.384,381.306,93.516,30.059
0,S-M#1,M/M (Driver B),120.0,252.082,1702.123,77.093,23.543
0,S-M#1,M/M (Driver B),120.0,267.494,1674.667,76.744,27.279
0,S-M#1,M/M (Driver B),120.0,260.623,440.738,63.714,28.317
0,S-M#1,M/M (Driver B),120.0,201.23,430.373,50.124,22.312
0,S-M#1,M/M (Driver B),120.0,265.064,996.864,64.317,29.275
0,S-M#1,M/M (Driver B),120.0,323.711,965.332,52.606,38.492
0,S-M#1,M/M (Driver B),120.0,321.543,446.761,63.635,40.787
0,S-M#1,M/M (Driver B),120.0,247.991,515.665,51.68,32.596
0,S-M#1,M/M (Driver B),120.0,190.758,526.87,30.832,24.698
0,S-M#1,M/M (Driver B),120.0,91.193,451.105,30.101,11.356
0,S-M#1,M/M (Driver B),120.0,21.356,525.512,29.701,2.491
0,S-M#1,M/M (Driver B),120.0,89.961,444.446,40.969,9.608
0,S-M#1,M/M (Driver B),120.0,212.257,527.672,27.151,19.923
0,S-M#1,M/M (Driver B),120.0,268.442,760.333,43.253,23.638
0,S-M#1,M/M (Driver B),120.0,351.463,1037.522,58.964,29.612
0,S-M#1,M/M (Driver B),120.0,365.326,1282.226,59.079,30.183
0,S-M#1,M/M (Driver B),120.0,482.871,1368.554,56.22,39.88
0,S-M#1,M/M (Driver B),120.0,597.958,1182.718,46.928,47.284
0,S-M#1,M/M (Driver B),120.0,638.712,2015.064,41.073,47.778
0,S-M#1,M/M (Driver B),120.0,679.115,447.976,29.782,50.11
0,S-M#1,M/M (Driver B),120.0,713.69,347.002,6.935,57.075
0,S-M#1,M/M (Driver B),120.0,534.935,206.09,28.325,47.372
0,S-M#1,M/M (Driver B),120.0,430.068,424.711,23.517,42.33
0,S-M#1,M/M (Driver B),120.0,375.822,713.147,15.875,42.2
0,S-M#1,M/M (Driver B),120.0,284.081,813.958,25.918,36.954
0,S-M#1,M/M (Driver B),120.0,193.926,948.492,38.717,24.657
0,S-M#1,M/M (Driver B),120.0,242.946,1156.975,33.618,29.464
0,S-M#1,M/M (Driver B),120.0,269.92,1263.633,31.135,31.294
0,S-M#1,M/M (Driver B),120.0,263.679,1464.211,12.003,29.237
0,S-M#1,M/M (Driver B),120.0,301.48,1195.477,28.493,31.971
0,S-M#1,M/M (Driver B),120.0,314.975,1903.135,47.794,32.356
0,S-M#1,M/M (Driver B),120.0,331.338,1086.956,62.722,31.938
0,S-M#1,M/M (Driver B),120.0,336.701,1116.874,68.512,29.76
0,S-M#1,M/M (Driver B),120.0,381.717,1190.466,89.756,31.533
0,S-M#1,M/M (Driver B),120.0,458.373,1274.204,121.367,34.615
0,S-M#1,M/M (Driver B),120.0,719.664,1367.128,362.44,49.571
0,S-M#1,M/M (Driver B),120.0,673.095,743.441,233.63,42.847
0,S-M#1,M/M (Driver B),120.0,718.989,1063.151,306.644,45.594
0,S-M#1,M/M (Driver B),120.0,715.967,886.033,306.755,46.371
0,S-M#1,M/M (Driver B),120.0,638.812,837.611,291.216,42.373
0,S-M#1,M/M (Driver B),120.0,489.47,1139.128,320.141,33.021
0,S-M#1,M/M (Driver B),120.0,478.845,1411.305,330.796,32.956
0,S-M#1,M/M (Driver B),120.0,469.361,1391.261,338.951,33.128
0,S-M#1,M/M (Driver B),120.0,504.866,1038.417,325.745,36.326
0,S-M#1,M/M (Driver B),120.0,455.552,1624.649,325.516,32.131
0,S-M#1,M/M (Driver B),120.0,421.14,699.672,307.293,28.783
0,S-M#1,M/M (Driver B),120.0,464.729,458.276,285.478,31.837
0,S-M#1,M/M (Driver B),120.0,409.481,334.92,254.734,29.433
0,S-M#1,M/M (Driver B),120.0,364.809,387.518,210.741,28.39
0,S-M#1,M/M (Driver B),120.0,281.811,345.886,180.302,22.807
0,S-M#1,M/M (Driver B),120.0,340.308,2161.918,175.107,27.534
0,S-M#1,M/M (Driver B),120.0,366.361,781.512,143.804,29.632
0,S-M#1,M/M (Driver B),120.0,364.197,496.193,126.161,29.618
0,S-M#1,M/M (Driver B),120.0,349.284,1473.652,106.763,29.417
0,S-M#1,M/M (Driver B),120.0,321.894,1124.313,59.065,30.121
0,S-M#1,M/M (Driver B),120.0,323.479,1240.279,42.236,34.163
0,S-M#1,M/M (Driver B),120.0,339.524,1464.396,37.711,37.923
0,S-M#1,M/M (Driver B),120.0,322.755,1459.642,12.125,37.266
0,S-M#1,M/M (Driver B),120.0,332.649,1505.191,8.111,39.106
0,S-M#1,M/M (Driver B),120.0,300.191,395.513,33.808,33.45
0,S-M#1,M/M (Driver B),120.0,288.709,885.904,19.735,29.355
0,S-M#1,M/M (Driver B),120.0,277.685,1189.0,15.123,28.763
0,S-M#1,M/M (Driver B),120.0,214.261,1330.944,29.274,25.084
0,S-M#1,M/M (Driver B),120.0,207.117,1014.957,26.14,27.836
0,S-M#1,M/M (Driver B),120.0,191.816,757.436,26.702,26.721
0,S-M#1,M/M (Driver B),120.0,183.693,445.839,36.563,24.923
0,S-M#1,M/M (Driver B),120.0,193.308,741.872,51.842,23.914
0,S-M#1,M/M (Driver B),120.0,242.271,535.795,49.284,27.325
0,S-M#1,M/M (Driver B),120.0,296.204,205.003,39.222,33.116
0,S-M#1,M/M (Driver B),120.0,280.495,319.308,33.723,32.548
0,S-M#1,M/M (Driver B),120.0,256.046,374.142,30.323,30.451
0,S-M#1,M/M (Driver B),120.0,241.967,534.754,22.749,29.96
0,S-M#1,M/M (Driver B),120.0,240.044,1092.204,16.646,30.571
0,S-M#1,M/M (Driver B),120.0,219.323,539.692,6.852,26.924
0,S-M#1,M/M (Driver B),120.0,218.295,537.706,62.998,25.028
0,S-M#1,M/M (Driver B),120.0,271.002,769.494,22.831,30.677
0,S-M#1,M/M (Driver B),120.0,254.747,1500.793,23.669,31.53
0,S-M#1,M/M (Driver B),120.0,234.998,1354.967,23.811,30.001
0,S-M#1,M/M (Driver B),120.0,186.704,1302.196,25.6,23.388
0,S-M#1,M/M (Driver B),120.0,161.733,1384.627,10.192,20.73
0,S-M#1,M/M (Driver B),120.0,134.515,1329.799,10.885,18.808
0,S-M#1,M/M (Driver B),120.0,133.337,416.481,16.843,17.957
0,S-M#1,M/M (Driver B),120.0,154.316,472.398,8.07,19.86
0,S-M#1,M/M (Driver B),120.0,225.22,613.266,8.063,28.991
0,S-M#1,M/M (Driver B),120.0,220.98,658.836,13.668,27.628
0,S-M#1,M/M (Driver B),120.0,257.762,833.083,13.636,31.804
0,S-M#1,M/M (Driver B),120.0,366.735,415.104,138.215,48.171
0,S-M#1,M/M (Driver B),120.0,884.015,723.182,679.234,110.422
0,S-M#1,M/M (Driver B),120.0,350.524,719.781,44.342,39.96
0,S-M#1,M/M (Driver B),120.0,433.3,85.808,10.678,47.552
0,S-M#1,M/M (Driver B),120.0,457.986,316.687,25.642,53.082
0,S-M#1,M/M (Driver B),120.0,472.77,734.082,69.239,57.024
0,S-M#1,M/M (Driver B),120.0,501.619,1555.237,38.818,59.684
0,S-M#1,M/M (Driver B),120.0,464.924,509.516,20.112,52.334
0,S-M#1,M/M (Driver B),120.0,361.188,240.483,27.253,38.747
0,S-M#1,M/M (Driver B),120.0,271.592,230.927,9.312,26.288
0,S-M#1,M/M (Driver B),120.0,228.189,400.227,45.042,20.55
0,S-M#1,M/M (Driver B),120.0,212.703,874.126,38.905,17.625
0,S-M#1,M/M (Driver B),120.0,152.808,1006.537,155.869,10.942
0,S-M#1,M/M (Driver B),120.0,186.302,1660.402,33.496,12.167
0,S-M#1,M/M (Driver B),120.0,190.791,1883.394,2.348,11.819
0,S-M#1,M/M (Driver B),120.0,166.977,2276.662,4.663,10.082
0,S-M#1,M/M (Driver B),120.0,145.106,1830.387,32.38,8.467
0,S-M#1,M/M (Driver B),120.0,124.518,2191.537,28.263,6.903
0,S-M#1,M/M (Driver B),120.0,227.785,2377.558,67.272,11.806
0,S-M#1,M/M (Driver B),120.0,499.381,232.894,45.13,25.627
0,S-M#1,M/M (Driver B),120.0,492.964,259.262,75.653,25.23
0,S-M#1,M/M (Driver B),120.0,409.769,593.702,110.112,21.377
0,S-M#1,M/M (Driver B),120.0,497.191,863.388,128.469,27.106
0,S-M#1,M/M (Driver B),120.0,479.641,861.398,98.741,29.081
0,S-M#1,M/M (Driver B),120.0,400.025,804.482,65.462,27.575
0,S-M#1,M/M (Driver B),120.0,327.676,778.179,65.75,25.909
0,S-M#1,M/M (Driver B),120.0,279.027,773.342,61.186,25.494
0,S-M#1,M/M (Driver B),120.0,288.518,774.201,66.801,29.743
0,S-M#1,M/M (Driver B),120.0,306.981,745.617,74.181,32.289
0,S-M#1,M/M (Driver B),120.0,293.546,1515.959,95.453,30.596
0,S-M#1,M/M (Driver B),120.0,214.646,1583.337,118.423,22.602
0,S-M#1,M/M (Driver B),120.0,210.676,1591.589,122.943,23.824
0,S-M#1,M/M (Driver B),120.0,340.446,1616.497,120.188,44.402
0,S-M#1,M/M (Driver B),120.0,317.977,1390.096,101.609,49.369
0,S-M#1,M/M (Driver B),120.0,270.375,395.013,79.676,47.669
0,S-M#1,M/M (Driver B),120.0,369.484,583.173,94.745,61.766
0,S-M#1,M/M (Driver B),120.0,435.612,603.776,84.828,70.335
0,S-M#1,M/M (Driver B),120.0,435.666,606.398,72.713,70.044
0,S-M#1,M/M (Driver B),120.0,430.566,607.342,65.204,69.214
0,S-M#1,M/M (Driver B),120.0,443.483,248.798,24.443,71.149
0,S-M#1,M/M (Driver B),120.0,602.643,1356.773,36.442,100.059
0,S-M#1,M/M (Driver B),120.0,721.31,1408.822,36.051,138.351
0,S-M#1,M/M (Driver B),120.0,703.374,1097.265,25.747,183.215
0,S-M#1,M/M (Driver B),120.0,595.901,452.897,24.738,188.739
0,S-M#1,M/M (Driver B),120.0,530.807,197.075,27.359,164.381
0,S-M#1,M/M (Driver B),120.0,531.357,165.256,14.374,171.294
0,S-M#1,M/M (Driver B),120.0,484.865,332.872,19.016,167.996
0,S-M#1,M/M (Driver B),120.0,404.967,182.282,16.352,140.996
0,S-M#1,M/M (Driver B),120.0,382.121,263.643,25.366,110.339
0,S-M#1,M/M (Driver B),120.0,386.504,454.66,50.123,82.433
0,S-M#1,M/M (Driver B),120.0,365.069,612.04,65.791,58.062
0,S-M#1,M/M (Driver B),120.0,309.699,338.765,20.256,40.153
0,S-M#1,M/M (Driver B),120.0,239.075,203.537,19.235,29.698
0,S-M#1,M/M (Driver B),120.0,238.937,540.145,10.566,27.773
0,S-M#1,M/M (Driver B),120.0,292.261,872.725,18.149,27.908
0,S-M#1,M/M (Driver B),120.0,358.684,620.8,41.847,29.321
0,S-M#1,M/M (Driver B),120.0,311.444,1009.191,42.869,24.574
0,S-M#1,M/M (Driver B),120.0,426.219,960.684,86.651,33.61
0,S-M#1,M/M (Driver B),120.0,452.059,960.142,120.642,35.832
0,S-M#1,M/M (Driver B),120.0,329.516,1213.927,55.494,26.484
0,S-M#1,M/M (Driver B),120.0,354.584,1028.219,75.377,27.364
0,S-M#1,M/M (Driver B),120.0,425.163,2377.981,79.737,31.567
0,S-M#1,M/M (Driver B),120.0,384.303,2007.989,51.145,28.839
0,S-M#1,M/M (Driver B),120.0,339.08,667.472,15.205,27.747
0,S-M#1,M/M (Driver B),120.0,364.974,1506.611,11.934,31.127
0,S-M#1,M/M (Driver B),120.0,335.42,1409.879,24.319,28.983
0,S-M#1,M/M (Driver B),120.0,271.622,1960.781,42.203,28.023
0,S-M#1,M/M (Driver B),120.0,252.67,1458.64,41.06,32.862
0,S-M#1,M/M (Driver B),120.0,208.749,564.909,28.809,30.215
0,S-M#1,M/M (Driver B),120.0,214.561,618.897,23.848,27.143
0,S-M#1,M/M (Driver B),120.0,234.569,662.099,31.956,25.828
0,S-M#1,M/M (Driver B),120.0,280.933,321.654,26.95,28.899
0,S-M#1,M/M (Driver B),120.0,278.52,1233.871,37.351,30.392
0,S-M#1,M/M (Driver B),120.0,239.753,1483.459,31.242,29.951
0,S-M#1,M/M (Driver B),120.0,202.702,1088.251,6.036,28.368
0,S-M#1,M/M (Driver B),120.0,153.759,306.481,17.3,21.157
0,S-M#1,M/M (Driver B),120.0,140.984,682.809,1.679,19.593
0,S-M#1,M/M (Driver B),120.0,77.71,131.085,0.79,10.705
0,S-M#1,M/M (Driver B),120.0,1.925,87.187,3.947,0.238
0,S-M#1,M/M (Driver B),120.0,24.956,85.218,4.907,3.071
0,S-M#1,M/M (Driver B),120.0,5.148,315.138,7.055,0.609
0,S-M#1,M/M (Driver B),120.0,17.909,429.047,9.467,2.152
0,S-M#1,M/M (Driver B),120.0,133.002,359.118,8.922,17.611
0,S-M#1,M/M (Driver B),120.0,161.651,394.196,15.517,20.496
0,S-M#1,M/M (Driver B),120.0,213.345,1198.808,17.122,25.145
0,S-M#1,M/M (Driver B),120.0,237.375,294.574,25.058,25.103
0,S-M#1,M/M (Driver B),120.0,257.865,851.773,51.751,24.792
0,S-M#1,M/M (Driver B),120.0,214.428,687.202,48.307,19.37
0,S-M#1,M/M (Driver B),120.0,306.678,388.758,43.075,28.385
0,S-M#1,M/M (Driver B),120.0,298.814,1010.942,39.983,30.265
0,S-M#1,M/M (Driver B),120.0,197.499,826.465,24.71,21.927
0,S-M#1,M/M (Driver B),120.0,230.362,846.013,51.8,24.404
0,S-M#1,M/M (Driver B),120.0,187.464,1764.445,30.672,18.706
0,S-M#1,M/M (Driver B),120.0,184.705,285.874,32.611,18.179
0,S-M#1,M/M (Driver B),120.0,279.165,669.634,28.013,25.774
0,S-M#1,M/M (Driver B),120.0,381.906,1035.561,12.192,35.908
0,S-M#1,M/M (Driver B),120.0,385.163,1440.824,5.019,36.747
0,S-M#1,M/M (Driver B),120.0,402.724,1769.353,3.551,39.264
0,S-M#1,M/M (Driver B),120.0,445.504,1907.833,7.764,44.944
0,S-M#1,M/M (Driver B),120.0,367.278,1064.603,13.155,40.844
0,S-M#1,M/M (Driver B),120.0,339.579,772.512,73.545,38.223
0,S-M#1,M/M (Driver B),120.0,330.956,791.931,74.518,36.391
0,S-M#1,M/M (Driver B),120.0,328.463,896.401,92.746,32.239
0,S-M#1,M/M (Driver B),120.0,458.601,1004.711,49.454,41.957
0,S-M#1,M/M (Driver B),120.0,394.014,1194.329,91.566,35.501
0,S-M#1,M/M (Driver B),120.0,448.544,1386.713,97.764,39.434
0,S-M#1,M/M (Driver B),120.0,493.368,1476.6,115.07,42.735
0,S-M#1,M/M (Driver B),120.0,481.467,1336.479,125.048,43.308
0,S-M#1,M/M (Driver B),120.0,515.722,449.379,110.868,45.795
0,S-M#1,M/M (Driver B),120.0,556.243,768.135,128.514,48.421
0,S-M#1,M/M (Driver B),120.0,557.978,1684.573,145.176,47.421
0,S-M#1,M/M (Driver B),120.0,489.829,1092.809,142.195,41.16
0,S-M#1,M/M (Driver B),120.0,480.604,1152.681,148.973,37.396
0,S-M#1,M/M (Driver B),120.0,459.922,823.581,167.466,33.156
0,S-M#1,M/M (Driver B),120.0,495.189,370.309,162.525,35.437
0,S-M#1,M/M (Driver B),120.0,581.874,609.788,151.976,41.201
0,S-M#1,M/M (Driver B),120.0,643.085,1349.396,150.35,45.288
0,S-M#1,M/M (Driver B),120.0,750.707,1848.803,149.214,52.943
0,S-M#1,M/M (Driver B),120.0,815.484,1379.607,157.67,57.643
0,S-M#1,M/M (Driver B),120.0,777.046,1059.751,159.125,55.474
0,S-M#1,M/M (Driver B),120.0,755.845,793.128,139.118,55.908
0,S-M#1,M/M (Driver B),120.0,885.629,1869.124,41.83,69.477
0,S-M#1,M/M (Driver B),120.0,735.714,2087.215,83.158,65.237
0,S-M#1,M/M (Driver B),120.0,546.953,1329.72,141.69,51.072
0,S-M#1,M/M (Driver B),120.0,552.276,1308.844,67.326,51.395
0,S-M#1,M/M (Driver B),120.0,510.698,1040.439,80.374,47.228
0,S-M#1,M/M (Driver B),120.0,432.052,1133.073,127.665,39.526
0,S-M#1,M/M (Driver B),120.0,450.707,1358.301,143.648,41.94
0,S-M#1,M/M (Driver B),120.0,371.073,1294.99,116.8,34.783
0,S-M#1,M/M (Driver B),120.0,294.118,1148.081,83.264,27.782
0,S-M#1,M/M (Driver B),120.0,135.978,751.937,38.797,12.684
0,S-M#1,M/M (Driver B),120.0,31.901,486.193,12.797,2.762
0,S-M#1,M/M (Driver B),120.0,35.138,324.864,22.034,3.192
0,S-M#1,M/M (Driver B),120.0,113.062,22.168,30.073,10.829
0,S-M#1,M/M (Driver B),120.0,183.078,84.757,56.754,15.914
0,S-M#1,M/M (Driver B),120.0,205.449,216.115,66.814,16.997
0,S-M#1,M/M (Driver B),120.0,251.369,425.506,65.716,20.94
0,S-M#1,M/M (Driver B),120.0,311.384,405.066,82.568,26.238
0,S-M#1,M/M (Driver B),120.0,416.606,585.07,121.605,35.291
0,S-M#1,M/M (Driver B),120.0,527.742,1434.933,103.366,44.233
0,S-M#1,M/M (Driver B),120.0,617.923,264.908,130.839,51.801
0,S-M#1,M/M (Driver B),120.0,769.424,512.164,47.396,64.72
0,S-M#1,M/M (Driver B),120.0,727.999,1164.349,137.052,63.156
0,S-M#1,M/M (Driver B),120.0,671.133,1039.93,150.641,59.73
0,S-M#1,M/M (Driver B),120.0,630.075,1030.101,84.904,52.257
0,S-M#1,M/M (Driver B),120.0,672.219,1015.295,106.809,52.309
0,S-M#1,M/M (Driver B),120.0,681.126,836.728,131.953,52.85
0,S-M#1,M/M (Driver B),120.0,699.66,610.032,138.616,52.042
0,S-M#1,M/M (Driver B),120.0,697.47,1521.734,144.99,50.714
0,S-M#1,M/M (Driver B),120.0,636.863,1927.029,147.509,47.639
0,S-M#1,M/M (Driver B),120.0,529.292,1702.132,110.438,40.069
0,S-M#1,M/M (Driver B),120.0,312.423,1174.486,60.022,24.124
0,S-M#1,M/M (Driver B),120.0,198.347,602.165,18.303,15.423
0,S-M#1,M/M (Driver B),120.0,205.493,454.191,13.248,16.71
0,S-M#1,M/M (Driver B),120.0,286.452,43.448,29.93,23.975
0,S-M#1,M/M (Driver B),120.0,451.61,308.327,66.174,37.36
0,S-M#1,M/M (Driver B),120.0,587.599,334.529,93.877,48.976
0,S-M#1,M/M (Driver B),120.0,658.035,380.553,107.862,55.262
0,S-M#1,M/M (Driver B),120.0,773.819,393.515,124.16,64.931
0,S-M#1,M/M (Driver B),120.0,798.153,820.132,145.276,67.322
0,S-M#1,M/M (Driver B),120.0,911.938,927.994,143.151,78.144
0,S-M#1,M/M (Driver B),120.0,891.223,906.914,168.657,75.778
0,S-M#1,M/M (Driver B),120.0,891.445,843.832,156.012,77.028
0,S-M#1,M/M (Driver B),120.0,831.392,360.31,158.12,72.695
0,S-M#1,M/M (Driver B),120.0,764.242,864.553,160.41,67.189
0,S-M#1,M/M (Driver B),120.0,724.592,860.613,135.476,62.297
0,S-M#1,M/M (Driver B),120.0,619.397,1685.653,113.644,52.087
0,S-M#1,M/M (Driver B),120.0,518.413,1773.526,82.349,43.882
0,S-M#1,M/M (Driver B),120.0,429.837,1200.012,81.896,36.131
0,S-M#1,M/M (Driver B),120.0,513.018,1248.853,79.791,42.246
0,S-M#1,M/M (Driver B),120.0,570.69,1398.557,93.917,46.761
0,S-M#1,M/M (Driver B),120.0,655.742,1563.157,101.874,53.34
0,S-M#1,M/M (Driver B),120.0,693.261,1549.943,116.801,55.873
0,S-M#1,M/M (Driver B),120.0,713.256,1593.832,127.594,56.338
0,S-M#1,M/M (Driver B),120.0,724.593,1804.125,133.898,56.419
0,S-M#1,M/M (Driver B),120.0,754.55,2138.233,128.415,58.077
0,S-M#1,M/M (Driver B),120.0,731.444,2294.219,131.963,56.234
0,S-M#1,M/M (Driver B),120.0,654.873,195.179,138.283,49.113
0,S-M#1,M/M (Driver B),120.0,527.265,186.135,127.947,40.105
0,S-M#1,M/M (Driver B),120.0,474.972,171.09,100.211,39.1
0,S-M#1,M/M (Driver B),120.0,516.981,263.477,80.946,44.229
0,S-M#1,M/M (Driver B),120.0,514.194,314.701,87.146,44.752
0,S-M#1,M/M (Driver B),120.0,522.016,353.996,82.857,45.426
0,S-M#1,M/M (Driver B),120.0,500.167,269.691,81.297,44.535
0,S-M#1,M/M (Driver B),120.0,434.654,382.895,69.427,39.698
0,S-M#1,M/M (Driver B),120.0,398.651,368.068,73.459,36.52
0,S-M#1,M/M (Driver B),120.0,363.601,436.802,58.723,34.475
0,S-M#1,M/M (Driver B),120.0,363.332,519.692,54.821,35.559
0,S-M#1,M/M (Driver B),120.0,330.617,448.28,49.397,32.973
0,S-M#1,M/M (Driver B),120.0,301.335,399.606,46.272,30.793
0,S-M#1,M/M (Driver B),120.0,252.316,748.962,32.353,25.179
0,S-M#1,M/M (Driver B),120.0,267.587,789.31,33.795,24.934
0,S-M#1,M/M (Driver B),120.0,194.643,690.792,80.824,18.285
0,S-M#1,M/M (Driver B),120.0,242.533,1045.309,85.315,23.349
0,S-M#1,M/M (Driver B),120.0,295.873,1152.244,100.69,29.222
0,S-M#1,M/M (Driver B),120.0,187.267,989.556,121.635,18.53
0,S-M#1,M/M (Driver B),120.0,211.083,487.473,133.876,20.582
0,S-M#1,M/M (Driver B),120.0,195.765,1959.399,123.763,19.53
0,S-M#1,M/M (Driver B),120.0,194.959,1468.862,133.937,18.779
0,S-M#1,M/M (Driver B),120.0,219.287,578.361,148.979,19.789
0,S-M#1,M/M (Driver B),120.0,322.989,447.553,165.239,27.528
0,S-M#1,M/M (Driver B),120.0,403.741,79.328,167.834,32.728
0,S-M#1,M/M (Driver B),120.0,366.307,505.009,190.658,28.562
0,S-M#1,M/M (Driver B),120.0,422.534,807.028,243.469,31.187
0,S-M#1,M/M (Driver B),120.0,462.866,889.333,230.724,32.064
0,S-M#1,M/M (Driver B),120.0,484.171,813.281,262.839,32.212
0,S-M#1,M/M (Driver B),120.0,558.189,837.16,241.795,36.2
0,S-M#1,M/M (Driver B),120.0,482.457,840.386,274.37,30.771
0,S-M#1,M/M (Driver B),120.0,540.021,813.923,209.726,34.092
0,S-M#1,M/M (Driver B),120.0,508.169,1076.278,231.62,31.206
0,S-M#1,M/M (Driver B),120.0,424.145,1039.092,261.64,25.866
0,S-M#1,M/M (Driver B),120.0,437.828,282.087,223.671,27.137
0,S-M#1,M/M (Driver B),120.0,483.941,489.724,195.458,30.862
0,S-M#1,M/M (Driver B),120.0,407.103,393.995,197.461,26.73
0,S-M#1,M/M (Driver B),120.0,444.012,256.872,179.504,29.747
0,S-M#1,M/M (Driver B),120.0,421.989,422.699,151.036,29.338
0,S-M#1,M/M (Driver B),120.0,379.8,273.616,146.114,27.237
0,S-M#1,M/M (Driver B),120.0,398.969,276.872,137.475,29.025
0,S-M#1,M/M (Driver B),120.0,303.949,330.425,144.639,23.054
0,S-M#1,M/M (Driver B),120.0,265.939,818.682,145.037,21.072
0,S-M#1,M/M (Driver B),120.0,261.532,392.648,154.323,21.37
0,S-M#1,M/M (Driver B),120.0,339.835,501.841,133.842,28.185
0,S-M#1,M/M (Driver B),120.0,353.396,1214.271,165.52,28.379
0,S-M#1,M/M (Driver B),120.0,387.37,198.965,186.331,29.809
0,S-M#1,M/M (Driver B),120.0,395.661,462.213,230.767,28.748
0,S-M#1,M/M (Driver B),120.0,234.892,715.968,260.043,16.189
0,S-M#1,M/M (Driver B),120.0,236.173,1123.591,325.359,15.403
0,S-M#1,M/M (Driver B),120.0,294.984,1196.035,357.379,18.039
0,S-M#1,M/M (Driver B),120.0,259.129,649.166,366.036,15.041
0,S-M#1,M/M (Driver B),120.0,157.632,851.951,380.513,8.752
0,S-M#1,M/M (Driver B),120.0,274.324,1633.798,277.34,14.278
0,S-M#1,M/M (Driver B),120.0,228.211,1906.877,353.681,11.098
0,S-M#1,M/M (Driver B),120.0,223.683,1653.423,371.906,10.263
0,S-M#1,M/M (Driver B),120.0,489.75,1253.783,357.387,21.558
0,S-M#1,M/M (Driver B),120.0,571.521,338.902,337.646,24.76
0,S-M#1,M/M (Driver B),120.0,634.848,411.362,269.146,28.559
0,S-M#1,M/M (Driver B),120.0,524.315,140.137,171.065,24.629
0,S-M#1,M/M (Driver B),120.0,359.519,333.833,131.009,16.646
0,S-M#1,M/M (Driver B),120.0,268.44,341.05,82.825,12.315
0,S-M#1,M/M (Driver B),120.0,200.566,488.25,97.056,9.108
0,S-M#1,M/M (Driver B),120.0,293.128,1303.699,144.028,13.177
0,S-M#1,M/M (Driver B),120.0,427.008,1697.585,201.052,19.002
0,S-M#1,M/M (Driver B),120.0,555.269,2100.254,266.897,24.468
0,S-M#1,M/M (Driver B),120.0,603.5,2549.201,302.945,26.394
0,S-M#1,M/M (Driver B),120.0,648.98,2917.995,382.109,28.263
0,S-M#1,M/M (Driver B),120.0,774.171,3274.454,413.186,33.539
0,S-M#1,M/M (Driver B),120.0,781.925,3154.283,459.616,33.614
0,S-M#1,M/M (Driver B),120.0,744.022,2531.439,508.52,30.65
0,S-M#1,M/M (Driver B),120.0,594.932,1327.1,533.68,23.875
0,S-M#1,M/M (Driver B),120.0,439.217,1411.872,514.95,18.377
0,S-M#1,M/M (Driver B),120.0,318.679,1429.69,453.675,14.588
0,S-M#1,M/M (Driver B),120.0,299.507,1266.737,388.765,14.723
0,S-M#1,M/M (Driver B),120.0,234.972,1067.668,309.443,12.035
0,S-M#1,M/M (Driver B),120.0,179.155,707.376,262.514,9.633
0,S-M#1,M/M (Driver B),120.0,165.82,735.082,314.442,9.219
0,S-M#1,M/M (Driver B),120.0,122.521,851.481,327.04,7.039
0,S-M#1,M/M (Driver B),120.0,131.118,983.645,353.082,7.795
0,S-M#1,M/M (Driver B),120.0,193.936,1861.387,362.208,11.926
0,S-M#1,M/M (Driver B),120.0,156.563,2712.419,368.812,9.923
0,S-M#1,M/M (Driver B),120.0,92.542,2454.072,372.748,5.93
0,S-M#1,M/M (Driver B),120.0,42.422,995.281,406.05,2.684
0,S-M#1,M/M (Driver B),120.0,162.784,1114.815,383.865,9.904
0,S-M#1,M/M (Driver B),120.0,180.531,1577.125,384.994,9.982
0,S-M#1,M/M (Driver B),120.0,171.706,3257.105,417.336,9.048
0,S-M#1,M/M (Driver B),120.0,160.082,2785.828,468.961,8.396
0,S-M#1,M/M (Driver B),120.0,406.831,756.984,372.566,20.984
0,S-M#1,M/M (Driver B),120.0,523.113,661.246,364.695,26.936
0,S-M#1,M/M (Driver B),120.0,484.057,1730.811,373.387,24.898
0,S-M#1,M/M (Driver B),120.0,448.902,1734.815,365.484,22.94
0,S-M#1,M/M (Driver B),120.0,385.356,1436.812,352.091,19.58
0,S-M#1,M/M (Driver B),120.0,342.877,1049.025,332.419,17.632
0,S-M#1,M/M (Driver B),120.0,262.301,2380.271,337.384,13.701
0,S-M#1,M/M (Driver B),120.0,398.895,1632.736,329.611,21.15
0,S-M#1,M/M (Driver B),120.0,453.7,1603.099,340.449,24.412
0,S-M#1,M/M (Driver B),120.0,494.457,875.701,304.708,27.073
0,S-M#1,M/M (Driver B),120.0,476.661,927.717,315.105,26.322
0,S-M#1,M/M (Driver B),120.0,480.08,126.315,319.267,26.697
0,S-M#1,M/M (Driver B),120.0,419.198,182.08,294.467,23.726
0,S-M#1,M/M (Driver B),120.0,326.938,126.899,317.122,19.022
0,S-M#1,M/M (Driver B),120.0,286.946,571.845,297.812,17.281
0,S-M#1,M/M (Driver B),120.0,252.535,889.622,285.661,15.958
0,S-M#1,M/M (Driver B),120.0,250.08,818.738,277.315,16.602
0,S-M#1,M/M (Driver B),120.0,266.689,819.926,267.612,18.406
0,S-M#1,M/M (Driver B),120.0,287.869,719.269,230.995,20.675
0,S-M#1,M/M (Driver B),120.0,264.517,767.624,208.759,19.849
0,S-M#1,M/M (Driver B),120.0,284.815,748.413,192.197,22.322
0,S-M#1,M/M (Driver B),120.0,329.449,787.421,172.797,27.059
0,S-M#1,M/M (Driver B),120.0,335.123,780.243,156.496,28.792
0,S-M#1,M/M (Driver B),120.0,280.944,604.705,135.379,25.339
0,S-M#1,M/M (Driver B),120.0,243.842,1492.578,144.379,22.475
0,S-M#1,M/M (Driver B),120.0,298.825,1045.193,128.619,28.263
0,S-M#1,M/M (Driver B),120.0,250.696,85.056,92.78,25.293
0,S-M#1,M/M (Driver B),120.0,315.71,242.572,71.728,32.739
0,S-M#1,M/M (Driver B),120.0,386.01,180.627,59.069,39.912
0,S-M#1,M/M (Driver B),120.0,366.151,113.541,56.443,36.254
0,S-M#1,M/M (Driver B),120.0,401.229,841.919,55.905,37.961
0,S-M#1,M/M (Driver B),120.0,392.533,530.796,72.784,36.521
0,S-M#1,M/M (Driver B),120.0,384.306,515.722,66.09,36.3
0,S-M#1,M/M (Driver B),120.0,373.553,598.427,73.497,38.008
0,S-M#1,M/M (Driver B),120.0,354.9,854.137,55.925,38.176
0,S-M#1,M/M (Driver B),120.0,409.257,1150.972,59.252,45.524
0,S-M#1,M/M (Driver B),120.0,384.814,1498.132,59.792,47.568
0,S-M#1,M/M (Driver B),120.0,384.752,702.948,31.211,49.224
0,S-M#1,M/M (Driver B),120.0,400.124,1495.205,42.11,49.045
0,S-M#1,M/M (Driver B),120.0,321.638,1504.78,31.515,37.6
0,S-M#1,M/M (Driver B),120.0,273.732,520.133,32.971,31.358
0,S-M#1,M/M (Driver B),120.0,228.237,521.416,32.934,26.526
0,S-M#1,M/M (Driver B),120.0,177.102,910.723,40.85,20.993
0,S-M#1,M/M (Driver B),120.0,136.516,1090.603,58.841,16.212
0,S-M#1,M/M (Driver B),120.0,140.115,836.795,49.86,16.086
0,S-M#1,M/M (Driver B),120.0,139.581,787.758,163.707,14.327
0,S-M#1,M/M (Driver B),120.0,230.275,1392.477,62.575,21.931
0,S-M#1,M/M (Driver B),120.0,234.574,967.12,130.587,21.621
0,S-M#1,M/M (Driver B),120.0,281.023,1435.403,60.087,26.121
0,S-M#1,M/M (Driver B),120.0,280.503,1542.968,80.317,27.411
0,S-M#1,M/M (Driver B),120.0,304.34,1364.123,54.849,31.872
0,S-M#1,M/M (Driver B),120.0,320.594,695.626,63.477,37.688
0,S-M#1,M/M (Driver B),120.0,313.033,539.097,33.443,40.034
0,S-M#1,M/M (Driver B),120.0,215.475,1153.857,43.507,26.668
0,S-M#1,M/M (Driver B),120.0,187.992,389.316,31.196,20.954
0,S-M#1,M/M (Driver B),120.0,135.965,712.03,28.423,13.531
0,S-M#1,M/M (Driver B),120.0,128.229,915.982,26.302,11.668
0,S-M#1,M/M (Driver B),120.0,135.429,1012.546,9.371,12.218
0,S-M#1,M/M (Driver B),120.0,119.715,1215.042,7.541,10.485
0,S-M#1,M/M (Driver B),120.0,157.376,1219.536,6.996,12.519
0,S-M#1,M/M (Driver B),120.0,128.314,1450.016,12.685,8.726
0,S-M#1,M/M (Driver B),120.0,209.031,1665.402,6.592,12.393
0,S-M#1,M/M (Driver B),120.0,273.806,1879.44,2.01,14.407
0,S-M#1,M/M (Driver B),120.0,345.595,2096.725,1.951,16.326
0,S-M#1,M/M (Driver B),120.0,441.856,1300.964,14.331,19.371
0,S-M#1,M/M (Driver B),120.0,406.833,562.075,24.59,17.621
0,S-M#1,M/M (Driver B),120.0,335.466,804.049,28.885,15.161
0,S-M#1,M/M (Driver B),120.0,298.128,1127.366,41.834,14.405
0,S-M#1,M/M (Driver B),120.0,312.122,790.077,36.842,15.762
0,S-M#1,M/M (Driver B),120.0,363.677,1233.788,24.47,18.441
0,S-M#1,M/M (Driver B),120.0,380.394,360.027,30.281,19.804
0,S-M#1,M/M (Driver B),120.0,339.36,904.609,23.266,19.6
0,S-M#1,M/M (Driver B),120.0,259.504,1065.057,18.355,17.013
0,S-M#1,M/M (Driver B),120.0,211.349,1301.377,17.057,15.166
0,S-M#1,M/M (Driver B),120.0,199.59,1433.198,25.769,15.534
0,S-M#1,M/M (Driver B),120.0,191.033,1713.836,39.218,15.897
0,S-M#1,M/M (Driver B),120.0,201.694,1917.645,41.797,17.945
0,S-M#1,M/M (Driver B),120.0,262.157,1721.085,49.401,24.56
0,S-M#1,M/M (Driver B),120.0,350.493,1289.376,41.538,33.762
0,S-M#1,M/M (Driver B),120.0,387.86,1893.13,32.013,35.189
0,S-M#1,M/M (Driver B),120.0,378.006,1421.994,34.237,33.236
0,S-M#1,M/M (Driver B),120.0,314.958,1068.961,27.549,26.191
0,S-M#1,M/M (Driver B),120.0,268.894,1031.605,21.857,21.076
0,S-M#1,M/M (Driver B),120.0,275.97,1121.967,35.822,19.092
0,S-M#1,M/M (Driver B),120.0,294.34,1821.147,20.814,18.151
0,S-M#1,M/M (Driver B),120.0,301.953,2172.995,9.434,17.59
0,S-M#1,M/M (Driver B),120.0,321.095,1370.943,29.999,17.994
0,S-M#1,M/M (Driver B),120.0,327.419,376.971,103.15,17.775
0,S-M#1,M/M (Driver B),120.0,320.398,158.251,98.447,17.21
0,S-M#1,M/M (Driver B),120.0,321.17,1459.643,141.357,16.829
0,S-M#1,M/M (Driver B),120.0,303.845,1262.881,116.566,15.228
0,S-M#1,M/M (Driver B),120.0,366.88,550.827,101.09,18.102
0,S-M#1,M/M (Driver B),120.0,452.683,2525.085,153.141,22.972
0,S-M#1,M/M (Driver B),120.0,475.223,2780.783,163.769,25.38
0,S-M#1,M/M (Driver B),120.0,473.533,1224.214,167.652,26.133
0,S-M#1,M/M (Driver B),120.0,411.72,1774.914,66.291,23.867
0,S-M#1,M/M (Driver B),120.0,506.545,3023.374,163.401,32.842
0,S-M#1,M/M (Driver B),120.0,367.452,1980.459,156.139,25.84
0,S-M#1,M/M (Driver B),120.0,421.487,1757.065,284.364,30.59
0,S-M#1,M/M (Driver B),120.0,220.494,655.457,192.294,16.774
0,S-M#1,M/M (Driver B),120.0,175.61,612.109,206.343,13.959
0,S-M#1,M/M (Driver B),120.0,228.92,761.268,214.331,18.938
0,S-M#1,M/M (Driver B),120.0,264.541,1909.902,246.867,24.653
0,S-M#1,M/M (Driver B),120.0,288.25,2408.156,136.538,31.721
0,S-M#1,M/M (Driver B),120.0,154.033,1077.841,90.093,18.6
0,S-M#1,M/M (Driver B),120.0,201.073,470.343,79.081,24.823
0,S-M#1,M/M (Driver B),120.0,165.911,523.843,60.7,21.813
0,S-M#1,M/M (Driver B),120.0,132.33,502.89,33.287,18.719
0,S-M#1,M/M (Driver B),120.0,118.763,609.227,17.964,16.481
0,S-M#1,M/M (Driver B),120.0,129.248,529.446,22.665,19.493
0,S-M#1,M/M (Driver B),120.0,161.59,538.972,10.436,30.271
0,S-Vta24#0,Vta/Vta24,10.0,11.086,17.043,1.078,66.006
0,S-Vta24#0,Vta/Vta24,10.0,29.914,51.099,2.111,28.438
0,S-Vta24#0,Vta/Vta24,10.0,31.42,53.979,0.335,23.5
0,S-Vta24#0,Vta/Vta24,10.0,6.935,26.073,1.866,4.963
0,S-Vta24#0,Vta/Vta24,10.0,25.498,60.258,1.63,96.605
0,S-Vta24#0,Vta/Vta24,10.0,1.371,5.964,1.028,15.03
0,S-Vta24#0,Vta/Vta24,30.0,11.841,122.975,7.188,9.591
0,S-Vta24#0,Vta/Vta24,30.0,58.412,258.089,19.029,22.667
0,S-Vta24#0,Vta/Vta24,30.0,114.2,149.987,11.93,29.946
0,S-Vta24#0,Vta/Vta24,30.0,32.032,107.887,2.871,10.603
0,S-Vta24#0,Vta/Vta24,30.0,66.017,260.823,4.504,37.463
0,S-Vta24#0,Vta/Vta24,60.0,88.679,410.604,23.171,20.775
0,S-Vta24#0,Vta/Vta24,60.0,105.615,409.307,30.172,24.26
0,S-Vw5#0,Vw/Vw05,10.0,8.961,70.249,1.47,13.269
0,S-Vw5#0,Vw/Vw05,10.0,43.476,43.962,0.991,91.827
0,S-Vw5#0,Vw/Vw05,10.0,7.57,40.068,1.023,18.488
0,S-Vw5#0,Vw/Vw05,10.0,7.648,43.239,1.161,8.864
0,S-Vw5#0,Vw/Vw05,10.0,25.585,9.722,1.968,43.892
0,S-Vw5#0,Vw/Vw05,10.0,15.31,21.494,1.042,21.264
0,S-Vw5#0,Vw/Vw05,30.0,34.976,175.962,2.31,22.322
0,S-Vw5#0,Vw/Vw05,30.0,36.681,308.22,1.97,20.908
0,S-Vw5#0,Vw/Vw05,30.0,45.098,183.386,11.382,24.108
0,S-Vw5#0,Vw/Vw05,30.0,86.077,228.97,7.142,39.527
0,S-Vw5#0,Vw/Vw05,60.0,140.662,220.902,11.208,37.479
1,S-S2#0,S/S2,10.0,11.191,16.327,0.963,50.162
1,S-S2#0,S/S2,10.0,12.26,57.304,3.112,21.019
1,S-S2#0,S/S2,10.0,0.634,20.603,0.477,6.39
1,S-S2#0,S/S2,10.0,1.207,0.965,1.079,79.836
1,S-S2#0,S/S2,10.0,3.035,12.008,1.798,25.108
1,S-S2#0,S/S2,10.0,7.184,97.486,5.14,10.565
1,S-S2#0,S/S2,10.0,3.644,32.259,1.54,29.798
1,S-S2#0,S/S2,10.0,0.938,1.104,1.304,69.711
1,S-S2#0,S/S2,10.0,5.733,65.485,4.842,8.556
1,S-S2#0,S/S2,10.0,17.833,44.557,1.527,43.654
1,S-S2#0,S/S2,10.0,3.924,44.571,4.508,8.523
1,S-S2#0,S/S2,30.0,19.119,123.979,0.864,20.921
1,S-S2#0,S/S2,30.0,23.911,149.991,3.974,34.077
1,S-S2#0,S/S2,30.0,6.49,68.637,1.868,27.566
1,S-S2#0,S/S2,30.0,5.355,53.793,8.347,6.522
1,S-S2#0,S/S2,30.0,11.352,63.95,10.537,12.157
1,S-S2#0,S/S2,30.0,16.468,187.274,4.898,20.142
1,S-S2#0,S/S2,30.0,2.576,119.126,3.71,17.702
1,S-S2#0,S/S2,30.0,11.091,62.078,4.82,15.988
1,S-S2#0,S/S2,30.0,37.089,102.604,9.778,33.672
1,S-S2#0,S/S2,30.0,39.997,140.627,6.528,36.499
1,S-S2#0,S/S2,30.0,19.773,214.978,2.224,46.725
1,S-S2#0,S/S2,30.0,6.354,44.477,4.797,13.374
1,S-S2#0,S/S2,60.0,14.835,199.655,0.715,8.55
1,S-S2#0,S/S2,60.0,10.112,72.154,6.677,6.183
1,S-S2#0,S/S2,60.0,15.306,114.774,2.868,14.467
1,S-S2#0,S/S2,60.0,12.535,62.708,8.142,12.894
1,S-S2#0,S/S2,60.0,13.991,97.339,17.876,8.596
1,S-S2#0,S/S2,60.0,38.791,215.195,9.753,20.212
1,S-S2#0,S/S2,60.0,28.696,258.299,5.072,23.107
1,S-S2#0,S/S2,60.0,36.342,101.953,9.662,32.279
1,S-S2#0,S/S2,60.0,31.985,146.777,14.763,20.287
1,S-S2#0,S/S2,120.0,36.605,39.437,5.348,12.273
1,S-S2#0,S/S2,120.0,34.689,157.319,7.022,12.562
1,S-S2#0,S/S2,120.0,38.693,91.066,3.539,14.686
1,S-S2#1,S/S2,10.0,4.729,18.07,2.365,3.559
1,S-S2#1,S/S2,10.0,27.652,39.693,2.167,24.807
1,S-S2#1,S/S2,10.0,0.809,27.668,0.582,3.421
1,S-S2#1,S/S2,10.0,11.537,16.008,1.272,50.975
1,S-S2#1,S/S2,10.0,28.165,8.49,0.701,53.723
1,S-S2#1,S/S2,10.0,3.949,7.21,0.729,12.757
1,S-S2#1,S/S2,10.0,0.428,3.714,0.616,33.981
1,S-S2#1,S/S2,10.0,1.354,10.618,1.369,12.097
1,S-S2#1,S/S2,10.0,1.416,28.539,1.908,1.549
1,S-S2#1,S/S2,10.0,12.812,12.62,0.614,10.007
1,S-S2#1,S/S2,10.0,10.695,37.404,2.397,8.204
1,S-S2#1,S/S2,10.0,20.408,17.746,0.298,15.351
1,S-S2#1,S/S2,10.0,14.507,40.537,3.672,13.857
1,S-S2#1,S/S2,10.0,0.425,81.746,1.3,0.781
1,S-S2#1,S/S2,10.0,13.134,95.593,3.358,16.487
1,S-S2#1,S/S2,10.0,21.527,38.072,1.416,32.297
1,S-S2#1,S/S2,10.0,10.773,26.47,2.505,38.113
1,S-S2#1,S/S2,10.0,5.407,15.127,0.845,6.294
1,S-S2#1,S/S2,10.0,4.852,61.795,1.654,5.293
1,S-S2#1,S/S2,10.0,16.378,46.054,1.946,24.91
1,S-S2#1,S/S2,10.0,20.896,12.824,1.403,27.969
1,S-S2#1,S/S2,10.0,6.307,21.848,0.507,7.444
1,S-S2#1,S/S2,10.0,15.028,5.221,0.552,15.891
1,S-S2#1,S/S2,10.0,25.427,27.078,1.221,31.084
1,S-S2#1,S/S2,10.0,3.287,23.344,0.621,39.557
1,S-S2#1,S/S2,10.0,17.047,54.147,2.795,31.235
1,S-S2#1,S/S2,10.0,14.08,44.112,0.735,29.984
1,S-S2#1,S/S2,10.0,8.039,81.432,6.203,9.298
1,S-S2#1,S/S2,10.0,4.879,24.331,1.127,4.282
1,S-S2#1,S/S2,10.0,29.798,39.621,4.459,38.782
1,S-S2#1,S/S2,10.0,29.202,17.819,8.759,43.931
1,S-S2#1,S/S2,10.0,23.96,62.96,3.58,48.762
1,S-S2#1,S/S2,10.0,27.47,2.587,1.192,59.781
1,S-S2#1,S/S2,10.0,31.762,3.266,13.011,55.403
1,S-S2#1,S/S2,10.0,17.676,10.908,0.301,24.232
1,S-S2#1,S/S2,10.0,21.026,7.422,1.871,27.441
1,S-S2#1,S/S2,10.0,12.195,42.755,1.071,32.656
1,S-S2#1,S/S2,10.0,8.891,4.394,0.701,14.821
1,S-S2#1,S/S2,10.0,13.008,94.687,11.593,20.349
1,S-S2#1,S/S2,10.0,11.063,13.368,0.288,15.146
1,S-S2#1,S/S2,10.0,13.723,13.14,2.657,20.862
1,S-S2#1,S/S2,10.0,27.173,23.127,13.472,266.828
1,S-S2#1,S/S2,10.0,52.828,35.972,62.729,158.249
1,S-S2#1,S/S2,10.0,7.989,39.942,1.279,21.127
1,S-S2#1,S/S2,10.0,12.269,4.491,1.383,21.843
1,S-S2#1,S/S2,10.0,6.871,52.621,0.614,15.072
1,S-S2#1,S/S2,10.0,8.236,8.955,2.28,9.896
1,S-S2#1,S/S2,10.0,9.05,7.763,1.354,10.148
1,S-S2#1,S/S2,10.0,12.562,55.368,2.592,31.336
1,S-S2#1,S/S2,10.0,0.872,8.288,1.5,2.668
1,S-S2#1,S/S2,10.0,6.855,59.53,3.112,14.995
1,S-S2#1,S/S2,10.0,8.227,84.004,1.974,12.185
1,S-S2#1,S/S2,10.0,1.551,35.949,2.33,11.489
1,S-S2#1,S/S2,10.0,2.183,2.126,2.182,95.524
1,S-S2#1,S/S2,10.0,2.509,11.384,1.737,18.266
1,S-S2#1,S/S2,10.0,6.847,10.402,1.228,8.617
1,S-S2#1,S/S2,10.0,13.197,4.211,8.589,18.138
1,S-S2#1,S/S2,10.0,4.959,21.012,2.722,8.517
1,S-S2#1,S/S2,10.0,13.26,18.906,2.174,17.669
1,S-S2#1,S/S2,10.0,8.194,22.625,6.113,9.3
1,S-S2#1,S/S2,10.0,8.73,8.703,7.021,8.322
1,S-S2#1,S/S2,10.0,21.256,12.404,7.218,29.054
1,S-S2#1,S/S2,10.0,23.018,60.392,3.45,26.054
1,S-S2#1,S/S2,10.0,16.083,16.149,5.426,13.56
1,S-S2#1,S/S2,10.0,5.808,15.774,6.214,4.293
1,S-S2#1,S/S2,10.0,4.623,35.523,4.777,3.382
1,S-S2#1,S/S2,10.0,12.647,26.105,2.802,8.268
1,S-S2#1,S/S2,10.0,6.976,39.437,5.011,4.953
1,S-S2#1,S/S2,10.0,7.766,20.762,3.596,5.682
1,S-S2#1,S/S2,10.0,17.741,106.766,1.927,22.938
1,S-S2#1,S/S2,10.0,16.133,32.192,2.617,17.814
1,S-S2#1,S/S2,10.0,4.931,24.506,7.165,6.187
1,S-S2#1,S/S2,10.0,18.008,30.912,2.724,24.195
1,S-S2#1,S/S2,10.0,19.505,44.238,1.609,45.086
1,S-S2#1,S/S2,10.0,5.472,7.366,1.268,5.642
1,S-S2#1,S/S2,10.0,24.409,75.091,2.468,44.711
1,S-S2#1,S/S2,10.0,0.346,6.059,1.079,17.258
1,S-S2#1,S/S2,10.0,9.404,50.75,8.393,17.962
1,S-S2#1,S/S2,10.0,15.706,24.771,2.734,12.743
1,S-S2#1,S/S2,10.0,8.523,0.825,1.841,6.222
1,S-S2#1,S/S2,10.0,13.568,9.377,2.15,11.019
1,S-S2#1,S/S2,10.0,11.509,83.281,1.221,17.152
1,S-S2#1,S/S2,10.0,13.342,2.183,2.534,16.617
1,S-S2#1,S/S2,10.0,32.885,60.688,2.878,58.027
1,S-S2#1,S/S2,10.0,12.796,40.899,0.205,19.244
1,S-S2#1,S/S2,10.0,19.486,27.294,2.658,24.597
1,S-S2#1,S/S2,10.0,37.934,28.051,2.568,75.736
1,S-S2#1,S/S2,10.0,10.378,62.901,2.252,21.702
1,S-S2#1,S/S2,10.0,17.496,37.606,1.319,128.076
1,S-S2#1,S/S2,10.0,13.982,8.995,17.068,159.906
1,S-S2#1,S/S2,10.0,28.812,17.368,25.069,200.248
1,S-S2#1,S/S2,10.0,28.261,4.563,0.251,92.032
1,S-S2#1,S/S2,10.0,22.106,2.088,0.378,72.75
1,S-S2#1,S/S2,10.0,3.047,62.904,1.756,6.378
1,S-S2#1,S/S2,10.0,21.898,10.531,1.004,32.501
1,S-S2#1,S/S2,10.0,19.1,14.662,1.704,27.598
1,S-S2#1,S/S2,10.0,40.652,31.156,2.122,164.95
1,S-S2#1,S/S2,10.0,0.286,0.25,0.346,26.204
1,S-S2#1,S/S2,10.0,17.301,14.914,11.449,75.727
1,S-S2#1,S/S2,10.0,8.038,1.303,1.108,475.02
1,S-S2#1,S/S2,10.0,9.177,0.723,2.9,224.865
1,S-S2#1,S/S2,10.0,17.28,7.146,12.276,266.192
1,S-S2#1,S/S2,10.0,48.582,26.628,49.821,185.104
1,S-S2#1,S/S2,10.0,16.505,57.271,1.911,38.115
1,S-S2#1,S/S2,10.0,4.518,46.586,0.905,6.171
1,S-S2#1,S/S2,10.0,13.389,50.763,0.502,16.174
1,S-S2#1,S/S2,10.0,28.26,40.949,2.378,66.043
1,S-S2#1,S/S2,10.0,7.874,19.126,0.954,12.289
1,S-S2#1,S/S2,10.0,10.181,68.676,2.144,14.086
1,S-S2#1,S/S2,10.0,3.711,22.841,0.733,5.785
1,S-S2#1,S/S2,10.0,7.917,38.776,1.891,12.525
1,S-S2#1,S/S2,10.0,1.42,97.976,0.865,2.146
1,S-S2#1,S/S2,10.0,18.603,79.537,1.134,33.274
1,S-S2#1,S/S2,10.0,4.753,63.572,0.4,5.729
1,S-S2#1,S/S2,10.0,21.744,49.205,1.012,55.827
1,S-S2#1,S/S2,10.0,29.218,13.667,1.086,52.46
1,S-S2#1,S/S2,10.0,9.085,71.408,3.719,16.395
1,S-S2#1,S/S2,10.0,18.731,31.515,0.706,108.126
1,S-S2#1,S/S2,10.0,1.046,10.049,1.065,9.573
1,S-S2#1,S/S2,10.0,17.953,13.64,0.683,27.029
1,S-S2#1,S/S2,10.0,11.667,16.198,1.005,14.881
1,S-S2#1,S/S2,10.0,25.757,25.079,1.496,42.742
1,S-S2#1,S/S2,10.0,3.133,74.988,1.883,5.52
1,S-S2#1,S/S2,10.0,22.254,42.39,0.987,98.53
1,S-S2#1,S/S2,10.0,5.287,19.391,1.93,26.174
1,S-S2#1,S/S2,10.0,5.213,22.178,0.846,4.856
1,S-S2#1,S/S2,10.0,21.254,70.743,2.863,23.954
1,S-S2#1,S/S2,10.0,10.275,6.007,0.729,11.114
1,S-S2#1,S/S2,10.0,39.853,56.16,0.968,98.455
1,S-S2#1,S/S2,10.0,9.635,102.524,1.078,12.428
1,S-S2#1,S/S2,10.0,11.193,3.406,2.215,11.164
1,S-S2#1,S/S2,10.0,18.527,39.268,3.666,18.7
1,S-S2#1,S/S2,10.0,20.217,13.419,1.854,21.381
1,S-S2#1,S/S2,10.0,11.306,60.34,0.963,15.873
1,S-S2#1,S/S2,10.0,8.142,48.806,0.711,18.895
1,S-S2#1,S/S2,10.0,12.109,23.367,0.759,27.256
1,S-S2#1,S/S2,10.0,6.879,38.954,4.595,15.568
1,S-S2#1,S/S2,10.0,17.86,33.428,2.031,31.354
1,S-S2#1,S/S2,10.0,11.278,8.397,16.001,140.049
1,S-S2#1,S/S2,10.0,31.886,4.082,23.943,174.48
1,S-S2#1,S/S2,10.0,2.7,19.492,1.24,3.302
1,S-S2#1,S/S2,10.0,18.205,13.413,0.722,24.755
1,S-S2#1,S/S2,10.0,15.005,11.296,1.86,18.62
1,S-S2#1,S/S2,10.0,17.045,52.621,1.988,36.562
1,S-S2#1,S/S2,10.0,10.978,41.721,0.778,11.769
1,S-S2#1,S/S2,10.0,11.52,8.73,1.0,12.012
1,S-S2#1,S/S2,10.0,3.383,23.341,2.889,13.328
1,S-S2#1,S/S2,10.0,1.37,54.612,2.255,1.718
1,S-S2#1,S/S2,10.0,17.428,1.12,1.702,19.325
1,S-S2#1,S/S2,10.0,7.204,27.956,0.652,11.449
1,S-S2#1,S/S2,10.0,8.654,20.788,1.232,9.519
1,S-S2#1,S/S2,10.0,21.71,29.612,1.192,27.518
1,S-S2#1,S/S2,10.0,1.958,12.485,1.599,15.184
1,S-S2#1,S/S2,10.0,19.178,35.747,0.442,34.3
1,S-S2#1,S/S2,10.0,7.673,31.668,1.566,26.246
1,S-S2#1,S/S2,10.0,7.702,65.651,2.398,16.008
1,S-S2#1,S/S2,10.0,16.992,12.61,3.256,36.534
1,S-S2#1,S/S2,10.0,14.123,7.325,1.009,30.555
1,S-S2#1,S/S2,10.0,4.34,3.925,1.209,9.823
1,S-S2#1,S/S2,10.0,12.753,56.613,2.291,38.104
1,S-S2#1,S/S2,10.0,21.638,36.433,2.949,52.148
1,S-S2#1,S/S2,10.0,9.088,54.719,0.516,29.47
1,S-S2#1,S/S2,10.0,14.301,24.508,10.528,127.644
1,S-S2#1,S/S2,10.0,2.022,5.914,0.363,76.674
1,S-S2#1,S/S2,10.0,8.763,25.894,4.438,40.856
1,S-S2#1,S/S2,10.0,1.615,6.14,0.576,21.813
1,S-S2#1,S/S2,10.0,23.621,52.219,0.348,59.969
1,S-S2#1,S/S2,10.0,22.223,39.408,0.778,61.47
1,S-S2#1,S/S2,10.0,21.99,61.902,11.788,48.261
1,S-S2#1,S/S2,10.0,11.642,7.356,2.542,19.877
1,S-S2#1,S/S2,10.0,8.697,48.601,1.456,21.506
1,S-S2#1,S/S2,10.0,8.95,33.562,1.397,23.077
1,S-S2#1,S/S2,10.0,7.371,19.346,1.943,12.331
1,S-S2#1,S/S2,10.0,16.512,10.636,0.285,25.551
1,S-S2#1,S/S2,10.0,16.86,22.588,0.338,28.152
1,S-S2#1,S/S2,10.0,14.264,59.1,2.477,24.366
1,S-S2#1,S/S2,10.0,4.511,8.907,0.399,5.752
1,S-S2#1,S/S2,10.0,4.711,84.234,1.923,7.756
1,S-S2#1,S/S2,10.0,5.932,3.14,0.693,7.75
1,S-S2#1,S/S2,10.0,6.766,60.318,2.372,12.551
1,S-S2#1,S/S2,10.0,4.654,64.104,2.191,8.686
1,S-S2#1,S/S2,10.0,2.666,7.387,0.289,3.556
1,S-S2#1,S/S2,10.0,31.288,37.276,0.993,100.319
1,S-S2#1,S/S2,10.0,8.013,75.363,6.051,12.019
1,S-S2#1,S/S2,10.0,7.045,66.028,2.199,8.594
1,S-S2#1,S/S2,10.0,9.703,9.975,1.303,12.091
1,S-S2#1,S/S2,10.0,9.344,8.748,0.72,11.365
1,S-S2#1,S/S2,10.0,1.47,34.604,0.666,13.195
1,S-S2#1,S/S2,10.0,28.948,98.109,1.978,33.916
1,S-S2#1,S/S2,10.0,23.295,55.975,1.862,33.475
1,S-S2#1,S/S2,10.0,1.643,18.622,0.199,8.463
1,S-S2#1,S/S2,10.0,1.208,6.306,0.121,43.296
1,S-S2#1,S/S2,10.0,8.877,33.637,1.788,13.849
1,S-S2#1,S/S2,10.0,4.343,140.274,2.29,4.96
1,S-S2#1,S/S2,10.0,1.56,17.562,0.694,1.306
1,S-S2#1,S/S2,10.0,9.934,22.041,0.358,7.41
1,S-S2#1,S/S2,10.0,1.568,3.809,0.634,1.123
1,S-S2#1,S/S2,10.0,6.496,15.887,3.365,4.502
1,S-S2#1,S/S2,10.0,6.277,7.164,1.213,4.367
1,S-S2#1,S/S2,10.0,5.073,7.76,0.594,3.539
1,S-S2#1,S/S2,10.0,16.252,39.528,2.047,15.082
1,S-S2#1,S/S2,10.0,3.394,23.946,1.737,5.066
1,S-S2#1,S/S2,10.0,2.435,17.582,1.04,3.534
1,S-S2#1,S/S2,10.0,1.57,40.433,3.287,2.087
1,S-S2#1,S/S2,10.0,6.931,67.135,1.888,6.403
1,S-S2#1,S/S2,10.0,10.79,10.936,0.754,8.695
1,S-S2#1,S/S2,10.0,2.969,4.309,0.432,2.314
1,S-S2#1,S/S2,10.0,10.934,12.409,1.816,8.176
1,S-S2#1,S/S2,10.0,7.477,7.054,0.872,4.937
1,S-S2#1,S/S2,10.0,10.711,22.773,0.953,7.201
1,S-S2#1,S/S2,10.0,3.44,7.884,1.386,2.349
1,S-S2#1,S/S2,10.0,2.161,2.846,0.516,1.519
1,S-S2#1,S/S2,10.0,1.268,4.317,1.85,0.923
1,S-S2#1,S/S2,10.0,6.577,3.389,2.378,4.637
1,S-S2#1,S/S2,10.0,10.091,6.044,3.64,7.314
1,S-S2#1,S/S2,10.0,7.044,49.752,4.123,5.453
1,S-S2#1,S/S2,10.0,3.408,3.008,2.516,2.774
1,S-S2#1,S/S2,10.0,42.776,41.928,1.757,59.502
1,S-S2#1,S/S2,10.0,2.559,25.425,2.759,10.485
1,S-S2#1,S/S2,10.0,4.932,31.115,2.149,4.47
1,S-S2#1,S/S2,10.0,8.377,22.157,1.959,6.48
1,S-S2#1,S/S2,10.0,19.597,30.171,1.241,13.209
1,S-S2#1,S/S2,10.0,10.646,55.136,1.373,7.032
1,S-S2#1,S/S2,10.0,10.231,4.429,0.794,7.677
1,S-S2#1,S/S2,10.0,12.584,13.9,1.664,15.318
1,S-S2#1,S/S2,10.0,4.483,13.729,0.512,8.79
1,S-S2#1,S/S2,10.0,27.428,36.015,1.187,62.025
1,S-S2#1,S/S2,10.0,25.634,11.103,2.264,139.528
1,S-S2#1,S/S2,10.0,3.25,22.721,0.151,12.479
1,S-S2#1,S/S2,10.0,18.514,53.662,2.416,16.032
1,S-S2#1,S/S2,10.0,31.875,35.807,1.44,35.096
1,S-S2#1,S/S2,10.0,15.073,11.297,0.978,95.34
1,S-S2#1,S/S2,10.0,6.866,26.103,2.889,9.388
1,S-S2#1,S/S2,10.0,18.462,17.139,0.781,14.98
1,S-S2#1,S/S2,10.0,11.326,20.218,3.841,8.029
1,S-S2#1,S/S2,10.0,7.511,8.267,1.443,5.235
1,S-S2#1,S/S2,10.0,3.39,14.896,1.576,2.447
1,S-S2#1,S/S2,10.0,11.82,16.507,1.201,7.836
1,S-S2#1,S/S2,10.0,10.519,19.719,1.806,7.398
1,S-S2#1,S/S2,10.0,3.899,38.439,4.785,2.86
1,S-S2#1,S/S2,10.0,7.504,13.558,1.303,5.398
1,S-S2#1,S/S2,10.0,41.61,52.005,1.387,49.278
1,S-S2#1,S/S2,10.0,1.61,5.762,0.855,60.329
1,S-S2#1,S/S2,10.0,1.048,1.003,0.999,93.432
1,S-S2#1,S/S2,10.0,3.233,21.424,1.565,15.418
1,S-S2#1,S/S2,10.0,11.78,17.665,0.589,14.217
1,S-S2#1,S/S2,10.0,3.608,7.375,0.851,3.175
1,S-S2#1,S/S2,10.0,3.296,4.254,1.203,2.591
1,S-S2#1,S/S2,10.0,12.165,2.492,1.12,9.146
1,S-S2#1,S/S2,10.0,43.164,50.911,1.97,53.144
1,S-S2#1,S/S2,10.0,3.91,9.51,0.324,31.927
1,S-S2#1,S/S2,10.0,6.377,30.279,1.442,10.305
1,S-S2#1,S/S2,10.0,2.618,26.934,1.724,2.296
1,S-S2#1,S/S2,10.0,10.888,63.067,2.709,8.106
1,S-S2#1,S/S2,10.0,17.736,32.279,0.622,14.005
1,S-S2#1,S/S2,10.0,16.692,40.507,0.581,43.676
1,S-S2#1,S/S2,10.0,4.945,33.42,0.893,7.938
1,S-S2#1,S/S2,10.0,25.238,73.604,1.232,66.452
1,S-S2#1,S/S2,10.0,13.154,53.141,2.237,24.239
1,S-S2#1,S/S2,10.0,11.345,96.514,2.528,12.158
1,S-S2#1,S/S2,10.0,9.378,37.332,2.574,9.126
1,S-S2#1,S/S2,10.0,18.743,88.334,0.102,15.042
1,S-S2#1,S/S2,10.0,8.981,9.141,0.936,5.807
1,S-S2#1,S/S2,10.0,15.299,137.144,3.027,13.33
1,S-S2#1,S/S2,10.0,22.109,58.832,1.791,16.339
1,S-S2#1,S/S2,10.0,9.251,51.168,2.122,13.661
1,S-S2#1,S/S2,10.0,12.879,151.003,1.751,12.096
1,S-S2#1,S/S2,10.0,18.427,39.405,1.471,12.655
1,S-S2#1,S/S2,10.0,12.188,41.593,1.646,9.068
1,S-S2#1,S/S2,10.0,15.117,32.565,1.078,21.671
1,S-S2#1,S/S2,10.0,10.085,24.35,1.6,9.979
1,S-S2#1,S/S2,10.0,4.39,13.168,1.506,3.906
1,S-S2#1,S/S2,10.0,15.062,45.335,0.991,53.095
1,S-S2#1,S/S2,10.0,2.77,11.013,0.689,26.084
1,S-S2#1,S/S2,10.0,2.708,7.143,0.862,3.54
1,S-S2#1,S/S2,10.0,5.023,9.131,2.358,7.052
1,S-S2#1,S/S2,10.0,21.819,15.397,1.302,31.053
1,S-S2#1,S/S2,10.0,10.869,40.594,3.326,11.322
1,S-S2#1,S/S2,10.0,6.438,6.011,1.734,5.705
1,S-S2#1,S/S2,10.0,8.529,4.675,0.763,7.34
1,S-S2#1,S/S2,10.0,25.069,51.511,2.014,48.506
1,S-S2#1,S/S2,10.0,4.205,15.82,3.142,26.394
1,S-S2#1,S/S2,10.0,6.598,90.635,1.322,8.515
1,S-S2#1,S/S2,10.0,12.218,16.627,2.95,13.348
1,S-S2#1,S/S2,10.0,13.482,43.347,1.65,51.635
1,S-S2#1,S/S2,10.0,2.35,7.016,0.565,30.385
1,S-S2#1,S/S2,10.0,5.3,29.857,0.453,6.468
1,S-S2#1,S/S2,10.0,13.409,59.695,0.783,14.837
1,S-S2#1,S/S2,10.0,19.392,13.785,0.948,26.873
1,S-S2#1,S/S2,10.0,13.802,25.524,1.12,11.888
1,S-S2#1,S/S2,10.0,33.473,70.27,1.726,52.847
1,S-S2#1,S/S2,10.0,10.653,53.837,5.339,16.551
1,S-S2#1,S/S2,10.0,4.601,46.029,0.828,4.203
1,S-S2#1,S/S2,10.0,8.138,41.88,0.679,31.402
1,S-S2#1,S/S2,10.0,5.883,5.867,0.953,99.505
1,S-S2#1,S/S2,10.0,4.1,6.944,0.063,109.387
1,S-S2#1,S/S2,10.0,5.464,0.944,0.054,216.231
1,S-S2#1,S/S2,10.0,4.115,3.962,0.126,24.688
1,S-S2#1,S/S2,10.0,1.24,8.444,0.033,13.93
1,S-S2#1,S/S2,10.0,0.71,2.363,0.081,59.726
1,S-S2#1,S/S2,10.0,1.683,3.843,0.515,26.932
1,S-S2#1,S/S2,10.0,5.863,57.101,6.766,8.231
1,S-S2#1,S/S2,10.0,34.761,141.316,36.587,33.98
1,S-S2#1,S/S2,10.0,4.667,54.884,0.655,3.956
1,S-S2#1,S/S2,10.0,27.557,24.367,0.429,38.0
1,S-S2#1,S/S2,10.0,4.832,7.681,0.571,22.615
1,S-S2#1,S/S2,10.0,6.716,0.705,0.802,27.869
1,S-S2#1,S/S2,10.0,7.443,2.185,1.049,35.803
1,S-S2#1,S/S2,10.0,9.871,2.063,0.479,52.403
1,S-S2#1,S/S2,10.0,2.772,3.93,3.302,19.993
1,S-S2#1,S/S2,10.0,4.963,2.945,2.59,33.172
1,S-S2#1,S/S2,10.0,4.121,2.883,0.843,26.858
1,S-S2#1,S/S2,10.0,1.306,3.787,0.594,28.891
1,S-S2#1,S/S2,10.0,6.262,4.641,0.719,116.985
1,S-S2#1,S/S2,10.0,14.204,14.508,0.915,93.232
1,S-S2#1,S/S2,10.0,17.894,14.436,0.575,162.766
1,S-S2#1,S/S2,10.0,4.256,8.81,1.169,48.074
1,S-S2#1,S/S2,10.0,3.088,14.46,0.555,10.467
1,S-S2#1,S/S2,10.0,11.371,11.231,1.377,15.836
1,S-S2#1,S/S2,10.0,4.787,26.851,2.98,6.703
1,S-S2#1,S/S2,10.0,11.065,60.265,0.932,14.287
1,S-S2#1,S/S2,10.0,6.386,23.175,0.66,7.752
1,S-S2#1,S/S2,10.0,10.699,39.861,0.933,24.175
1,S-S2#1,S/S2,10.0,7.231,66.915,4.956,10.042
1,S-S2#1,S/S2,10.0,8.072,38.104,1.36,23.865
1,S-S2#1,S/S2,10.0,19.476,27.102,3.155,18.255
1,S-S2#1,S/S2,10.0,25.812,34.187,1.824,31.116
1,S-S2#1,S/S2,10.0,17.476,48.631,3.091,34.81
1,S-S2#1,S/S2,10.0,2.319,70.065,2.37,3.143
1,S-S2#1,S/S2,10.0,12.905,42.856,0.959,21.234
1,S-S2#1,S/S2,10.0,9.123,108.341,2.784,10.98
1,S-S2#1,S/S2,10.0,4.03,129.239,2.07,4.302
1,S-S2#1,S/S2,10.0,11.89,111.408,1.668,10.08
1,S-S2#1,S/S2,10.0,8.087,55.679,1.282,7.526
1,S-S2#1,S/S2,10.0,18.603,152.336,2.372,18.61
1,S-S2#1,S/S2,10.0,23.476,42.269,1.337,26.236
1,S-S2#1,S/S2,10.0,2.125,17.847,0.751,40.352
1,S-S2#1,S/S2,10.0,0.578,2.766,0.295,19.985
1,S-S2#1,S/S2,10.0,15.685,31.565,0.914,28.744
1,S-S2#1,S/S2,10.0,7.9,106.01,1.223,11.61
1,S-S2#1,S/S2,10.0,8.506,49.431,1.032,9.399
1,S-S2#1,S/S2,10.0,13.769,75.587,2.373,18.312
1,S-S2#1,S/S2,10.0,0.522,25.491,0.692,2.032
1,S-S2#1,S/S2,10.0,11.856,39.912,3.264,20.17
1,S-S2#1,S/S2,10.0,7.604,36.636,3.33,12.909
1,S-S2#1,S/S2,10.0,13.235,36.493,5.29,19.684
1,S-S2#1,S/S2,10.0,21.737,56.474,0.903,24.132
1,S-S2#1,S/S2,10.0,6.001,138.818,3.674,6.86
1,S-S2#1,S/S2,10.0,2.817,123.335,2.304,2.971
1,S-S2#1,S/S2,10.0,10.804,12.886,1.246,9.555
1,S-S2#1,S/S2,10.0,19.823,21.652,1.3,16.674
1,S-S2#1,S/S2,10.0,1.205,16.616,0.285,1.763
1,S-S2#1,S/S2,10.0,7.003,19.035,1.451,6.004
1,S-S2#1,S/S2,10.0,4.779,5.306,0.383,3.894
1,S-S2#1,S/S2,10.0,18.973,27.538,1.255,22.588
1,S-S2#1,S/S2,10.0,15.95,23.939,1.385,28.217
1,S-S2#1,S/S2,10.0,4.965,38.748,0.659,12.598
1,S-S2#1,S/S2,10.0,1.443,131.303,2.662,1.405
1,S-S2#1,S/S2,10.0,14.694,41.719,1.475,22.579
1,S-S2#1,S/S2,10.0,6.96,26.237,1.8,15.982
1,S-S2#1,S/S2,10.0,5.981,133.193,1.883,5.665
1,S-S2#1,S/S2,10.0,15.552,55.756,1.575,17.169
1,S-S2#1,S/S2,10.0,5.781,12.855,1.664,6.742
1,S-S2#1,S/S2,10.0,7.766,5.342,1.362,9.041
1,S-S2#1,S/S2,10.0,5.761,4.109,2.007,6.995
1,S-S2#1,S/S2,10.0,5.211,10.48,1.148,5.336
1,S-S2#1,S/S2,10.0,5.414,17.223,4.037,6.383
1,S-S2#1,S/S2,10.0,3.901,10.327,0.622,10.934
1,S-S2#1,S/S2,10.0,12.954,20.972,1.17,19.933
1,S-S2#1,S/S2,10.0,5.315,11.372,0.363,6.139
1,S-S2#1,S/S2,10.0,7.671,34.721,1.704,7.593
1,S-S2#1,S/S2,10.0,28.697,32.501,1.357,38.41
1,S-S2#1,S/S2,10.0,7.082,17.434,0.689,13.85
1,S-S2#1,S/S2,10.0,13.034,18.641,2.973,19.274
1,S-S2#1,S/S2,10.0,5.422,74.1,2.821,5.958
1,S-S2#1,S/S2,10.0,8.802,84.624,1.164,8.714
1,S-S2#1,S/S2,10.0,4.088,3.972,1.574,3.741
1,S-S2#1,S/S2,10.0,10.921,8.87,1.445,8.998
1,S-S2#1,S/S2,10.0,13.62,1.73,2.04,19.136
1,S-S2#1,S/S2,10.0,18.306,38.582,1.839,20.415
1,S-S2#1,S/S2,10.0,2.743,10.63,1.967,2.477
1,S-S2#1,S/S2,10.0,7.637,135.313,0.478,6.377
1,S-S2#1,S/S2,10.0,17.981,17.554,1.291,12.387
1,S-S2#1,S/S2,10.0,12.882,1.208,1.438,7.992
1,S-S2#1,S/S2,10.0,4.889,12.304,2.122,3.245
1,S-S2#1,S/S2,10.0,16.822,49.096,1.414,11.266
1,S-S2#1,S/S2,10.0,22.076,39.363,1.601,22.983
1,S-S2#1,S/S2,10.0,1.116,23.987,0.602,5.708
1,S-S2#1,S/S2,10.0,1.962,2.308,0.386,85.133
1,S-S2#1,S/S2,10.0,4.334,45.275,1.036,5.778
1,S-S2#1,S/S2,10.0,16.446,16.084,2.229,12.092
1,S-S2#1,S/S2,10.0,10.745,2.857,5.52,7.157
1,S-S2#1,S/S2,10.0,14.907,27.332,2.873,9.55
1,S-S2#1,S/S2,10.0,5.989,43.703,1.41,4.17
1,S-S2#1,S/S2,10.0,28.436,35.077,2.206,34.511
1,S-S2#1,S/S2,10.0,11.051,30.184,0.614,72.435
1,S-S2#1,S/S2,10.0,11.746,29.359,1.688,40.781
1,S-S2#1,S/S2,10.0,10.854,21.152,2.016,9.856
1,S-S2#1,S/S2,10.0,2.344,17.347,1.194,1.925
1,S-S2#1,S/S2,10.0,10.933,40.287,0.973,33.517
1,S-S2#1,S/S2,10.0,0.35,2.363,0.166,14.61
1,S-S2#1,S/S2,10.0,10.048,47.857,1.723,13.032
1,S-S2#1,S/S2,10.0,22.224,8.276,1.316,16.964
1,S-S2#1,S/S2,10.0,8.027,13.684,1.054,6.435
1,S-S2#1,S/S2,10.0,9.629,30.62,0.933,19.732
1,S-S2#1,S/S2,10.0,0.19,5.529,0.254,1.586
1,S-S2#1,S/S2,10.0,13.43,44.034,2.037,12.983
1,S-S2#1,S/S2,10.0,22.641,37.271,2.29,13.998
1,S-S2#1,S/S2,10.0,25.169,12.99,2.866,13.428
1,S-S2#1,S/S2,10.0,4.058,27.059,1.376,2.556
1,S-S2#1,S/S2,10.0,35.342,47.221,1.271,96.625
1,S-S2#1,S/S2,10.0,2.331,22.217,0.859,10.598
1,S-S2#1,S/S2,10.0,5.485,25.261,0.535,21.146
1,S-S2#1,S/S2,10.0,17.168,31.984,2.871,30.405
1,S-S2#1,S/S2,10.0,18.089,72.192,2.073,18.505
1,S-S2#1,S/S2,10.0,12.336,92.076,1.348,16.609
1,S-S2#1,S/S2,10.0,13.108,44.285,2.382,20.083
1,S-S2#1,S/S2,10.0,2.631,75.181,0.146,4.258
1,S-S2#1,S/S2,10.0,30.904,37.207,1.44,87.866
1,S-S2#1,S/S2,10.0,14.797,6.718,10.531,236.623
1,S-S2#1,S/S2,10.0,7.926,55.951,2.032,15.993
1,S-S2#1,S/S2,10.0,4.987,50.601,1.389,8.191
1,S-S2#1,S/S2,10.0,3.593,36.668,1.479,10.355
1,S-S2#1,S/S2,10.0,2.587,72.721,2.149,4.884
1,S-S2#1,S/S2,10.0,4.306,29.243,0.382,4.314
1,S-S2#1,S/S2,10.0,2.405,29.321,2.28,6.519
1,S-S2#1,S/S2,10.0,27.854,144.348,2.716,27.248
1,S-S2#1,S/S2,10.0,25.652,13.544,2.002,14.748
1,S-S2#1,S/S2,10.0,4.041,30.641,1.166,2.617
1,S-S2#1,S/S2,10.0,15.558,14.444,1.367,15.183
1,S-S2#1,S/S2,10.0,26.952,45.681,4.384,15.774
1,S-S2#1,S/S2,10.0,6.093,23.749,2.69,3.848
1,S-S2#1,S/S2,10.0,29.691,43.652,1.877,47.731
1,S-S2#1,S/S2,10.0,3.759,18.158,1.797,3.89
1,S-S2#1,S/S2,10.0,18.002,43.432,1.076,47.166
1,S-S2#1,S/S2,10.0,2.524,36.467,1.223,6.981
1,S-S2#1,S/S2,10.0,18.993,65.678,1.035,15.791
1,S-S2#1,S/S2,10.0,45.473,85.465,3.548,22.647
1,S-S2#1,S/S2,10.0,36.042,7.575,2.417,15.488
1,S-S2#1,S/S2,10.0,35.007,55.311,0.598,15.587
1,S-S2#1,S/S2,10.0,18.134,16.813,1.242,8.674
1,S-S2#1,S/S2,10.0,9.878,17.132,1.166,7.615
1,S-S2#1,S/S2,10.0,4.112,42.771,0.32,3.173
1,S-S2#1,S/S2,10.0,8.089,45.321,0.923,7.145
1,S-S2#1,S/S2,10.0,11.057,40.488,1.412,9.295
1,S-S2#1,S/S2,10.0,8.069,45.782,0.654,6.855
1,S-S2#1,S/S2,10.0,14.514,37.684,1.149,11.442
1,S-S2#1,S/S2,10.0,4.15,26.498,1.1,3.302
1,S-S2#1,S/S2,10.0,4.75,75.713,1.569,3.61
1,S-S2#1,S/S2,10.0,13.256,15.333,0.721,10.358
1,S-S2#1,S/S2,10.0,7.649,1.945,0.655,5.268
1,S-S2#1,S/S2,10.0,7.495,14.849,3.053,5.042
1,S-S2#1,S/S2,10.0,9.035,80.883,0.208,7.128
1,S-S2#1,S/S2,10.0,22.837,66.383,2.284,24.968
1,S-S2#1,S/S2,10.0,9.407,92.718,1.757,10.729
1,S-S2#1,S/S2,10.0,6.552,40.889,5.726,5.951
1,S-S2#1,S/S2,10.0,20.085,83.732,1.736,37.559
1,S-S2#1,S/S2,10.0,31.71,16.666,13.049,271.472
1,S-S2#1,S/S2,10.0,121.403,75.509,117.236,208.049
1,S-S2#1,S/S2,10.0,30.239,29.846,1.268,77.685
1,S-S2#1,S/S2,10.0,16.908,10.192,12.268,219.673
1,S-S2#1,S/S2,10.0,13.641,46.174,2.876,34.048
1,S-S2#1,S/S2,10.0,20.336,73.443,2.922,27.775
1,S-S2#1,S/S2,10.0,22.417,91.993,1.259,15.553
1,S-S2#1,S/S2,10.0,38.938,19.221,0.786,19.857
1,S-S2#1,S/S2,10.0,19.778,86.022,1.2,11.181
1,S-S2#1,S/S2,10.0,47.099,76.563,1.632,21.068
1,S-S2#1,S/S2,10.0,50.437,5.399,1.728,20.175
1,S-S2#1,S/S2,10.0,23.047,23.125,2.429,10.327
1,S-S2#1,S/S2,10.0,41.44,41.14,2.908,18.379
1,S-S2#1,S/S2,10.0,11.074,25.769,0.375,9.342
1,S-S2#1,S/S2,10.0,48.858,36.389,1.413,22.279
1,S-S2#1,S/S2,10.0,56.89,20.149,1.583,21.042
1,S-S2#1,S/S2,10.0,43.937,17.072,3.363,16.303
1,S-S2#1,S/S2,10.0,53.934,84.419,4.417,22.461
1,S-S2#1,S/S2,10.0,66.096,13.574,6.464,24.14
1,S-S2#1,S/S2,10.0,54.736,14.519,2.234,19.603
1,S-S2#1,S/S2,10.0,49.182,24.36,4.088,17.176
1,S-S2#1,S/S2,10.0,41.721,19.977,3.222,14.945
1,S-S2#1,S/S2,10.0,27.367,89.681,3.392,15.385
1,S-S2#1,S/S2,10.0,16.517,45.318,1.144,20.059
1,S-S2#1,S/S2,10.0,11.952,39.683,2.237,9.835
1,S-S2#1,S/S2,10.0,32.573,49.1,0.849,33.958
1,S-S2#1,S/S2,10.0,7.345,104.548,1.03,10.797
1,S-S2#1,S/S2,10.0,15.509,19.453,2.018,20.265
1,S-S2#1,S/S2,10.0,6.14,4.532,0.854,6.723
1,S-S2#1,S/S2,10.0,15.34,52.572,0.624,27.785
1,S-S2#1,S/S2,10.0,14.281,78.006,1.045,22.9
1,S-S2#1,S/S2,10.0,6.338,23.519,1.273,7.284
1,S-S2#1,S/S2,10.0,3.946,2.571,0.481,5.124
1,S-S2#1,S/S2,10.0,17.664,37.511,1.056,20.315
1,S-S2#1,S/S2,10.0,38.68,41.966,0.656,147.704
1,S-S2#1,S/S2,10.0,31.348,15.098,20.38,224.847
1,S-S2#1,S/S2,10.0,15.781,7.438,0.246,191.113
1,S-S2#1,S/S2,10.0,99.163,50.93,98.25,201.389
1,S-S2#1,S/S2,10.0,6.926,39.91,0.258,8.09
1,S-S2#1,S/S2,10.0,14.254,14.004,0.339,15.335
1,S-S2#1,S/S2,10.0,13.552,16.238,1.449,17.394
1,S-S2#1,S/S2,10.0,18.424,69.601,1.463,22.301
1,S-S2#1,S/S2,10.0,23.792,26.292,0.418,29.183
1,S-S2#1,S/S2,10.0,16.461,42.401,0.935,18.082
1,S-S2#1,S/S2,10.0,14.971,41.344,2.877,38.641
1,S-S2#1,S/S2,10.0,24.555,31.777,0.941,41.478
1,S-S2#1,S/S2,10.0,8.822,36.526,7.375,15.775
1,S-S2#1,S/S2,10.0,18.527,11.594,0.731,24.979
1,S-S2#1,S/S2,10.0,2.481,57.938,1.204,5.217
1,S-S2#1,S/S2,10.0,14.63,37.478,3.431,41.867
1,S-S2#1,S/S2,10.0,13.649,29.776,0.445,13.66
1,S-S2#1,S/S2,10.0,6.523,39.835,1.404,9.101
1,S-S2#1,S/S2,10.0,7.383,47.549,1.853,16.094
1,S-S2#1,S/S2,10.0,22.683,63.466,3.831,41.176
1,S-S2#1,S/S2,10.0,11.896,18.271,0.458,14.557
1,S-S2#1,S/S2,10.0,10.747,50.102,1.728,17.618
1,S-S2#1,S/S2,10.0,24.114,38.603,2.464,70.367
1,S-S2#1,S/S2,10.0,13.442,66.463,1.865,21.238
1,S-S2#1,S/S2,10.0,10.267,20.899,0.593,9.532
1,S-S2#1,S/S2,10.0,29.605,75.528,2.426,43.832
1,S-S2#1,S/S2,10.0,9.685,95.074,1.864,15.819
1,S-S2#1,S/S2,10.0,22.155,68.313,3.653,63.685
1,S-S2#1,S/S2,10.0,11.702,1.647,1.422,87.652
1,S-S2#1,S/S2,10.0,29.243,6.021,26.707,160.163
1,S-S2#1,S/S2,10.0,23.286,46.423,0.933,47.945
1,S-S2#1,S/S2,10.0,10.301,43.896,0.215,31.49
1,S-S2#1,S/S2,10.0,1.011,2.188,2.418,60.539
1,S-S2#1,S/S2,10.0,1.882,1.965,2.208,101.641
1,S-S2#1,S/S2,10.0,60.143,33.821,67.067,166.997
1,S-S2#1,S/S2,10.0,43.233,47.206,1.024,26.349
1,S-S2#1,S/S2,10.0,9.06,62.224,2.738,5.503
1,S-S2#1,S/S2,10.0,29.87,41.006,3.613,17.483
1,S-S2#1,S/S2,10.0,40.711,81.775,1.169,21.039
1,S-S2#1,S/S2,10.0,4.726,128.239,3.047,2.794
1,S-S2#1,S/S2,10.0,0.732,79.559,2.346,0.442
1,S-S2#1,S/S2,10.0,22.369,201.356,1.422,15.798
1,S-S2#1,S/S2,10.0,53.553,98.634,3.196,29.252
1,S-S2#1,S/S2,10.0,41.625,15.112,1.009,17.948
1,S-S2#1,S/S2,10.0,47.28,17.097,2.364,18.954
1,S-S2#1,S/S2,10.0,51.984,18.596,1.667,19.909
1,S-S2#1,S/S2,10.0,40.211,10.596,2.036,16.127
1,S-S2#1,S/S2,10.0,15.748,35.322,1.712,6.869
1,S-S2#1,S/S2,10.0,12.853,47.636,0.991,7.545
1,S-S2#1,S/S2,10.0,12.69,6.198,1.032,8.924
1,S-S2#1,S/S2,10.0,13.897,33.956,1.347,12.884
1,S-S2#1,S/S2,10.0,5.096,80.555,3.786,8.007
1,S-S2#1,S/S2,10.0,13.172,19.059,0.63,15.412
1,S-S2#1,S/S2,10.0,5.182,3.364,1.21,6.143
1,S-S2#1,S/S2,10.0,12.623,60.55,0.125,14.171
1,S-S2#1,S/S2,10.0,27.259,24.851,0.736,67.386
1,S-S2#1,S/S2,10.0,23.081,13.182,0.745,45.856
1,S-S2#1,S/S2,10.0,25.65,1.223,4.516,52.558
1,S-S2#1,S/S2,10.0,17.438,14.412,2.13,81.562
1,S-S2#1,S/S2,10.0,23.746,14.638,1.083,44.726
1,S-S2#1,S/S2,10.0,33.078,13.002,0.417,68.57
1,S-S2#1,S/S2,10.0,3.484,23.461,0.519,5.415
1,S-S2#1,S/S2,10.0,4.071,23.047,1.122,5.355
1,S-S2#1,S/S2,10.0,19.932,15.513,0.107,25.226
1,S-S2#1,S/S2,10.0,1.414,39.719,0.766,1.906
1,S-S2#1,S/S2,10.0,7.152,64.185,1.952,20.92
1,S-S2#1,S/S2,10.0,1.358,3.005,0.686,44.871
1,S-S2#1,S/S2,10.0,12.357,66.943,2.024,22.217
1,S-S2#1,S/S2,10.0,16.014,78.452,1.048,29.115
1,S-S2#1,S/S2,10.0,3.549,33.934,3.61,7.836
1,S-S2#1,S/S2,10.0,7.662,74.726,3.996,12.411
1,S-S2#1,S/S2,10.0,21.792,23.839,0.871,49.567
1,S-S2#1,S/S2,10.0,12.01,18.267,7.698,124.169
1,S-S2#1,S/S2,10.0,52.499,22.162,47.248,209.19
1,S-S2#1,S/S2,10.0,12.125,9.039,1.255,21.948
1,S-S2#1,S/S2,10.0,17.835,12.323,1.866,37.729
1,S-S2#1,S/S2,10.0,21.518,113.93,2.701,24.814
1,S-S2#1,S/S2,10.0,1.048,33.255,0.483,0.92
1,S-S2#1,S/S2,10.0,4.296,41.659,0.593,14.797
1,S-S2#1,S/S2,10.0,11.813,76.393,0.3,14.989
1,S-S2#1,S/S2,10.0,2.222,30.749,1.088,2.58
1,S-S2#1,S/S2,10.0,13.508,16.727,0.861,16.109
1,S-S2#1,S/S2,10.0,11.231,107.573,1.164,14.997
1,S-S2#1,S/S2,10.0,1.76,53.778,2.107,3.56
1,S-S2#1,S/S2,10.0,14.926,47.837,1.204,19.865
1,S-S2#1,S/S2,10.0,10.716,84.805,1.742,18.471
1,S-S2#1,S/S2,10.0,4.681,81.396,1.133,7.516
1,S-S2#1,S/S2,10.0,12.084,86.873,0.819,15.268
1,S-S2#1,S/S2,10.0,18.55,20.997,1.637,22.738
1,S-S2#1,S/S2,10.0,18.076,130.355,0.978,20.159
1,S-S2#1,S/S2,10.0,12.379,52.932,1.256,9.976
1,S-S2#1,S/S2,10.0,2.321,10.817,2.356,1.861
1,S-S2#1,S/S2,10.0,19.5,45.894,0.866,18.794
1,S-S2#1,S/S2,10.0,6.124,123.599,4.166,7.172
1,S-S2#1,S/S2,10.0,8.552,27.095,0.594,10.974
1,S-S2#1,S/S2,10.0,12.856,27.215,0.581,17.461
1,S-S2#1,S/S2,10.0,17.712,14.432,1.253,29.811
1,S-S2#1,S/S2,10.0,12.243,67.699,0.885,20.704
1,S-S2#1,S/S2,10.0,5.97,32.26,4.581,9.664
1,S-S2#1,S/S2,10.0,24.046,45.94,1.108,49.942
1,S-S2#1,S/S2,10.0,13.654,50.683,2.05,26.464
1,S-S2#1,S/S2,10.0,7.746,20.694,0.899,8.621
1,S-S2#1,S/S2,10.0,9.136,107.505,2.962,11.535
1,S-S2#1,S/S2,10.0,17.544,28.707,1.005,21.998
1,S-S2#1,S/S2,10.0,17.303,68.659,1.746,28.585
1,S-S2#1,S/S2,10.0,7.516,19.725,1.219,6.601
1,S-S2#1,S/S2,10.0,16.117,65.967,3.016,18.937
1,S-S2#1,S/S2,10.0,10.808,34.599,1.976,12.684
1,S-S2#1,S/S2,10.0,24.532,66.272,0.313,28.917
1,S-S2#1,S/S2,10.0,10.491,9.176,0.347,11.778
1,S-S2#1,S/S2,10.0,15.836,41.824,2.039,17.77
1,S-S2#1,S/S2,10.0,9.96,13.952,0.832,11.381
1,S-S2#1,S/S2,10.0,15.335,72.041,0.687,21.799
1,S-S2#1,S/S2,10.0,12.896,17.325,1.609,25.037
1,S-S2#1,S/S2,10.0,10.313,56.45,1.756,15.285
1,S-S2#1,S/S2,10.0,10.969,125.938,2.159,12.169
1,S-S2#1,S/S2,10.0,15.093,6.846,1.825,15.223
1,S-S2#1,S/S2,10.0,10.786,9.031,1.377,12.049
1,S-S2#1,S/S2,10.0,11.39,74.484,0.344,12.414
1,S-S2#1,S/S2,10.0,27.55,33.667,1.222,46.442
1,S-S2#1,S/S2,10.0,11.092,74.49,1.243,14.203
1,S-S2#1,S/S2,10.0,25.816,43.891,1.042,83.42
1,S-S2#1,S/S2,10.0,0.241,1.346,0.123,16.93
1,S-S2#1,S/S2,10.0,18.449,114.437,1.551,20.999
1,S-S2#1,S/S2,10.0,13.978,5.971,0.334,10.478
1,S-S2#1,S/S2,10.0,5.026,12.954,1.95,3.475
1,S-S2#1,S/S2,10.0,12.598,15.683,1.51,8.007
1,S-S2#1,S/S2,10.0,3.686,5.742,0.559,2.463
1,S-S2#1,S/S2,10.0,8.085,18.263,1.306,5.373
1,S-S2#1,S/S2,10.0,11.424,67.745,3.056,7.786
1,S-S2#1,S/S2,10.0,14.521,32.747,0.687,9.786
1,S-S2#1,S/S2,10.0,7.742,4.536,0.291,5.599
1,S-S2#1,S/S2,10.0,11.211,9.467,0.539,7.494
1,S-S2#1,S/S2,10.0,20.93,104.625,1.962,13.619
1,S-S2#1,S/S2,10.0,21.197,89.401,1.3,13.591
1,S-S2#1,S/S2,10.0,16.223,31.988,0.776,10.52
1,S-S2#1,S/S2,10.0,0.686,40.698,0.809,0.476
1,S-S2#1,S/S2,10.0,12.436,14.009,0.874,11.283
1,S-S2#1,S/S2,10.0,16.099,45.058,0.72,13.894
1,S-S2#1,S/S2,10.0,9.326,20.896,0.34,7.023
1,S-S2#1,S/S2,10.0,18.567,21.044,1.092,17.028
1,S-S2#1,S/S2,10.0,15.75,21.951,1.447,15.63
1,S-S2#1,S/S2,10.0,10.035,93.473,1.995,10.132
1,S-S2#1,S/S2,10.0,8.363,36.183,1.324,7.463
1,S-S2#1,S/S2,10.0,15.906,22.952,0.773,13.904
1,S-S2#1,S/S2,10.0,5.807,60.117,2.001,10.416
1,S-S2#1,S/S2,10.0,2.608,23.44,1.04,5.836
1,S-S2#1,S/S2,10.0,10.718,22.652,0.921,8.705
1,S-S2#1,S/S2,10.0,12.964,15.124,1.098,9.128
1,S-S2#1,S/S2,10.0,25.609,82.637,3.996,34.331
1,S-S2#1,S/S2,10.0,17.945,21.262,0.488,16.162
1,S-S2#1,S/S2,10.0,14.363,9.23,0.639,15.603
1,S-S2#1,S/S2,10.0,9.621,34.557,1.765,10.706
1,S-S2#1,S/S2,10.0,14.389,36.878,1.136,13.434
1,S-S2#1,S/S2,10.0,7.097,54.65,1.716,6.513
1,S-S2#1,S/S2,10.0,4.056,10.559,0.923,4.033
1,S-S2#1,S/S2,10.0,9.365,9.141,0.584,8.59
1,S-S2#1,S/S2,10.0,7.51,89.208,2.173,11.256
1,S-S2#1,S/S2,10.0,8.852,30.244,1.136,11.408
1,S-S2#1,S/S2,10.0,8.737,62.233,0.876,12.426
1,S-S2#1,S/S2,10.0,18.282,85.876,2.151,29.433
1,S-S2#1,S/S2,10.0,17.252,67.693,1.8,45.378
1,S-S2#1,S/S2,10.0,20.923,0.551,17.426,130.209
1,S-S2#1,S/S2,10.0,15.14,72.855,1.161,27.744
1,S-S2#1,S/S2,10.0,7.617,81.672,1.569,13.76
1,S-S2#1,S/S2,10.0,1.538,18.725,0.898,31.614
1,S-S2#1,S/S2,10.0,4.605,17.291,0.615,27.098
1,S-S2#1,S/S2,10.0,8.755,35.185,0.802,17.896
1,S-S2#1,S/S2,10.0,6.876,16.672,0.765,8.373
1,S-S2#1,S/S2,10.0,7.483,76.069,1.472,8.02
1,S-S2#1,S/S2,10.0,23.142,47.094,1.532,31.202
1,S-S2#1,S/S2,10.0,3.206,25.845,1.409,11.627
1,S-S2#1,S/S2,10.0,11.387,41.085,0.834,12.108
1,S-S2#1,S/S2,10.0,8.873,1.772,0.318,9.461
1,S-S2#1,S/S2,10.0,18.4,45.631,1.195,34.551
1,S-S2#1,S/S2,10.0,14.043,105.093,2.534,17.078
1,S-S2#1,S/S2,10.0,4.328,22.872,0.885,4.01
1,S-S2#1,S/S2,10.0,12.66,31.378,0.547,11.064
1,S-S2#1,S/S2,10.0,11.501,62.527,4.41,9.555
1,S-S2#1,S/S2,10.0,36.077,64.345,1.645,68.385
1,S-S2#1,S/S2,10.0,3.248,30.537,2.013,8.26
1,S-S2#1,S/S2,10.0,27.15,89.293,0.955,19.948
1,S-S2#1,S/S2,10.0,38.458,53.808,1.819,20.53
1,S-S2#1,S/S2,10.0,9.81,86.028,4.322,6.032
1,S-S2#1,S/S2,10.0,13.924,73.194,5.007,16.928
1,S-S2#1,S/S2,10.0,22.194,51.579,1.178,25.423
1,S-S2#1,S/S2,10.0,20.986,102.471,0.563,32.679
1,S-S2#1,S/S2,10.0,14.668,103.178,2.038,22.138
1,S-S2#1,S/S2,10.0,8.605,77.185,1.504,15.625
1,S-S2#1,S/S2,10.0,12.941,68.766,1.92,28.368
1,S-S2#1,S/S2,10.0,1.087,79.294,1.849,1.978
1,S-S2#1,S/S2,10.0,11.097,32.376,0.845,15.983
1,S-S2#1,S/S2,10.0,3.506,71.398,3.127,6.712
1,S-S2#1,S/S2,10.0,30.082,52.976,1.38,63.867
1,S-S2#1,S/S2,10.0,8.604,42.576,3.638,13.141
1,S-S2#1,S/S2,10.0,26.485,42.574,0.97,18.292
1,S-S2#1,S/S2,10.0,20.053,4.107,0.814,11.548
1,S-S2#1,S/S2,10.0,18.485,39.588,0.438,10.417
1,S-S2#1,S/S2,10.0,25.747,41.743,0.67,14.565
1,S-S2#1,S/S2,10.0,27.579,37.187,0.408,15.36
1,S-S2#1,S/S2,10.0,8.369,15.888,1.457,5.106
1,S-S2#1,S/S2,10.0,14.354,54.411,1.542,24.204
1,S-S2#1,S/S2,10.0,3.905,16.158,0.754,22.288
1,S-S2#1,S/S2,10.0,18.23,10.946,1.56,28.5
1,S-S2#1,S/S2,10.0,8.935,42.922,3.698,13.609
1,S-S2#1,S/S2,10.0,12.973,91.59,2.353,19.189
1,S-S2#1,S/S2,10.0,5.421,76.264,2.385,10.695
1,S-S2#1,S/S2,10.0,15.301,43.246,1.187,41.975
1,S-S2#1,S/S2,10.0,17.935,12.787,11.121,150.236
1,S-S2#1,S/S2,10.0,4.081,58.051,2.344,9.321
1,S-S2#1,S/S2,10.0,15.186,44.952,1.734,34.535
1,S-S2#1,S/S2,10.0,17.879,22.898,1.197,32.799
1,S-S2#1,S/S2,10.0,26.973,16.296,2.191,68.263
1,S-S2#1,S/S2,10.0,3.524,42.506,2.826,7.437
1,S-S2#1,S/S2,10.0,11.069,20.636,2.981,20.68
1,S-S2#1,S/S2,10.0,17.29,2.181,0.131,26.567
1,S-S2#1,S/S2,10.0,10.321,27.677,1.029,22.738
1,S-S2#1,S/S2,10.0,5.562,11.181,10.675,83.406
1,S-S2#1,S/S2,10.0,5.367,7.224,3.469,69.912
1,S-S2#1,S/S2,10.0,4.347,27.539,3.738,6.529
1,S-S2#1,S/S2,10.0,24.158,23.992,1.62,35.098
1,S-S2#1,S/S2,10.0,8.576,93.382,1.395,12.266
1,S-S2#1,S/S2,10.0,0.964,9.517,1.797,1.058
1,S-S2#1,S/S2,10.0,1.123,21.553,0.265,1.013
1,S-S2#1,S/S2,10.0,2.684,20.834,1.039,2.413
1,S-S2#1,S/S2,10.0,21.562,70.883,0.585,17.245
1,S-S2#1,S/S2,10.0,16.71,60.104,1.467,13.267
1,S-S2#1,S/S2,10.0,6.975,98.855,0.77,6.16
1,S-S2#1,S/S2,10.0,13.403,122.763,2.233,10.878
1,S-S2#1,S/S2,10.0,8.063,57.188,3.39,6.382
1,S-S2#1,S/S2,10.0,7.787,83.944,1.574,5.937
1,S-S2#1,S/S2,10.0,9.131,68.744,1.458,28.89
1,S-S2#1,S/S2,10.0,13.224,40.699,2.474,28.01
1,S-S2#1,S/S2,10.0,4.96,20.552,0.853,5.51
1,S-S2#1,S/S2,10.0,1.495,26.619,0.542,15.742
1,S-S2#1,S/S2,10.0,10.536,50.225,1.316,20.989
1,S-S2#1,S/S2,10.0,6.951,14.829,0.857,7.092
1,S-S2#1,S/S2,10.0,1.375,15.535,0.41,31.146
1,S-S2#1,S/S2,10.0,9.775,69.625,1.463,10.259
1,S-S2#1,S/S2,10.0,10.821,62.21,2.816,17.235
1,S-S2#1,S/S2,10.0,6.994,7.2,0.897,7.036
1,S-S2#1,S/S2,10.0,18.343,119.772,1.461,21.99
1,S-S2#1,S/S2,10.0,7.093,13.559,1.042,6.59
1,S-S2#1,S/S2,10.0,14.231,119.887,1.205,16.818
1,S-S2#1,S/S2,10.0,10.89,76.983,0.808,9.384
1,S-S2#1,S/S2,10.0,8.341,70.533,2.788,11.161
1,S-S2#1,S/S2,10.0,21.621,15.038,2.287,31.214
1,S-S2#1,S/S2,10.0,6.585,89.992,0.787,8.711
1,S-S2#1,S/S2,10.0,5.116,99.132,1.518,5.483
1,S-S2#1,S/S2,10.0,10.777,5.945,0.478,10.887
1,S-S2#1,S/S2,10.0,35.446,80.496,3.489,58.618
1,S-S2#1,S/S2,10.0,1.219,25.895,0.447,1.295
1,S-S2#1,S/S2,10.0,15.968,18.984,0.516,16.286
1,S-S2#1,S/S2,10.0,7.263,6.365,0.431,8.383
1,S-S2#1,S/S2,10.0,6.747,33.336,1.566,7.344
1,S-S2#1,S/S2,10.0,9.821,23.772,0.489,11.483
1,S-S2#1,S/S2,10.0,22.847,26.93,2.285,29.299
1,S-S2#1,S/S2,10.0,17.045,37.67,3.085,24.86
1,S-S2#1,S/S2,10.0,28.258,26.526,0.95,44.773
1,S-S2#1,S/S2,10.0,8.735,28.612,7.697,28.612
1,S-S2#1,S/S2,10.0,14.946,93.092,0.974,19.784
1,S-S2#1,S/S2,10.0,16.405,91.696,1.502,23.211
1,S-S2#1,S/S2,10.0,7.07,35.107,0.535,7.914
1,S-S2#1,S/S2,10.0,8.907,98.906,3.111,12.944
1,S-S2#1,S/S2,10.0,6.15,4.325,0.448,6.371
1,S-S2#1,S/S2,10.0,7.838,126.245,3.086,9.455
1,S-S2#1,S/S2,10.0,24.91,42.475,1.352,33.453
1,S-S2#1,S/S2,10.0,13.292,88.771,2.17,17.474
1,S-S2#1,S/S2,10.0,5.029,13.192,0.732,4.443
1,S-S2#1,S/S2,10.0,36.26,40.66,1.574,49.419
1,S-S2#1,S/S2,10.0,5.241,16.903,2.798,29.799
1,S-S2#1,S/S2,10.0,2.066,18.997,0.378,2.224
1,S-S2#1,S/S2,10.0,5.363,6.311,2.42,5.832
1,S-S2#1,S/S2,10.0,9.785,121.058,1.763,12.164
1,S-S2#1,S/S2,10.0,5.555,57.998,1.786,5.525
1,S-S2#1,S/S2,10.0,11.357,18.619,0.904,12.024
1,S-S2#1,S/S2,10.0,14.601,70.388,2.796,24.033
1,S-S2#1,S/S2,10.0,10.588,7.33,0.279,8.549
1,S-S2#1,S/S2,10.0,17.905,22.437,1.773,13.981
1,S-S2#1,S/S2,10.0,2.565,23.792,0.362,2.081
1,S-S2#1,S/S2,10.0,9.38,99.086,3.399,7.185
1,S-S2#1,S/S2,10.0,7.127,27.727,2.008,5.651
1,S-S2#1,S/S2,10.0,16.801,123.365,2.218,17.936
1,S-S2#1,S/S2,10.0,23.092,79.892,2.257,32.696
1,S-S2#1,S/S2,10.0,1.499,83.101,1.545,1.388
1,S-S2#1,S/S2,10.0,21.406,42.978,0.617,19.882
1,S-S2#1,S/S2,10.0,28.093,69.25,0.804,23.765
1,S-S2#1,S/S2,10.0,1.776,11.716,0.62,1.455
1,S-S2#1,S/S2,10.0,14.413,87.661,2.893,21.54
1,S-S2#1,S/S2,10.0,16.365,43.328,1.618,13.533
1,S-S2#1,S/S2,10.0,10.352,71.541,1.183,6.747
1,S-S2#1,S/S2,10.0,5.232,6.259,1.482,3.535
1,S-S2#1,S/S2,10.0,10.099,122.066,2.54,12.395
1,S-S2#1,S/S2,10.0,13.518,16.534,0.647,15.685
1,S-S2#1,S/S2,10.0,2.782,42.108,0.929,4.455
1,S-S2#1,S/S2,10.0,5.788,31.805,1.662,6.59
1,S-S2#1,S/S2,10.0,14.317,29.935,0.169,16.469
1,S-S2#1,S/S2,10.0,11.3,94.898,1.551,13.412
1,S-S2#1,S/S2,10.0,2.987,51.621,0.52,3.122
1,S-S2#1,S/S2,10.0,19.209,10.546,1.754,20.103
1,S-S2#1,S/S2,10.0,12.987,13.045,1.33,14.315
1,S-S2#1,S/S2,10.0,23.247,44.712,5.201,73.894
1,S-S2#1,S/S2,10.0,41.579,10.877,38.967,169.517
1,S-S2#1,S/S2,10.0,6.729,16.766,1.452,7.876
1,S-S2#1,S/S2,10.0,9.9,126.089,1.344,11.295
1,S-S2#1,S/S2,10.0,5.565,94.643,1.461,5.75
1,S-S2#1,S/S2,10.0,18.769,56.159,1.052,22.049
1,S-S2#1,S/S2,10.0,8.234,20.675,2.01,46.589
1,S-S2#1,S/S2,10.0,2.895,9.404,0.624,11.445
1,S-S2#1,S/S2,10.0,8.845,11.874,0.329,12.823
1,S-S2#1,S/S2,10.0,12.458,14.167,0.668,14.854
1,S-S2#1,S/S2,10.0,12.62,51.448,1.103,18.788
1,S-S2#1,S/S2,10.0,11.219,22.869,0.711,12.782
1,S-S2#1,S/S2,10.0,22.774,43.829,0.747,56.104
1,S-S2#1,S/S2,10.0,17.011,98.19,1.069,21.23
1,S-S2#1,S/S2,10.0,22.604,30.403,1.001,14.859
1,S-S2#1,S/S2,10.0,34.046,76.288,0.449,20.484
1,S-S2#1,S/S2,10.0,24.704,19.415,0.921,13.624
1,S-S2#1,S/S2,10.0,11.663,10.486,0.546,6.424
1,S-S2#1,S/S2,10.0,15.772,6.926,0.167,9.342
1,S-S2#1,S/S2,10.0,7.105,23.796,0.517,4.575
1,S-S2#1,S/S2,10.0,13.304,101.05,3.66,15.674
1,S-S2#1,S/S2,10.0,30.243,29.324,0.719,20.272
1,S-S2#1,S/S2,10.0,19.028,9.509,0.578,10.963
1,S-S2#1,S/S2,10.0,33.05,12.393,2.293,15.742
1,S-S2#1,S/S2,10.0,43.511,10.317,3.281,19.298
1,S-S2#1,S/S2,10.0,30.283,16.102,2.931,13.117
1,S-S2#1,S/S2,10.0,37.691,11.268,1.546,16.538
1,S-S2#1,S/S2,10.0,38.451,1.559,3.209,16.565
1,S-S2#1,S/S2,10.0,32.534,2.812,2.932,14.034
1,S-S2#1,S/S2,10.0,6.175,40.137,1.538,3.296
1,S-S2#1,S/S2,10.0,8.089,25.56,2.334,8.237
1,S-S2#1,S/S2,10.0,25.48,79.315,2.572,16.09
1,S-S2#1,S/S2,10.0,25.42,11.395,0.174,13.582
1,S-S2#1,S/S2,10.0,32.41,19.277,1.133,15.298
1,S-S2#1,S/S2,10.0,36.079,7.188,0.075,15.096
1,S-S2#1,S/S2,10.0,26.051,14.153,3.923,11.601
1,S-S2#1,S/S2,10.0,15.131,18.794,0.478,7.496
1,S-S2#1,S/S2,10.0,3.753,41.149,1.077,2.292
1,S-S2#1,S/S2,10.0,13.029,8.238,1.515,12.938
1,S-S2#1,S/S2,10.0,24.443,27.376,0.705,14.367
1,S-S2#1,S/S2,10.0,36.813,16.415,0.686,17.469
1,S-S2#1,S/S2,10.0,36.939,8.714,1.253,16.284
1,S-S2#1,S/S2,10.0,16.216,17.037,0.48,7.605
1,S-S2#1,S/S2,10.0,28.218,16.785,0.055,13.832
1,S-S2#1,S/S2,10.0,28.824,56.482,1.777,19.779
1,S-S2#1,S/S2,10.0,0.904,9.716,0.346,2.923
1,S-S2#1,S/S2,10.0,5.238,5.83,1.213,11.432
1,S-S2#1,S/S2,10.0,21.685,83.875,2.877,17.608
1,S-S2#1,S/S2,10.0,13.995,42.351,5.802,18.866
1,S-S2#1,S/S2,10.0,32.141,32.911,3.69,21.069
1,S-S2#1,S/S2,10.0,40.766,23.455,1.442,19.948
1,S-S2#1,S/S2,10.0,41.55,10.981,1.617,18.011
1,S-S2#1,S/S2,10.0,39.037,26.356,1.988,16.35
1,S-S2#1,S/S2,10.0,26.503,8.57,1.591,11.235
1,S-S2#1,S/S2,10.0,30.034,6.616,2.228,13.182
1,S-S2#1,S/S2,10.0,25.376,93.793,2.806,18.949
1,S-S2#1,S/S2,10.0,7.417,3.182,1.358,7.23
1,S-S2#1,S/S2,10.0,21.944,35.879,0.955,36.0
1,S-S2#1,S/S2,10.0,4.641,75.102,0.882,7.865
1,S-S2#1,S/S2,10.0,5.114,16.954,1.399,5.525
1,S-S2#1,S/S2,10.0,24.694,50.57,0.956,30.604
1,S-S2#1,S/S2,30.0,44.317,118.37,6.686,16.414
1,S-S2#1,S/S2,30.0,35.755,268.182,3.59,22.564
1,S-S2#1,S/S2,30.0,7.125,54.835,1.831,7.167
1,S-S2#1,S/S2,30.0,27.991,85.462,0.873,26.149
1,S-S2#1,S/S2,30.0,54.555,99.589,1.304,64.081
1,S-S2#1,S/S2,30.0,8.32,82.226,1.359,25.282
1,S-S2#1,S/S2,30.0,0.729,11.895,0.649,29.404
1,S-S2#1,S/S2,30.0,0.533,0.294,0.398,27.574
1,S-S2#1,S/S2,30.0,0.543,0.285,0.338,29.095
1,S-S2#1,S/S2,30.0,0.511,0.448,0.382,28.834
1,S-S2#1,S/S2,30.0,0.321,0.728,0.688,20.423
1,S-S2#1,S/S2,30.0,0.925,1.709,1.572,51.19
1,S-S2#1,S/S2,30.0,0.871,1.391,1.45,48.121
1,S-S2#1,S/S2,30.0,0.241,1.666,0.958,11.443
1,S-S2#1,S/S2,30.0,1.179,1.184,1.212,61.502
1,S-S2#1,S/S2,30.0,1.525,1.502,1.465,76.396
1,S-S2#1,S/S2,30.0,1.003,1.089,1.058,66.326
1,S-S2#1,S/S2,30.0,0.668,1.117,1.015,45.492
1,S-S2#1,S/S2,30.0,2.078,9.698,1.401,17.202
1,S-S2#1,S/S2,30.0,11.17,102.34,13.049,10.769
1,S-S2#1,S/S2,30.0,30.454,232.032,30.324,13.106
1,S-S2#1,S/S2,30.0,19.461,163.322,11.424,5.523
1,S-S2#1,S/S2,30.0,59.03,110.372,8.294,14.984
1,S-S2#1,S/S2,30.0,64.507,156.014,10.523,17.402
1,S-S2#1,S/S2,30.0,27.943,166.435,3.347,9.506
1,S-S2#1,S/S2,30.0,48.987,270.076,2.142,20.412
1,S-S2#1,S/S2,30.0,54.526,97.574,5.048,26.951
1,S-S2#1,S/S2,30.0,57.194,140.958,2.48,32.578
1,S-S2#1,S/S2,30.0,35.784,288.258,4.511,19.692
1,S-S2#1,S/S2,30.0,33.91,204.864,7.098,16.339
1,S-S2#1,S/S2,30.0,27.02,233.333,2.333,11.021
1,S-S2#1,S/S2,30.0,36.464,299.835,7.165,15.601
1,S-S2#1,S/S2,30.0,60.075,379.66,6.228,26.517
1,S-S2#1,S/S2,30.0,86.972,45.789,3.504,34.02
1,S-S2#1,S/S2,30.0,91.216,56.954,3.267,34.678
1,S-S2#1,S/S2,30.0,83.172,107.842,2.742,44.676
1,S-S2#1,S/S2,30.0,56.463,166.615,2.325,38.892
1,S-S2#1,S/S2,30.0,1.971,157.837,2.106,1.779
1,S-S2#1,S/S2,30.0,11.53,135.585,9.434,6.088
1,S-S2#1,S/S2,30.0,9.519,401.627,7.567,3.824
1,S-S2#1,S/S2,30.0,28.218,236.133,16.613,10.098
1,S-S2#1,S/S2,30.0,55.288,146.633,4.058,21.353
1,S-S2#1,S/S2,30.0,105.178,314.261,5.987,54.32
1,S-S2#1,S/S2,30.0,114.557,199.821,15.796,70.45
1,S-S2#1,S/S2,30.0,136.722,273.254,11.545,89.124
1,S-S2#1,S/S2,30.0,142.338,62.687,3.954,80.215
1,S-S2#1,S/S2,30.0,156.512,51.231,40.363,75.115
1,S-S2#1,S/S2,30.0,95.814,13.498,7.257,50.869
1,S-S2#1,S/S2,30.0,53.743,182.511,4.697,30.695
1,S-S2#1,S/S2,30.0,25.271,164.346,7.07,15.58
1,S-S2#1,S/S2,30.0,49.143,252.36,11.963,24.804
1,S-S2#1,S/S2,30.0,83.671,284.936,40.597,40.969
1,S-S2#1,S/S2,30.0,67.158,96.212,16.134,44.731
1,S-S2#1,S/S2,30.0,48.854,118.14,22.847,44.484
1,S-S2#1,S/S2,30.0,36.996,54.575,18.173,45.025
1,S-S2#1,S/S2,30.0,193.254,117.13,183.66,150.278
1,S-S2#1,S/S2,30.0,19.689,191.606,3.818,14.037
1,S-S2#1,S/S2,30.0,35.729,237.898,7.655,19.225
1,S-S2#1,S/S2,30.0,42.359,255.256,8.525,19.287
1,S-S2#1,S/S2,30.0,58.445,71.085,9.881,27.283
1,S-S2#1,S/S2,30.0,38.056,183.783,6.999,23.331
1,S-S2#1,S/S2,30.0,13.581,221.579,7.391,11.37
1,S-S2#1,S/S2,30.0,21.077,107.492,8.038,14.315
1,S-S2#1,S/S2,30.0,29.663,149.953,5.663,23.166
1,S-S2#1,S/S2,30.0,28.819,239.138,6.481,34.329
1,S-S2#1,S/S2,30.0,2.023,125.475,4.203,6.842
1,S-S2#1,S/S2,30.0,17.32,88.153,10.066,18.021
1,S-S2#1,S/S2,30.0,50.299,163.52,16.859,30.067
1,S-S2#1,S/S2,30.0,59.53,20.768,4.352,28.148
1,S-S2#1,S/S2,30.0,56.212,16.297,26.411,27.14
1,S-S2#1,S/S2,30.0,38.18,109.587,7.976,17.127
1,S-S2#1,S/S2,30.0,48.152,80.708,12.979,17.834
1,S-S2#1,S/S2,30.0,42.968,71.986,19.259,16.014
1,S-S2#1,S/S2,30.0,95.326,73.274,17.351,35.53
1,S-S2#1,S/S2,30.0,96.056,206.651,28.135,34.056
1,S-S2#1,S/S2,30.0,128.929,493.953,20.291,37.409
1,S-S2#1,S/S2,30.0,14.877,100.236,23.577,3.782
1,S-S2#1,S/S2,30.0,17.629,128.667,35.992,4.121
1,S-S2#1,S/S2,30.0,34.661,168.776,35.68,7.996
1,S-S2#1,S/S2,30.0,18.354,71.372,29.588,4.234
1,S-S2#1,S/S2,30.0,28.733,81.267,21.309,8.04
1,S-S2#1,S/S2,30.0,66.04,400.03,13.083,21.533
1,S-S2#1,S/S2,30.0,66.418,350.73,15.061,26.654
1,S-S2#1,S/S2,30.0,56.997,380.898,19.651,23.153
1,S-S2#1,S/S2,30.0,49.783,82.793,15.499,25.071
1,S-S2#1,S/S2,30.0,57.083,330.614,11.369,26.453
1,S-S2#1,S/S2,30.0,2.429,201.91,11.517,1.235
1,S-S2#1,S/S2,30.0,45.772,156.659,6.28,29.618
1,S-S2#1,S/S2,30.0,51.019,155.36,10.863,46.792
1,S-S2#1,S/S2,30.0,29.519,184.548,16.422,16.522
1,S-S2#1,S/S2,30.0,73.839,314.829,59.021,23.443
1,S-S2#1,S/S2,30.0,25.007,102.524,21.35,6.479
1,S-S2#1,S/S2,30.0,43.965,118.638,10.436,13.343
1,S-S2#1,S/S2,30.0,69.903,315.583,8.694,25.674
1,S-S2#1,S/S2,30.0,91.383,342.912,10.292,44.411
1,S-S2#1,S/S2,30.0,78.118,208.669,11.853,38.106
1,S-S2#1,S/S2,30.0,100.945,356.269,13.548,49.541
1,S-S2#1,S/S2,30.0,132.375,82.957,8.733,67.077
1,S-S2#1,S/S2,30.0,93.06,46.832,7.941,52.262
1,S-S2#1,S/S2,30.0,68.438,141.271,2.983,61.045
1,S-S2#1,S/S2,30.0,48.956,65.183,20.473,69.327
1,S-S2#1,S/S2,30.0,47.556,87.308,22.144,128.758
1,S-S2#1,S/S2,30.0,72.771,39.052,20.269,133.953
1,S-S2#1,S/S2,30.0,264.085,85.308,146.926,346.832
1,S-S2#1,S/S2,30.0,97.939,88.361,2.113,89.51
1,S-S2#1,S/S2,30.0,77.629,175.81,2.817,53.009
1,S-S2#1,S/S2,30.0,107.042,244.52,13.243,57.645
1,S-S2#1,S/S2,30.0,154.179,46.648,2.046,94.888
1,S-S2#1,S/S2,30.0,99.03,124.43,2.5,103.658
1,S-S2#1,S/S2,30.0,59.881,123.007,2.899,123.174
1,S-S2#1,S/S2,30.0,41.123,19.862,0.729,159.919
1,S-S2#1,S/S2,30.0,57.992,6.308,10.555,202.072
1,S-S2#1,S/S2,30.0,48.957,3.336,3.342,722.55
1,S-S2#1,S/S2,30.0,51.767,2.29,3.29,903.259
1,S-S2#1,S/S2,30.0,38.207,1.344,1.614,1771.291
1,S-S2#1,S/S2,30.0,32.386,0.775,1.035,2093.783
1,S-S2#1,S/S2,30.0,29.71,0.958,0.944,2136.488
1,S-S2#1,S/S2,30.0,24.752,6.936,12.649,335.937
1,S-S2#1,S/S2,30.0,40.561,24.365,27.329,121.63
1,S-S2#1,S/S2,30.0,67.083,53.03,39.673,87.462
1,S-S2#1,S/S2,30.0,224.105,104.823,189.446,155.682
1,S-S2#1,S/S2,30.0,81.482,310.499,2.726,40.591
1,S-S2#1,S/S2,30.0,83.725,101.007,2.953,41.779
1,S-S2#1,S/S2,30.0,68.642,64.225,1.875,35.945
1,S-S2#1,S/S2,30.0,28.733,175.689,1.643,15.953
1,S-S2#1,S/S2,30.0,22.192,273.629,2.279,11.005
1,S-S2#1,S/S2,30.0,44.2,217.952,12.69,22.002
1,S-S2#1,S/S2,30.0,27.012,150.251,2.524,13.883
1,S-S2#1,S/S2,30.0,40.899,145.841,1.195,21.926
1,S-S2#1,S/S2,30.0,40.575,166.172,6.159,19.648
1,S-S2#1,S/S2,30.0,69.81,323.076,3.279,38.912
1,S-S2#1,S/S2,30.0,84.058,95.338,4.03,46.933
1,S-S2#1,S/S2,30.0,74.567,223.125,7.227,49.431
1,S-S2#1,S/S2,30.0,71.328,199.621,6.123,55.226
1,S-S2#1,S/S2,30.0,49.585,145.083,5.96,58.86
1,S-S2#1,S/S2,30.0,33.553,152.043,6.484,35.253
1,S-S2#1,S/S2,30.0,48.256,153.382,3.754,30.729
1,S-S2#1,S/S2,30.0,86.228,51.348,7.449,41.716
1,S-S2#1,S/S2,30.0,70.277,47.886,3.362,35.772
1,S-S2#1,S/S2,30.0,75.122,237.917,3.108,53.473
1,S-S2#1,S/S2,30.0,40.901,160.472,4.115,40.818
1,S-S2#1,S/S2,30.0,34.32,257.431,4.579,22.742
1,S-S2#1,S/S2,30.0,6.222,203.169,2.33,2.85
1,S-S2#1,S/S2,30.0,36.778,222.824,3.447,12.657
1,S-S2#1,S/S2,30.0,85.199,447.05,4.01,38.107
1,S-S2#1,S/S2,30.0,54.667,182.411,7.417,25.804
1,S-S2#1,S/S2,30.0,58.771,377.424,11.554,26.761
1,S-S2#1,S/S2,30.0,80.4,365.762,5.407,28.826
1,S-S2#1,S/S2,30.0,102.781,114.133,21.201,34.731
1,S-S2#1,S/S2,30.0,85.852,81.975,19.588,32.183
1,S-S2#1,S/S2,30.0,53.51,221.134,4.193,25.494
1,S-S2#1,S/S2,30.0,32.306,292.904,2.802,20.255
1,S-S2#1,S/S2,30.0,7.826,130.487,7.893,5.912
1,S-S2#1,S/S2,30.0,26.939,186.054,9.848,18.392
1,S-S2#1,S/S2,30.0,47.565,100.928,25.996,43.215
1,S-S2#1,S/S2,30.0,62.168,158.122,30.411,74.517
1,S-S2#1,S/S2,30.0,38.231,92.102,39.846,35.145
1,S-S2#1,S/S2,30.0,380.942,132.595,336.904,217.6
1,S-S2#1,S/S2,30.0,57.467,53.342,11.984,24.177
1,S-S2#1,S/S2,30.0,47.347,126.29,4.282,23.448
1,S-S2#1,S/S2,30.0,24.525,300.945,3.273,11.072
1,S-S2#1,S/S2,30.0,16.503,273.934,4.665,6.947
1,S-S2#1,S/S2,30.0,53.862,81.849,4.38,24.915
1,S-S2#1,S/S2,30.0,29.278,183.678,8.751,14.482
1,S-S2#1,S/S2,30.0,38.922,258.324,13.854,19.784
1,S-S2#1,S/S2,30.0,48.584,146.353,11.475,20.705
1,S-S2#1,S/S2,30.0,62.144,113.658,8.895,25.291
1,S-S2#1,S/S2,30.0,60.898,198.554,6.715,25.969
1,S-S2#1,S/S2,30.0,58.049,118.128,5.558,31.547
1,S-S2#1,S/S2,30.0,57.99,170.43,4.897,39.054
1,S-S2#1,S/S2,30.0,27.306,114.622,3.538,27.622
1,S-S2#1,S/S2,30.0,43.608,14.145,2.252,32.508
1,S-S2#1,S/S2,30.0,32.235,70.007,1.995,25.811
1,S-S2#1,S/S2,30.0,39.565,198.598,2.371,27.891
1,S-S2#1,S/S2,30.0,29.714,190.393,2.587,21.559
1,S-S2#1,S/S2,30.0,20.225,82.141,2.764,16.226
1,S-S2#1,S/S2,30.0,63.008,136.075,4.523,52.586
1,S-S2#1,S/S2,30.0,69.583,164.916,2.204,65.314
1,S-S2#1,S/S2,30.0,38.094,37.721,5.88,45.205
1,S-S2#1,S/S2,30.0,21.312,109.386,15.114,47.249
1,S-S2#1,S/S2,30.0,21.271,66.104,14.902,60.075
1,S-S2#1,S/S2,30.0,60.588,10.639,53.737,191.954
1,S-S2#1,S/S2,30.0,38.602,57.539,7.181,56.352
1,S-S2#1,S/S2,30.0,67.458,76.999,0.448,80.639
1,S-S2#1,S/S2,30.0,74.564,144.398,1.476,61.274
1,S-S2#1,S/S2,30.0,55.821,126.817,5.254,39.582
1,S-S2#1,S/S2,30.0,64.733,166.647,33.138,44.488
1,S-S2#1,S/S2,30.0,47.542,174.583,3.622,34.274
1,S-S2#1,S/S2,30.0,42.995,85.892,3.056,30.7
1,S-S2#1,S/S2,30.0,55.177,276.842,3.256,33.569
1,S-S2#1,S/S2,30.0,82.789,99.782,7.687,44.548
1,S-S2#1,S/S2,30.0,77.806,148.299,3.221,42.15
1,S-S2#1,S/S2,30.0,49.441,236.656,2.703,24.931
1,S-S2#1,S/S2,30.0,40.263,309.368,2.186,20.218
1,S-S2#1,S/S2,30.0,45.329,208.54,1.508,20.874
1,S-S2#1,S/S2,30.0,34.174,292.168,2.412,17.731
1,S-S2#1,S/S2,30.0,18.895,136.904,3.086,10.187
1,S-S2#1,S/S2,30.0,13.677,178.435,2.858,7.44
1,S-S2#1,S/S2,30.0,50.171,292.483,1.892,31.112
1,S-S2#1,S/S2,30.0,46.943,142.441,5.54,27.032
1,S-S2#1,S/S2,30.0,37.552,238.336,4.68,20.758
1,S-S2#1,S/S2,30.0,16.171,164.516,10.083,7.011
1,S-S2#1,S/S2,30.0,54.223,429.972,1.148,22.035
1,S-S2#1,S/S2,30.0,48.334,44.343,3.827,27.605
1,S-S2#1,S/S2,30.0,48.992,217.538,6.377,27.312
1,S-S2#1,S/S2,30.0,35.408,251.042,5.562,21.143
1,S-S2#1,S/S2,30.0,36.776,231.771,2.071,20.934
1,S-S2#1,S/S2,30.0,36.824,282.441,2.149,40.018
1,S-S2#1,S/S2,30.0,9.664,67.645,2.384,11.152
1,S-S2#1,S/S2,30.0,10.441,39.54,4.016,6.721
1,S-S2#1,S/S2,30.0,13.56,109.156,8.191,4.967
1,S-S2#1,S/S2,30.0,6.787,538.663,3.965,1.976
1,S-S2#1,S/S2,30.0,11.885,159.834,3.077,3.002
1,S-S2#1,S/S2,30.0,45.049,107.374,1.644,10.705
1,S-S2#1,S/S2,30.0,25.097,49.126,3.701,5.83
1,S-S2#1,S/S2,30.0,35.147,85.676,13.297,8.095
1,S-S2#1,S/S2,30.0,17.167,57.448,6.656,4.317
1,S-S2#1,S/S2,30.0,8.566,55.889,4.706,2.675
1,S-S2#1,S/S2,30.0,15.905,71.801,3.713,6.489
1,S-S2#1,S/S2,30.0,10.617,47.252,2.682,4.996
1,S-S2#1,S/S2,30.0,50.066,254.574,1.84,19.715
1,S-S2#1,S/S2,30.0,53.286,118.791,2.345,17.208
1,S-S2#1,S/S2,30.0,26.714,200.978,7.465,7.357
1,S-S2#1,S/S2,30.0,15.48,48.341,2.166,3.982
1,S-S2#1,S/S2,30.0,14.719,41.732,3.578,3.535
1,S-S2#1,S/S2,30.0,39.485,70.917,9.351,9.037
1,S-S2#1,S/S2,30.0,53.265,48.632,6.299,11.844
1,S-S2#1,S/S2,30.0,34.481,62.391,7.274,7.829
1,S-S2#1,S/S2,30.0,7.598,36.696,9.124,1.771
1,S-S2#1,S/S2,30.0,20.582,11.12,9.012,4.851
1,S-S2#1,S/S2,30.0,28.74,22.786,16.153,6.843
1,S-S2#1,S/S2,30.0,16.15,51.891,9.022,3.923
1,S-S2#1,S/S2,30.0,31.716,128.979,29.675,8.079
1,S-S2#1,S/S2,30.0,76.045,210.076,22.066,23.305
1,S-S2#1,S/S2,30.0,80.992,157.957,10.714,36.709
1,S-S2#1,S/S2,30.0,59.393,312.652,17.722,28.594
1,S-S2#1,S/S2,30.0,13.184,312.176,24.408,4.954
1,S-S2#1,S/S2,30.0,33.309,171.747,22.952,8.528
1,S-S2#1,S/S2,30.0,70.973,31.637,16.488,16.431
1,S-S2#1,S/S2,30.0,68.322,60.336,11.322,15.671
1,S-S2#1,S/S2,30.0,11.381,210.798,9.913,3.084
1,S-S2#1,S/S2,30.0,37.152,143.089,4.885,13.857
1,S-S2#1,S/S2,30.0,25.037,50.404,4.952,13.99
1,S-S2#1,S/S2,30.0,32.531,93.8,2.434,33.681
1,S-S2#1,S/S2,30.0,35.485,194.683,1.387,77.963
1,S-S2#1,S/S2,30.0,0.979,1.298,1.314,49.867
1,S-S2#1,S/S2,30.0,10.075,18.787,1.755,50.95
1,S-S2#1,S/S2,30.0,10.929,33.18,2.389,24.233
1,S-S2#1,S/S2,30.0,21.647,148.025,18.015,13.467
1,S-S2#1,S/S2,30.0,73.18,229.65,27.294,31.208
1,S-S2#1,S/S2,30.0,65.915,132.277,6.715,29.45
1,S-S2#1,S/S2,30.0,93.661,199.759,3.618,51.86
1,S-S2#1,S/S2,30.0,21.988,135.591,3.087,10.29
1,S-S2#1,S/S2,30.0,43.122,199.695,12.851,12.688
1,S-S2#1,S/S2,30.0,46.834,142.266,2.49,11.406
1,S-S2#1,S/S2,30.0,57.481,135.461,16.034,13.493
1,S-S2#1,S/S2,30.0,49.797,90.743,14.907,11.427
1,S-S2#1,S/S2,30.0,60.498,122.569,13.589,13.92
1,S-S2#1,S/S2,30.0,56.693,135.044,14.565,13.116
1,S-S2#1,S/S2,30.0,32.145,153.28,11.786,7.65
1,S-S2#1,S/S2,30.0,23.033,86.195,5.988,6.353
1,S-S2#1,S/S2,30.0,55.41,216.622,0.74,24.337
1,S-S2#1,S/S2,30.0,73.515,313.496,0.989,83.132
1,S-S2#1,S/S2,30.0,3.269,21.386,2.386,71.29
1,S-S2#1,S/S2,30.0,2.082,1.904,1.853,88.032
1,S-S2#1,S/S2,30.0,0.951,0.802,0.85,54.534
1,S-S2#1,S/S2,30.0,1.067,0.889,0.894,69.822
1,S-S2#1,S/S2,30.0,1.28,1.144,1.204,81.878
1,S-S2#1,S/S2,30.0,1.177,1.178,1.239,79.335
1,S-S2#1,S/S2,30.0,1.035,1.088,1.115,90.965
1,S-S2#1,S/S2,30.0,3.775,21.054,1.132,17.718
1,S-S2#1,S/S2,30.0,15.627,105.124,6.06,14.943
1,S-S2#1,S/S2,30.0,40.976,219.986,12.221,18.695
1,S-S2#1,S/S2,30.0,35.684,127.651,8.25,10.945
1,S-S2#1,S/S2,30.0,39.217,47.78,10.389,10.418
1,S-S2#1,S/S2,30.0,65.482,44.036,8.53,19.031
1,S-S2#1,S/S2,30.0,68.35,170.808,3.844,29.993
1,S-S2#1,S/S2,30.0,48.424,235.67,1.262,31.122
1,S-S2#1,S/S2,30.0,14.885,181.889,6.114,7.866
1,S-S2#1,S/S2,30.0,11.677,242.325,14.354,3.738
1,S-S2#1,S/S2,30.0,17.024,283.365,12.165,4.508
1,S-S2#1,S/S2,30.0,37.192,281.689,7.901,12.336
1,S-S2#1,S/S2,30.0,40.621,227.284,1.768,17.795
1,S-S2#1,S/S2,30.0,35.474,87.039,1.05,25.403
1,S-S2#1,S/S2,30.0,25.399,52.262,1.579,24.888
1,S-S2#1,S/S2,30.0,27.872,251.913,1.84,70.613
1,S-S2#1,S/S2,30.0,1.6,1.456,1.405,84.188
1,S-S2#1,S/S2,30.0,17.711,54.701,2.649,32.03
1,S-S2#1,S/S2,30.0,31.834,126.82,3.457,21.368
1,S-S2#1,S/S2,30.0,41.291,181.119,5.309,16.353
1,S-S2#1,S/S2,30.0,72.772,510.403,5.907,22.552
1,S-S2#1,S/S2,30.0,84.792,51.676,2.865,22.05
1,S-S2#1,S/S2,30.0,65.201,128.779,3.484,16.419
1,S-S2#1,S/S2,30.0,60.534,277.614,3.804,14.866
1,S-S2#1,S/S2,30.0,39.747,288.581,5.464,12.416
1,S-S2#1,S/S2,30.0,35.479,249.741,2.664,11.389
1,S-S2#1,S/S2,30.0,51.935,349.594,4.617,16.133
1,S-S2#1,S/S2,30.0,71.658,430.13,7.075,18.405
1,S-S2#1,S/S2,30.0,76.988,266.147,7.908,21.845
1,S-S2#1,S/S2,30.0,45.466,196.561,9.437,14.805
1,S-S2#1,S/S2,30.0,20.882,24.402,11.118,7.323
1,S-S2#1,S/S2,30.0,12.78,12.74,7.049,5.24
1,S-S2#1,S/S2,30.0,21.645,226.075,3.143,14.221
1,S-S2#1,S/S2,30.0,10.431,104.131,4.619,8.988
1,S-S2#1,S/S2,30.0,14.368,159.946,9.254,9.003
1,S-S2#1,S/S2,30.0,56.957,35.876,7.541,25.949
1,S-S2#1,S/S2,30.0,59.95,55.272,15.347,25.078
1,S-S2#1,S/S2,30.0,66.423,86.384,16.577,23.638
1,S-S2#1,S/S2,30.0,59.014,171.629,20.97,18.025
1,S-S2#1,S/S2,30.0,56.366,57.178,8.868,19.916
1,S-S2#1,S/S2,30.0,47.494,198.86,2.519,28.052
1,S-S2#1,S/S2,30.0,32.948,252.941,2.607,62.816
1,S-S2#1,S/S2,30.0,2.057,1.995,1.75,141.754
1,S-S2#1,S/S2,30.0,4.067,14.69,2.906,23.853
1,S-S2#1,S/S2,30.0,30.022,73.377,16.017,31.675
1,S-S2#1,S/S2,30.0,79.878,155.062,34.799,42.815
1,S-S2#1,S/S2,30.0,64.691,340.497,3.443,32.862
1,S-S2#1,S/S2,30.0,44.127,156.62,5.339,34.976
1,S-S2#1,S/S2,30.0,10.66,119.895,4.456,9.167
1,S-S2#1,S/S2,30.0,14.553,174.976,28.021,8.018
1,S-S2#1,S/S2,30.0,69.763,203.146,0.798,28.319
1,S-S2#1,S/S2,30.0,65.021,268.605,0.894,23.19
1,S-S2#1,S/S2,30.0,59.996,39.649,4.802,23.639
1,S-S2#1,S/S2,30.0,23.42,102.511,1.529,12.924
1,S-S2#1,S/S2,30.0,44.981,332.667,2.449,69.589
1,S-S2#1,S/S2,30.0,13.083,64.721,1.796,19.922
1,S-S2#1,S/S2,30.0,30.456,170.934,8.363,17.322
1,S-S2#1,S/S2,30.0,39.894,173.308,18.763,19.783
1,S-S2#1,S/S2,30.0,16.027,240.597,1.248,11.695
1,S-S2#1,S/S2,30.0,3.027,169.255,0.537,9.254
1,S-S2#1,S/S2,30.0,9.64,9.846,2.04,90.371
1,S-S2#1,S/S2,30.0,8.566,9.459,1.815,82.806
1,S-S2#1,S/S2,30.0,6.47,25.373,0.685,94.401
1,S-S2#1,S/S2,30.0,3.474,18.832,1.484,17.478
1,S-S2#1,S/S2,30.0,6.748,17.554,0.634,23.921
1,S-S2#1,S/S2,30.0,9.256,12.504,0.164,34.511
1,S-S2#1,S/S2,30.0,1.478,15.31,0.358,8.992
1,S-S2#1,S/S2,30.0,21.592,68.534,11.407,27.295
1,S-S2#1,S/S2,30.0,3.248,94.029,6.1,1.796
1,S-S2#1,S/S2,30.0,29.069,245.236,10.693,9.91
1,S-S2#1,S/S2,30.0,80.689,484.234,105.285,27.351
1,S-S2#1,S/S2,30.0,43.41,209.568,1.402,20.353
1,S-S2#1,S/S2,30.0,20.372,172.557,1.166,17.18
1,S-S2#1,S/S2,30.0,31.661,21.803,2.272,47.476
1,S-S2#1,S/S2,30.0,8.377,8.74,2.03,13.053
1,S-S2#1,S/S2,30.0,11.189,3.884,4.655,20.758
1,S-S2#1,S/S2,30.0,13.628,15.615,3.233,28.419
1,S-S2#1,S/S2,30.0,30.555,9.271,1.657,68.676
1,S-S2#1,S/S2,30.0,21.605,16.0,5.075,61.623
1,S-S2#1,S/S2,30.0,1.273,29.506,2.143,5.033
1,S-S2#1,S/S2,30.0,3.126,23.094,2.194,12.417
1,S-S2#1,S/S2,30.0,1.991,29.495,1.848,6.254
1,S-S2#1,S/S2,30.0,20.592,32.611,1.664,58.334
1,S-S2#1,S/S2,30.0,4.478,34.763,1.881,9.032
1,S-S2#1,S/S2,30.0,13.385,91.832,8.174,12.059
1,S-S2#1,S/S2,30.0,14.741,130.094,2.768,8.478
1,S-S2#1,S/S2,30.0,43.702,215.173,3.725,19.674
1,S-S2#1,S/S2,30.0,56.479,121.217,8.832,24.246
1,S-S2#1,S/S2,30.0,54.051,336.84,2.031,26.281
1,S-S2#1,S/S2,30.0,39.722,70.774,2.259,19.862
1,S-S2#1,S/S2,30.0,53.032,249.032,2.289,35.123
1,S-S2#1,S/S2,30.0,71.859,103.123,4.944,33.626
1,S-S2#1,S/S2,30.0,52.019,272.911,2.39,23.073
1,S-S2#1,S/S2,30.0,51.465,27.18,2.558,21.343
1,S-S2#1,S/S2,30.0,42.722,260.731,5.255,20.542
1,S-S2#1,S/S2,30.0,43.952,177.462,11.559,23.639
1,S-S2#1,S/S2,30.0,37.282,107.125,6.287,17.043
1,S-S2#1,S/S2,30.0,18.276,62.325,4.708,7.638
1,S-S2#1,S/S2,30.0,18.467,173.463,3.043,6.222
1,S-S2#1,S/S2,30.0,23.008,442.316,3.052,7.154
1,S-S2#1,S/S2,30.0,21.744,419.808,5.804,6.641
1,S-S2#1,S/S2,30.0,8.232,341.503,4.826,2.755
1,S-S2#1,S/S2,30.0,14.763,392.377,3.685,7.522
1,S-S2#1,S/S2,30.0,48.684,269.563,2.251,50.989
1,S-S2#1,S/S2,30.0,1.709,63.546,1.518,28.728
1,S-S2#1,S/S2,30.0,1.461,2.757,0.589,41.387
1,S-S2#1,S/S2,30.0,6.218,55.289,0.285,10.692
1,S-S2#1,S/S2,30.0,13.387,82.883,3.811,10.593
1,S-S2#1,S/S2,30.0,27.229,183.043,1.758,12.689
1,S-S2#1,S/S2,30.0,27.521,322.754,4.279,11.687
1,S-S2#1,S/S2,30.0,25.292,252.821,4.103,13.127
1,S-S2#1,S/S2,30.0,23.507,303.321,7.165,14.668
1,S-S2#1,S/S2,30.0,11.798,76.562,5.35,8.166
1,S-S2#1,S/S2,30.0,28.545,141.66,15.236,15.329
1,S-S2#1,S/S2,30.0,38.925,60.51,9.616,17.896
1,S-S2#1,S/S2,30.0,20.59,103.029,3.935,8.358
1,S-S2#1,S/S2,30.0,7.481,347.46,2.763,2.732
1,S-S2#1,S/S2,30.0,5.24,236.789,4.849,1.762
1,S-S2#1,S/S2,30.0,47.746,464.963,13.291,14.505
1,S-S2#1,S/S2,30.0,89.421,47.533,8.894,29.559
1,S-S2#1,S/S2,30.0,69.983,150.726,6.705,22.886
1,S-S2#1,S/S2,30.0,5.248,82.846,3.793,1.693
1,S-S2#1,S/S2,30.0,34.577,64.351,7.966,10.616
1,S-S2#1,S/S2,30.0,47.799,194.996,4.743,18.032
1,S-S2#1,S/S2,30.0,41.422,218.669,2.768,29.174
1,S-S2#1,S/S2,30.0,23.883,184.85,2.55,41.312
1,S-S2#1,S/S2,30.0,1.317,2.123,1.421,86.475
1,S-S2#1,S/S2,30.0,11.911,38.832,0.841,29.591
1,S-S2#1,S/S2,30.0,22.043,115.847,3.239,15.4
1,S-S2#1,S/S2,30.0,35.099,179.178,4.576,16.783
1,S-S2#1,S/S2,30.0,30.727,291.908,2.727,14.435
1,S-S2#1,S/S2,30.0,35.686,103.992,4.626,16.562
1,S-S2#1,S/S2,30.0,59.609,166.991,5.199,24.663
1,S-S2#1,S/S2,30.0,67.982,302.284,5.564,23.953
1,S-S2#1,S/S2,30.0,61.145,261.871,12.5,23.159
1,S-S2#1,S/S2,30.0,45.362,77.066,13.359,17.734
1,S-S2#1,S/S2,30.0,35.385,5.885,11.575,13.222
1,S-S2#1,S/S2,30.0,18.888,26.581,12.968,7.081
1,S-S2#1,S/S2,30.0,5.201,44.667,6.536,2.369
1,S-S2#1,S/S2,30.0,11.393,117.774,12.797,6.115
1,S-S2#1,S/S2,30.0,18.032,112.015,1.815,9.567
1,S-S2#1,S/S2,30.0,34.411,124.848,4.215,13.527
1,S-S2#1,S/S2,30.0,77.065,146.689,8.554,29.15
1,S-S2#1,S/S2,30.0,93.255,108.628,8.367,40.806
1,S-S2#1,S/S2,30.0,101.534,135.902,5.142,52.156
1,S-S2#1,S/S2,30.0,33.875,118.569,9.446,16.057
1,S-S2#1,S/S2,30.0,21.061,318.817,5.765,8.062
1,S-S2#1,S/S2,30.0,49.472,140.456,14.452,16.305
1,S-S2#1,S/S2,30.0,46.071,252.946,10.592,13.792
1,S-S2#1,S/S2,30.0,46.87,34.53,9.079,15.419
1,S-S2#1,S/S2,30.0,84.127,105.449,9.928,29.626
1,S-S2#1,S/S2,30.0,106.206,69.828,15.317,38.842
1,S-S2#1,S/S2,30.0,35.509,57.865,14.403,11.016
1,S-S2#1,S/S2,30.0,35.533,382.051,13.325,9.397
1,S-S2#1,S/S2,30.0,72.532,659.715,12.284,16.907
1,S-S2#1,S/S2,30.0,68.65,70.126,15.083,14.917
1,S-S2#1,S/S2,30.0,80.685,22.885,12.823,17.378
1,S-S2#1,S/S2,30.0,44.577,89.813,13.298,11.173
1,S-S2#1,S/S2,30.0,24.265,232.86,6.261,9.093
1,S-S2#1,S/S2,30.0,23.803,286.181,2.419,20.1
1,S-S2#1,S/S2,30.0,21.272,33.717,5.441,21.926
1,S-S2#1,S/S2,30.0,36.382,215.808,9.915,16.949
1,S-S2#1,S/S2,30.0,43.941,273.06,12.552,12.076
1,S-S2#1,S/S2,30.0,84.434,82.004,23.44,18.961
1,S-S2#1,S/S2,30.0,74.367,35.368,29.196,16.418
1,S-S2#1,S/S2,30.0,23.563,83.637,13.336,6.122
1,S-S2#1,S/S2,30.0,38.816,250.956,5.633,15.973
1,S-S2#1,S/S2,30.0,38.079,225.38,5.316,29.987
1,S-S2#1,S/S2,30.0,13.21,22.906,7.603,8.521
1,S-S2#1,S/S2,30.0,42.858,262.802,6.294,16.304
1,S-S2#1,S/S2,30.0,31.125,51.523,8.27,11.671
1,S-S2#1,S/S2,30.0,7.784,259.828,2.087,4.99
1,S-S2#1,S/S2,30.0,11.583,180.239,1.097,32.414
1,S-S2#1,S/S2,30.0,22.841,73.043,3.742,28.411
1,S-S2#1,S/S2,30.0,62.566,212.267,10.051,29.518
1,S-S2#1,S/S2,30.0,66.245,245.694,11.984,19.75
1,S-S2#1,S/S2,30.0,41.755,66.387,7.389,13.61
1,S-S2#1,S/S2,30.0,8.56,228.709,2.595,4.587
1,S-S2#1,S/S2,30.0,44.889,72.549,5.511,27.225
1,S-S2#1,S/S2,30.0,75.592,226.959,11.117,27.084
1,S-S2#1,S/S2,30.0,123.931,284.954,18.939,27.184
1,S-S2#1,S/S2,30.0,111.959,147.018,16.739,21.885
1,S-S2#1,S/S2,30.0,7.75,169.67,8.995,2.01
1,S-S2#1,S/S2,30.0,63.176,336.259,2.826,28.937
1,S-S2#1,S/S2,30.0,41.68,166.026,1.666,48.978
1,S-S2#1,S/S2,30.0,18.068,82.008,2.561,17.178
1,S-S2#1,S/S2,30.0,30.38,179.201,4.014,16.762
1,S-S2#1,S/S2,30.0,51.663,257.025,4.737,22.45
1,S-S2#1,S/S2,30.0,60.903,39.939,7.564,25.519
1,S-S2#1,S/S2,30.0,28.525,333.135,3.416,14.077
1,S-S2#1,S/S2,30.0,61.666,137.953,7.467,37.69
1,S-S2#1,S/S2,30.0,50.463,190.368,12.253,48.562
1,S-S2#1,S/S2,30.0,50.813,94.163,12.027,55.797
1,S-S2#1,S/S2,30.0,23.539,109.239,5.788,20.04
1,S-S2#1,S/S2,30.0,24.484,146.6,7.029,16.761
1,S-S2#1,S/S2,30.0,24.129,108.74,4.727,16.154
1,S-S2#1,S/S2,30.0,32.463,122.632,5.174,17.183
1,S-S2#1,S/S2,30.0,29.737,287.804,4.907,15.539
1,S-S2#1,S/S2,30.0,41.329,253.732,2.339,17.199
1,S-S2#1,S/S2,30.0,83.446,377.505,6.723,26.468
1,S-S2#1,S/S2,30.0,127.285,564.91,5.521,29.326
1,S-S2#1,S/S2,30.0,64.231,117.116,8.231,14.816
1,S-S2#1,S/S2,30.0,51.396,130.646,8.488,11.952
1,S-S2#1,S/S2,30.0,102.565,177.938,16.027,23.588
1,S-S2#1,S/S2,30.0,32.295,82.405,16.784,8.189
1,S-S2#1,S/S2,30.0,45.585,258.754,15.475,14.288
1,S-S2#1,S/S2,30.0,56.092,162.136,10.89,28.241
1,S-S2#1,S/S2,30.0,18.033,152.78,3.919,10.493
1,S-S2#1,S/S2,30.0,4.099,139.363,4.624,2.097
1,S-S2#1,S/S2,30.0,100.717,355.187,4.234,27.999
1,S-S2#1,S/S2,30.0,202.831,291.082,21.842,36.368
1,S-S2#1,S/S2,30.0,225.255,254.793,17.055,33.992
1,S-S2#1,S/S2,30.0,183.454,213.083,4.508,27.346
1,S-S2#1,S/S2,30.0,112.356,237.089,2.738,19.808
1,S-S2#1,S/S2,30.0,39.97,203.794,1.83,8.48
1,S-S2#1,S/S2,30.0,21.261,48.913,4.168,5.668
1,S-S2#1,S/S2,30.0,53.005,177.576,1.163,14.551
1,S-S2#1,S/S2,30.0,41.691,28.756,3.367,11.835
1,S-S2#1,S/S2,30.0,37.452,21.26,6.296,10.233
1,S-S2#1,S/S2,30.0,77.376,282.14,2.105,20.753
1,S-S2#1,S/S2,30.0,74.959,49.056,2.013,19.387
1,S-S2#1,S/S2,30.0,26.203,185.164,2.215,6.757
1,S-S2#1,S/S2,30.0,36.526,285.659,4.986,8.965
1,S-S2#1,S/S2,30.0,51.077,81.834,3.406,12.026
1,S-S2#1,S/S2,30.0,18.796,183.63,4.971,4.439
1,S-S2#1,S/S2,30.0,34.909,276.602,8.458,9.449
1,S-S2#1,S/S2,30.0,55.192,240.765,2.921,17.933
1,S-S2#1,S/S2,30.0,39.715,50.089,8.436,13.645
1,S-S2#1,S/S2,30.0,21.413,120.312,4.679,8.466
1,S-S2#1,S/S2,30.0,54.566,191.212,15.094,30.99
1,S-S2#1,S/S2,30.0,39.083,40.922,15.553,31.553
1,S-S2#1,S/S2,30.0,84.205,113.745,11.149,76.745
1,S-S2#1,S/S2,30.0,250.751,121.345,193.501,237.13
1,S-S2#1,S/S2,30.0,39.891,87.474,15.75,45.944
1,S-S2#1,S/S2,30.0,43.948,11.213,17.509,36.134
1,S-S2#1,S/S2,30.0,97.413,157.715,27.927,37.59
1,S-S2#1,S/S2,30.0,168.897,281.558,3.921,40.562
1,S-S2#1,S/S2,30.0,155.907,321.798,5.906,29.918
1,S-S2#1,S/S2,30.0,184.297,329.851,3.095,30.681
1,S-S2#1,S/S2,30.0,239.769,565.181,5.653,36.616
1,S-S2#1,S/S2,30.0,259.333,331.754,0.513,36.961
1,S-S2#1,S/S2,30.0,210.288,132.428,12.399,29.913
1,S-S2#1,S/S2,30.0,76.43,243.412,10.146,13.384
1,S-S2#1,S/S2,30.0,95.804,216.036,10.202,16.897
1,S-S2#1,S/S2,30.0,219.654,196.648,13.922,35.859
1,S-S2#1,S/S2,30.0,319.586,222.745,16.147,41.799
1,S-S2#1,S/S2,30.0,300.356,45.956,20.748,38.247
1,S-S2#1,S/S2,30.0,292.728,408.163,34.046,37.125
1,S-S2#1,S/S2,30.0,377.087,527.819,41.417,47.221
1,S-S2#1,S/S2,30.0,351.366,115.423,39.362,41.58
1,S-S2#1,S/S2,30.0,303.517,154.115,23.737,35.688
1,S-S2#1,S/S2,30.0,201.488,187.412,22.309,26.901
1,S-S2#1,S/S2,30.0,35.666,331.191,14.052,6.577
1,S-S2#1,S/S2,30.0,82.919,442.038,13.727,21.648
1,S-S2#1,S/S2,30.0,47.745,214.634,10.647,15.8
1,S-S2#1,S/S2,30.0,49.348,124.563,5.804,17.17
1,S-S2#1,S/S2,30.0,75.554,414.981,3.469,31.244
1,S-S2#1,S/S2,30.0,65.938,369.877,9.738,27.771
1,S-S2#1,S/S2,30.0,64.13,41.772,9.064,28.542
1,S-S2#1,S/S2,30.0,50.138,172.512,1.606,23.841
1,S-S2#1,S/S2,30.0,48.819,327.707,1.724,23.687
1,S-S2#1,S/S2,30.0,56.803,337.444,3.002,24.897
1,S-S2#1,S/S2,30.0,67.271,160.369,6.503,26.603
1,S-S2#1,S/S2,30.0,78.858,32.863,2.72,41.169
1,S-S2#1,S/S2,30.0,132.04,186.915,29.501,103.581
1,S-S2#1,S/S2,30.0,160.6,96.083,41.931,331.129
1,S-S2#1,S/S2,30.0,32.755,64.504,40.562,45.761
1,S-S2#1,S/S2,30.0,302.342,124.564,268.633,209.916
1,S-S2#1,S/S2,30.0,494.036,217.271,451.018,215.156
1,S-S2#1,S/S2,30.0,78.878,207.663,1.786,30.538
1,S-S2#1,S/S2,30.0,76.614,109.905,1.946,30.041
1,S-S2#1,S/S2,30.0,82.216,350.795,1.197,33.739
1,S-S2#1,S/S2,30.0,124.05,205.77,0.946,48.267
1,S-S2#1,S/S2,30.0,101.31,191.06,4.547,47.579
1,S-S2#1,S/S2,30.0,85.416,258.32,4.703,44.899
1,S-S2#1,S/S2,30.0,65.905,113.693,4.487,42.634
1,S-S2#1,S/S2,30.0,88.882,248.609,1.65,46.698
1,S-S2#1,S/S2,30.0,35.639,122.103,23.67,19.916
1,S-S2#1,S/S2,30.0,52.577,175.417,3.998,33.332
1,S-S2#1,S/S2,30.0,48.48,146.477,5.12,26.4
1,S-S2#1,S/S2,30.0,53.21,321.685,10.905,25.544
1,S-S2#1,S/S2,30.0,20.168,86.014,4.273,9.216
1,S-S2#1,S/S2,30.0,17.082,187.402,8.307,9.842
1,S-S2#1,S/S2,30.0,52.999,136.242,5.94,28.789
1,S-S2#1,S/S2,30.0,90.189,296.17,4.458,45.249
1,S-S2#1,S/S2,30.0,62.321,108.519,3.454,34.907
1,S-S2#1,S/S2,30.0,22.573,177.161,3.838,14.169
1,S-S2#1,S/S2,30.0,9.732,303.714,5.011,4.718
1,S-S2#1,S/S2,30.0,38.076,250.135,0.738,15.818
1,S-S2#1,S/S2,30.0,48.167,93.31,4.538,20.228
1,S-S2#1,S/S2,30.0,73.133,211.723,8.164,44.409
1,S-S2#1,S/S2,30.0,85.023,120.257,31.881,77.171
1,S-S2#1,S/S2,30.0,76.541,136.99,38.779,114.813
1,S-S2#1,S/S2,30.0,156.6,30.196,120.959,193.651
1,S-S2#1,S/S2,30.0,188.75,47.884,155.136,188.216
1,S-S2#1,S/S2,30.0,33.752,62.546,2.021,40.583
1,S-S2#1,S/S2,30.0,17.718,85.136,3.769,48.86
1,S-S2#1,S/S2,30.0,9.991,33.487,2.967,25.271
1,S-S2#1,S/S2,30.0,331.435,197.057,395.63,163.258
1,S-S2#1,S/S2,30.0,603.194,357.372,718.104,163.981
1,S-S2#1,S/S2,30.0,133.187,213.898,10.157,26.473
1,S-S2#1,S/S2,30.0,136.571,419.988,18.283,25.662
1,S-S2#1,S/S2,30.0,126.445,218.133,9.195,23.533
1,S-S2#1,S/S2,30.0,117.417,109.489,9.114,22.063
1,S-S2#1,S/S2,30.0,40.571,203.271,9.066,8.464
1,S-S2#1,S/S2,30.0,80.776,749.485,4.412,16.384
1,S-S2#1,S/S2,30.0,191.892,689.833,6.75,34.248
1,S-S2#1,S/S2,30.0,265.053,433.232,19.798,39.614
1,S-S2#1,S/S2,30.0,288.616,122.635,15.705,38.611
1,S-S2#1,S/S2,30.0,293.961,126.44,18.333,38.422
1,S-S2#1,S/S2,30.0,239.94,164.777,15.05,32.216
1,S-S2#1,S/S2,30.0,132.799,199.152,12.945,20.32
1,S-S2#1,S/S2,30.0,52.255,292.153,7.332,9.583
1,S-S2#1,S/S2,30.0,16.666,237.246,6.305,3.938
1,S-S2#1,S/S2,30.0,23.33,131.861,6.191,7.387
1,S-S2#1,S/S2,30.0,28.637,300.988,0.779,11.077
1,S-S2#1,S/S2,30.0,82.701,280.671,1.632,35.171
1,S-S2#1,S/S2,30.0,81.214,96.615,6.393,31.179
1,S-S2#1,S/S2,30.0,92.086,174.271,4.801,42.78
1,S-S2#1,S/S2,30.0,134.048,140.098,4.413,74.141
1,S-S2#1,S/S2,30.0,163.4,46.219,5.44,116.41
1,S-S2#1,S/S2,30.0,79.674,41.32,4.334,65.657
1,S-S2#1,S/S2,30.0,45.934,7.353,3.17,37.034
1,S-S2#1,S/S2,30.0,144.767,76.57,5.021,117.007
1,S-S2#1,S/S2,30.0,135.729,48.627,4.353,81.42
1,S-S2#1,S/S2,30.0,100.729,15.292,0.249,53.08
1,S-S2#1,S/S2,30.0,64.14,74.424,0.146,29.017
1,S-S2#1,S/S2,30.0,50.557,148.708,3.944,21.897
1,S-S2#1,S/S2,30.0,44.419,84.219,3.011,23.546
1,S-S2#1,S/S2,30.0,11.078,119.242,2.513,9.897
1,S-S2#1,S/S2,30.0,7.381,42.721,3.76,7.93
1,S-S2#1,S/S2,30.0,8.191,4.793,1.014,7.154
1,S-S2#1,S/S2,30.0,12.82,24.13,5.613,8.18
1,S-S2#1,S/S2,30.0,29.028,240.716,6.614,17.822
1,S-S2#1,S/S2,30.0,49.122,47.238,6.839,32.243
1,S-S2#1,S/S2,30.0,41.069,160.263,2.921,35.317
1,S-S2#1,S/S2,30.0,28.307,77.098,9.786,35.817
1,S-S2#1,S/S2,30.0,47.356,105.548,6.034,52.268
1,S-S2#1,S/S2,30.0,231.734,98.458,189.868,180.167
1,S-S2#1,S/S2,30.0,41.465,231.083,9.824,21.818
1,S-S2#1,S/S2,30.0,73.321,208.378,7.693,29.41
1,S-S2#1,S/S2,30.0,41.054,332.174,6.856,17.726
1,S-S2#1,S/S2,30.0,15.099,231.293,2.137,6.77
1,S-S2#1,S/S2,30.0,19.251,131.978,4.158,9.857
1,S-S2#1,S/S2,30.0,33.663,51.811,5.4,13.442
1,S-S2#1,S/S2,30.0,18.57,270.151,5.837,7.544
1,S-S2#1,S/S2,30.0,27.234,292.357,5.127,12.996
1,S-S2#1,S/S2,30.0,28.845,290.505,5.757,14.358
1,S-S2#1,S/S2,30.0,37.054,106.545,5.267,20.161
1,S-S2#1,S/S2,30.0,42.484,156.453,2.483,21.586
1,S-S2#1,S/S2,30.0,10.645,70.28,4.236,5.306
1,S-S2#1,S/S2,30.0,29.848,329.817,9.412,13.3
1,S-S2#1,S/S2,30.0,2.322,174.664,1.22,0.922
1,S-S2#1,S/S2,30.0,35.951,358.497,2.085,12.095
1,S-S2#1,S/S2,30.0,51.101,484.11,6.059,14.991
1,S-S2#1,S/S2,30.0,56.827,242.787,1.037,16.009
1,S-S2#1,S/S2,30.0,18.805,236.775,5.204,5.955
1,S-S2#1,S/S2,30.0,26.732,429.243,1.257,9.942
1,S-S2#1,S/S2,30.0,38.089,394.766,6.371,15.963
1,S-S2#1,S/S2,30.0,58.654,104.189,2.224,27.627
1,S-S2#1,S/S2,30.0,67.095,176.137,4.488,34.747
1,S-S2#1,S/S2,30.0,39.659,44.469,6.843,21.904
1,S-S2#1,S/S2,30.0,52.615,45.052,5.913,30.869
1,S-S2#1,S/S2,30.0,21.991,50.793,3.951,13.545
1,S-S2#1,S/S2,30.0,14.352,88.805,2.88,7.529
1,S-S2#1,S/S2,30.0,15.126,180.82,9.393,6.807
1,S-S2#1,S/S2,30.0,32.583,361.574,5.521,13.012
1,S-S2#1,S/S2,30.0,33.815,318.195,7.457,15.313
1,S-S2#1,S/S2,30.0,42.298,320.135,5.152,16.557
1,S-S2#1,S/S2,30.0,19.791,281.561,2.74,7.561
1,S-S2#1,S/S2,30.0,37.702,207.928,3.536,13.172
1,S-S2#1,S/S2,30.0,78.825,375.044,3.374,30.678
1,S-S2#1,S/S2,30.0,100.763,298.075,6.743,38.621
1,S-S2#1,S/S2,30.0,93.006,178.613,1.358,35.14
1,S-S2#1,S/S2,30.0,99.309,128.742,1.057,37.156
1,S-S2#1,S/S2,30.0,116.778,4.347,3.38,47.008
1,S-S2#1,S/S2,30.0,101.184,216.884,3.816,48.045
1,S-S2#1,S/S2,30.0,64.599,213.692,3.945,33.914
1,S-S2#1,S/S2,30.0,16.332,44.612,7.1,7.759
1,S-S2#1,S/S2,30.0,39.916,154.843,6.32,15.437
1,S-S2#1,S/S2,30.0,67.264,465.188,5.009,23.95
1,S-S2#1,S/S2,30.0,63.746,201.305,2.753,22.581
1,S-S2#1,S/S2,30.0,69.388,297.64,6.205,28.624
1,S-S2#1,S/S2,30.0,57.081,127.141,1.813,24.756
1,S-S2#1,S/S2,30.0,57.495,269.073,1.856,33.876
1,S-S2#1,S/S2,30.0,47.229,182.532,0.563,42.939
1,S-S2#1,S/S2,30.0,35.644,191.82,1.082,109.881
1,S-S2#1,S/S2,30.0,29.641,87.722,1.75,33.085
1,S-S2#1,S/S2,30.0,51.476,222.532,8.279,22.963
1,S-S2#1,S/S2,30.0,57.958,453.655,15.911,15.726
1,S-S2#1,S/S2,30.0,48.415,84.973,8.499,11.046
1,S-S2#1,S/S2,30.0,40.132,114.943,11.589,8.825
1,S-S2#1,S/S2,30.0,60.421,30.478,6.277,13.118
1,S-S2#1,S/S2,30.0,51.83,19.021,3.631,11.521
1,S-S2#1,S/S2,30.0,46.961,134.452,1.921,10.467
1,S-S2#1,S/S2,30.0,39.916,289.147,9.311,9.149
1,S-S2#1,S/S2,30.0,72.96,151.781,2.914,16.617
1,S-S2#1,S/S2,30.0,39.735,97.427,1.777,8.939
1,S-S2#1,S/S2,30.0,58.079,184.199,5.851,12.562
1,S-S2#1,S/S2,30.0,57.945,144.717,6.352,12.41
1,S-S2#1,S/S2,30.0,106.476,429.834,0.439,23.275
1,S-S2#1,S/S2,30.0,38.895,47.592,2.439,9.454
1,S-S2#1,S/S2,30.0,21.266,169.142,3.536,5.703
1,S-S2#1,S/S2,30.0,38.019,60.748,0.702,10.516
1,S-S2#1,S/S2,30.0,25.539,241.923,3.054,7.089
1,S-S2#1,S/S2,30.0,1.364,91.308,2.102,0.396
1,S-S2#1,S/S2,30.0,24.24,207.077,3.706,7.8
1,S-S2#1,S/S2,30.0,24.018,296.623,2.416,7.647
1,S-S2#1,S/S2,30.0,36.974,201.021,1.001,11.272
1,S-S2#1,S/S2,30.0,30.832,194.641,4.118,10.844
1,S-S2#1,S/S2,30.0,42.937,303.597,5.211,19.883
1,S-S2#1,S/S2,30.0,4.533,337.175,9.307,2.016
1,S-S2#1,S/S2,30.0,42.441,247.323,11.455,13.594
1,S-S2#1,S/S2,30.0,20.398,133.003,6.103,5.956
1,S-S2#1,S/S2,30.0,26.737,366.827,6.152,8.107
1,S-S2#1,S/S2,30.0,20.926,524.015,5.286,7.486
1,S-S2#1,S/S2,30.0,33.589,97.966,2.871,11.397
1,S-S2#1,S/S2,30.0,65.629,176.801,7.956,22.574
1,S-S2#1,S/S2,30.0,77.011,286.862,11.761,24.997
1,S-S2#1,S/S2,30.0,72.334,303.128,10.225,22.695
1,S-S2#1,S/S2,30.0,38.623,228.987,11.38,12.046
1,S-S2#1,S/S2,30.0,9.133,109.922,4.994,3.282
1,S-S2#1,S/S2,30.0,28.725,297.184,2.556,11.261
1,S-S2#1,S/S2,30.0,32.559,293.051,5.36,15.066
1,S-S2#1,S/S2,30.0,38.544,111.082,6.634,18.237
1,S-S2#1,S/S2,30.0,15.928,51.143,2.795,9.264
1,S-S2#1,S/S2,30.0,31.431,44.273,12.552,26.88
1,S-S2#1,S/S2,30.0,27.625,85.992,13.959,25.297
1,S-S2#1,S/S2,30.0,140.687,68.747,123.943,110.841
1,S-S2#1,S/S2,30.0,23.213,147.815,2.694,20.089
1,S-S2#1,S/S2,30.0,29.748,179.625,1.575,48.769
1,S-S2#1,S/S2,30.0,10.149,64.457,1.804,179.454
1,S-S2#1,S/S2,30.0,3.939,17.253,0.514,22.797
1,S-S2#1,S/S2,30.0,12.884,60.344,1.393,19.349
1,S-S2#1,S/S2,30.0,20.654,122.504,1.101,13.837
1,S-S2#1,S/S2,30.0,38.961,262.59,6.038,17.244
1,S-S2#1,S/S2,30.0,50.247,195.645,4.62,19.973
1,S-S2#1,S/S2,30.0,40.356,289.923,4.87,20.577
1,S-S2#1,S/S2,30.0,19.157,241.327,3.604,9.747
1,S-S2#1,S/S2,30.0,24.664,210.297,3.295,11.356
1,S-S2#1,S/S2,30.0,20.401,185.327,4.535,8.392
1,S-S2#1,S/S2,30.0,10.591,190.371,4.916,4.592
1,S-S2#1,S/S2,30.0,19.049,391.128,6.578,7.778
1,S-S2#1,S/S2,30.0,78.876,398.898,10.961,25.726
1,S-S2#1,S/S2,30.0,32.011,182.195,9.708,9.281
1,S-S2#1,S/S2,30.0,30.702,195.865,6.858,10.584
1,S-S2#1,S/S2,30.0,48.926,264.3,9.708,22.898
1,S-S2#1,S/S2,30.0,35.573,303.486,7.997,15.527
1,S-S2#1,S/S2,30.0,120.465,339.614,5.408,32.974
1,S-S2#1,S/S2,30.0,153.196,492.366,7.975,31.289
1,S-S2#1,S/S2,30.0,70.54,143.882,7.009,16.208
1,S-S2#1,S/S2,30.0,29.047,430.186,13.348,8.691
1,S-S2#1,S/S2,30.0,50.466,215.028,7.298,21.448
1,S-S2#1,S/S2,30.0,72.59,300.834,3.376,33.131
1,S-S2#1,S/S2,30.0,38.998,73.655,5.972,20.864
1,S-S2#1,S/S2,30.0,18.633,99.514,2.152,11.092
1,S-S2#1,S/S2,30.0,24.386,31.219,3.573,15.593
1,S-S2#1,S/S2,30.0,36.732,54.249,2.783,21.489
1,S-S2#1,S/S2,30.0,13.348,182.262,9.08,7.506
1,S-S2#1,S/S2,30.0,27.136,155.683,8.78,15.939
1,S-S2#1,S/S2,30.0,25.245,235.726,6.028,15.232
1,S-S2#1,S/S2,30.0,48.42,215.372,9.392,18.742
1,S-S2#1,S/S2,30.0,96.131,348.451,13.036,24.866
1,S-S2#1,S/S2,30.0,134.659,203.786,4.739,26.964
1,S-S2#1,S/S2,30.0,131.479,203.778,4.397,24.739
1,S-S2#1,S/S2,30.0,149.054,349.428,4.211,27.736
1,S-S2#1,S/S2,30.0,145.808,297.388,5.282,27.834
1,S-S2#1,S/S2,30.0,73.732,190.851,3.499,18.168
1,S-S2#1,S/S2,30.0,9.124,296.451,4.361,3.769
1,S-S2#1,S/S2,30.0,14.026,268.806,4.459,9.913
1,S-S2#1,S/S2,30.0,24.639,108.333,1.213,16.632
1,S-S2#1,S/S2,30.0,70.909,184.522,4.383,35.755
1,S-S2#1,S/S2,30.0,56.034,39.241,12.942,30.242
1,S-S2#1,S/S2,30.0,45.64,93.931,3.103,29.253
1,S-S2#1,S/S2,30.0,39.584,147.343,21.129,39.669
1,S-S2#1,S/S2,30.0,67.87,127.286,25.073,73.54
1,S-S2#1,S/S2,30.0,130.605,46.909,130.605,130.067
1,S-S2#1,S/S2,30.0,56.827,152.311,11.215,39.609
1,S-S2#1,S/S2,30.0,69.326,175.344,4.649,49.868
1,S-S2#1,S/S2,30.0,55.379,131.283,2.709,38.952
1,S-S2#1,S/S2,30.0,44.838,171.35,3.089,31.783
1,S-S2#1,S/S2,30.0,44.753,162.341,14.388,26.794
1,S-S2#1,S/S2,30.0,76.435,140.943,6.926,46.239
1,S-S2#1,S/S2,30.0,46.823,87.603,11.963,39.71
1,S-S2#1,S/S2,30.0,23.968,118.455,19.992,39.954
1,S-S2#1,S/S2,30.0,36.344,82.729,15.253,44.733
1,S-S2#1,S/S2,30.0,292.488,112.982,275.193,202.853
1,S-S2#1,S/S2,30.0,47.695,133.552,11.532,23.091
1,S-S2#1,S/S2,30.0,31.261,302.87,6.34,13.525
1,S-S2#1,S/S2,30.0,17.906,344.941,15.331,6.54
1,S-S2#1,S/S2,30.0,19.411,84.942,11.157,6.154
1,S-S2#1,S/S2,30.0,42.78,78.737,3.839,12.242
1,S-S2#1,S/S2,30.0,72.693,383.306,1.784,19.931
1,S-S2#1,S/S2,30.0,100.865,464.702,4.004,27.505
1,S-S2#1,S/S2,30.0,95.39,462.813,7.656,26.15
1,S-S2#1,S/S2,30.0,61.311,502.719,11.825,16.787
1,S-S2#1,S/S2,30.0,80.218,537.176,13.483,20.93
1,S-S2#1,S/S2,30.0,34.745,136.561,6.516,11.915
1,S-S2#1,S/S2,30.0,27.236,318.841,2.633,16.593
1,S-S2#1,S/S2,30.0,16.467,231.271,3.899,20.851
1,S-S2#1,S/S2,30.0,34.886,128.882,4.179,25.204
1,S-S2#1,S/S2,30.0,35.62,139.172,3.131,24.026
1,S-S2#1,S/S2,30.0,12.742,174.183,1.002,8.482
1,S-S2#1,S/S2,30.0,21.929,52.537,0.423,13.812
1,S-S2#1,S/S2,30.0,19.411,150.153,2.505,12.597
1,S-S2#1,S/S2,30.0,17.584,254.43,1.404,8.865
1,S-S2#1,S/S2,30.0,10.5,113.742,3.143,6.416
1,S-S2#1,S/S2,30.0,41.001,97.006,7.799,15.811
1,S-S2#1,S/S2,30.0,30.607,260.876,3.441,12.385
1,S-S2#1,S/S2,30.0,30.455,369.476,2.448,10.422
1,S-S2#1,S/S2,30.0,29.619,267.622,3.182,10.68
1,S-S2#1,S/S2,30.0,25.342,432.831,3.908,8.177
1,S-S2#1,S/S2,30.0,49.327,386.447,3.102,17.766
1,S-S2#1,S/S2,30.0,23.632,131.036,4.266,9.021
1,S-S2#1,S/S2,30.0,44.369,269.267,5.885,20.098
1,S-S2#1,S/S2,30.0,36.149,197.48,4.354,15.097
1,S-S2#1,S/S2,30.0,71.165,351.993,1.613,26.385
1,S-S2#1,S/S2,30.0,73.865,173.405,4.533,28.998
1,S-S2#1,S/S2,30.0,54.398,231.705,5.964,21.308
1,S-S2#1,S/S2,30.0,56.694,398.413,10.516,22.287
1,S-S2#1,S/S2,30.0,42.982,138.978,1.087,15.305
1,S-S2#1,S/S2,30.0,55.737,248.069,6.348,20.022
1,S-S2#1,S/S2,30.0,55.742,172.235,6.865,20.967
1,S-S2#1,S/S2,30.0,68.429,116.794,8.781,26.604
1,S-S2#1,S/S2,30.0,65.885,37.01,6.66,28.197
1,S-S2#1,S/S2,30.0,76.295,39.001,8.677,36.127
1,S-S2#1,S/S2,30.0,46.187,148.68,7.623,28.331
1,S-S2#1,S/S2,30.0,56.978,130.762,2.843,33.575
1,S-S2#1,S/S2,30.0,52.534,121.361,24.936,29.504
1,S-S2#1,S/S2,30.0,96.288,279.547,5.371,40.588
1,S-S2#1,S/S2,30.0,71.853,298.879,4.152,31.169
1,S-S2#1,S/S2,30.0,33.754,254.981,6.236,13.159
1,S-S2#1,S/S2,30.0,34.719,290.546,6.061,13.894
1,S-S2#1,S/S2,30.0,54.973,325.852,5.486,21.504
1,S-S2#1,S/S2,30.0,30.21,246.747,3.762,12.87
1,S-S2#1,S/S2,30.0,52.167,434.866,0.877,19.686
1,S-S2#1,S/S2,30.0,34.696,306.988,12.501,13.101
1,S-S2#1,S/S2,30.0,50.139,143.811,3.16,24.42
1,S-S2#1,S/S2,30.0,51.309,311.447,2.648,27.8
1,S-S2#1,S/S2,30.0,30.475,202.017,10.542,14.934
1,S-S2#1,S/S2,30.0,18.518,81.59,2.623,6.939
1,S-S2#1,S/S2,30.0,11.873,177.598,3.416,4.325
1,S-S2#1,S/S2,30.0,11.399,255.343,2.897,4.108
1,S-S2#1,S/S2,30.0,15.052,85.354,2.174,5.851
1,S-S2#1,S/S2,30.0,12.756,358.504,1.296,4.546
1,S-S2#1,S/S2,30.0,70.332,365.029,1.276,22.318
1,S-S2#1,S/S2,30.0,76.048,85.061,7.202,20.131
1,S-S2#1,S/S2,30.0,72.739,285.245,11.305,18.923
1,S-S2#1,S/S2,30.0,25.869,403.812,11.996,6.763
1,S-S2#1,S/S2,30.0,42.693,80.815,10.832,12.105
1,S-S2#1,S/S2,30.0,39.139,384.408,3.647,13.405
1,S-S2#1,S/S2,30.0,59.386,336.231,4.235,21.681
1,S-S2#1,S/S2,30.0,28.638,300.418,2.749,9.925
1,S-S2#1,S/S2,30.0,36.547,213.108,0.974,10.874
1,S-S2#1,S/S2,30.0,33.719,33.82,5.179,9.625
1,S-S2#1,S/S2,30.0,57.718,83.893,3.468,18.658
1,S-S2#1,S/S2,30.0,67.882,361.09,7.471,21.772
1,S-S2#1,S/S2,30.0,91.759,492.903,9.011,26.688
1,S-S2#1,S/S2,30.0,74.47,216.417,3.991,17.505
1,S-S2#1,S/S2,30.0,24.089,101.326,3.935,6.248
1,S-S2#1,S/S2,30.0,58.907,400.627,4.234,18.539
1,S-S2#1,S/S2,30.0,51.828,452.177,4.001,22.373
1,S-S2#1,S/S2,30.0,56.209,111.455,1.367,23.641
1,S-S2#1,S/S2,30.0,57.738,85.359,2.545,24.179
1,S-S2#1,S/S2,30.0,63.52,113.975,4.211,24.369
1,S-S2#1,S/S2,30.0,66.204,175.045,5.035,24.645
1,S-S2#1,S/S2,30.0,78.334,277.652,2.508,28.235
1,S-S2#1,S/S2,30.0,54.728,239.49,3.785,19.278
1,S-S2#1,S/S2,30.0,62.892,131.021,4.62,28.657
1,S-S2#1,S/S2,30.0,41.287,107.694,13.937,27.952
1,S-S2#1,S/S2,30.0,30.479,62.735,15.526,21.42
1,S-S2#1,S/S2,30.0,374.19,138.196,361.303,187.88
1,S-S2#1,S/S2,30.0,59.759,109.907,3.137,21.995
1,S-S2#1,S/S2,30.0,68.541,346.96,2.309,25.238
1,S-S2#1,S/S2,30.0,71.486,220.164,2.796,35.535
1,S-S2#1,S/S2,30.0,94.944,294.493,3.218,73.73
1,S-S2#1,S/S2,30.0,74.242,96.418,12.834,65.907
1,S-S2#1,S/S2,30.0,47.687,128.275,4.851,26.574
1,S-S2#1,S/S2,30.0,42.277,68.603,3.221,19.082
1,S-S2#1,S/S2,30.0,35.646,56.885,4.394,14.84
1,S-S2#1,S/S2,30.0,56.567,30.373,3.051,28.704
1,S-S2#1,S/S2,30.0,51.684,106.361,2.938,24.658
1,S-S2#1,S/S2,30.0,77.823,382.283,2.603,28.367
1,S-S2#1,S/S2,30.0,110.455,482.254,14.12,27.517
1,S-S2#1,S/S2,30.0,144.867,126.984,4.926,28.797
1,S-S2#1,S/S2,30.0,207.1,457.693,2.099,38.878
1,S-S2#1,S/S2,30.0,96.956,40.718,2.756,18.113
1,S-S2#1,S/S2,30.0,72.466,101.381,2.159,14.234
1,S-S2#1,S/S2,30.0,29.454,96.564,4.008,7.149
1,S-S2#1,S/S2,30.0,70.137,422.672,6.012,17.905
1,S-S2#1,S/S2,30.0,97.698,655.447,8.926,23.803
1,S-S2#1,S/S2,30.0,142.179,174.194,5.263,26.508
1,S-S2#1,S/S2,30.0,185.611,116.862,13.038,30.27
1,S-S2#1,S/S2,30.0,214.555,84.777,25.936,31.982
1,S-S2#1,S/S2,30.0,226.811,100.586,26.092,32.925
1,S-S2#1,S/S2,30.0,226.053,94.09,23.638,32.501
1,S-S2#1,S/S2,30.0,227.569,60.386,22.053,32.671
1,S-S2#1,S/S2,30.0,193.563,60.9,21.884,29.511
1,S-S2#1,S/S2,30.0,93.438,183.336,12.676,17.934
1,S-S2#1,S/S2,30.0,47.737,242.67,9.855,10.694
1,S-S2#1,S/S2,30.0,102.294,111.027,9.677,22.9
1,S-S2#1,S/S2,30.0,159.343,340.197,10.785,28.397
1,S-S2#1,S/S2,30.0,180.625,90.615,0.971,28.121
1,S-S2#1,S/S2,30.0,200.942,125.507,7.049,29.542
1,S-S2#1,S/S2,30.0,160.21,73.082,8.04,23.912
1,S-S2#1,S/S2,30.0,108.353,126.776,16.488,18.233
1,S-S2#1,S/S2,30.0,72.672,183.549,2.934,15.488
1,S-S2#1,S/S2,30.0,60.564,166.374,1.836,13.86
1,S-S2#1,S/S2,30.0,147.02,209.244,2.569,30.315
1,S-S2#1,S/S2,30.0,190.492,188.385,4.159,31.131
1,S-S2#1,S/S2,30.0,188.449,99.352,6.542,28.758
1,S-S2#1,S/S2,30.0,171.584,76.511,7.958,26.46
1,S-S2#1,S/S2,30.0,94.179,144.194,6.482,16.607
1,S-S2#1,S/S2,30.0,22.74,247.58,2.649,5.932
1,S-S2#1,S/S2,30.0,69.174,381.604,3.59,30.939
1,S-S2#1,S/S2,30.0,23.536,85.566,5.47,11.693
1,S-S2#1,S/S2,30.0,36.605,97.837,9.315,14.935
1,S-S2#1,S/S2,30.0,27.215,49.06,3.95,7.729
1,S-S2#1,S/S2,30.0,123.26,169.002,4.137,28.401
1,S-S2#1,S/S2,30.0,204.32,225.167,10.172,34.534
1,S-S2#1,S/S2,30.0,226.795,129.047,13.115,33.43
1,S-S2#1,S/S2,30.0,212.987,121.883,15.292,29.991
1,S-S2#1,S/S2,30.0,205.97,141.061,14.512,29.12
1,S-S2#1,S/S2,30.0,122.446,125.069,9.575,20.334
1,S-S2#1,S/S2,30.0,40.578,410.251,8.459,8.68
1,S-S2#1,S/S2,30.0,49.426,599.384,7.398,16.505
1,S-S2#1,S/S2,30.0,35.492,160.343,3.595,15.838
1,S-S2#1,S/S2,30.0,66.684,161.912,4.516,31.174
1,S-S2#1,S/S2,30.0,50.533,241.322,9.738,21.579
1,S-S2#1,S/S2,60.0,70.478,410.29,12.898,18.687
1,S-S2#1,S/S2,60.0,80.568,610.815,7.457,32.992
1,S-S2#1,S/S2,60.0,29.051,177.676,2.108,21.884
1,S-S2#1,S/S2,60.0,31.477,65.44,0.671,28.72
1,S-S2#1,S/S2,60.0,53.871,282.717,1.784,61.871
1,S-S2#1,S/S2,60.0,7.645,195.465,1.569,21.983
1,S-S2#1,S/S2,60.0,1.349,24.324,1.016,31.681
1,S-S2#1,S/S2,60.0,0.759,0.837,0.938,21.619
1,S-S2#1,S/S2,60.0,0.578,1.685,1.743,15.7
1,S-S2#1,S/S2,60.0,0.757,2.02,1.82,21.084
1,S-S2#1,S/S2,60.0,0.214,1.621,1.584,5.796
1,S-S2#1,S/S2,60.0,0.392,2.152,1.808,10.514
1,S-S2#1,S/S2,60.0,0.787,1.593,1.727,20.638
1,S-S2#1,S/S2,60.0,1.142,3.055,1.771,31.448
1,S-S2#1,S/S2,60.0,1.716,2.111,2.112,50.594
1,S-S2#1,S/S2,60.0,3.462,8.597,1.084,24.596
1,S-S2#1,S/S2,60.0,9.137,101.395,11.392,8.682
1,S-S2#1,S/S2,60.0,25.639,230.928,28.657,10.965
1,S-S2#1,S/S2,60.0,53.545,361.181,49.413,14.671
1,S-S2#1,S/S2,60.0,104.732,490.993,74.288,20.995
1,S-S2#1,S/S2,60.0,143.354,595.802,91.192,23.718
1,S-S2#1,S/S2,60.0,87.664,256.389,27.563,13.538
1,S-S2#1,S/S2,60.0,98.433,54.267,15.859,15.492
1,S-S2#1,S/S2,60.0,95.222,188.369,17.682,16.604
1,S-S2#1,S/S2,60.0,50.247,413.71,4.389,10.685
1,S-S2#1,S/S2,60.0,120.829,665.75,7.683,28.593
1,S-S2#1,S/S2,60.0,110.24,408.456,3.364,26.891
1,S-S2#1,S/S2,60.0,107.019,133.401,6.284,25.389
1,S-S2#1,S/S2,60.0,77.094,540.617,7.233,18.516
1,S-S2#1,S/S2,60.0,98.359,253.658,8.091,22.61
1,S-S2#1,S/S2,60.0,127.824,599.463,14.01,25.489
1,S-S2#1,S/S2,60.0,155.164,773.872,23.359,31.191
1,S-S2#1,S/S2,60.0,167.326,827.979,14.372,40.45
1,S-S2#1,S/S2,60.0,161.179,83.535,4.923,40.111
1,S-S2#1,S/S2,60.0,125.445,256.305,3.219,33.513
1,S-S2#1,S/S2,60.0,95.852,207.118,7.787,25.523
1,S-S2#1,S/S2,60.0,69.435,185.612,8.967,17.577
1,S-S2#1,S/S2,60.0,40.469,208.417,15.857,10.358
1,S-S2#1,S/S2,60.0,81.357,302.707,26.116,18.103
1,S-S2#1,S/S2,60.0,88.782,536.254,8.227,20.012
1,S-S2#1,S/S2,60.0,102.229,363.265,11.722,23.096
1,S-S2#1,S/S2,60.0,154.49,330.909,8.571,37.413
1,S-S2#1,S/S2,60.0,198.667,283.216,10.511,53.475
1,S-S2#1,S/S2,60.0,258.347,556.156,55.823,69.537
1,S-S2#1,S/S2,60.0,272.397,592.634,35.438,79.548
1,S-S2#1,S/S2,60.0,228.729,51.65,15.945,64.735
1,S-S2#1,S/S2,60.0,224.357,72.804,48.053,60.44
1,S-S2#1,S/S2,60.0,138.337,88.128,33.214,35.749
1,S-S2#1,S/S2,60.0,135.054,220.504,36.962,35.562
1,S-S2#1,S/S2,60.0,110.889,255.037,37.339,35.422
1,S-S2#1,S/S2,60.0,106.693,481.337,42.884,34.561
1,S-S2#1,S/S2,60.0,126.069,394.918,75.989,43.963
1,S-S2#1,S/S2,60.0,84.653,283.362,26.799,30.359
1,S-S2#1,S/S2,60.0,67.165,308.625,16.457,26.784
1,S-S2#1,S/S2,60.0,45.053,137.344,6.589,16.776
1,S-S2#1,S/S2,60.0,391.412,148.293,327.126,112.358
1,S-S2#1,S/S2,60.0,70.127,277.753,34.169,19.743
1,S-S2#1,S/S2,60.0,76.692,445.541,24.132,21.92
1,S-S2#1,S/S2,60.0,70.766,315.021,17.222,20.821
1,S-S2#1,S/S2,60.0,64.421,348.867,28.914,17.807
1,S-S2#1,S/S2,60.0,41.027,467.61,21.974,14.061
1,S-S2#1,S/S2,60.0,38.18,450.562,21.293,18.708
1,S-S2#1,S/S2,60.0,36.684,131.109,14.418,20.675
1,S-S2#1,S/S2,60.0,43.191,352.472,13.395,19.266
1,S-S2#1,S/S2,60.0,76.472,329.642,23.767,30.435
1,S-S2#1,S/S2,60.0,68.606,419.529,23.049,28.389
1,S-S2#1,S/S2,60.0,107.081,295.159,19.66,35.229
1,S-S2#1,S/S2,60.0,135.637,386.521,30.351,34.732
1,S-S2#1,S/S2,60.0,119.435,89.565,20.44,24.766
1,S-S2#1,S/S2,60.0,133.408,33.08,63.299,28.015
1,S-S2#1,S/S2,60.0,144.07,256.553,25.223,29.259
1,S-S2#1,S/S2,60.0,202.52,311.969,31.588,36.621
1,S-S2#1,S/S2,60.0,187.689,382.97,58.225,30.575
1,S-S2#1,S/S2,60.0,268.244,691.956,53.196,40.48
1,S-S2#1,S/S2,60.0,277.574,814.276,104.781,39.029
1,S-S2#1,S/S2,60.0,349.5,1151.343,85.778,44.838
1,S-S2#1,S/S2,60.0,67.872,363.781,101.651,8.195
1,S-S2#1,S/S2,60.0,43.811,282.607,102.831,5.569
1,S-S2#1,S/S2,60.0,64.911,69.845,77.093,8.752
1,S-S2#1,S/S2,60.0,60.097,351.219,66.674,8.79
1,S-S2#1,S/S2,60.0,122.018,463.393,69.885,20.181
1,S-S2#1,S/S2,60.0,169.53,788.372,44.123,33.519
1,S-S2#1,S/S2,60.0,169.309,691.762,35.21,36.335
1,S-S2#1,S/S2,60.0,100.909,206.092,34.153,22.778
1,S-S2#1,S/S2,60.0,56.011,339.079,34.981,15.822
1,S-S2#1,S/S2,60.0,45.605,598.882,35.042,14.002
1,S-S2#1,S/S2,60.0,24.679,381.733,52.57,6.575
1,S-S2#1,S/S2,60.0,54.085,116.373,70.887,11.519
1,S-S2#1,S/S2,60.0,109.266,135.136,83.371,22.026
1,S-S2#1,S/S2,60.0,58.494,506.748,62.009,11.48
1,S-S2#1,S/S2,60.0,139.867,510.015,108.983,23.764
1,S-S2#1,S/S2,60.0,113.651,491.849,41.786,19.173
1,S-S2#1,S/S2,60.0,138.675,484.374,34.334,25.907
1,S-S2#1,S/S2,60.0,178.69,504.621,40.324,37.463
1,S-S2#1,S/S2,60.0,217.663,364.582,40.707,53.915
1,S-S2#1,S/S2,60.0,197.125,525.796,34.907,51.357
1,S-S2#1,S/S2,60.0,198.533,597.676,24.757,62.698
1,S-S2#1,S/S2,60.0,160.094,199.469,11.426,59.709
1,S-S2#1,S/S2,60.0,130.29,203.962,17.052,60.493
1,S-S2#1,S/S2,60.0,110.348,209.416,25.446,66.297
1,S-S2#1,S/S2,60.0,154.22,77.871,29.577,104.99
1,S-S2#1,S/S2,60.0,160.855,192.086,26.225,109.646
1,S-S2#1,S/S2,60.0,172.702,120.736,16.755,85.888
1,S-S2#1,S/S2,60.0,563.631,225.838,379.051,215.059
1,S-S2#1,S/S2,60.0,240.257,348.362,15.395,88.146
1,S-S2#1,S/S2,60.0,211.657,357.894,9.153,87.226
1,S-S2#1,S/S2,60.0,191.278,344.626,18.932,81.434
1,S-S2#1,S/S2,60.0,194.106,210.961,2.99,103.133
1,S-S2#1,S/S2,60.0,148.042,282.516,4.995,119.141
1,S-S2#1,S/S2,60.0,130.746,274.83,5.737,235.781
1,S-S2#1,S/S2,60.0,98.017,20.487,2.461,311.528
1,S-S2#1,S/S2,60.0,115.437,22.913,10.632,373.934
1,S-S2#1,S/S2,60.0,94.886,6.879,3.977,1138.948
1,S-S2#1,S/S2,60.0,86.784,4.586,4.44,1217.075
1,S-S2#1,S/S2,60.0,74.675,6.747,11.803,783.459
1,S-S2#1,S/S2,60.0,71.045,23.814,26.795,203.564
1,S-S2#1,S/S2,60.0,91.721,49.583,39.65,117.446
1,S-S2#1,S/S2,60.0,72.281,86.965,48.486,47.735
1,S-S2#1,S/S2,60.0,105.412,164.055,84.692,44.924
1,S-S2#1,S/S2,60.0,150.58,197.369,102.74,54.219
1,S-S2#1,S/S2,60.0,532.661,205.764,422.477,158.66
1,S-S2#1,S/S2,60.0,141.522,263.266,3.611,37.081
1,S-S2#1,S/S2,60.0,69.936,212.179,3.54,17.372
1,S-S2#1,S/S2,60.0,33.069,257.916,7.314,8.429
1,S-S2#1,S/S2,60.0,22.21,27.361,7.538,5.917
1,S-S2#1,S/S2,60.0,59.099,344.646,6.565,15.203
1,S-S2#1,S/S2,60.0,72.018,235.013,3.939,17.656
1,S-S2#1,S/S2,60.0,71.003,150.43,9.765,18.948
1,S-S2#1,S/S2,60.0,129.745,200.836,14.971,35.414
1,S-S2#1,S/S2,60.0,125.312,305.127,21.546,34.982
1,S-S2#1,S/S2,60.0,152.077,494.776,13.104,49.184
1,S-S2#1,S/S2,60.0,100.462,186.37,10.767,38.126
1,S-S2#1,S/S2,60.0,73.116,276.519,12.578,29.65
1,S-S2#1,S/S2,60.0,79.11,311.389,21.938,27.641
1,S-S2#1,S/S2,60.0,120.105,230.312,29.05,41.211
1,S-S2#1,S/S2,60.0,119.275,390.129,22.196,40.788
1,S-S2#1,S/S2,60.0,125.91,240.533,9.91,42.202
1,S-S2#1,S/S2,60.0,130.176,266.604,8.925,42.385
1,S-S2#1,S/S2,60.0,120.324,331.373,14.753,34.572
1,S-S2#1,S/S2,60.0,108.059,326.424,25.014,30.118
1,S-S2#1,S/S2,60.0,58.73,181.595,28.435,14.999
1,S-S2#1,S/S2,60.0,60.518,423.62,15.932,16.107
1,S-S2#1,S/S2,60.0,60.292,319.664,7.842,13.99
1,S-S2#1,S/S2,60.0,85.079,310.0,25.845,16.64
1,S-S2#1,S/S2,60.0,126.074,367.177,38.884,25.074
1,S-S2#1,S/S2,60.0,142.365,721.298,45.941,27.979
1,S-S2#1,S/S2,60.0,162.128,916.044,50.886,33.264
1,S-S2#1,S/S2,60.0,152.512,561.222,22.665,31.136
1,S-S2#1,S/S2,60.0,123.914,185.652,28.82,27.156
1,S-S2#1,S/S2,60.0,92.226,295.134,28.188,23.098
1,S-S2#1,S/S2,60.0,73.084,556.162,24.82,20.473
1,S-S2#1,S/S2,60.0,63.143,551.681,30.403,23.42
1,S-S2#1,S/S2,60.0,49.882,121.775,40.498,23.025
1,S-S2#1,S/S2,60.0,66.115,430.2,55.741,25.899
1,S-S2#1,S/S2,60.0,104.347,288.204,78.673,36.58
1,S-S2#1,S/S2,60.0,139.059,161.948,72.799,43.227
1,S-S2#1,S/S2,60.0,92.518,258.31,70.831,29.689
1,S-S2#1,S/S2,60.0,630.131,271.491,552.145,158.536
1,S-S2#1,S/S2,60.0,73.726,437.706,27.504,15.504
1,S-S2#1,S/S2,60.0,67.991,576.978,22.124,16.233
1,S-S2#1,S/S2,60.0,53.843,536.268,18.187,12.678
1,S-S2#1,S/S2,60.0,45.091,273.957,21.76,10.368
1,S-S2#1,S/S2,60.0,73.895,393.434,26.768,16.372
1,S-S2#1,S/S2,60.0,73.5,706.899,36.978,16.378
1,S-S2#1,S/S2,60.0,111.829,617.225,40.968,25.88
1,S-S2#1,S/S2,60.0,114.602,99.562,30.251,27.32
1,S-S2#1,S/S2,60.0,122.168,209.867,21.687,30.917
1,S-S2#1,S/S2,60.0,93.312,182.803,13.964,27.962
1,S-S2#1,S/S2,60.0,86.877,219.513,15.299,27.27
1,S-S2#1,S/S2,60.0,91.765,453.989,8.383,33.52
1,S-S2#1,S/S2,60.0,66.127,254.801,10.254,27.414
1,S-S2#1,S/S2,60.0,73.772,83.075,4.476,27.072
1,S-S2#1,S/S2,60.0,33.154,236.474,6.032,13.261
1,S-S2#1,S/S2,60.0,66.868,155.066,10.934,25.512
1,S-S2#1,S/S2,60.0,73.665,319.827,9.714,30.104
1,S-S2#1,S/S2,60.0,74.006,225.182,10.601,35.367
1,S-S2#1,S/S2,60.0,72.922,198.119,17.107,44.11
1,S-S2#1,S/S2,60.0,58.217,124.292,13.581,40.916
1,S-S2#1,S/S2,60.0,26.852,74.468,11.88,23.164
1,S-S2#1,S/S2,60.0,59.907,80.682,11.101,52.718
1,S-S2#1,S/S2,60.0,93.416,191.89,8.657,78.432
1,S-S2#1,S/S2,60.0,299.634,123.701,223.125,195.239
1,S-S2#1,S/S2,60.0,95.202,122.936,14.586,45.33
1,S-S2#1,S/S2,60.0,86.961,152.397,7.538,37.933
1,S-S2#1,S/S2,60.0,68.401,264.185,7.105,26.202
1,S-S2#1,S/S2,60.0,80.638,342.614,14.236,28.66
1,S-S2#1,S/S2,60.0,123.552,345.849,74.771,39.79
1,S-S2#1,S/S2,60.0,145.622,51.185,3.494,44.811
1,S-S2#1,S/S2,60.0,139.89,149.861,14.054,42.988
1,S-S2#1,S/S2,60.0,125.129,333.335,6.065,34.427
1,S-S2#1,S/S2,60.0,122.232,341.398,11.018,31.687
1,S-S2#1,S/S2,60.0,125.045,502.14,3.91,31.071
1,S-S2#1,S/S2,60.0,101.716,553.115,5.155,25.963
1,S-S2#1,S/S2,60.0,75.553,518.353,5.338,19.607
1,S-S2#1,S/S2,60.0,52.373,61.943,4.301,13.034
1,S-S2#1,S/S2,60.0,30.042,40.279,3.759,8.471
1,S-S2#1,S/S2,60.0,30.429,328.676,1.853,8.455
1,S-S2#1,S/S2,60.0,35.794,434.436,4.92,9.792
1,S-S2#1,S/S2,60.0,18.126,88.299,7.595,4.625
1,S-S2#1,S/S2,60.0,23.353,229.631,6.305,5.55
1,S-S2#1,S/S2,60.0,25.748,207.309,3.636,7.218
1,S-S2#1,S/S2,60.0,76.158,264.336,9.678,18.533
1,S-S2#1,S/S2,60.0,102.336,522.158,10.903,24.711
1,S-S2#1,S/S2,60.0,81.068,404.137,13.26,23.105
1,S-S2#1,S/S2,60.0,60.277,558.622,10.311,22.104
1,S-S2#1,S/S2,60.0,60.201,444.501,10.044,23.687
1,S-S2#1,S/S2,60.0,37.488,219.7,4.336,11.318
1,S-S2#1,S/S2,60.0,41.208,293.139,2.19,11.284
1,S-S2#1,S/S2,60.0,61.62,265.08,0.486,14.299
1,S-S2#1,S/S2,60.0,61.197,411.235,15.602,11.079
1,S-S2#1,S/S2,60.0,81.263,471.73,22.419,11.69
1,S-S2#1,S/S2,60.0,53.924,1183.334,4.257,6.954
1,S-S2#1,S/S2,60.0,54.329,461.163,2.549,6.534
1,S-S2#1,S/S2,60.0,103.669,291.964,10.676,12.643
1,S-S2#1,S/S2,60.0,41.137,163.291,12.16,5.469
1,S-S2#1,S/S2,60.0,49.201,202.904,20.762,7.227
1,S-S2#1,S/S2,60.0,29.437,106.47,5.937,4.818
1,S-S2#1,S/S2,60.0,90.202,113.394,5.063,15.689
1,S-S2#1,S/S2,60.0,163.622,113.566,4.667,29.458
1,S-S2#1,S/S2,60.0,175.286,351.017,3.191,30.404
1,S-S2#1,S/S2,60.0,200.562,819.961,6.567,31.149
1,S-S2#1,S/S2,60.0,127.794,323.5,10.57,17.572
1,S-S2#1,S/S2,60.0,56.855,467.431,9.928,7.095
1,S-S2#1,S/S2,60.0,60.716,124.078,5.801,7.229
1,S-S2#1,S/S2,60.0,53.209,148.41,18.785,6.199
1,S-S2#1,S/S2,60.0,56.225,180.453,31.836,6.482
1,S-S2#1,S/S2,60.0,102.593,126.875,28.986,11.72
1,S-S2#1,S/S2,60.0,73.593,118.266,36.914,8.539
1,S-S2#1,S/S2,60.0,29.931,118.336,48.95,3.555
1,S-S2#1,S/S2,60.0,15.517,172.234,57.174,1.896
1,S-S2#1,S/S2,60.0,50.61,280.142,67.06,6.769
1,S-S2#1,S/S2,60.0,73.318,370.351,39.222,11.572
1,S-S2#1,S/S2,60.0,92.363,549.317,58.066,15.357
1,S-S2#1,S/S2,60.0,65.563,723.959,67.361,11.061
1,S-S2#1,S/S2,60.0,26.918,802.46,82.083,4.398
1,S-S2#1,S/S2,60.0,59.305,1010.923,96.896,9.252
1,S-S2#1,S/S2,60.0,122.921,812.781,91.896,17.475
1,S-S2#1,S/S2,60.0,118.598,346.617,68.635,15.579
1,S-S2#1,S/S2,60.0,155.193,114.8,41.612,22.126
1,S-S2#1,S/S2,60.0,111.448,198.322,25.48,18.097
1,S-S2#1,S/S2,60.0,49.98,630.96,16.907,10.716
1,S-S2#1,S/S2,60.0,65.178,509.973,7.989,20.729
1,S-S2#1,S/S2,60.0,25.635,259.832,5.959,14.169
1,S-S2#1,S/S2,60.0,40.539,261.805,3.472,34.837
1,S-S2#1,S/S2,60.0,42.602,392.832,3.892,47.011
1,S-S2#1,S/S2,60.0,43.855,142.76,18.903,26.953
1,S-S2#1,S/S2,60.0,88.644,233.555,35.317,34.862
1,S-S2#1,S/S2,60.0,106.279,249.008,36.807,39.399
1,S-S2#1,S/S2,60.0,143.15,349.968,51.293,41.777
1,S-S2#1,S/S2,60.0,207.113,444.451,64.324,46.173
1,S-S2#1,S/S2,60.0,180.111,219.977,32.187,31.928
1,S-S2#1,S/S2,60.0,126.609,258.132,20.742,21.377
1,S-S2#1,S/S2,60.0,93.77,503.27,5.716,14.628
1,S-S2#1,S/S2,60.0,150.848,532.394,41.161,19.412
1,S-S2#1,S/S2,60.0,146.212,469.173,22.177,17.268
1,S-S2#1,S/S2,60.0,214.939,496.788,62.519,25.002
1,S-S2#1,S/S2,60.0,171.523,412.944,60.535,20.001
1,S-S2#1,S/S2,60.0,162.325,406.157,47.489,20.33
1,S-S2#1,S/S2,60.0,107.173,351.806,33.484,16.206
1,S-S2#1,S/S2,60.0,68.923,476.218,17.287,13.514
1,S-S2#1,S/S2,60.0,42.052,431.237,7.464,11.448
1,S-S2#1,S/S2,60.0,53.411,622.643,2.276,23.216
1,S-S2#1,S/S2,60.0,72.286,705.234,1.775,80.15
1,S-S2#1,S/S2,60.0,3.907,45.091,2.509,63.872
1,S-S2#1,S/S2,60.0,2.078,1.447,1.351,52.85
1,S-S2#1,S/S2,60.0,1.319,0.727,1.005,40.78
1,S-S2#1,S/S2,60.0,1.55,1.302,1.502,58.004
1,S-S2#1,S/S2,60.0,1.685,1.53,1.755,72.078
1,S-S2#1,S/S2,60.0,5.43,20.674,0.229,23.823
1,S-S2#1,S/S2,60.0,14.207,104.195,4.436,13.438
1,S-S2#1,S/S2,60.0,36.07,219.185,9.283,16.398
1,S-S2#1,S/S2,60.0,44.682,347.865,12.334,12.841
1,S-S2#1,S/S2,60.0,46.959,481.701,14.342,9.741
1,S-S2#1,S/S2,60.0,84.1,561.292,17.004,14.897
1,S-S2#1,S/S2,60.0,90.748,154.89,22.963,16.344
1,S-S2#1,S/S2,60.0,103.817,137.435,19.18,19.464
1,S-S2#1,S/S2,60.0,116.679,217.089,11.62,21.875
1,S-S2#1,S/S2,60.0,119.564,307.422,3.138,22.123
1,S-S2#1,S/S2,60.0,81.748,448.802,14.356,15.303
1,S-S2#1,S/S2,60.0,51.675,470.711,25.995,10.503
1,S-S2#1,S/S2,60.0,37.035,499.34,31.644,6.832
1,S-S2#1,S/S2,60.0,56.198,610.99,20.967,10.845
1,S-S2#1,S/S2,60.0,60.766,644.993,12.948,15.049
1,S-S2#1,S/S2,60.0,56.734,610.196,4.195,21.119
1,S-S2#1,S/S2,60.0,34.156,306.716,2.122,24.129
1,S-S2#1,S/S2,60.0,9.823,180.512,4.745,6.242
1,S-S2#1,S/S2,60.0,27.303,578.98,6.135,14.487
1,S-S2#1,S/S2,60.0,57.424,184.858,5.236,22.573
1,S-S2#1,S/S2,60.0,122.49,303.492,6.717,32.322
1,S-S2#1,S/S2,60.0,198.942,451.188,9.489,37.207
1,S-S2#1,S/S2,60.0,227.104,517.57,12.842,34.915
1,S-S2#1,S/S2,60.0,269.467,1156.824,9.129,36.835
1,S-S2#1,S/S2,60.0,228.686,234.072,7.666,32.389
1,S-S2#1,S/S2,60.0,190.286,217.564,5.78,26.813
1,S-S2#1,S/S2,60.0,191.755,157.045,5.12,26.254
1,S-S2#1,S/S2,60.0,213.774,148.868,14.896,30.1
1,S-S2#1,S/S2,60.0,208.295,760.727,14.345,31.307
1,S-S2#1,S/S2,60.0,198.755,683.576,24.832,31.523
1,S-S2#1,S/S2,60.0,192.824,647.77,31.183,28.538
1,S-S2#1,S/S2,60.0,180.009,630.879,28.058,30.151
1,S-S2#1,S/S2,60.0,88.052,497.911,22.073,19.119
1,S-S2#1,S/S2,60.0,50.888,215.05,23.713,12.657
1,S-S2#1,S/S2,60.0,54.331,61.914,24.148,13.466
1,S-S2#1,S/S2,60.0,92.683,378.34,24.419,24.897
1,S-S2#1,S/S2,60.0,96.375,93.037,29.9,27.089
1,S-S2#1,S/S2,60.0,105.464,433.515,46.825,23.892
1,S-S2#1,S/S2,60.0,138.758,119.08,48.304,25.338
1,S-S2#1,S/S2,60.0,162.281,212.848,54.357,31.015
1,S-S2#1,S/S2,60.0,144.458,231.809,35.099,31.995
1,S-S2#1,S/S2,60.0,89.209,268.99,25.567,23.419
1,S-S2#1,S/S2,60.0,57.611,394.863,8.227,20.251
1,S-S2#1,S/S2,60.0,46.976,538.435,3.482,25.207
1,S-S2#1,S/S2,60.0,19.847,436.631,7.976,13.48
1,S-S2#1,S/S2,60.0,90.075,154.993,37.943,47.906
1,S-S2#1,S/S2,60.0,118.245,179.093,42.115,55.108
1,S-S2#1,S/S2,60.0,117.533,186.717,43.601,52.968
1,S-S2#1,S/S2,60.0,148.265,260.679,59.596,48.831
1,S-S2#1,S/S2,60.0,115.46,658.263,4.449,30.515
1,S-S2#1,S/S2,60.0,101.425,344.144,10.607,27.193
1,S-S2#1,S/S2,60.0,91.41,468.247,15.25,22.988
1,S-S2#1,S/S2,60.0,90.154,422.272,66.321,20.668
1,S-S2#1,S/S2,60.0,118.96,439.744,0.718,27.768
1,S-S2#1,S/S2,60.0,97.807,486.345,1.732,28.238
1,S-S2#1,S/S2,60.0,76.316,222.371,8.367,23.888
1,S-S2#1,S/S2,60.0,91.924,284.056,13.226,25.746
1,S-S2#1,S/S2,60.0,96.167,586.089,10.538,36.112
1,S-S2#1,S/S2,60.0,40.558,195.505,10.888,19.898
1,S-S2#1,S/S2,60.0,36.48,200.574,10.94,17.427
1,S-S2#1,S/S2,60.0,45.51,167.805,20.593,21.434
1,S-S2#1,S/S2,60.0,10.39,561.662,1.935,7.049
1,S-S2#1,S/S2,60.0,2.491,361.965,1.01,6.274
1,S-S2#1,S/S2,60.0,12.27,28.415,6.519,40.16
1,S-S2#1,S/S2,60.0,14.523,36.728,7.747,37.638
1,S-S2#1,S/S2,60.0,6.95,30.703,2.415,20.571
1,S-S2#1,S/S2,60.0,7.594,34.558,2.452,20.909
1,S-S2#1,S/S2,60.0,32.263,81.017,8.865,30.048
1,S-S2#1,S/S2,60.0,25.802,61.557,9.943,12.422
1,S-S2#1,S/S2,60.0,27.079,180.012,9.676,8.73
1,S-S2#1,S/S2,60.0,51.727,249.093,9.6,13.802
1,S-S2#1,S/S2,60.0,32.444,272.413,14.811,8.208
1,S-S2#1,S/S2,60.0,18.798,510.821,14.059,4.552
1,S-S2#1,S/S2,60.0,87.536,786.206,128.656,24.177
1,S-S2#1,S/S2,60.0,38.591,478.913,3.543,13.897
1,S-S2#1,S/S2,60.0,14.989,408.676,3.923,8.679
1,S-S2#1,S/S2,60.0,50.585,65.52,4.918,44.029
1,S-S2#1,S/S2,60.0,48.481,40.436,4.759,44.546
1,S-S2#1,S/S2,60.0,42.844,29.628,5.125,48.092
1,S-S2#1,S/S2,60.0,26.446,54.847,4.196,36.013
1,S-S2#1,S/S2,60.0,37.61,36.829,2.85,53.956
1,S-S2#1,S/S2,60.0,27.903,33.856,9.099,41.697
1,S-S2#1,S/S2,60.0,18.903,49.082,3.898,31.182
1,S-S2#1,S/S2,60.0,25.078,67.844,3.213,33.457
1,S-S2#1,S/S2,60.0,34.143,112.046,5.825,23.904
1,S-S2#1,S/S2,60.0,59.426,160.484,4.7,28.379
1,S-S2#1,S/S2,60.0,44.855,179.72,4.923,16.471
1,S-S2#1,S/S2,60.0,60.001,259.534,23.119,17.418
1,S-S2#1,S/S2,60.0,103.382,170.498,4.822,27.172
1,S-S2#1,S/S2,60.0,134.716,520.827,6.443,31.857
1,S-S2#1,S/S2,60.0,161.506,140.775,14.009,41.976
1,S-S2#1,S/S2,60.0,193.339,569.811,4.811,46.046
1,S-S2#1,S/S2,60.0,214.707,65.776,9.387,50.421
1,S-S2#1,S/S2,60.0,157.151,302.992,7.438,39.996
1,S-S2#1,S/S2,60.0,153.123,426.07,8.122,36.211
1,S-S2#1,S/S2,60.0,114.848,392.451,9.299,27.911
1,S-S2#1,S/S2,60.0,142.705,297.348,9.21,30.966
1,S-S2#1,S/S2,60.0,59.069,329.119,11.099,13.2
1,S-S2#1,S/S2,60.0,64.537,119.688,6.162,13.345
1,S-S2#1,S/S2,60.0,72.765,230.747,0.983,13.445
1,S-S2#1,S/S2,60.0,86.509,285.109,4.304,15.232
1,S-S2#1,S/S2,60.0,20.94,549.533,6.39,3.508
1,S-S2#1,S/S2,60.0,29.439,234.934,9.805,5.676
1,S-S2#1,S/S2,60.0,38.089,814.396,7.125,8.981
1,S-S2#1,S/S2,60.0,23.061,729.172,4.794,7.557
1,S-S2#1,S/S2,60.0,15.127,613.436,3.348,7.672
1,S-S2#1,S/S2,60.0,48.417,620.866,2.387,50.25
1,S-S2#1,S/S2,60.0,2.305,130.419,1.572,34.2
1,S-S2#1,S/S2,60.0,0.708,0.918,0.853,41.143
1,S-S2#1,S/S2,60.0,0.553,0.395,0.299,31.779
1,S-S2#1,S/S2,60.0,2.149,2.874,0.38,49.714
1,S-S2#1,S/S2,60.0,8.71,55.158,0.134,14.764
1,S-S2#1,S/S2,60.0,18.591,82.73,3.251,14.611
1,S-S2#1,S/S2,60.0,34.281,162.833,3.407,15.694
1,S-S2#1,S/S2,60.0,40.76,221.144,6.186,13.854
1,S-S2#1,S/S2,60.0,37.823,215.905,7.488,11.821
1,S-S2#1,S/S2,60.0,68.566,87.125,10.212,18.251
1,S-S2#1,S/S2,60.0,51.867,111.398,15.759,13.634
1,S-S2#1,S/S2,60.0,66.605,453.089,19.238,17.572
1,S-S2#1,S/S2,60.0,95.796,645.143,28.816,25.295
1,S-S2#1,S/S2,60.0,38.815,32.351,9.9,9.922
1,S-S2#1,S/S2,60.0,56.565,165.937,22.636,12.269
1,S-S2#1,S/S2,60.0,55.045,437.99,26.217,10.678
1,S-S2#1,S/S2,60.0,76.534,412.718,5.046,13.278
1,S-S2#1,S/S2,60.0,93.509,939.645,25.981,16.191
1,S-S2#1,S/S2,60.0,86.07,403.099,24.704,14.24
1,S-S2#1,S/S2,60.0,117.793,876.417,38.975,18.403
1,S-S2#1,S/S2,60.0,127.144,89.202,31.081,20.208
1,S-S2#1,S/S2,60.0,104.983,229.991,20.635,18.349
1,S-S2#1,S/S2,60.0,36.681,86.11,9.004,8.098
1,S-S2#1,S/S2,60.0,49.834,319.382,9.262,12.968
1,S-S2#1,S/S2,60.0,48.936,565.359,3.635,18.354
1,S-S2#1,S/S2,60.0,27.69,512.662,2.002,15.194
1,S-S2#1,S/S2,60.0,1.467,353.253,2.391,0.73
1,S-S2#1,S/S2,60.0,45.252,180.761,5.039,21.481
1,S-S2#1,S/S2,60.0,59.683,221.004,1.963,23.51
1,S-S2#1,S/S2,60.0,100.415,313.337,2.824,27.909
1,S-S2#1,S/S2,60.0,152.009,403.477,2.95,33.693
1,S-S2#1,S/S2,60.0,166.148,707.979,13.64,33.389
1,S-S2#1,S/S2,60.0,174.334,185.489,26.647,36.279
1,S-S2#1,S/S2,60.0,198.8,336.393,30.933,39.892
1,S-S2#1,S/S2,60.0,186.024,447.141,36.813,33.677
1,S-S2#1,S/S2,60.0,150.505,589.743,48.075,28.311
1,S-S2#1,S/S2,60.0,92.968,155.697,40.991,19.522
1,S-S2#1,S/S2,60.0,53.967,94.715,32.649,11.861
1,S-S2#1,S/S2,60.0,58.078,67.306,36.889,12.747
1,S-S2#1,S/S2,60.0,64.596,75.278,34.453,13.616
1,S-S2#1,S/S2,60.0,127.122,220.73,50.86,28.156
1,S-S2#1,S/S2,60.0,138.277,264.881,18.202,33.079
1,S-S2#1,S/S2,60.0,158.364,222.143,20.594,35.182
1,S-S2#1,S/S2,60.0,156.733,392.022,26.052,32.931
1,S-S2#1,S/S2,60.0,131.048,481.042,35.031,26.724
1,S-S2#1,S/S2,60.0,120.046,481.749,39.398,24.072
1,S-S2#1,S/S2,60.0,94.901,536.973,51.293,17.38
1,S-S2#1,S/S2,60.0,113.418,771.443,26.493,20.027
1,S-S2#1,S/S2,60.0,189.361,227.667,45.188,32.168
1,S-S2#1,S/S2,60.0,206.77,494.513,41.472,33.989
1,S-S2#1,S/S2,60.0,143.544,148.309,45.391,22.886
1,S-S2#1,S/S2,60.0,92.168,480.659,46.129,13.9
1,S-S2#1,S/S2,60.0,131.195,622.333,60.42,18.645
1,S-S2#1,S/S2,60.0,87.406,639.077,62.343,11.151
1,S-S2#1,S/S2,60.0,130.985,1126.929,60.992,15.519
1,S-S2#1,S/S2,60.0,139.14,1372.429,47.518,16.772
1,S-S2#1,S/S2,60.0,120.027,97.617,38.304,16.474
1,S-S2#1,S/S2,60.0,107.254,391.107,22.309,18.361
1,S-S2#1,S/S2,60.0,75.256,463.038,27.272,15.157
1,S-S2#1,S/S2,60.0,70.903,493.14,37.874,14.725
1,S-S2#1,S/S2,60.0,51.413,336.139,55.672,10.657
1,S-S2#1,S/S2,60.0,105.201,286.808,65.578,19.356
1,S-S2#1,S/S2,60.0,142.19,668.451,64.056,21.249
1,S-S2#1,S/S2,60.0,123.03,565.307,55.084,16.397
1,S-S2#1,S/S2,60.0,128.015,52.358,51.49,18.556
1,S-S2#1,S/S2,60.0,84.319,342.702,46.131,14.509
1,S-S2#1,S/S2,60.0,41.729,388.179,34.167,7.721
1,S-S2#1,S/S2,60.0,8.448,491.99,38.224,1.67
1,S-S2#1,S/S2,60.0,34.587,303.268,36.503,8.767
1,S-S2#1,S/S2,60.0,34.351,90.096,20.285,10.999
1,S-S2#1,S/S2,60.0,43.897,297.089,6.174,14.66
1,S-S2#1,S/S2,60.0,55.079,235.127,14.924,15.865
1,S-S2#1,S/S2,60.0,49.869,474.398,8.273,13.553
1,S-S2#1,S/S2,60.0,78.46,59.435,20.779,21.125
1,S-S2#1,S/S2,60.0,84.784,372.574,24.823,21.829
1,S-S2#1,S/S2,60.0,96.32,398.841,24.515,24.084
1,S-S2#1,S/S2,60.0,116.505,321.329,27.087,23.246
1,S-S2#1,S/S2,60.0,131.741,158.484,33.53,22.476
1,S-S2#1,S/S2,60.0,145.167,185.832,40.952,22.578
1,S-S2#1,S/S2,60.0,181.182,225.293,49.496,26.725
1,S-S2#1,S/S2,60.0,127.845,560.834,41.43,19.182
1,S-S2#1,S/S2,60.0,117.12,338.795,35.633,17.324
1,S-S2#1,S/S2,60.0,72.521,365.808,22.959,12.134
1,S-S2#1,S/S2,60.0,34.045,588.005,15.709,6.937
1,S-S2#1,S/S2,60.0,32.909,648.144,9.253,8.224
1,S-S2#1,S/S2,60.0,57.55,389.02,11.193,18.245
1,S-S2#1,S/S2,60.0,98.938,210.706,5.202,28.7
1,S-S2#1,S/S2,60.0,107.406,370.759,13.762,27.925
1,S-S2#1,S/S2,60.0,136.219,326.209,12.742,34.542
1,S-S2#1,S/S2,60.0,134.952,247.901,23.052,39.315
1,S-S2#1,S/S2,60.0,57.044,252.446,12.969,19.377
1,S-S2#1,S/S2,60.0,32.474,124.978,9.602,11.553
1,S-S2#1,S/S2,60.0,30.742,92.549,8.629,12.293
1,S-S2#1,S/S2,60.0,38.12,167.699,8.263,15.81
1,S-S2#1,S/S2,60.0,83.446,245.655,17.852,27.213
1,S-S2#1,S/S2,60.0,106.242,228.256,28.996,31.432
1,S-S2#1,S/S2,60.0,43.004,246.882,12.558,11.011
1,S-S2#1,S/S2,60.0,48.666,353.89,12.057,9.637
1,S-S2#1,S/S2,60.0,104.214,380.127,14.565,16.649
1,S-S2#1,S/S2,60.0,128.12,846.335,16.483,18.967
1,S-S2#1,S/S2,60.0,206.554,980.061,38.174,27.649
1,S-S2#1,S/S2,60.0,250.98,1108.279,37.483,28.856
1,S-S2#1,S/S2,60.0,158.486,330.107,40.878,19.113
1,S-S2#1,S/S2,60.0,105.304,340.987,38.183,14.024
1,S-S2#1,S/S2,60.0,96.052,102.503,40.136,15.136
1,S-S2#1,S/S2,60.0,30.729,329.922,37.662,5.42
1,S-S2#1,S/S2,60.0,49.971,527.802,36.11,9.695
1,S-S2#1,S/S2,60.0,44.793,85.137,51.14,8.023
1,S-S2#1,S/S2,60.0,178.601,800.715,53.774,24.451
1,S-S2#1,S/S2,60.0,270.801,572.343,55.156,31.497
1,S-S2#1,S/S2,60.0,371.071,1023.303,28.767,35.926
1,S-S2#1,S/S2,60.0,394.466,629.241,50.312,34.994
1,S-S2#1,S/S2,60.0,306.712,215.311,30.067,26.993
1,S-S2#1,S/S2,60.0,202.052,603.323,9.367,19.287
1,S-S2#1,S/S2,60.0,111.56,681.715,3.342,11.96
1,S-S2#1,S/S2,60.0,12.658,511.599,2.916,1.535
1,S-S2#1,S/S2,60.0,66.008,156.133,1.825,8.892
1,S-S2#1,S/S2,60.0,56.378,329.412,10.659,7.637
1,S-S2#1,S/S2,60.0,19.131,289.656,10.705,2.584
1,S-S2#1,S/S2,60.0,167.148,188.96,14.075,22.138
1,S-S2#1,S/S2,60.0,220.032,864.584,3.602,28.153
1,S-S2#1,S/S2,60.0,206.019,325.978,10.094,25.352
1,S-S2#1,S/S2,60.0,70.005,415.282,13.554,8.614
1,S-S2#1,S/S2,60.0,74.367,318.698,17.588,9.554
1,S-S2#1,S/S2,60.0,42.571,307.475,10.935,5.801
1,S-S2#1,S/S2,60.0,38.061,673.076,17.159,5.318
1,S-S2#1,S/S2,60.0,50.987,506.896,13.16,8.184
1,S-S2#1,S/S2,60.0,82.671,311.504,15.382,17.044
1,S-S2#1,S/S2,60.0,70.639,171.02,12.704,17.005
1,S-S2#1,S/S2,60.0,74.77,305.182,15.458,20.598
1,S-S2#1,S/S2,60.0,91.661,169.535,17.074,32.523
1,S-S2#1,S/S2,60.0,61.32,30.495,13.928,29.002
1,S-S2#1,S/S2,60.0,60.69,84.595,14.621,26.231
1,S-S2#1,S/S2,60.0,483.085,281.473,483.143,132.35
1,S-S2#1,S/S2,60.0,200.172,195.814,22.106,39.736
1,S-S2#1,S/S2,60.0,266.83,532.031,30.698,41.436
1,S-S2#1,S/S2,60.0,380.922,750.342,117.24,44.213
1,S-S2#1,S/S2,60.0,442.248,844.208,4.82,41.198
1,S-S2#1,S/S2,60.0,436.572,498.276,12.68,35.649
1,S-S2#1,S/S2,60.0,470.848,1190.764,0.893,36.047
1,S-S2#1,S/S2,60.0,360.66,1444.113,0.722,29.363
1,S-S2#1,S/S2,60.0,391.166,919.473,16.155,30.786
1,S-S2#1,S/S2,60.0,404.906,645.167,41.213,30.734
1,S-S2#1,S/S2,60.0,425.958,737.055,51.468,31.849
1,S-S2#1,S/S2,60.0,483.593,577.525,58.101,35.693
1,S-S2#1,S/S2,60.0,613.959,511.59,77.431,43.733
1,S-S2#1,S/S2,60.0,738.063,528.442,92.995,47.142
1,S-S2#1,S/S2,60.0,735.95,674.372,114.746,45.069
1,S-S2#1,S/S2,60.0,730.528,1064.454,136.334,44.496
1,S-S2#1,S/S2,60.0,738.724,938.84,127.658,47.647
1,S-S2#1,S/S2,60.0,493.354,427.211,93.198,35.487
1,S-S2#1,S/S2,60.0,295.675,509.156,57.705,23.918
1,S-S2#1,S/S2,60.0,144.953,672.062,52.732,13.787
1,S-S2#1,S/S2,60.0,82.222,739.862,36.293,9.897
1,S-S2#1,S/S2,60.0,137.21,742.496,26.444,21.913
1,S-S2#1,S/S2,60.0,104.515,305.456,26.176,19.346
1,S-S2#1,S/S2,60.0,140.701,667.898,22.795,27.436
1,S-S2#1,S/S2,60.0,115.504,828.955,15.75,25.5
1,S-S2#1,S/S2,60.0,109.481,576.111,17.601,24.64
1,S-S2#1,S/S2,60.0,107.978,372.427,16.716,23.813
1,S-S2#1,S/S2,60.0,118.003,676.988,10.409,25.428
1,S-S2#1,S/S2,60.0,134.859,709.53,3.582,33.841
1,S-S2#1,S/S2,60.0,175.161,576.803,33.608,49.113
1,S-S2#1,S/S2,60.0,228.268,163.359,47.695,75.647
1,S-S2#1,S/S2,60.0,169.559,168.972,43.544,64.438
1,S-S2#1,S/S2,60.0,120.862,207.453,41.061,44.499
1,S-S2#1,S/S2,60.0,47.702,166.357,36.177,17.149
1,S-S2#1,S/S2,60.0,479.313,326.238,385.083,144.912
1,S-S2#1,S/S2,60.0,776.41,320.67,671.781,194.104
1,S-S2#1,S/S2,60.0,893.576,381.763,755.912,188.444
1,S-S2#1,S/S2,60.0,232.277,121.693,2.232,45.018
1,S-S2#1,S/S2,60.0,230.965,483.302,6.501,49.255
1,S-S2#1,S/S2,60.0,213.494,659.853,6.948,49.102
1,S-S2#1,S/S2,60.0,232.474,146.818,3.319,56.379
1,S-S2#1,S/S2,60.0,191.392,490.509,10.089,47.4
1,S-S2#1,S/S2,60.0,158.065,353.48,9.515,42.791
1,S-S2#1,S/S2,60.0,131.028,97.937,11.28,41.841
1,S-S2#1,S/S2,60.0,141.915,258.588,2.864,37.902
1,S-S2#1,S/S2,60.0,98.951,122.014,8.709,25.512
1,S-S2#1,S/S2,60.0,99.083,168.995,4.082,26.27
1,S-S2#1,S/S2,60.0,52.913,62.225,4.07,14.765
1,S-S2#1,S/S2,60.0,82.131,103.583,8.76,20.92
1,S-S2#1,S/S2,60.0,113.02,143.131,13.472,26.981
1,S-S2#1,S/S2,60.0,104.888,147.541,10.891,29.733
1,S-S2#1,S/S2,60.0,87.598,160.502,2.728,25.446
1,S-S2#1,S/S2,60.0,81.366,603.258,2.936,20.025
1,S-S2#1,S/S2,60.0,53.197,51.835,2.706,12.687
1,S-S2#1,S/S2,60.0,55.743,35.234,5.69,13.991
1,S-S2#1,S/S2,60.0,87.88,559.783,4.352,23.613
1,S-S2#1,S/S2,60.0,139.1,338.538,35.0,39.592
1,S-S2#1,S/S2,60.0,123.09,283.027,42.45,40.297
1,S-S2#1,S/S2,60.0,82.228,306.385,40.069,33.469
1,S-S2#1,S/S2,60.0,50.113,75.313,39.385,23.796
1,S-S2#1,S/S2,60.0,50.529,39.399,35.032,33.599
1,S-S2#1,S/S2,60.0,192.581,82.488,157.291,164.152
1,S-S2#1,S/S2,60.0,133.697,54.507,97.838,95.601
1,S-S2#1,S/S2,60.0,119.399,210.709,4.533,41.722
1,S-S2#1,S/S2,60.0,148.152,266.863,17.853,36.662
1,S-S2#1,S/S2,60.0,185.062,507.292,52.31,34.037
1,S-S2#1,S/S2,60.0,1182.268,691.156,1393.312,160.363
1,S-S2#1,S/S2,60.0,1432.376,833.954,1679.839,157.987
1,S-S2#1,S/S2,60.0,272.597,689.988,41.061,26.287
1,S-S2#1,S/S2,60.0,249.913,864.63,47.523,24.654
1,S-S2#1,S/S2,60.0,239.496,659.836,2.375,23.205
1,S-S2#1,S/S2,60.0,278.81,615.329,28.187,25.493
1,S-S2#1,S/S2,60.0,313.921,381.214,41.852,27.3
1,S-S2#1,S/S2,60.0,458.784,2025.891,39.278,36.917
1,S-S2#1,S/S2,60.0,605.0,1573.966,48.412,45.564
1,S-S2#1,S/S2,60.0,604.697,835.625,72.83,42.69
1,S-S2#1,S/S2,60.0,528.867,460.772,55.672,37.678
1,S-S2#1,S/S2,60.0,436.142,569.329,51.354,33.22
1,S-S2#1,S/S2,60.0,307.409,700.091,38.388,26.272
1,S-S2#1,S/S2,60.0,173.076,691.684,27.298,17.829
1,S-S2#1,S/S2,60.0,115.553,724.745,10.956,14.35
1,S-S2#1,S/S2,60.0,116.403,751.889,12.035,17.661
1,S-S2#1,S/S2,60.0,184.832,640.601,18.947,32.025
1,S-S2#1,S/S2,60.0,197.089,743.692,18.277,41.526
1,S-S2#1,S/S2,60.0,280.539,373.735,14.412,67.328
1,S-S2#1,S/S2,60.0,291.546,293.267,19.783,72.62
1,S-S2#1,S/S2,60.0,216.466,332.962,14.52,64.251
1,S-S2#1,S/S2,60.0,153.368,117.463,5.171,50.234
1,S-S2#1,S/S2,60.0,112.537,47.687,3.358,42.555
1,S-S2#1,S/S2,60.0,167.983,55.867,7.107,58.237
1,S-S2#1,S/S2,60.0,229.474,105.987,13.1,72.984
1,S-S2#1,S/S2,60.0,284.898,244.219,20.412,82.536
1,S-S2#1,S/S2,60.0,222.566,167.718,13.02,55.873
1,S-S2#1,S/S2,60.0,159.382,121.233,3.583,42.017
1,S-S2#1,S/S2,60.0,86.331,109.994,2.296,25.87
1,S-S2#1,S/S2,60.0,47.632,262.465,5.423,14.68
1,S-S2#1,S/S2,60.0,37.276,175.959,2.211,12.296
1,S-S2#1,S/S2,60.0,21.0,211.023,5.391,7.81
1,S-S2#1,S/S2,60.0,25.728,224.058,6.843,10.028
1,S-S2#1,S/S2,60.0,59.839,108.671,6.792,22.408
1,S-S2#1,S/S2,60.0,70.667,73.397,9.974,25.823
1,S-S2#1,S/S2,60.0,42.437,168.206,6.329,17.492
1,S-S2#1,S/S2,60.0,7.193,78.534,3.858,2.958
1,S-S2#1,S/S2,60.0,29.095,119.036,9.682,11.876
1,S-S2#1,S/S2,60.0,77.293,329.995,19.456,28.671
1,S-S2#1,S/S2,60.0,139.725,259.837,49.314,41.046
1,S-S2#1,S/S2,60.0,508.685,253.107,485.817,141.089
1,S-S2#1,S/S2,60.0,97.862,583.013,23.549,23.624
1,S-S2#1,S/S2,60.0,139.945,330.714,17.444,31.416
1,S-S2#1,S/S2,60.0,93.048,603.495,6.67,19.283
1,S-S2#1,S/S2,60.0,48.72,181.859,10.96,10.366
1,S-S2#1,S/S2,60.0,40.133,194.457,10.247,9.893
1,S-S2#1,S/S2,60.0,51.912,273.189,12.84,11.49
1,S-S2#1,S/S2,60.0,66.053,298.973,8.625,15.331
1,S-S2#1,S/S2,60.0,65.711,286.144,5.419,16.149
1,S-S2#1,S/S2,60.0,30.896,155.878,6.594,7.682
1,S-S2#1,S/S2,60.0,43.79,159.456,8.412,10.707
1,S-S2#1,S/S2,60.0,70.116,190.318,9.41,15.607
1,S-S2#1,S/S2,60.0,92.698,165.439,16.697,18.583
1,S-S2#1,S/S2,60.0,121.776,771.626,29.048,21.517
1,S-S2#1,S/S2,60.0,119.27,327.752,13.017,19.61
1,S-S2#1,S/S2,60.0,115.39,742.479,11.713,18.786
1,S-S2#1,S/S2,60.0,95.171,477.941,12.156,15.576
1,S-S2#1,S/S2,60.0,76.13,708.78,5.514,12.81
1,S-S2#1,S/S2,60.0,88.259,767.684,13.592,16.679
1,S-S2#1,S/S2,60.0,116.004,915.906,5.923,25.078
1,S-S2#1,S/S2,60.0,97.976,560.97,9.371,23.306
1,S-S2#1,S/S2,60.0,73.143,123.104,5.713,19.101
1,S-S2#1,S/S2,60.0,47.853,117.758,2.617,13.442
1,S-S2#1,S/S2,60.0,25.126,318.799,3.803,6.745
1,S-S2#1,S/S2,60.0,40.021,271.226,4.962,10.192
1,S-S2#1,S/S2,60.0,33.512,202.877,6.336,8.099
1,S-S2#1,S/S2,60.0,36.652,343.369,12.109,8.896
1,S-S2#1,S/S2,60.0,52.986,266.229,20.19,11.068
1,S-S2#1,S/S2,60.0,93.472,730.786,11.465,18.241
1,S-S2#1,S/S2,60.0,75.927,513.357,11.752,14.944
1,S-S2#1,S/S2,60.0,92.188,825.795,7.782,17.949
1,S-S2#1,S/S2,60.0,92.61,586.872,2.637,17.691
1,S-S2#1,S/S2,60.0,146.609,536.267,5.07,26.567
1,S-S2#1,S/S2,60.0,190.67,782.342,4.93,36.314
1,S-S2#1,S/S2,60.0,205.614,642.129,12.4,40.305
1,S-S2#1,S/S2,60.0,236.597,468.456,3.78,49.701
1,S-S2#1,S/S2,60.0,205.095,74.936,5.687,44.737
1,S-S2#1,S/S2,60.0,142.712,263.291,10.645,31.061
1,S-S2#1,S/S2,60.0,66.865,358.333,15.932,14.233
1,S-S2#1,S/S2,60.0,62.084,341.555,17.46,13.151
1,S-S2#1,S/S2,60.0,91.767,402.381,18.193,18.582
1,S-S2#1,S/S2,60.0,117.942,160.382,13.459,23.495
1,S-S2#1,S/S2,60.0,130.285,745.922,11.255,25.431
1,S-S2#1,S/S2,60.0,118.046,389.837,5.194,26.061
1,S-S2#1,S/S2,60.0,95.059,320.096,7.649,26.938
1,S-S2#1,S/S2,60.0,75.472,245.931,1.824,28.599
1,S-S2#1,S/S2,60.0,95.822,497.368,3.455,36.953
1,S-S2#1,S/S2,60.0,113.783,532.714,2.438,34.05
1,S-S2#1,S/S2,60.0,75.094,589.253,4.187,18.716
1,S-S2#1,S/S2,60.0,82.503,527.397,30.502,15.592
1,S-S2#1,S/S2,60.0,102.188,678.312,43.969,15.021
1,S-S2#1,S/S2,60.0,138.192,982.517,52.494,16.637
1,S-S2#1,S/S2,60.0,108.277,267.155,28.778,12.169
1,S-S2#1,S/S2,60.0,127.285,369.627,31.552,14.066
1,S-S2#1,S/S2,60.0,152.21,301.041,20.673,16.942
1,S-S2#1,S/S2,60.0,155.481,244.107,11.888,17.46
1,S-S2#1,S/S2,60.0,100.349,468.555,7.077,11.218
1,S-S2#1,S/S2,60.0,114.866,745.694,21.549,12.762
1,S-S2#1,S/S2,60.0,182.637,156.203,0.445,20.125
1,S-S2#1,S/S2,60.0,130.004,160.631,10.546,14.388
1,S-S2#1,S/S2,60.0,103.677,181.066,18.789,11.845
1,S-S2#1,S/S2,60.0,64.543,201.812,19.896,7.671
1,S-S2#1,S/S2,60.0,219.151,737.673,7.304,26.719
1,S-S2#1,S/S2,60.0,86.4,232.162,10.628,11.176
1,S-S2#1,S/S2,60.0,40.658,551.65,7.917,5.656
1,S-S2#1,S/S2,60.0,69.918,373.341,2.624,10.38
1,S-S2#1,S/S2,60.0,35.204,798.089,2.06,5.214
1,S-S2#1,S/S2,60.0,26.015,636.251,6.712,3.861
1,S-S2#1,S/S2,60.0,41.431,557.328,12.032,6.949
1,S-S2#1,S/S2,60.0,20.163,359.402,8.579,3.794
1,S-S2#1,S/S2,60.0,68.959,211.451,11.869,12.455
1,S-S2#1,S/S2,60.0,71.92,850.729,24.81,12.049
1,S-S2#1,S/S2,60.0,63.122,949.237,27.3,11.284
1,S-S2#1,S/S2,60.0,3.466,538.365,21.488,0.623
1,S-S2#1,S/S2,60.0,29.359,419.574,15.466,4.95
1,S-S2#1,S/S2,60.0,55.548,718.355,7.89,8.707
1,S-S2#1,S/S2,60.0,51.771,1049.966,2.767,8.329
1,S-S2#1,S/S2,60.0,130.743,1022.108,9.024,22.223
1,S-S2#1,S/S2,60.0,189.611,604.875,22.805,30.859
1,S-S2#1,S/S2,60.0,223.982,750.114,34.746,36.569
1,S-S2#1,S/S2,60.0,202.228,642.29,35.068,34.436
1,S-S2#1,S/S2,60.0,145.165,300.427,23.615,25.25
1,S-S2#1,S/S2,60.0,89.394,79.852,24.382,16.63
1,S-S2#1,S/S2,60.0,68.258,447.73,15.09,13.915
1,S-S2#1,S/S2,60.0,54.246,439.079,8.262,12.688
1,S-S2#1,S/S2,60.0,24.851,326.136,7.815,7.444
1,S-S2#1,S/S2,60.0,30.81,225.8,7.459,9.591
1,S-S2#1,S/S2,60.0,30.102,126.023,13.354,10.072
1,S-S2#1,S/S2,60.0,40.208,133.585,14.572,17.257
1,S-S2#1,S/S2,60.0,53.24,306.086,17.149,31.204
1,S-S2#1,S/S2,60.0,149.183,101.11,124.265,112.232
1,S-S2#1,S/S2,60.0,38.773,294.487,2.886,33.272
1,S-S2#1,S/S2,60.0,49.231,321.107,2.321,79.881
1,S-S2#1,S/S2,60.0,27.658,131.775,2.378,457.517
1,S-S2#1,S/S2,60.0,32.06,1.517,1.64,2399.502
1,S-S2#1,S/S2,60.0,36.681,1.308,1.244,3608.277
1,S-S2#1,S/S2,60.0,28.848,16.705,0.083,163.538
1,S-S2#1,S/S2,60.0,35.219,60.015,1.397,52.613
1,S-S2#1,S/S2,60.0,53.688,122.219,1.229,35.88
1,S-S2#1,S/S2,60.0,68.887,211.59,0.96,28.26
1,S-S2#1,S/S2,60.0,94.684,281.524,1.822,29.696
1,S-S2#1,S/S2,60.0,80.311,284.869,4.907,23.192
1,S-S2#1,S/S2,60.0,43.217,132.925,12.633,10.203
1,S-S2#1,S/S2,60.0,9.772,396.699,11.091,2.085
1,S-S2#1,S/S2,60.0,12.679,510.78,10.439,2.882
1,S-S2#1,S/S2,60.0,35.545,529.997,9.114,8.301
1,S-S2#1,S/S2,60.0,64.079,315.682,4.203,13.838
1,S-S2#1,S/S2,60.0,89.326,653.398,18.932,16.24
1,S-S2#1,S/S2,60.0,136.871,772.789,19.872,23.736
1,S-S2#1,S/S2,60.0,122.821,902.178,21.865,22.921
1,S-S2#1,S/S2,60.0,152.691,708.008,11.775,29.275
1,S-S2#1,S/S2,60.0,16.173,629.666,24.489,2.812
1,S-S2#1,S/S2,60.0,93.229,770.943,30.823,14.224
1,S-S2#1,S/S2,60.0,119.422,1039.351,48.801,16.958
1,S-S2#1,S/S2,60.0,136.473,820.331,26.542,20.492
1,S-S2#1,S/S2,60.0,217.898,515.776,17.85,31.062
1,S-S2#1,S/S2,60.0,210.51,379.5,13.821,28.995
1,S-S2#1,S/S2,60.0,141.688,534.395,17.458,21.623
1,S-S2#1,S/S2,60.0,69.682,738.354,23.167,13.357
1,S-S2#1,S/S2,60.0,76.183,283.574,7.84,18.855
1,S-S2#1,S/S2,60.0,64.58,162.574,4.406,17.171
1,S-S2#1,S/S2,60.0,36.134,40.358,10.632,10.085
1,S-S2#1,S/S2,60.0,34.203,136.451,13.372,9.882
1,S-S2#1,S/S2,60.0,65.695,22.523,15.094,20.074
1,S-S2#1,S/S2,60.0,60.09,254.456,13.162,17.818
1,S-S2#1,S/S2,60.0,50.695,30.419,22.81,11.598
1,S-S2#1,S/S2,60.0,145.637,237.473,32.954,26.153
1,S-S2#1,S/S2,60.0,231.716,381.515,28.89,34.786
1,S-S2#1,S/S2,60.0,274.385,994.129,31.168,34.665
1,S-S2#1,S/S2,60.0,344.357,907.524,33.961,37.195
1,S-S2#1,S/S2,60.0,380.69,696.938,17.386,37.139
1,S-S2#1,S/S2,60.0,307.242,761.462,14.204,32.715
1,S-S2#1,S/S2,60.0,240.969,722.167,11.045,30.843
1,S-S2#1,S/S2,60.0,177.71,297.314,10.534,26.657
1,S-S2#1,S/S2,60.0,111.431,452.624,8.33,20.113
1,S-S2#1,S/S2,60.0,49.994,732.015,13.839,11.335
1,S-S2#1,S/S2,60.0,96.161,505.886,9.755,29.395
1,S-S2#1,S/S2,60.0,105.398,216.475,6.307,34.568
1,S-S2#1,S/S2,60.0,90.505,372.422,26.03,30.3
1,S-S2#1,S/S2,60.0,42.108,85.153,33.783,15.133
1,S-S2#1,S/S2,60.0,76.033,61.789,22.791,29.648
1,S-S2#1,S/S2,60.0,153.181,175.793,23.364,62.948
1,S-S2#1,S/S2,60.0,180.214,367.94,26.333,77.699
1,S-S2#1,S/S2,60.0,292.818,127.688,321.83,120.423
1,S-S2#1,S/S2,60.0,114.579,242.93,25.555,40.204
1,S-S2#1,S/S2,60.0,150.435,199.163,11.175,49.103
1,S-S2#1,S/S2,60.0,125.653,108.576,15.197,40.821
1,S-S2#1,S/S2,60.0,103.567,403.745,7.176,39.881
1,S-S2#1,S/S2,60.0,70.655,269.139,39.004,31.041
1,S-S2#1,S/S2,60.0,101.118,53.001,13.988,40.985
1,S-S2#1,S/S2,60.0,118.665,193.518,12.186,45.261
1,S-S2#1,S/S2,60.0,138.56,40.275,13.631,51.94
1,S-S2#1,S/S2,60.0,129.838,247.011,16.708,41.45
1,S-S2#1,S/S2,60.0,664.264,330.224,642.386,158.779
1,S-S2#1,S/S2,60.0,91.411,553.367,51.765,17.484
1,S-S2#1,S/S2,60.0,55.123,873.115,33.405,9.478
1,S-S2#1,S/S2,60.0,98.425,760.709,41.156,15.387
1,S-S2#1,S/S2,60.0,140.107,398.735,20.321,20.504
1,S-S2#1,S/S2,60.0,167.627,551.247,8.638,23.427
1,S-S2#1,S/S2,60.0,175.288,504.391,14.85,23.974
1,S-S2#1,S/S2,60.0,260.858,624.429,23.568,34.727
1,S-S2#1,S/S2,60.0,237.08,900.839,26.405,36.049
1,S-S2#1,S/S2,60.0,123.492,1006.435,20.851,23.271
1,S-S2#1,S/S2,60.0,115.938,802.531,18.544,25.015
1,S-S2#1,S/S2,60.0,70.803,287.864,10.665,16.464
1,S-S2#1,S/S2,60.0,55.65,411.069,3.45,17.814
1,S-S2#1,S/S2,60.0,46.905,585.601,5.453,20.374
1,S-S2#1,S/S2,60.0,62.919,287.231,6.481,21.137
1,S-S2#1,S/S2,60.0,59.613,292.872,4.232,19.716
1,S-S2#1,S/S2,60.0,35.873,309.868,1.942,10.261
1,S-S2#1,S/S2,60.0,12.781,155.962,1.792,3.959
1,S-S2#1,S/S2,60.0,37.655,354.134,9.215,9.103
1,S-S2#1,S/S2,60.0,49.489,517.401,4.232,11.086
1,S-S2#1,S/S2,60.0,88.17,314.991,5.712,19.303
1,S-S2#1,S/S2,60.0,90.872,225.702,14.154,16.913
1,S-S2#1,S/S2,60.0,64.755,617.699,7.324,11.601
1,S-S2#1,S/S2,60.0,78.058,327.742,7.022,13.685
1,S-S2#1,S/S2,60.0,108.311,231.536,8.042,20.042
1,S-S2#1,S/S2,60.0,92.317,770.01,8.219,17.358
1,S-S2#1,S/S2,60.0,46.831,311.017,8.521,9.043
1,S-S2#1,S/S2,60.0,90.3,250.736,10.014,16.97
1,S-S2#1,S/S2,60.0,142.767,411.047,9.68,29.97
1,S-S2#1,S/S2,60.0,94.476,434.517,7.579,19.059
1,S-S2#1,S/S2,60.0,87.777,330.578,8.144,16.716
1,S-S2#1,S/S2,60.0,78.487,322.986,11.531,14.637
1,S-S2#1,S/S2,60.0,71.992,334.996,17.048,13.464
1,S-S2#1,S/S2,60.0,83.871,549.456,27.29,16.092
1,S-S2#1,S/S2,60.0,88.033,565.852,16.541,16.335
1,S-S2#1,S/S2,60.0,102.415,631.202,23.964,19.964
1,S-S2#1,S/S2,60.0,157.052,464.679,24.366,32.861
1,S-S2#1,S/S2,60.0,125.707,271.583,20.779,29.862
1,S-S2#1,S/S2,60.0,142.615,260.735,17.764,35.285
1,S-S2#1,S/S2,60.0,178.251,170.889,16.811,45.793
1,S-S2#1,S/S2,60.0,205.14,166.662,7.273,51.187
1,S-S2#1,S/S2,60.0,194.236,254.028,8.267,48.435
1,S-S2#1,S/S2,60.0,148.388,282.768,65.851,34.079
1,S-S2#1,S/S2,60.0,149.893,414.042,15.89,30.719
1,S-S2#1,S/S2,60.0,102.503,29.386,12.218,21.041
1,S-S2#1,S/S2,60.0,53.304,483.221,10.627,10.837
1,S-S2#1,S/S2,60.0,65.648,629.632,10.265,12.723
1,S-S2#1,S/S2,60.0,88.688,311.052,6.654,17.033
1,S-S2#1,S/S2,60.0,78.739,171.482,6.5,17.851
1,S-S2#1,S/S2,60.0,100.832,750.965,0.918,22.372
1,S-S2#1,S/S2,60.0,62.248,534.65,18.337,13.275
1,S-S2#1,S/S2,60.0,70.023,518.336,1.882,14.808
1,S-S2#1,S/S2,60.0,57.376,338.101,1.6,12.473
1,S-S2#1,S/S2,60.0,11.585,70.727,4.004,2.403
1,S-S2#1,S/S2,60.0,15.559,302.056,1.162,2.963
1,S-S2#1,S/S2,60.0,30.769,504.9,2.46,5.532
1,S-S2#1,S/S2,60.0,101.735,726.265,9.664,17.156
1,S-S2#1,S/S2,60.0,140.771,423.762,17.259,22.128
1,S-S2#1,S/S2,60.0,158.278,921.841,17.7,23.755
1,S-S2#1,S/S2,60.0,198.208,686.263,21.934,28.358
1,S-S2#1,S/S2,60.0,205.305,487.559,29.51,28.058
1,S-S2#1,S/S2,60.0,182.472,508.811,30.139,26.924
1,S-S2#1,S/S2,60.0,103.543,342.069,20.964,15.749
1,S-S2#1,S/S2,60.0,143.099,212.678,18.903,22.297
1,S-S2#1,S/S2,60.0,131.913,1016.711,4.027,20.968
1,S-S2#1,S/S2,60.0,168.511,719.749,6.002,26.944
1,S-S2#1,S/S2,60.0,55.404,609.995,11.506,9.251
1,S-S2#1,S/S2,60.0,111.241,81.947,10.368,17.135
1,S-S2#1,S/S2,60.0,155.831,655.6,19.984,22.424
1,S-S2#1,S/S2,60.0,33.386,573.343,15.716,4.537
1,S-S2#1,S/S2,60.0,197.659,1066.091,16.346,28.283
1,S-S2#1,S/S2,60.0,153.672,845.993,13.416,23.173
1,S-S2#1,S/S2,60.0,80.996,663.236,6.737,12.306
1,S-S2#1,S/S2,60.0,136.784,607.526,6.37,21.909
1,S-S2#1,S/S2,60.0,210.545,1075.268,4.834,37.794
1,S-S2#1,S/S2,60.0,211.666,962.761,7.851,42.928
1,S-S2#1,S/S2,60.0,192.944,330.11,4.076,38.04
1,S-S2#1,S/S2,60.0,188.655,283.795,3.834,36.486
1,S-S2#1,S/S2,60.0,172.937,429.486,8.907,31.704
1,S-S2#1,S/S2,60.0,183.884,329.242,13.679,37.596
1,S-S2#1,S/S2,60.0,148.992,340.24,16.774,34.97
1,S-S2#1,S/S2,60.0,55.428,248.681,12.675,12.981
1,S-S2#1,S/S2,60.0,28.626,68.309,15.677,6.835
1,S-S2#1,S/S2,60.0,55.193,162.851,17.096,13.138
1,S-S2#1,S/S2,60.0,86.621,133.308,18.963,20.886
1,S-S2#1,S/S2,60.0,810.185,289.01,737.301,201.892
1,S-S2#1,S/S2,60.0,175.055,290.247,4.412,43.597
1,S-S2#1,S/S2,60.0,180.327,716.704,6.635,46.868
1,S-S2#1,S/S2,60.0,154.725,213.191,8.38,40.635
1,S-S2#1,S/S2,60.0,161.035,764.459,17.868,45.895
1,S-S2#1,S/S2,60.0,130.307,250.863,45.084,36.851
1,S-S2#1,S/S2,60.0,95.502,270.57,14.954,25.312
1,S-S2#1,S/S2,60.0,74.943,148.118,6.977,17.357
1,S-S2#1,S/S2,60.0,133.239,242.805,5.555,25.848
1,S-S2#1,S/S2,60.0,216.639,617.929,5.239,36.187
1,S-S2#1,S/S2,60.0,273.079,784.978,3.254,38.248
1,S-S2#1,S/S2,60.0,310.38,1105.856,4.139,38.381
1,S-S2#1,S/S2,60.0,329.336,1077.589,36.485,35.094
1,S-S2#1,S/S2,60.0,353.773,412.094,10.036,34.888
1,S-S2#1,S/S2,60.0,377.866,930.212,5.359,39.927
1,S-S2#1,S/S2,60.0,125.257,460.357,5.753,13.487
1,S-S2#1,S/S2,60.0,121.418,709.694,10.881,13.186
1,S-S2#1,S/S2,60.0,172.351,1101.268,15.749,18.153
1,S-S2#1,S/S2,60.0,296.765,1540.705,27.836,29.482
1,S-S2#1,S/S2,60.0,366.592,1670.298,47.357,33.841
1,S-S2#1,S/S2,60.0,440.969,514.165,52.584,35.925
1,S-S2#1,S/S2,60.0,502.586,369.789,74.785,38.335
1,S-S2#1,S/S2,60.0,535.586,274.898,101.161,39.102
1,S-S2#1,S/S2,60.0,518.743,314.705,94.554,38.507
1,S-S2#1,S/S2,60.0,404.196,306.875,70.804,33.161
1,S-S2#1,S/S2,60.0,353.802,328.252,60.969,30.893
1,S-S2#1,S/S2,60.0,331.049,364.71,60.894,29.987
1,S-S2#1,S/S2,60.0,311.695,410.353,52.998,28.773
1,S-S2#1,S/S2,60.0,310.489,381.852,41.668,28.471
1,S-S2#1,S/S2,60.0,381.783,469.41,27.046,33.822
1,S-S2#1,S/S2,60.0,414.218,722.628,14.849,33.581
1,S-S2#1,S/S2,60.0,368.367,193.299,15.655,29.732
1,S-S2#1,S/S2,60.0,322.048,263.627,24.343,27.966
1,S-S2#1,S/S2,60.0,297.298,380.731,23.62,26.811
1,S-S2#1,S/S2,60.0,288.609,385.714,35.453,26.718
1,S-S2#1,S/S2,60.0,338.092,260.933,3.941,31.233
1,S-S2#1,S/S2,60.0,321.589,329.69,5.362,29.389
1,S-S2#1,S/S2,60.0,420.13,600.285,16.955,36.996
1,S-S2#1,S/S2,60.0,362.886,404.123,19.705,30.718
1,S-S2#1,S/S2,60.0,277.563,356.916,18.699,26.671
1,S-S2#1,S/S2,60.0,179.727,497.89,16.018,20.561
1,S-S2#1,S/S2,60.0,121.448,639.168,19.12,15.794
1,S-S2#1,S/S2,60.0,64.781,496.122,17.209,10.3
1,S-S2#1,S/S2,60.0,94.006,401.045,5.759,16.306
1,S-S2#1,S/S2,60.0,112.896,207.412,10.681,17.74
1,S-S2#1,S/S2,60.0,198.664,401.128,21.316,23.711
1,S-S2#1,S/S2,60.0,313.439,498.271,29.78,30.362
1,S-S2#1,S/S2,60.0,405.784,632.979,23.531,35.396
1,S-S2#1,S/S2,60.0,470.201,573.78,3.713,36.132
1,S-S2#1,S/S2,60.0,414.678,228.711,44.187,32.319
1,S-S2#1,S/S2,60.0,307.274,176.293,36.789,26.039
1,S-S2#1,S/S2,60.0,197.679,489.995,26.306,19.593
1,S-S2#1,S/S2,60.0,99.393,872.621,20.473,12.015
1,S-S2#1,S/S2,60.0,91.263,1082.761,21.372,13.374
1,S-S2#1,S/S2,60.0,164.424,1193.605,20.304,30.781
1,S-S2#1,S/S2,120.0,73.093,1178.716,13.264,19.16
1,S-S2#1,S/S2,120.0,79.6,1436.869,7.923,32.133
1,S-S2#1,S/S2,120.0,28.721,485.072,2.665,21.052
1,S-S2#1,S/S2,120.0,31.129,29.392,1.603,27.501
1,S-S2#1,S/S2,120.0,53.569,648.836,3.203,59.019
1,S-S2#1,S/S2,120.0,7.588,422.295,3.367,19.702
1,S-S2#1,S/S2,120.0,1.747,49.998,2.792,21.63
1,S-S2#1,S/S2,120.0,1.597,2.292,2.577,22.329
1,S-S2#1,S/S2,120.0,1.253,3.047,3.114,17.715
1,S-S2#1,S/S2,120.0,3.969,7.183,2.697,22.463
1,S-S2#1,S/S2,120.0,9.168,99.968,10.807,8.416
1,S-S2#1,S/S2,120.0,23.476,228.37,25.752,9.882
1,S-S2#1,S/S2,120.0,48.854,359.425,44.497,13.247
1,S-S2#1,S/S2,120.0,97.097,486.429,67.445,19.324
1,S-S2#1,S/S2,120.0,131.033,593.953,82.484,21.558
1,S-S2#1,S/S2,120.0,143.593,615.652,86.023,21.685
1,S-S2#1,S/S2,120.0,159.019,694.772,104.121,21.438
1,S-S2#1,S/S2,120.0,179.823,759.055,117.524,22.236
1,S-S2#1,S/S2,120.0,174.429,756.051,117.031,20.853
1,S-S2#1,S/S2,120.0,160.975,726.507,114.203,17.443
1,S-S2#1,S/S2,120.0,166.737,751.009,117.324,16.429
1,S-S2#1,S/S2,120.0,104.115,430.049,39.419,9.732
1,S-S2#1,S/S2,120.0,109.151,604.909,22.374,10.37
1,S-S2#1,S/S2,120.0,124.099,655.505,24.675,12.304
1,S-S2#1,S/S2,120.0,209.146,891.484,10.361,21.506
1,S-S2#1,S/S2,120.0,366.787,1000.908,13.07,39.827
1,S-S2#1,S/S2,120.0,321.279,305.346,16.851,38.964
1,S-S2#1,S/S2,120.0,303.63,483.667,13.068,36.848
1,S-S2#1,S/S2,120.0,244.935,618.412,12.536,30.95
1,S-S2#1,S/S2,120.0,250.262,490.113,15.985,30.839
1,S-S2#1,S/S2,120.0,249.011,1199.542,44.767,27.745
1,S-S2#1,S/S2,120.0,238.61,1472.642,57.825,26.851
1,S-S2#1,S/S2,120.0,240.536,1461.964,43.014,27.869
1,S-S2#1,S/S2,120.0,221.06,160.853,25.619,26.117
1,S-S2#1,S/S2,120.0,148.709,84.733,15.025,18.193
1,S-S2#1,S/S2,120.0,125.384,161.578,8.056,15.879
1,S-S2#1,S/S2,120.0,165.485,77.57,13.027,21.557
1,S-S2#1,S/S2,120.0,247.673,33.59,24.787,32.469
1,S-S2#1,S/S2,120.0,267.03,21.953,31.529,33.696
1,S-S2#1,S/S2,120.0,267.54,221.15,34.16,33.551
1,S-S2#1,S/S2,120.0,264.088,133.562,56.222,32.428
1,S-S2#1,S/S2,120.0,311.959,565.15,70.402,38.967
1,S-S2#1,S/S2,120.0,349.803,413.865,67.266,46.511
1,S-S2#1,S/S2,120.0,384.65,1124.158,160.035,56.135
1,S-S2#1,S/S2,120.0,367.363,1114.934,123.018,56.376
1,S-S2#1,S/S2,120.0,331.401,110.171,97.206,51.737
1,S-S2#1,S/S2,120.0,328.162,214.609,28.181,50.427
1,S-S2#1,S/S2,120.0,190.484,341.998,67.114,29.833
1,S-S2#1,S/S2,120.0,124.94,550.655,20.381,19.26
1,S-S2#1,S/S2,120.0,60.773,460.986,32.539,9.187
1,S-S2#1,S/S2,120.0,30.726,187.187,47.963,4.623
1,S-S2#1,S/S2,120.0,4.391,146.163,60.119,0.689
1,S-S2#1,S/S2,120.0,19.315,573.704,65.5,3.121
1,S-S2#1,S/S2,120.0,57.456,710.512,93.218,9.369
1,S-S2#1,S/S2,120.0,68.264,455.703,59.667,12.163
1,S-S2#1,S/S2,120.0,704.987,240.912,625.987,127.423
1,S-S2#1,S/S2,120.0,78.595,745.141,71.036,14.747
1,S-S2#1,S/S2,120.0,94.456,784.924,77.175,16.437
1,S-S2#1,S/S2,120.0,120.412,544.847,82.271,20.345
1,S-S2#1,S/S2,120.0,127.798,653.313,99.041,21.156
1,S-S2#1,S/S2,120.0,146.831,712.301,104.723,24.646
1,S-S2#1,S/S2,120.0,171.696,516.953,128.2,28.874
1,S-S2#1,S/S2,120.0,192.444,762.583,135.603,29.145
1,S-S2#1,S/S2,120.0,225.079,1147.847,119.208,32.103
1,S-S2#1,S/S2,120.0,287.836,332.603,119.94,38.689
1,S-S2#1,S/S2,120.0,315.299,1128.639,100.921,39.637
1,S-S2#1,S/S2,120.0,446.46,738.95,51.034,48.602
1,S-S2#1,S/S2,120.0,544.457,837.052,63.364,51.638
1,S-S2#1,S/S2,120.0,512.537,913.134,127.108,42.91
1,S-S2#1,S/S2,120.0,455.097,969.831,247.751,36.217
1,S-S2#1,S/S2,120.0,607.509,1061.016,154.628,45.966
1,S-S2#1,S/S2,120.0,661.48,1398.268,157.453,49.326
1,S-S2#1,S/S2,120.0,535.928,1260.369,217.314,39.497
1,S-S2#1,S/S2,120.0,621.043,1768.268,199.899,46.079
1,S-S2#1,S/S2,120.0,599.768,1662.996,282.157,45.529
1,S-S2#1,S/S2,120.0,638.312,1924.372,199.311,49.607
1,S-S2#1,S/S2,120.0,197.492,225.845,162.415,15.247
1,S-S2#1,S/S2,120.0,182.286,454.99,137.424,14.811
1,S-S2#1,S/S2,120.0,169.589,630.441,109.897,15.471
1,S-S2#1,S/S2,120.0,171.086,1085.207,105.468,16.933
1,S-S2#1,S/S2,120.0,240.098,1366.732,159.686,24.495
1,S-S2#1,S/S2,120.0,324.412,1715.711,212.112,33.232
1,S-S2#1,S/S2,120.0,318.009,1525.694,243.88,33.025
1,S-S2#1,S/S2,120.0,169.374,394.244,240.838,17.78
1,S-S2#1,S/S2,120.0,96.667,1123.212,250.265,10.256
1,S-S2#1,S/S2,120.0,121.856,1545.047,210.345,13.252
1,S-S2#1,S/S2,120.0,113.211,864.874,200.393,12.414
1,S-S2#1,S/S2,120.0,186.053,153.228,201.066,19.63
1,S-S2#1,S/S2,120.0,269.579,109.812,193.141,29.927
1,S-S2#1,S/S2,120.0,225.159,784.954,151.633,25.182
1,S-S2#1,S/S2,120.0,275.008,770.509,218.494,30.349
1,S-S2#1,S/S2,120.0,254.74,702.817,89.816,29.57
1,S-S2#1,S/S2,120.0,304.564,649.712,57.25,40.532
1,S-S2#1,S/S2,120.0,290.04,517.84,45.421,45.024
1,S-S2#1,S/S2,120.0,266.665,223.924,42.693,48.417
1,S-S2#1,S/S2,120.0,265.303,790.086,50.766,49.971
1,S-S2#1,S/S2,120.0,310.889,998.592,58.387,60.048
1,S-S2#1,S/S2,120.0,318.948,152.274,60.891,60.141
1,S-S2#1,S/S2,120.0,360.052,621.364,65.844,73.736
1,S-S2#1,S/S2,120.0,335.706,453.128,51.507,81.999
1,S-S2#1,S/S2,120.0,331.099,129.396,34.086,86.669
1,S-S2#1,S/S2,120.0,342.1,567.894,36.247,101.943
1,S-S2#1,S/S2,120.0,331.241,217.977,20.055,101.606
1,S-S2#1,S/S2,120.0,785.26,291.578,458.121,246.847
1,S-S2#1,S/S2,120.0,335.235,560.096,16.589,110.261
1,S-S2#1,S/S2,120.0,322.0,544.372,9.645,117.713
1,S-S2#1,S/S2,120.0,303.21,458.299,16.216,124.634
1,S-S2#1,S/S2,120.0,284.156,604.245,2.976,145.456
1,S-S2#1,S/S2,120.0,242.862,672.715,15.146,181.505
1,S-S2#1,S/S2,120.0,198.674,547.62,21.972,219.865
1,S-S2#1,S/S2,120.0,159.835,40.855,22.143,145.877
1,S-S2#1,S/S2,120.0,192.172,92.981,64.915,105.416
1,S-S2#1,S/S2,120.0,203.612,151.562,22.915,83.798
1,S-S2#1,S/S2,120.0,290.811,195.35,82.035,102.088
1,S-S2#1,S/S2,120.0,188.131,205.921,100.028,54.474
1,S-S2#1,S/S2,120.0,162.27,139.049,62.799,38.903
1,S-S2#1,S/S2,120.0,137.171,79.885,27.385,28.5
1,S-S2#1,S/S2,120.0,97.98,47.681,13.428,17.993
1,S-S2#1,S/S2,120.0,120.309,18.964,33.311,19.696
1,S-S2#1,S/S2,120.0,136.218,54.605,48.3,20.423
1,S-S2#1,S/S2,120.0,316.354,115.987,218.527,42.516
1,S-S2#1,S/S2,120.0,167.19,284.411,7.358,22.083
1,S-S2#1,S/S2,120.0,175.833,76.321,19.109,22.85
1,S-S2#1,S/S2,120.0,155.537,225.872,26.898,20.71
1,S-S2#1,S/S2,120.0,157.519,210.65,28.16,22.984
1,S-S2#1,S/S2,120.0,150.137,98.349,27.508,22.993
1,S-S2#1,S/S2,120.0,134.63,392.389,27.83,20.543
1,S-S2#1,S/S2,120.0,110.646,459.42,31.515,16.725
1,S-S2#1,S/S2,120.0,92.758,327.929,41.252,14.098
1,S-S2#1,S/S2,120.0,105.471,421.158,50.617,16.196
1,S-S2#1,S/S2,120.0,147.89,168.168,50.269,24.342
1,S-S2#1,S/S2,120.0,131.588,529.416,43.611,23.04
1,S-S2#1,S/S2,120.0,171.717,556.416,29.187,28.839
1,S-S2#1,S/S2,120.0,184.301,592.781,34.186,28.538
1,S-S2#1,S/S2,120.0,161.62,217.401,26.903,23.655
1,S-S2#1,S/S2,120.0,95.419,183.396,35.956,14.267
1,S-S2#1,S/S2,120.0,112.034,80.074,54.881,15.361
1,S-S2#1,S/S2,120.0,170.731,161.965,83.428,20.841
1,S-S2#1,S/S2,120.0,212.56,507.053,106.807,24.946
1,S-S2#1,S/S2,120.0,290.421,321.436,128.172,33.442
1,S-S2#1,S/S2,120.0,251.874,552.724,155.91,28.62
1,S-S2#1,S/S2,120.0,240.976,1157.649,106.353,27.83
1,S-S2#1,S/S2,120.0,219.491,651.742,64.372,24.709
1,S-S2#1,S/S2,120.0,213.999,487.016,89.364,23.476
1,S-S2#1,S/S2,120.0,226.381,785.112,106.456,26.299
1,S-S2#1,S/S2,120.0,193.624,1126.841,104.09,24.845
1,S-S2#1,S/S2,120.0,205.669,1258.132,104.951,29.207
1,S-S2#1,S/S2,120.0,187.135,727.021,109.115,25.095
1,S-S2#1,S/S2,120.0,204.083,428.142,153.762,27.519
1,S-S2#1,S/S2,120.0,201.601,428.379,172.401,27.93
1,S-S2#1,S/S2,120.0,158.242,944.228,142.204,23.667
1,S-S2#1,S/S2,120.0,134.675,930.397,125.982,20.185
1,S-S2#1,S/S2,120.0,126.739,357.53,136.111,18.295
1,S-S2#1,S/S2,120.0,141.385,886.343,119.312,20.945
1,S-S2#1,S/S2,120.0,164.914,548.059,152.736,23.2
1,S-S2#1,S/S2,120.0,195.283,320.201,134.775,25.801
1,S-S2#1,S/S2,120.0,159.699,506.009,156.156,20.911
1,S-S2#1,S/S2,120.0,1354.527,569.451,1200.529,159.873
1,S-S2#1,S/S2,120.0,179.739,566.09,116.705,19.79
1,S-S2#1,S/S2,120.0,173.995,618.46,97.163,20.743
1,S-S2#1,S/S2,120.0,156.346,476.691,87.831,19.049
1,S-S2#1,S/S2,120.0,146.212,392.487,76.733,19.001
1,S-S2#1,S/S2,120.0,177.127,1044.617,76.054,22.981
1,S-S2#1,S/S2,120.0,152.823,1309.244,75.506,21.123
1,S-S2#1,S/S2,120.0,174.218,945.75,77.135,25.86
1,S-S2#1,S/S2,120.0,166.78,384.766,68.575,24.087
1,S-S2#1,S/S2,120.0,174.397,399.494,48.752,27.015
1,S-S2#1,S/S2,120.0,153.811,407.554,39.98,25.793
1,S-S2#1,S/S2,120.0,144.246,317.319,30.756,25.584
1,S-S2#1,S/S2,120.0,118.53,341.87,20.29,24.515
1,S-S2#1,S/S2,120.0,74.956,202.138,21.565,18.418
1,S-S2#1,S/S2,120.0,64.168,166.704,18.855,15.458
1,S-S2#1,S/S2,120.0,42.569,243.987,18.231,11.622
1,S-S2#1,S/S2,120.0,21.847,213.814,9.002,5.808
1,S-S2#1,S/S2,120.0,33.371,88.924,5.14,9.164
1,S-S2#1,S/S2,120.0,70.182,117.44,14.915,19.344
1,S-S2#1,S/S2,120.0,113.906,90.632,27.347,30.345
1,S-S2#1,S/S2,120.0,124.545,23.135,29.194,33.518
1,S-S2#1,S/S2,120.0,126.55,295.159,22.887,33.551
1,S-S2#1,S/S2,120.0,144.166,318.456,44.315,36.453
1,S-S2#1,S/S2,120.0,175.523,394.118,61.524,40.847
1,S-S2#1,S/S2,120.0,822.646,386.038,674.481,171.71
1,S-S2#1,S/S2,120.0,256.651,315.347,12.49,47.908
1,S-S2#1,S/S2,120.0,238.848,325.828,26.822,40.254
1,S-S2#1,S/S2,120.0,273.438,484.882,23.928,42.249
1,S-S2#1,S/S2,120.0,284.279,193.573,37.351,41.526
1,S-S2#1,S/S2,120.0,239.2,367.386,113.474,34.022
1,S-S2#1,S/S2,120.0,247.719,471.641,11.898,34.838
1,S-S2#1,S/S2,120.0,182.766,229.582,16.244,25.107
1,S-S2#1,S/S2,120.0,119.711,144.9,9.437,16.654
1,S-S2#1,S/S2,120.0,109.297,401.227,10.259,14.644
1,S-S2#1,S/S2,120.0,111.616,617.398,3.636,14.518
1,S-S2#1,S/S2,120.0,96.983,743.677,3.857,12.365
1,S-S2#1,S/S2,120.0,86.643,762.901,4.424,10.739
1,S-S2#1,S/S2,120.0,70.54,318.729,6.263,9.29
1,S-S2#1,S/S2,120.0,64.654,416.891,6.046,8.445
1,S-S2#1,S/S2,120.0,94.185,601.984,8.002,12.152
1,S-S2#1,S/S2,120.0,81.353,708.975,8.01,11.344
1,S-S2#1,S/S2,120.0,79.431,180.299,7.605,11.935
1,S-S2#1,S/S2,120.0,101.944,792.211,8.672,15.092
1,S-S2#1,S/S2,120.0,66.348,596.483,7.346,9.643
1,S-S2#1,S/S2,120.0,46.26,250.132,11.823,5.951
1,S-S2#1,S/S2,120.0,54.994,640.874,6.077,6.508
1,S-S2#1,S/S2,120.0,122.4,179.975,21.641,13.548
1,S-S2#1,S/S2,120.0,215.52,379.452,25.599,22.265
1,S-S2#1,S/S2,120.0,299.269,566.379,26.88,29.045
1,S-S2#1,S/S2,120.0,367.159,695.595,21.886,31.547
1,S-S2#1,S/S2,120.0,312.364,882.99,33.906,26.328
1,S-S2#1,S/S2,120.0,261.311,938.667,19.535,22.06
1,S-S2#1,S/S2,120.0,177.666,948.667,22.291,14.391
1,S-S2#1,S/S2,120.0,183.71,886.731,31.017,14.051
1,S-S2#1,S/S2,120.0,183.312,1804.69,6.954,13.56
1,S-S2#1,S/S2,120.0,240.676,836.952,10.979,17.334
1,S-S2#1,S/S2,120.0,387.66,635.042,27.137,27.745
1,S-S2#1,S/S2,120.0,335.631,468.533,32.933,24.029
1,S-S2#1,S/S2,120.0,452.897,543.934,58.244,32.15
1,S-S2#1,S/S2,120.0,494.012,393.806,31.996,34.956
1,S-S2#1,S/S2,120.0,581.111,295.981,19.689,41.037
1,S-S2#1,S/S2,120.0,659.305,135.435,16.776,46.595
1,S-S2#1,S/S2,120.0,552.509,1020.603,12.195,38.23
1,S-S2#1,S/S2,120.0,562.58,2067.245,11.883,36.993
1,S-S2#1,S/S2,120.0,346.394,783.491,18.573,21.778
1,S-S2#1,S/S2,120.0,144.894,999.592,43.064,8.808
1,S-S2#1,S/S2,120.0,65.198,247.054,91.793,3.928
1,S-S2#1,S/S2,120.0,60.629,126.796,123.638,3.772
1,S-S2#1,S/S2,120.0,17.235,22.184,136.441,1.147
1,S-S2#1,S/S2,120.0,135.244,424.775,119.974,9.149
1,S-S2#1,S/S2,120.0,61.242,638.233,133.27,4.206
1,S-S2#1,S/S2,120.0,23.843,1056.047,174.623,1.638
1,S-S2#1,S/S2,120.0,35.33,1238.312,217.54,2.419
1,S-S2#1,S/S2,120.0,91.018,1439.594,266.426,6.271
1,S-S2#1,S/S2,120.0,95.235,1576.909,257.336,6.824
1,S-S2#1,S/S2,120.0,96.63,1677.566,286.656,7.409
1,S-S2#1,S/S2,120.0,163.197,1758.193,259.741,13.489
1,S-S2#1,S/S2,120.0,169.399,1812.426,207.499,15.684
1,S-S2#1,S/S2,120.0,200.816,1803.654,173.938,20.989
1,S-S2#1,S/S2,120.0,191.961,1092.079,130.202,21.685
1,S-S2#1,S/S2,120.0,172.834,587.324,88.885,19.675
1,S-S2#1,S/S2,120.0,192.283,816.978,53.161,24.253
1,S-S2#1,S/S2,120.0,119.238,848.75,33.818,15.315
1,S-S2#1,S/S2,120.0,82.321,1445.318,25.204,11.422
1,S-S2#1,S/S2,120.0,136.289,1060.773,12.915,23.33
1,S-S2#1,S/S2,120.0,161.154,741.497,8.066,30.779
1,S-S2#1,S/S2,120.0,232.964,828.099,8.867,41.237
1,S-S2#1,S/S2,120.0,233.509,1101.78,25.76,35.619
1,S-S2#1,S/S2,120.0,466.199,735.329,137.289,61.642
1,S-S2#1,S/S2,120.0,551.938,873.847,170.658,61.619
1,S-S2#1,S/S2,120.0,654.676,1024.528,206.976,62.511
1,S-S2#1,S/S2,120.0,760.556,1229.682,247.461,63.89
1,S-S2#1,S/S2,120.0,838.066,1301.017,252.075,63.992
1,S-S2#1,S/S2,120.0,690.201,445.923,150.603,48.497
1,S-S2#1,S/S2,120.0,513.003,1070.817,120.152,36.848
1,S-S2#1,S/S2,120.0,395.129,1132.981,57.715,30.305
1,S-S2#1,S/S2,120.0,393.643,983.676,115.05,30.545
1,S-S2#1,S/S2,120.0,285.001,1066.443,63.305,23.451
1,S-S2#1,S/S2,120.0,320.387,1173.535,97.457,29.362
1,S-S2#1,S/S2,120.0,206.386,1058.103,73.246,21.744
1,S-S2#1,S/S2,120.0,165.609,1152.284,47.961,20.579
1,S-S2#1,S/S2,120.0,107.337,1188.343,34.007,16.134
1,S-S2#1,S/S2,120.0,69.241,1410.704,18.43,13.491
1,S-S2#1,S/S2,120.0,41.772,1196.812,5.862,11.29
1,S-S2#1,S/S2,120.0,54.066,1402.439,1.49,23.264
1,S-S2#1,S/S2,120.0,68.649,1421.808,3.505,60.758
1,S-S2#1,S/S2,120.0,21.383,58.06,5.512,19.119
1,S-S2#1,S/S2,120.0,37.22,221.01,6.958,16.624
1,S-S2#1,S/S2,120.0,52.157,348.357,7.95,14.851
1,S-S2#1,S/S2,120.0,69.149,481.85,8.001,14.264
1,S-S2#1,S/S2,120.0,111.229,560.882,7.379,19.622
1,S-S2#1,S/S2,120.0,116.354,572.819,7.929,20.107
1,S-S2#1,S/S2,120.0,104.774,634.515,8.165,16.367
1,S-S2#1,S/S2,120.0,122.055,749.724,11.536,16.175
1,S-S2#1,S/S2,120.0,117.43,880.086,18.687,13.198
1,S-S2#1,S/S2,120.0,125.303,998.613,27.84,12.313
1,S-S2#1,S/S2,120.0,122.19,1033.205,36.624,11.565
1,S-S2#1,S/S2,120.0,190.505,645.346,35.42,17.358
1,S-S2#1,S/S2,120.0,325.677,794.228,21.46,30.944
1,S-S2#1,S/S2,120.0,272.499,878.533,8.096,29.037
1,S-S2#1,S/S2,120.0,234.523,1060.353,16.366,28.934
1,S-S2#1,S/S2,120.0,122.223,1163.145,25.531,18.064
1,S-S2#1,S/S2,120.0,68.489,597.199,39.889,10.543
1,S-S2#1,S/S2,120.0,75.45,818.56,46.165,10.315
1,S-S2#1,S/S2,120.0,125.493,1306.292,37.303,16.243
1,S-S2#1,S/S2,120.0,221.305,1519.691,34.603,28.272
1,S-S2#1,S/S2,120.0,272.951,1336.408,25.068,33.977
1,S-S2#1,S/S2,120.0,369.3,402.098,18.478,46.628
1,S-S2#1,S/S2,120.0,457.16,511.034,25.926,51.373
1,S-S2#1,S/S2,120.0,447.69,580.86,22.784,49.982
1,S-S2#1,S/S2,120.0,495.364,781.188,18.62,51.337
1,S-S2#1,S/S2,120.0,643.266,922.669,15.22,57.898
1,S-S2#1,S/S2,120.0,775.249,1056.98,12.676,62.204
1,S-S2#1,S/S2,120.0,843.426,1120.031,13.451,64.05
1,S-S2#1,S/S2,120.0,861.908,2194.626,40.69,63.221
1,S-S2#1,S/S2,120.0,849.774,328.566,44.562,61.467
1,S-S2#1,S/S2,120.0,742.605,723.013,47.412,56.771
1,S-S2#1,S/S2,120.0,594.709,676.392,44.0,49.874
1,S-S2#1,S/S2,120.0,546.149,625.579,64.067,49.051
1,S-S2#1,S/S2,120.0,520.469,1467.339,69.601,48.664
1,S-S2#1,S/S2,120.0,484.842,1254.717,85.93,48.291
1,S-S2#1,S/S2,120.0,456.084,977.623,100.965,44.183
1,S-S2#1,S/S2,120.0,509.492,1369.059,119.319,49.064
1,S-S2#1,S/S2,120.0,432.526,1033.636,137.635,42.878
1,S-S2#1,S/S2,120.0,343.854,354.03,133.212,37.136
1,S-S2#1,S/S2,120.0,300.108,186.649,113.694,35.067
1,S-S2#1,S/S2,120.0,302.389,802.708,95.527,40.108
1,S-S2#1,S/S2,120.0,228.523,265.121,78.843,35.629
1,S-S2#1,S/S2,120.0,201.186,604.462,80.615,31.986
1,S-S2#1,S/S2,120.0,195.243,164.557,73.774,28.055
1,S-S2#1,S/S2,120.0,209.713,54.028,87.762,29.485
1,S-S2#1,S/S2,120.0,237.573,188.664,68.975,35.668
1,S-S2#1,S/S2,120.0,210.526,110.315,58.297,34.923
1,S-S2#1,S/S2,120.0,186.713,708.379,43.15,31.748
1,S-S2#1,S/S2,120.0,207.16,809.292,34.14,36.64
1,S-S2#1,S/S2,120.0,237.081,835.873,44.333,45.49
1,S-S2#1,S/S2,120.0,369.413,491.394,125.36,62.993
1,S-S2#1,S/S2,120.0,421.962,551.801,133.065,64.839
1,S-S2#1,S/S2,120.0,413.771,553.132,129.362,63.58
1,S-S2#1,S/S2,120.0,400.848,551.3,125.67,61.578
1,S-S2#1,S/S2,120.0,290.555,1047.586,11.331,41.583
1,S-S2#1,S/S2,120.0,241.743,942.323,34.432,33.075
1,S-S2#1,S/S2,120.0,230.753,891.763,14.14,34.685
1,S-S2#1,S/S2,120.0,169.315,598.178,82.499,26.454
1,S-S2#1,S/S2,120.0,224.289,638.971,15.548,35.169
1,S-S2#1,S/S2,120.0,194.613,791.779,14.955,34.832
1,S-S2#1,S/S2,120.0,160.076,709.693,22.378,34.205
1,S-S2#1,S/S2,120.0,113.129,823.658,17.741,28.458
1,S-S2#1,S/S2,120.0,111.77,1364.263,15.42,37.65
1,S-S2#1,S/S2,120.0,60.373,227.621,16.906,24.903
1,S-S2#1,S/S2,120.0,52.487,227.515,16.243,21.578
1,S-S2#1,S/S2,120.0,64.558,174.902,27.852,25.962
1,S-S2#1,S/S2,120.0,61.868,1216.766,23.222,24.281
1,S-S2#1,S/S2,120.0,53.543,578.915,20.954,21.632
1,S-S2#1,S/S2,120.0,105.191,200.055,53.072,30.873
1,S-S2#1,S/S2,120.0,164.312,265.973,64.967,39.743
1,S-S2#1,S/S2,120.0,120.479,280.418,27.192,28.076
1,S-S2#1,S/S2,120.0,116.063,303.544,24.948,25.81
1,S-S2#1,S/S2,120.0,82.875,330.842,4.765,17.629
1,S-S2#1,S/S2,120.0,93.026,389.238,12.506,19.119
1,S-S2#1,S/S2,120.0,77.84,348.26,17.759,16.085
1,S-S2#1,S/S2,120.0,59.417,383.226,15.083,12.125
1,S-S2#1,S/S2,120.0,37.837,394.786,15.007,7.502
1,S-S2#1,S/S2,120.0,46.168,866.237,13.079,9.192
1,S-S2#1,S/S2,120.0,99.963,1320.003,152.689,22.941
1,S-S2#1,S/S2,120.0,56.418,1044.542,7.997,16.233
1,S-S2#1,S/S2,120.0,37.93,916.707,6.337,15.822
1,S-S2#1,S/S2,120.0,83.626,188.435,7.991,47.595
1,S-S2#1,S/S2,120.0,81.882,122.859,8.388,44.542
1,S-S2#1,S/S2,120.0,97.073,139.972,12.069,41.851
1,S-S2#1,S/S2,120.0,104.822,139.934,13.488,37.057
1,S-S2#1,S/S2,120.0,119.954,168.331,7.48,35.05
1,S-S2#1,S/S2,120.0,104.03,185.694,29.475,25.288
1,S-S2#1,S/S2,120.0,162.879,141.882,14.732,36.908
1,S-S2#1,S/S2,120.0,199.608,373.157,7.389,40.045
1,S-S2#1,S/S2,120.0,249.422,389.942,17.339,47.229
1,S-S2#1,S/S2,120.0,337.156,432.419,16.798,53.499
1,S-S2#1,S/S2,120.0,390.068,235.378,10.076,55.811
1,S-S2#1,S/S2,120.0,388.83,474.141,36.448,52.672
1,S-S2#1,S/S2,120.0,448.222,243.627,15.185,55.759
1,S-S2#1,S/S2,120.0,465.54,989.299,19.444,55.771
1,S-S2#1,S/S2,120.0,532.318,759.997,23.721,62.892
1,S-S2#1,S/S2,120.0,410.289,1096.517,21.212,47.237
1,S-S2#1,S/S2,120.0,310.905,195.917,17.25,34.183
1,S-S2#1,S/S2,120.0,223.795,498.046,10.458,23.933
1,S-S2#1,S/S2,120.0,266.799,418.511,5.809,26.921
1,S-S2#1,S/S2,120.0,264.102,650.79,24.64,26.166
1,S-S2#1,S/S2,120.0,214.638,395.154,10.043,21.894
1,S-S2#1,S/S2,120.0,108.616,441.491,21.0,12.444
1,S-S2#1,S/S2,120.0,166.871,316.228,27.156,21.12
1,S-S2#1,S/S2,120.0,85.577,883.315,9.253,11.578
1,S-S2#1,S/S2,120.0,65.672,472.396,7.068,9.868
1,S-S2#1,S/S2,120.0,10.604,1076.398,6.327,1.755
1,S-S2#1,S/S2,120.0,29.885,429.407,9.044,5.743
1,S-S2#1,S/S2,120.0,37.781,1535.778,6.939,8.872
1,S-S2#1,S/S2,120.0,21.24,1477.442,5.204,6.863
1,S-S2#1,S/S2,120.0,20.288,1093.064,7.716,7.92
1,S-S2#1,S/S2,120.0,45.48,1122.344,4.809,20.341
1,S-S2#1,S/S2,120.0,50.764,234.29,3.469,22.545
1,S-S2#1,S/S2,120.0,54.876,221.576,4.326,18.544
1,S-S2#1,S/S2,120.0,52.328,216.13,6.065,16.266
1,S-S2#1,S/S2,120.0,74.58,206.854,9.475,19.61
1,S-S2#1,S/S2,120.0,71.9,197.223,15.509,16.342
1,S-S2#1,S/S2,120.0,91.54,192.863,21.966,18.048
1,S-S2#1,S/S2,120.0,153.379,274.04,30.186,25.65
1,S-S2#1,S/S2,120.0,114.472,262.107,21.748,16.691
1,S-S2#1,S/S2,120.0,131.874,339.285,22.974,16.883
1,S-S2#1,S/S2,120.0,194.955,210.12,51.956,21.852
1,S-S2#1,S/S2,120.0,201.486,486.687,82.828,21.05
1,S-S2#1,S/S2,120.0,251.231,1040.32,82.945,26.238
1,S-S2#1,S/S2,120.0,251.068,856.339,109.781,25.521
1,S-S2#1,S/S2,120.0,238.562,908.031,113.691,23.114
1,S-S2#1,S/S2,120.0,305.671,874.546,160.415,28.008
1,S-S2#1,S/S2,120.0,220.814,1466.272,126.423,20.279
1,S-S2#1,S/S2,120.0,165.454,881.137,33.22,16.058
1,S-S2#1,S/S2,120.0,135.288,1856.723,68.825,14.052
1,S-S2#1,S/S2,120.0,123.514,391.539,49.245,14.159
1,S-S2#1,S/S2,120.0,137.527,1539.991,59.815,16.703
1,S-S2#1,S/S2,120.0,116.955,499.238,49.65,14.076
1,S-S2#1,S/S2,120.0,65.442,683.709,40.864,8.36
1,S-S2#1,S/S2,120.0,88.23,229.09,34.467,12.482
1,S-S2#1,S/S2,120.0,175.935,281.384,46.813,23.645
1,S-S2#1,S/S2,120.0,221.788,576.496,48.857,30.899
1,S-S2#1,S/S2,120.0,189.155,802.868,44.969,27.792
1,S-S2#1,S/S2,120.0,257.457,1102.741,53.979,37.713
1,S-S2#1,S/S2,120.0,375.128,658.82,61.717,52.884
1,S-S2#1,S/S2,120.0,449.632,752.877,49.908,55.705
1,S-S2#1,S/S2,120.0,518.942,836.577,61.76,58.148
1,S-S2#1,S/S2,120.0,536.26,873.027,65.064,57.771
1,S-S2#1,S/S2,120.0,499.556,1292.614,92.892,52.39
1,S-S2#1,S/S2,120.0,482.568,486.077,119.141,51.501
1,S-S2#1,S/S2,120.0,508.163,635.593,132.853,52.193
1,S-S2#1,S/S2,120.0,460.538,638.42,139.453,45.829
1,S-S2#1,S/S2,120.0,391.686,1291.806,149.15,41.229
1,S-S2#1,S/S2,120.0,325.01,483.243,144.634,35.068
1,S-S2#1,S/S2,120.0,277.348,382.95,116.92,29.767
1,S-S2#1,S/S2,120.0,268.693,459.2,123.795,28.373
1,S-S2#1,S/S2,120.0,269.881,739.984,124.201,27.704
1,S-S2#1,S/S2,120.0,338.097,1082.197,167.163,33.873
1,S-S2#1,S/S2,120.0,336.131,760.769,114.731,34.127
1,S-S2#1,S/S2,120.0,384.052,968.902,131.915,36.95
1,S-S2#1,S/S2,120.0,440.171,1425.377,159.462,40.558
1,S-S2#1,S/S2,120.0,386.063,1455.605,173.78,34.51
1,S-S2#1,S/S2,120.0,312.148,1010.175,163.054,26.838
1,S-S2#1,S/S2,120.0,299.5,861.598,184.942,23.95
1,S-S2#1,S/S2,120.0,368.075,1120.558,151.616,27.243
1,S-S2#1,S/S2,120.0,487.357,898.381,205.225,33.993
1,S-S2#1,S/S2,120.0,462.497,1846.931,194.181,32.137
1,S-S2#1,S/S2,120.0,339.257,1484.439,181.486,24.999
1,S-S2#1,S/S2,120.0,295.152,1789.313,158.322,23.634
1,S-S2#1,S/S2,120.0,378.873,1525.282,165.169,31.526
1,S-S2#1,S/S2,120.0,275.24,1468.403,171.281,21.726
1,S-S2#1,S/S2,120.0,261.382,2170.507,183.474,19.684
1,S-S2#1,S/S2,120.0,330.106,2545.852,191.541,24.032
1,S-S2#1,S/S2,120.0,357.748,242.284,216.155,25.594
1,S-S2#1,S/S2,120.0,430.12,609.108,208.961,32.228
1,S-S2#1,S/S2,120.0,302.156,726.069,196.667,25.443
1,S-S2#1,S/S2,120.0,267.795,858.204,176.459,25.164
1,S-S2#1,S/S2,120.0,213.183,643.231,191.914,20.81
1,S-S2#1,S/S2,120.0,247.611,553.813,192.611,23.56
1,S-S2#1,S/S2,120.0,245.329,1061.352,158.167,23.038
1,S-S2#1,S/S2,120.0,211.158,714.538,125.69,19.861
1,S-S2#1,S/S2,120.0,222.436,501.801,117.495,22.483
1,S-S2#1,S/S2,120.0,177.44,891.446,122.434,19.096
1,S-S2#1,S/S2,120.0,133.236,929.953,105.631,14.646
1,S-S2#1,S/S2,120.0,83.656,1167.416,109.843,9.526
1,S-S2#1,S/S2,120.0,120.078,616.576,109.718,15.336
1,S-S2#1,S/S2,120.0,136.404,287.395,77.452,19.151
1,S-S2#1,S/S2,120.0,159.714,796.562,27.476,19.942
1,S-S2#1,S/S2,120.0,227.619,329.059,97.719,24.358
1,S-S2#1,S/S2,120.0,225.23,685.405,88.279,22.25
1,S-S2#1,S/S2,120.0,294.357,204.097,125.927,28.027
1,S-S2#1,S/S2,120.0,287.762,1019.085,132.35,27.274
1,S-S2#1,S/S2,120.0,305.061,1067.911,133.196,28.339
1,S-S2#1,S/S2,120.0,287.949,770.497,116.115,26.169
1,S-S2#1,S/S2,120.0,254.144,390.648,100.535,23.56
1,S-S2#1,S/S2,120.0,237.35,555.438,82.933,22.714
1,S-S2#1,S/S2,120.0,263.76,235.388,76.874,26.526
1,S-S2#1,S/S2,120.0,259.805,626.545,58.584,25.692
1,S-S2#1,S/S2,120.0,262.254,437.202,48.006,24.711
1,S-S2#1,S/S2,120.0,251.384,415.456,35.137,25.336
1,S-S2#1,S/S2,120.0,201.905,538.064,34.109,24.182
1,S-S2#1,S/S2,120.0,120.516,547.806,26.329,17.333
1,S-S2#1,S/S2,120.0,70.146,311.935,14.804,11.747
1,S-S2#1,S/S2,120.0,94.865,197.069,7.916,15.931
1,S-S2#1,S/S2,120.0,40.792,196.969,1.884,6.512
1,S-S2#1,S/S2,120.0,92.498,78.285,18.708,13.195
1,S-S2#1,S/S2,120.0,118.681,231.594,24.52,17.418
1,S-S2#1,S/S2,120.0,65.4,366.348,21.081,9.539
1,S-S2#1,S/S2,120.0,89.502,173.437,39.432,11.382
1,S-S2#1,S/S2,120.0,112.0,648.043,44.025,12.777
1,S-S2#1,S/S2,120.0,139.621,298.187,42.042,15.218
1,S-S2#1,S/S2,120.0,243.938,840.362,107.137,23.133
1,S-S2#1,S/S2,120.0,345.31,1094.319,155.269,28.578
1,S-S2#1,S/S2,120.0,311.081,799.636,104.634,25.469
1,S-S2#1,S/S2,120.0,298.713,1125.902,102.211,23.752
1,S-S2#1,S/S2,120.0,291.718,723.71,91.146,23.126
1,S-S2#1,S/S2,120.0,215.511,1692.976,90.184,17.327
1,S-S2#1,S/S2,120.0,367.765,1765.341,122.911,29.089
1,S-S2#1,S/S2,120.0,444.426,1786.041,145.4,31.095
1,S-S2#1,S/S2,120.0,457.61,1030.974,195.271,29.327
1,S-S2#1,S/S2,120.0,479.863,1061.238,216.336,29.777
1,S-S2#1,S/S2,120.0,546.941,986.417,252.01,32.801
1,S-S2#1,S/S2,120.0,462.801,592.285,260.682,27.303
1,S-S2#1,S/S2,120.0,409.968,1151.302,239.592,24.797
1,S-S2#1,S/S2,120.0,368.416,947.434,208.266,22.908
1,S-S2#1,S/S2,120.0,377.698,2108.919,149.466,22.677
1,S-S2#1,S/S2,120.0,376.415,1438.93,116.567,22.315
1,S-S2#1,S/S2,120.0,436.709,1746.85,53.22,24.577
1,S-S2#1,S/S2,120.0,454.693,1066.756,79.904,24.357
1,S-S2#1,S/S2,120.0,309.655,122.964,40.16,16.491
1,S-S2#1,S/S2,120.0,205.609,1372.743,3.335,11.398
1,S-S2#1,S/S2,120.0,104.501,1218.788,15.35,6.092
1,S-S2#1,S/S2,120.0,181.223,1196.207,7.575,11.058
1,S-S2#1,S/S2,120.0,63.178,248.411,3.397,4.06
1,S-S2#1,S/S2,120.0,79.579,166.289,12.86,5.243
1,S-S2#1,S/S2,120.0,206.322,787.268,8.478,13.985
1,S-S2#1,S/S2,120.0,465.169,276.068,4.709,31.597
1,S-S2#1,S/S2,120.0,426.644,1321.706,19.992,30.343
1,S-S2#1,S/S2,120.0,310.991,262.658,24.906,23.941
1,S-S2#1,S/S2,120.0,119.164,282.322,27.074,9.694
1,S-S2#1,S/S2,120.0,192.457,164.998,28.604,16.853
1,S-S2#1,S/S2,120.0,150.468,691.161,28.874,14.797
1,S-S2#1,S/S2,120.0,102.42,761.176,28.235,11.041
1,S-S2#1,S/S2,120.0,53.523,885.861,31.494,6.262
1,S-S2#1,S/S2,120.0,253.907,699.118,31.635,29.869
1,S-S2#1,S/S2,120.0,428.697,114.58,47.014,46.603
1,S-S2#1,S/S2,120.0,510.961,772.624,33.574,50.743
1,S-S2#1,S/S2,120.0,610.91,274.369,69.86,53.424
1,S-S2#1,S/S2,120.0,665.941,1144.743,20.484,51.806
1,S-S2#1,S/S2,120.0,574.761,1297.771,56.752,39.443
1,S-S2#1,S/S2,120.0,2526.992,1642.732,3030.357,151.05
1,S-S2#1,S/S2,120.0,687.406,1013.644,40.893,39.636
1,S-S2#1,S/S2,120.0,790.25,1750.812,76.569,41.236
1,S-S2#1,S/S2,120.0,1040.536,2116.243,344.439,47.697
1,S-S2#1,S/S2,120.0,1044.958,2228.514,41.702,43.3
1,S-S2#1,S/S2,120.0,952.423,1526.479,95.893,36.894
1,S-S2#1,S/S2,120.0,1026.721,3179.091,95.402,37.858
1,S-S2#1,S/S2,120.0,1082.026,3499.054,133.638,38.703
1,S-S2#1,S/S2,120.0,1262.992,2064.241,200.425,43.46
1,S-S2#1,S/S2,120.0,1303.757,988.822,278.19,44.015
1,S-S2#1,S/S2,120.0,1229.269,866.519,297.666,42.531
1,S-S2#1,S/S2,120.0,1079.474,535.179,286.811,39.286
1,S-S2#1,S/S2,120.0,1091.731,955.479,293.1,41.308
1,S-S2#1,S/S2,120.0,1069.903,968.724,279.816,40.838
1,S-S2#1,S/S2,120.0,933.212,1220.874,256.704,37.834
1,S-S2#1,S/S2,120.0,848.697,1380.904,239.836,37.377
1,S-S2#1,S/S2,120.0,941.172,693.404,210.664,45.014
1,S-S2#1,S/S2,120.0,663.053,1581.521,161.506,34.822
1,S-S2#1,S/S2,120.0,425.696,1635.796,96.503,25.182
1,S-S2#1,S/S2,120.0,307.401,1457.433,69.327,20.544
1,S-S2#1,S/S2,120.0,219.246,1364.525,55.349,17.062
1,S-S2#1,S/S2,120.0,134.394,1368.003,59.786,12.318
1,S-S2#1,S/S2,120.0,193.936,542.138,55.375,20.641
1,S-S2#1,S/S2,120.0,261.777,647.642,72.809,30.086
1,S-S2#1,S/S2,120.0,215.09,524.089,78.401,28.466
1,S-S2#1,S/S2,120.0,241.47,552.614,71.383,34.09
1,S-S2#1,S/S2,120.0,191.502,401.444,54.445,26.375
1,S-S2#1,S/S2,120.0,161.605,335.681,38.366,21.762
1,S-S2#1,S/S2,120.0,158.197,184.267,33.122,21.692
1,S-S2#1,S/S2,120.0,122.809,100.206,27.915,16.229
1,S-S2#1,S/S2,120.0,146.434,329.111,25.417,18.871
1,S-S2#1,S/S2,120.0,253.953,354.058,27.087,32.558
1,S-S2#1,S/S2,120.0,283.844,393.698,34.676,38.282
1,S-S2#1,S/S2,120.0,358.251,345.237,27.002,50.186
1,S-S2#1,S/S2,120.0,1220.169,620.934,763.578,164.052
1,S-S2#1,S/S2,120.0,1605.937,581.566,1298.399,199.562
1,S-S2#1,S/S2,120.0,1627.225,689.03,1310.264,192.696
1,S-S2#1,S/S2,120.0,455.29,441.969,14.78,54.862
1,S-S2#1,S/S2,120.0,375.799,811.152,11.454,44.533
1,S-S2#1,S/S2,120.0,318.324,837.706,6.588,38.685
1,S-S2#1,S/S2,120.0,269.881,267.927,2.37,34.147
1,S-S2#1,S/S2,120.0,240.869,338.708,1.259,31.585
1,S-S2#1,S/S2,120.0,237.994,325.424,1.726,31.209
1,S-S2#1,S/S2,120.0,235.7,98.124,1.84,32.171
1,S-S2#1,S/S2,120.0,252.16,381.287,6.036,34.62
1,S-S2#1,S/S2,120.0,160.734,154.681,23.603,21.949
1,S-S2#1,S/S2,120.0,170.0,66.468,16.268,21.677
1,S-S2#1,S/S2,120.0,166.879,149.668,25.913,21.44
1,S-S2#1,S/S2,120.0,189.031,486.955,40.845,23.872
1,S-S2#1,S/S2,120.0,183.821,338.422,37.423,23.217
1,S-S2#1,S/S2,120.0,189.022,570.705,61.389,26.844
1,S-S2#1,S/S2,120.0,161.281,421.262,49.865,24.786
1,S-S2#1,S/S2,120.0,76.656,485.012,44.571,11.736
1,S-S2#1,S/S2,120.0,46.967,147.041,39.177,7.451
1,S-S2#1,S/S2,120.0,49.27,49.479,37.18,8.967
1,S-S2#1,S/S2,120.0,54.28,441.643,31.736,11.086
1,S-S2#1,S/S2,120.0,106.601,291.644,36.413,21.697
1,S-S2#1,S/S2,120.0,254.429,135.335,47.22,42.964
1,S-S2#1,S/S2,120.0,379.041,185.37,58.079,58.316
1,S-S2#1,S/S2,120.0,534.067,660.332,63.282,70.8
1,S-S2#1,S/S2,120.0,618.277,395.643,83.192,69.654
1,S-S2#1,S/S2,120.0,1164.708,717.436,1549.125,113.745
1,S-S2#1,S/S2,120.0,1431.782,871.958,1809.152,121.552
1,S-S2#1,S/S2,120.0,687.934,912.622,55.002,52.841
1,S-S2#1,S/S2,120.0,679.675,1104.986,131.297,47.275
1,S-S2#1,S/S2,120.0,661.992,1492.604,222.387,40.388
1,S-S2#1,S/S2,120.0,2861.775,1720.286,3455.501,151.473
1,S-S2#1,S/S2,120.0,3236.123,1983.645,3971.562,150.437
1,S-S2#1,S/S2,120.0,951.528,1004.945,185.833,40.217
1,S-S2#1,S/S2,120.0,970.13,412.779,222.052,39.896
1,S-S2#1,S/S2,120.0,892.65,2632.402,99.022,36.615
1,S-S2#1,S/S2,120.0,814.884,2404.833,160.242,33.827
1,S-S2#1,S/S2,120.0,796.533,1887.953,167.524,34.294
1,S-S2#1,S/S2,120.0,880.975,3768.079,126.931,39.753
1,S-S2#1,S/S2,120.0,936.161,2604.53,106.047,43.837
1,S-S2#1,S/S2,120.0,820.868,724.344,109.589,39.509
1,S-S2#1,S/S2,120.0,760.882,1301.949,66.651,38.386
1,S-S2#1,S/S2,120.0,696.985,1320.04,53.346,38.961
1,S-S2#1,S/S2,120.0,641.265,1347.118,42.651,40.394
1,S-S2#1,S/S2,120.0,594.296,1379.463,47.338,43.282
1,S-S2#1,S/S2,120.0,468.029,1215.805,44.573,40.948
1,S-S2#1,S/S2,120.0,335.396,1072.07,32.435,34.752
1,S-S2#1,S/S2,120.0,254.088,799.062,22.525,30.168
1,S-S2#1,S/S2,120.0,221.262,750.58,7.644,28.985
1,S-S2#1,S/S2,120.0,288.247,373.284,17.176,39.401
1,S-S2#1,S/S2,120.0,347.305,229.394,26.154,46.493
1,S-S2#1,S/S2,120.0,401.715,370.936,35.959,54.607
1,S-S2#1,S/S2,120.0,413.842,216.603,34.966,60.392
1,S-S2#1,S/S2,120.0,384.589,25.906,29.626,64.251
1,S-S2#1,S/S2,120.0,389.638,146.64,24.117,63.492
1,S-S2#1,S/S2,120.0,335.958,38.562,22.588,54.319
1,S-S2#1,S/S2,120.0,348.42,203.117,24.404,56.671
1,S-S2#1,S/S2,120.0,267.723,383.867,10.717,40.847
1,S-S2#1,S/S2,120.0,231.523,331.867,7.099,35.818
1,S-S2#1,S/S2,120.0,150.45,180.452,2.713,24.761
1,S-S2#1,S/S2,120.0,118.535,448.92,9.111,20.88
1,S-S2#1,S/S2,120.0,55.794,254.147,2.501,10.209
1,S-S2#1,S/S2,120.0,16.846,116.121,5.961,3.274
1,S-S2#1,S/S2,120.0,70.933,64.064,10.285,13.463
1,S-S2#1,S/S2,120.0,153.259,190.52,20.793,25.221
1,S-S2#1,S/S2,120.0,167.865,291.571,41.793,26.465
1,S-S2#1,S/S2,120.0,199.586,494.356,40.579,30.361
1,S-S2#1,S/S2,120.0,227.602,423.68,38.379,33.028
1,S-S2#1,S/S2,120.0,212.291,67.03,37.76,29.167
1,S-S2#1,S/S2,120.0,215.477,778.001,51.599,29.088
1,S-S2#1,S/S2,120.0,210.09,313.603,83.975,28.127
1,S-S2#1,S/S2,120.0,648.372,290.997,617.499,79.764
1,S-S2#1,S/S2,120.0,52.488,447.853,19.067,6.205
1,S-S2#1,S/S2,120.0,57.664,421.682,9.465,6.759
1,S-S2#1,S/S2,120.0,59.744,589.953,7.786,6.749
1,S-S2#1,S/S2,120.0,61.563,206.006,24.333,6.997
1,S-S2#1,S/S2,120.0,91.967,128.397,27.853,10.75
1,S-S2#1,S/S2,120.0,182.812,195.154,36.134,19.217
1,S-S2#1,S/S2,120.0,250.177,282.911,43.554,25.08
1,S-S2#1,S/S2,120.0,319.505,566.986,54.814,31.46
1,S-S2#1,S/S2,120.0,340.897,423.508,28.274,33.508
1,S-S2#1,S/S2,120.0,319.78,278.947,46.861,31.333
1,S-S2#1,S/S2,120.0,304.505,347.054,31.512,29.144
1,S-S2#1,S/S2,120.0,252.388,622.112,36.69,24.523
1,S-S2#1,S/S2,120.0,275.586,413.623,48.778,26.762
1,S-S2#1,S/S2,120.0,219.243,545.87,26.633,21.299
1,S-S2#1,S/S2,120.0,184.749,498.402,22.537,18.508
1,S-S2#1,S/S2,120.0,141.915,318.235,16.327,14.667
1,S-S2#1,S/S2,120.0,77.365,432.392,10.696,7.996
1,S-S2#1,S/S2,120.0,95.37,500.604,23.191,10.344
1,S-S2#1,S/S2,120.0,129.801,658.911,19.947,14.802
1,S-S2#1,S/S2,120.0,150.039,882.558,7.363,18.007
1,S-S2#1,S/S2,120.0,167.582,502.651,27.688,19.448
1,S-S2#1,S/S2,120.0,168.105,140.204,27.845,19.334
1,S-S2#1,S/S2,120.0,135.101,167.585,30.758,15.333
1,S-S2#1,S/S2,120.0,97.645,219.749,20.092,10.762
1,S-S2#1,S/S2,120.0,115.168,515.668,25.658,12.284
1,S-S2#1,S/S2,120.0,152.138,651.966,27.823,15.768
1,S-S2#1,S/S2,120.0,259.774,471.533,40.766,25.848
1,S-S2#1,S/S2,120.0,310.083,919.26,21.644,30.299
1,S-S2#1,S/S2,120.0,332.509,902.676,23.289,33.755
1,S-S2#1,S/S2,120.0,322.164,1729.052,12.308,33.114
1,S-S2#1,S/S2,120.0,231.728,925.835,13.642,23.556
1,S-S2#1,S/S2,120.0,186.874,307.316,19.35,18.278
1,S-S2#1,S/S2,120.0,132.752,309.383,24.15,13.304
1,S-S2#1,S/S2,120.0,105.492,512.82,22.69,10.502
1,S-S2#1,S/S2,120.0,29.893,295.046,24.849,3.055
1,S-S2#1,S/S2,120.0,46.341,97.211,31.09,4.77
1,S-S2#1,S/S2,120.0,93.685,111.248,32.875,10.256
1,S-S2#1,S/S2,120.0,92.291,49.249,36.763,11.205
1,S-S2#1,S/S2,120.0,120.293,136.678,30.351,16.325
1,S-S2#1,S/S2,120.0,184.583,759.659,23.28,24.478
1,S-S2#1,S/S2,120.0,216.601,285.702,16.417,25.89
1,S-S2#1,S/S2,120.0,259.213,964.755,19.861,28.347
1,S-S2#1,S/S2,120.0,219.227,772.989,26.287,22.323
1,S-S2#1,S/S2,120.0,206.072,1053.309,43.986,19.945
1,S-S2#1,S/S2,120.0,304.072,1435.575,40.106,27.775
1,S-S2#1,S/S2,120.0,407.374,1007.461,42.882,35.414
1,S-S2#1,S/S2,120.0,423.826,1725.232,55.403,34.167
1,S-S2#1,S/S2,120.0,269.134,1703.756,57.184,20.685
1,S-S2#1,S/S2,120.0,290.285,1410.295,116.702,20.425
1,S-S2#1,S/S2,120.0,327.793,1554.438,133.729,20.794
1,S-S2#1,S/S2,120.0,396.536,1842.465,142.158,22.892
1,S-S2#1,S/S2,120.0,336.599,1117.449,84.391,18.712
1,S-S2#1,S/S2,120.0,402.389,1211.611,85.708,22.234
1,S-S2#1,S/S2,120.0,448.694,1005.289,61.597,25.277
1,S-S2#1,S/S2,120.0,433.58,873.602,45.934,25.013
1,S-S2#1,S/S2,120.0,304.604,1124.21,37.195,17.748
1,S-S2#1,S/S2,120.0,299.442,1498.19,62.679,17.881
1,S-S2#1,S/S2,120.0,434.481,215.819,21.091,26.689
1,S-S2#1,S/S2,120.0,271.921,674.069,35.617,17.228
1,S-S2#1,S/S2,120.0,230.994,976.243,45.656,14.885
1,S-S2#1,S/S2,120.0,189.08,1175.539,41.279,12.468
1,S-S2#1,S/S2,120.0,439.213,447.61,11.199,30.98
1,S-S2#1,S/S2,120.0,176.366,1109.16,10.856,13.512
1,S-S2#1,S/S2,120.0,119.915,1382.458,8.267,9.415
1,S-S2#1,S/S2,120.0,202.032,593.388,31.612,15.888
1,S-S2#1,S/S2,120.0,52.454,1093.549,28.699,4.244
1,S-S2#1,S/S2,120.0,87.995,636.025,37.691,7.15
1,S-S2#1,S/S2,120.0,125.181,607.406,47.777,10.522
1,S-S2#1,S/S2,120.0,127.101,579.179,45.749,10.86
1,S-S2#1,S/S2,120.0,246.827,172.587,47.818,20.977
1,S-S2#1,S/S2,120.0,250.309,1144.65,68.296,21.095
1,S-S2#1,S/S2,120.0,262.775,1126.43,78.594,22.37
1,S-S2#1,S/S2,120.0,266.449,906.176,85.602,22.78
1,S-S2#1,S/S2,120.0,291.537,983.389,75.983,24.685
1,S-S2#1,S/S2,120.0,318.875,1520.232,57.706,26.268
1,S-S2#1,S/S2,120.0,296.478,1931.477,41.809,25.553
1,S-S2#1,S/S2,120.0,390.935,1731.796,51.144,36.205
1,S-S2#1,S/S2,120.0,355.742,844.704,56.901,34.104
1,S-S2#1,S/S2,120.0,302.626,834.253,47.702,31.953
1,S-S2#1,S/S2,120.0,307.462,770.977,43.084,33.808
1,S-S2#1,S/S2,120.0,160.692,491.433,17.004,18.379
1,S-S2#1,S/S2,120.0,51.493,202.956,9.037,6.676
1,S-S2#1,S/S2,120.0,7.748,66.445,5.501,1.171
1,S-S2#1,S/S2,120.0,7.263,90.52,9.005,1.296
1,S-S2#1,S/S2,120.0,19.331,94.162,10.731,4.287
1,S-S2#1,S/S2,120.0,33.51,484.065,11.321,8.743
1,S-S2#1,S/S2,120.0,49.387,412.653,14.183,16.178
1,S-S2#1,S/S2,120.0,69.195,572.197,15.358,29.528
1,S-S2#1,S/S2,120.0,84.993,714.649,17.737,49.519
1,S-S2#1,S/S2,120.0,170.927,171.297,124.343,127.867
1,S-S2#1,S/S2,120.0,77.67,640.092,2.841,66.25
1,S-S2#1,S/S2,120.0,90.353,589.864,2.725,144.842
1,S-S2#1,S/S2,120.0,58.566,247.113,2.482,247.269
1,S-S2#1,S/S2,120.0,73.474,58.633,3.578,107.612
1,S-S2#1,S/S2,120.0,111.511,120.936,3.37,74.022
1,S-S2#1,S/S2,120.0,146.069,209.847,1.107,59.738
1,S-S2#1,S/S2,120.0,194.767,280.322,2.549,60.949
1,S-S2#1,S/S2,120.0,174.375,283.865,4.677,50.246
1,S-S2#1,S/S2,120.0,119.838,272.465,6.821,27.129
1,S-S2#1,S/S2,120.0,89.09,277.923,9.605,16.609
1,S-S2#1,S/S2,120.0,88.055,291.615,11.948,14.911
1,S-S2#1,S/S2,120.0,32.565,222.342,13.545,4.839
1,S-S2#1,S/S2,120.0,75.18,146.429,16.39,9.615
1,S-S2#1,S/S2,120.0,161.981,131.99,23.853,18.056
1,S-S2#1,S/S2,120.0,250.566,151.425,39.08,25.026
1,S-S2#1,S/S2,120.0,287.706,447.299,39.002,28.61
1,S-S2#1,S/S2,120.0,257.914,510.123,35.447,26.813
1,S-S2#1,S/S2,120.0,231.046,314.349,37.512,23.0
1,S-S2#1,S/S2,120.0,241.802,552.708,47.614,21.602
1,S-S2#1,S/S2,120.0,317.82,572.547,87.75,25.313
1,S-S2#1,S/S2,120.0,350.847,823.992,76.048,28.207
1,S-S2#1,S/S2,120.0,289.873,726.404,66.144,23.427
1,S-S2#1,S/S2,120.0,366.389,963.287,36.38,29.346
1,S-S2#1,S/S2,120.0,297.131,1433.602,81.647,24.114
1,S-S2#1,S/S2,120.0,269.734,1184.21,66.022,22.877
1,S-S2#1,S/S2,120.0,218.63,1396.369,67.818,19.708
1,S-S2#1,S/S2,120.0,179.92,991.935,28.235,17.25
1,S-S2#1,S/S2,120.0,195.927,522.679,17.854,18.478
1,S-S2#1,S/S2,120.0,147.453,463.439,8.949,13.743
1,S-S2#1,S/S2,120.0,82.022,237.229,15.709,8.343
1,S-S2#1,S/S2,120.0,141.936,399.649,19.808,16.516
1,S-S2#1,S/S2,120.0,98.031,116.205,32.183,11.65
1,S-S2#1,S/S2,120.0,226.106,493.443,68.588,24.219
1,S-S2#1,S/S2,120.0,361.082,461.943,113.019,35.228
1,S-S2#1,S/S2,120.0,433.689,747.061,131.803,38.091
1,S-S2#1,S/S2,120.0,612.175,646.369,129.464,48.853
1,S-S2#1,S/S2,120.0,750.308,766.831,107.058,55.038
1,S-S2#1,S/S2,120.0,650.734,1109.347,170.47,47.225
1,S-S2#1,S/S2,120.0,692.063,950.703,114.97,51.649
1,S-S2#1,S/S2,120.0,730.904,728.624,72.042,54.768
1,S-S2#1,S/S2,120.0,639.577,1903.184,62.734,47.467
1,S-S2#1,S/S2,120.0,654.8,1308.453,63.348,47.843
1,S-S2#1,S/S2,120.0,626.824,646.424,36.548,46.312
1,S-S2#1,S/S2,120.0,520.76,946.512,32.867,41.858
1,S-S2#1,S/S2,120.0,402.193,988.541,46.065,37.219
1,S-S2#1,S/S2,120.0,236.955,560.069,39.778,25.068
1,S-S2#1,S/S2,120.0,67.101,515.41,30.097,8.271
1,S-S2#1,S/S2,120.0,122.462,522.685,22.399,17.878
1,S-S2#1,S/S2,120.0,181.216,352.688,19.109,32.374
1,S-S2#1,S/S2,120.0,220.927,77.078,14.376,40.309
1,S-S2#1,S/S2,120.0,256.474,285.284,6.449,43.934
1,S-S2#1,S/S2,120.0,358.889,144.756,12.011,61.322
1,S-S2#1,S/S2,120.0,411.046,357.488,7.05,72.772
1,S-S2#1,S/S2,120.0,397.673,549.837,8.047,78.984
1,S-S2#1,S/S2,120.0,361.605,492.99,10.096,78.631
1,S-S2#1,S/S2,120.0,476.748,177.46,449.487,97.252
1,S-S2#1,S/S2,120.0,125.551,265.137,30.606,22.916
1,S-S2#1,S/S2,120.0,64.966,142.005,17.709,11.323
1,S-S2#1,S/S2,120.0,98.657,141.049,30.467,15.881
1,S-S2#1,S/S2,120.0,209.415,322.412,23.232,30.881
1,S-S2#1,S/S2,120.0,258.225,385.762,81.222,34.398
1,S-S2#1,S/S2,120.0,394.063,359.339,39.384,47.524
1,S-S2#1,S/S2,120.0,443.716,725.107,73.529,49.18
1,S-S2#1,S/S2,120.0,472.179,783.864,69.604,49.652
1,S-S2#1,S/S2,120.0,337.435,395.697,75.631,32.767
1,S-S2#1,S/S2,120.0,776.694,344.466,594.756,67.5
1,S-S2#1,S/S2,120.0,266.347,329.847,44.599,20.887
1,S-S2#1,S/S2,120.0,314.956,477.889,34.229,25.388
1,S-S2#1,S/S2,120.0,321.933,344.158,35.862,27.479
1,S-S2#1,S/S2,120.0,346.411,525.103,30.916,30.176
1,S-S2#1,S/S2,120.0,372.795,510.426,30.932,32.506
1,S-S2#1,S/S2,120.0,370.117,503.193,31.456,35.423
1,S-S2#1,S/S2,120.0,382.147,715.589,36.209,38.891
1,S-S2#1,S/S2,120.0,377.518,1109.073,41.044,39.517
1,S-S2#1,S/S2,120.0,242.939,1397.856,34.005,29.164
1,S-S2#1,S/S2,120.0,229.731,1695.019,27.263,28.218
1,S-S2#1,S/S2,120.0,120.404,1046.784,11.844,15.982
1,S-S2#1,S/S2,120.0,147.257,1184.174,4.616,20.282
1,S-S2#1,S/S2,120.0,126.875,1445.697,5.139,18.722
1,S-S2#1,S/S2,120.0,158.128,575.934,8.128,20.948
1,S-S2#1,S/S2,120.0,190.709,657.51,3.233,22.707
1,S-S2#1,S/S2,120.0,169.961,459.591,14.488,18.702
1,S-S2#1,S/S2,120.0,208.929,441.762,9.069,23.366
1,S-S2#1,S/S2,120.0,248.189,762.881,22.382,25.997
1,S-S2#1,S/S2,120.0,223.889,785.664,13.427,22.859
1,S-S2#1,S/S2,120.0,201.275,454.33,17.16,20.64
1,S-S2#1,S/S2,120.0,172.183,258.942,22.289,16.085
1,S-S2#1,S/S2,120.0,179.653,505.274,16.568,17.345
1,S-S2#1,S/S2,120.0,153.498,800.339,14.048,14.388
1,S-S2#1,S/S2,120.0,161.586,582.951,14.038,15.159
1,S-S2#1,S/S2,120.0,178.962,864.606,15.13,16.742
1,S-S2#1,S/S2,120.0,174.981,583.034,14.812,16.609
1,S-S2#1,S/S2,120.0,95.229,244.506,21.269,9.032
1,S-S2#1,S/S2,120.0,150.176,485.517,27.617,14.782
1,S-S2#1,S/S2,120.0,98.133,246.568,37.022,9.719
1,S-S2#1,S/S2,120.0,125.0,407.788,44.556,12.45
1,S-S2#1,S/S2,120.0,33.681,447.157,44.212,3.516
1,S-S2#1,S/S2,120.0,84.622,145.499,55.668,9.004
1,S-S2#1,S/S2,120.0,118.319,288.383,69.546,12.983
1,S-S2#1,S/S2,120.0,285.04,1085.82,46.051,30.31
1,S-S2#1,S/S2,120.0,342.884,1280.261,60.84,37.48
1,S-S2#1,S/S2,120.0,497.277,986.971,65.685,54.445
1,S-S2#1,S/S2,120.0,428.124,595.06,56.139,47.077
1,S-S2#1,S/S2,120.0,380.792,513.998,44.515,42.683
1,S-S2#1,S/S2,120.0,408.875,484.71,45.863,46.357
1,S-S2#1,S/S2,120.0,447.443,830.759,41.524,48.764
1,S-S2#1,S/S2,120.0,405.112,271.947,37.002,43.905
1,S-S2#1,S/S2,120.0,294.562,548.079,137.466,33.581
1,S-S2#1,S/S2,120.0,383.263,819.319,38.779,40.784
1,S-S2#1,S/S2,120.0,291.719,292.501,22.178,30.506
1,S-S2#1,S/S2,120.0,138.731,875.21,17.429,14.364
1,S-S2#1,S/S2,120.0,109.342,731.335,10.771,11.19
1,S-S2#1,S/S2,120.0,84.941,229.272,4.47,8.47
1,S-S2#1,S/S2,120.0,66.515,181.177,5.095,6.88
1,S-S2#1,S/S2,120.0,65.36,206.211,2.217,6.485
1,S-S2#1,S/S2,120.0,123.803,71.06,2.702,11.651
1,S-S2#1,S/S2,120.0,192.631,195.617,12.775,17.354
1,S-S2#1,S/S2,120.0,243.738,78.753,16.727,21.619
1,S-S2#1,S/S2,120.0,358.729,653.639,64.353,30.362
1,S-S2#1,S/S2,120.0,405.811,1323.329,38.593,32.261
1,S-S2#1,S/S2,120.0,383.854,1436.61,46.186,31.074
1,S-S2#1,S/S2,120.0,509.493,1599.066,60.634,40.703
1,S-S2#1,S/S2,120.0,575.317,1001.61,74.5,44.974
1,S-S2#1,S/S2,120.0,600.061,2018.015,68.959,46.273
1,S-S2#1,S/S2,120.0,648.833,1421.356,65.885,48.955
1,S-S2#1,S/S2,120.0,604.568,668.475,74.987,45.416
1,S-S2#1,S/S2,120.0,536.763,887.333,70.655,40.42
1,S-S2#1,S/S2,120.0,398.597,891.986,55.351,29.448
1,S-S2#1,S/S2,120.0,460.023,275.297,53.728,33.368
1,S-S2#1,S/S2,120.0,395.373,944.168,28.109,29.743
1,S-S2#1,S/S2,120.0,374.899,194.166,22.619,29.076
1,S-S2#1,S/S2,120.0,200.079,896.183,26.379,15.903
1,S-S2#1,S/S2,120.0,281.29,805.534,25.088,22.061
1,S-S2#1,S/S2,120.0,342.221,1292.087,28.965,27.299
1,S-S2#1,S/S2,120.0,313.156,1129.685,21.41,25.46
1,S-S2#1,S/S2,120.0,443.848,1207.962,21.285,36.771
1,S-S2#1,S/S2,120.0,523.737,790.121,20.721,44.356
1,S-S2#1,S/S2,120.0,536.554,1570.626,16.738,44.549
1,S-S2#1,S/S2,120.0,573.281,1806.483,17.753,51.449
1,S-S2#1,S/S2,120.0,555.609,1904.077,24.259,56.467
1,S-S2#1,S/S2,120.0,387.549,1281.335,25.608,42.079
1,S-S2#1,S/S2,120.0,215.472,270.248,19.161,23.243
1,S-S2#1,S/S2,120.0,90.57,171.363,16.449,9.655
1,S-S2#1,S/S2,120.0,117.52,94.152,19.509,12.229
1,S-S2#1,S/S2,120.0,173.363,117.127,18.37,19.466
1,S-S2#1,S/S2,120.0,220.33,194.486,19.457,26.601
1,S-S2#1,S/S2,120.0,264.996,497.654,22.727,32.61
1,S-S2#1,S/S2,120.0,273.191,285.202,28.938,34.126
1,S-S2#1,S/S2,120.0,271.217,923.081,33.765,35.13
1,S-S2#1,S/S2,120.0,272.938,828.897,42.554,35.498
1,S-S2#1,S/S2,120.0,1545.522,634.828,1365.548,198.464
1,S-S2#1,S/S2,120.0,331.075,914.215,19.985,39.704
1,S-S2#1,S/S2,120.0,328.932,1407.767,27.339,36.508
1,S-S2#1,S/S2,120.0,285.469,678.819,29.678,29.123
1,S-S2#1,S/S2,120.0,328.336,781.755,50.281,30.816
1,S-S2#1,S/S2,120.0,305.842,605.364,104.871,26.293
1,S-S2#1,S/S2,120.0,459.544,921.951,49.167,34.922
1,S-S2#1,S/S2,120.0,532.516,1456.987,38.842,36.799
1,S-S2#1,S/S2,120.0,650.6,1601.244,35.693,44.455
1,S-S2#1,S/S2,120.0,691.955,1555.416,22.227,45.251
1,S-S2#1,S/S2,120.0,624.86,1404.129,5.084,38.18
1,S-S2#1,S/S2,120.0,585.274,1396.014,10.304,33.257
1,S-S2#1,S/S2,120.0,613.116,1255.049,43.642,31.494
1,S-S2#1,S/S2,120.0,719.413,2133.079,38.575,34.282
1,S-S2#1,S/S2,120.0,955.927,2990.602,76.59,43.951
1,S-S2#1,S/S2,120.0,611.641,2791.475,92.904,27.287
1,S-S2#1,S/S2,120.0,756.089,3068.184,141.945,32.981
1,S-S2#1,S/S2,120.0,834.041,3371.332,168.269,36.281
1,S-S2#1,S/S2,120.0,900.869,3695.522,182.312,40.437
1,S-S2#1,S/S2,120.0,936.504,3442.451,216.176,41.98
1,S-S2#1,S/S2,120.0,981.864,1062.795,225.116,42.071
1,S-S2#1,S/S2,120.0,1059.858,918.119,259.142,44.221
1,S-S2#1,S/S2,120.0,1099.557,889.456,297.159,44.651
1,S-S2#1,S/S2,120.0,1105.616,1127.905,275.854,44.63
1,S-S2#1,S/S2,120.0,1051.844,1117.249,234.802,42.87
1,S-S2#1,S/S2,120.0,974.573,1027.419,190.115,40.845
1,S-S2#1,S/S2,120.0,922.995,1031.432,154.292,40.886
1,S-S2#1,S/S2,120.0,897.634,1138.877,109.067,40.903
1,S-S2#1,S/S2,120.0,882.011,1099.668,63.299,40.587
1,S-S2#1,S/S2,120.0,963.24,1107.009,25.296,43.517
1,S-S2#1,S/S2,120.0,1008.587,1119.934,2.501,43.293
1,S-S2#1,S/S2,120.0,948.055,727.15,46.644,39.908
1,S-S2#1,S/S2,120.0,924.031,976.141,57.213,39.585
1,S-S2#1,S/S2,120.0,839.484,1125.892,41.84,39.017
1,S-S2#1,S/S2,120.0,713.762,1184.656,50.297,36.481
1,S-S2#1,S/S2,120.0,721.766,1019.663,20.357,38.935
1,S-S2#1,S/S2,120.0,533.984,1001.62,36.004,30.95
1,S-S2#1,S/S2,120.0,451.335,598.634,27.687,26.329
1,S-S2#1,S/S2,120.0,225.232,258.312,4.362,12.387
1,S-S2#1,S/S2,120.0,34.873,490.529,29.702,1.856
1,S-S2#1,S/S2,120.0,203.246,719.173,63.809,10.656
1,S-S2#1,S/S2,120.0,404.612,948.429,96.088,21.112
1,S-S2#1,S/S2,120.0,569.095,1080.483,121.408,29.465
1,S-S2#1,S/S2,120.0,649.652,1058.456,132.523,34.902
1,S-S2#1,S/S2,120.0,559.116,1117.047,114.056,30.743
1,S-S2#1,S/S2,120.0,512.137,1097.061,104.009,27.696
1,S-S2#1,S/S2,120.0,526.136,1023.893,93.598,28.255
1,S-S2#1,S/S2,120.0,489.916,615.337,70.02,26.754
1,S-S2#1,S/S2,120.0,386.706,584.962,38.357,21.043
1,S-S3b#0,S/S3b,10.0,20.523,116.112,3.946,23.065
1,S-S3b#0,S/S3b,10.0,2.421,9.154,1.052,2.133
1,S-S3b#0,S/S3b,10.0,4.897,105.31,1.804,6.793
1,S-S3b#0,S/S3b,10.0,2.991,7.857,0.263,2.94
1,S-S3b#0,S/S3b,10.0,26.624,47.401,1.576,56.106
1,S-S3b#0,S/S3b,10.0,5.748,28.476,1.528,18.429
1,S-S3b#0,S/S3b,10.0,12.436,44.281,2.109,18.689
1,S-S3b#0,S/S3b,10.0,4.832,24.61,0.69,7.456
1,S-S3b#0,S/S3b,10.0,8.483,21.176,1.909,11.888
1,S-S3b#0,S/S3b,10.0,17.86,0.153,0.923,27.548
1,S-S3b#0,S/S3b,10.0,1.085,3.475,0.366,28.208
1,S-S3b#0,S/S3b,10.0,12.323,80.082,1.579,20.802
1,S-S3b#0,S/S3b,10.0,2.065,99.327,2.27,3.11
1,S-S3b#0,S/S3b,10.0,6.173,70.587,0.529,8.595
1,S-S3b#0,S/S3b,10.0,31.375,31.695,0.618,298.018
1,S-S3b#0,S/S3b,30.0,38.006,232.624,4.544,13.749
1,S-S3b#0,S/S3b,30.0,11.858,394.12,4.895,4.103
1,S-S3b#0,S/S3b,30.0,34.768,358.731,2.87,15.572
1,S-S3b#0,S/S3b,30.0,40.064,158.832,3.428,22.095
1,S-S3b#0,S/S3b,30.0,42.526,234.687,3.914,29.111
1,S-S3b#0,S/S3b,30.0,2.754,115.817,0.937,1.679
1,S-S3b#0,S/S3b,30.0,7.389,184.516,1.664,3.625
1,S-S3b#0,S/S3b,30.0,63.131,304.091,4.212,31.253
1,S-S3b#0,S/S3b,30.0,66.072,55.818,6.097,46.959
1,S-S3b#0,S/S3b,30.0,34.728,146.795,4.739,27.059
1,S-S3b#0,S/S3b,30.0,14.636,96.49,1.437,11.227
1,S-S3b#0,S/S3b,30.0,31.286,200.183,1.858,15.729
1,S-S3b#0,S/S3b,30.0,81.074,203.673,3.622,53.991
1,S-S3b#0,S/S3b,30.0,98.956,147.421,1.073,118.854
1,S-S3b#0,S/S3b,60.0,48.607,93.911,4.523,10.594
1,S-S3b#0,S/S3b,60.0,52.302,658.946,7.077,11.995
1,S-S3b#0,S/S3b,60.0,47.476,524.1,7.461,12.256
1,S-S3b#0,S/S3b,60.0,43.779,191.311,2.903,11.34
1,S-S3b#0,S/S3b,60.0,82.295,186.434,2.976,23.597
1,S-S3b#0,S/S3b,60.0,75.137,108.196,3.868,24.614
1,S-S3b#0,S/S3b,60.0,58.65,370.517,8.056,17.628
1,S-S3b#0,S/S3b,60.0,72.169,279.054,7.689,21.706
1,S-S3b#0,S/S3b,60.0,46.001,184.962,9.798,13.533
1,S-S3b#0,S/S3b,60.0,62.016,168.523,7.052,22.222
1,S-S3b#0,S/S3b,60.0,137.701,149.446,3.062,64.198
1,S-S3b#0,S/S3b,120.0,162.592,79.144,18.64,20.518
1,S-S3b#0,S/S3b,120.0,107.327,1127.939,19.29,13.953
1,S-S3b#0,S/S3b,120.0,97.856,693.96,18.711,13.446
1,S-S3b#0,S/S3b,120.0,60.927,187.093,16.086,9.153
1,S-S3b#0,S/S3b,120.0,70.487,46.473,13.096,12.512
1,S-S3b#1,S/S3b,10.0,5.616,9.487,0.593,7.776
1,S-S3b#1,S/S3b,10.0,12.57,46.297,1.065,40.846
1,S-S3b#1,S/S3b,10.0,7.421,70.358,3.494,12.561
1,S-S3b#1,S/S3b,10.0,10.845,66.462,2.402,17.33
1,S-S3b#1,S/S3b,10.0,13.636,3.188,0.198,19.913
1,S-S3b#1,S/S3b,10.0,19.104,27.449,1.036,43.13
1,S-S3b#1,S/S3b,10.0,13.837,79.491,3.248,20.569
1,S-S3b#1,S/S3b,10.0,11.335,72.039,2.464,20.398
1,S-S3b#1,S/S3b,10.0,4.402,8.645,0.616,5.799
1,S-S3b#1,S/S3b,10.0,15.75,45.144,1.754,42.437
1,S-S3b#1,S/S3b,10.0,4.412,1.501,0.432,5.238
1,S-S3b#1,S/S3b,10.0,4.101,16.59,0.257,4.763
1,S-S3b#1,S/S3b,10.0,6.872,5.601,0.876,7.412
1,S-S3b#1,S/S3b,10.0,3.229,11.509,0.234,4.095
1,S-S3b#1,S/S3b,10.0,5.938,63.778,1.629,8.026
1,S-S3b#1,S/S3b,10.0,19.644,10.046,1.118,28.799
1,S-S3b#1,S/S3b,10.0,13.822,24.549,2.736,45.61
1,S-S3b#1,S/S3b,10.0,2.929,8.27,0.269,15.421
1,S-S3b#1,S/S3b,10.0,0.585,22.462,0.29,1.585
1,S-S3b#1,S/S3b,10.0,5.252,66.514,0.932,9.764
1,S-S3b#1,S/S3b,10.0,2.144,6.446,0.705,2.937
1,S-S3b#1,S/S3b,10.0,4.743,96.641,2.255,5.791
1,S-S3b#1,S/S3b,10.0,5.757,3.483,0.672,8.111
1,S-S3b#1,S/S3b,10.0,1.034,66.238,1.318,2.871
1,S-S3b#1,S/S3b,10.0,17.458,3.365,0.593,25.911
1,S-S3b#1,S/S3b,10.0,5.437,22.509,0.729,10.433
1,S-S3b#1,S/S3b,10.0,8.527,29.983,3.026,31.584
1,S-S3b#1,S/S3b,10.0,15.075,13.709,0.511,31.606
1,S-S3b#1,S/S3b,10.0,8.336,85.552,0.998,13.736
1,S-S3b#1,S/S3b,10.0,11.07,10.652,0.561,16.154
1,S-S3b#1,S/S3b,10.0,24.223,24.894,1.179,49.991
1,S-S3b#1,S/S3b,10.0,2.848,49.064,0.797,6.77
1,S-S3b#1,S/S3b,10.0,11.419,77.508,1.51,23.247
1,S-S3b#1,S/S3b,10.0,3.007,2.902,0.835,4.499
1,S-S3b#1,S/S3b,10.0,22.701,9.838,0.593,44.324
1,S-S3b#1,S/S3b,10.0,18.438,31.935,1.568,83.719
1,S-S3b#1,S/S3b,10.0,9.011,6.637,0.898,89.049
1,S-S3b#1,S/S3b,10.0,6.95,31.33,0.375,11.977
1,S-S3b#1,S/S3b,10.0,25.806,29.009,0.921,55.366
1,S-S3b#1,S/S3b,10.0,6.862,62.414,0.932,13.922
1,S-S3b#1,S/S3b,10.0,3.659,17.089,0.775,4.646
1,S-S3b#1,S/S3b,10.0,11.274,41.069,1.465,36.262
1,S-S3b#1,S/S3b,10.0,14.297,45.069,2.373,16.283
1,S-S3b#1,S/S3b,30.0,35.29,159.592,5.942,21.653
1,S-S3b#1,S/S3b,30.0,18.793,235.321,4.966,12.252
1,S-S3b#1,S/S3b,30.0,33.51,164.933,9.486,17.479
1,S-S3b#1,S/S3b,30.0,47.258,358.94,5.681,26.743
1,S-S3b#1,S/S3b,30.0,34.323,153.775,2.218,18.966
1,S-S3b#1,S/S3b,30.0,26.951,215.229,3.323,16.034
1,S-S3b#1,S/S3b,30.0,20.839,209.999,8.574,10.404
1,S-S3b#1,S/S3b,30.0,36.914,300.275,3.413,21.705
1,S-S3b#1,S/S3b,30.0,52.41,224.096,4.166,26.374
1,S-S3b#1,S/S3b,30.0,21.363,322.741,4.777,10.216
1,S-S3b#1,S/S3b,30.0,41.478,10.253,0.901,15.66
1,S-S3b#1,S/S3b,30.0,34.22,32.436,3.182,13.194
1,S-S3b#1,S/S3b,30.0,20.431,74.843,2.02,8.266
1,S-S3b#1,S/S3b,30.0,28.941,192.395,3.451,12.997
1,S-S3b#1,S/S3b,30.0,44.622,195.805,3.045,25.688
1,S-S3b#1,S/S3b,30.0,33.629,72.926,2.45,28.439
1,S-S3b#1,S/S3b,30.0,20.792,19.423,3.136,23.978
1,S-S3b#1,S/S3b,30.0,9.286,46.318,1.212,8.409
1,S-S3b#1,S/S3b,30.0,32.163,149.557,2.391,19.518
1,S-S3b#1,S/S3b,30.0,17.774,232.091,2.764,8.475
1,S-S3b#1,S/S3b,30.0,23.261,276.358,3.567,10.238
1,S-S3b#1,S/S3b,30.0,11.819,153.513,3.735,6.21
1,S-S3b#1,S/S3b,30.0,14.542,228.559,2.35,8.284
1,S-S3b#1,S/S3b,30.0,5.368,279.254,2.171,3.424
1,S-S3b#1,S/S3b,30.0,23.854,44.151,2.986,16.184
1,S-S3b#1,S/S3b,30.0,32.652,132.735,3.04,25.593
1,S-S3b#1,S/S3b,30.0,47.586,80.89,6.777,34.919
1,S-S3b#1,S/S3b,30.0,42.385,236.506,3.155,23.806
1,S-S3b#1,S/S3b,30.0,57.783,268.419,3.447,32.241
1,S-S3b#1,S/S3b,30.0,46.534,130.581,1.305,29.107
1,S-S3b#1,S/S3b,30.0,28.265,148.579,0.403,20.141
1,S-S3b#1,S/S3b,30.0,12.259,119.021,3.29,7.696
1,S-S3b#1,S/S3b,30.0,36.46,306.15,2.178,21.654
1,S-S3b#1,S/S3b,30.0,43.451,70.957,4.24,30.783
1,S-S3b#1,S/S3b,30.0,44.74,105.862,3.503,53.305
1,S-S3b#1,S/S3b,30.0,34.411,163.129,8.223,38.05
1,S-S3b#1,S/S3b,30.0,18.436,123.943,10.017,15.937
1,S-S3b#1,S/S3b,30.0,19.017,108.581,6.344,12.288
1,S-S3b#1,S/S3b,30.0,37.773,272.09,12.169,21.533
1,S-S3b#1,S/S3b,30.0,38.342,197.942,0.697,23.881
1,S-S3b#1,S/S3b,30.0,39.043,198.677,2.483,19.635
1,S-S3b#1,S/S3b,60.0,22.1,268.124,9.185,6.488
1,S-S3b#1,S/S3b,60.0,5.364,400.233,8.133,1.601
1,S-S3b#1,S/S3b,60.0,47.909,291.74,16.208,13.289
1,S-S3b#1,S/S3b,60.0,58.47,123.448,3.071,15.5
1,S-S3b#1,S/S3b,60.0,19.545,242.523,1.698,5.556
1,S-S3b#1,S/S3b,60.0,29.009,398.944,0.794,7.891
1,S-S3b#1,S/S3b,60.0,76.769,456.157,24.308,18.72
1,S-S3b#1,S/S3b,60.0,80.898,307.295,4.807,18.566
1,S-S3b#1,S/S3b,60.0,107.541,734.196,8.511,23.431
1,S-S3b#1,S/S3b,60.0,62.112,702.847,9.956,13.585
1,S-S3b#1,S/S3b,60.0,28.537,202.363,4.247,5.844
1,S-S3b#1,S/S3b,60.0,40.138,234.646,3.583,9.25
1,S-S3b#1,S/S3b,60.0,33.336,99.571,2.99,9.104
1,S-S3b#1,S/S3b,60.0,37.512,46.606,2.096,12.107
1,S-S3b#1,S/S3b,60.0,48.417,107.068,3.719,17.022
1,S-S3b#1,S/S3b,60.0,37.906,277.979,5.026,13.382
1,S-S3b#1,S/S3b,60.0,2.891,216.227,7.065,0.973
1,S-S3b#1,S/S3b,60.0,6.216,236.591,4.655,1.838
1,S-S3b#1,S/S3b,60.0,9.003,317.722,3.818,2.532
1,S-S3b#1,S/S3b,60.0,30.792,462.229,3.687,7.975
1,S-S3b#1,S/S3b,60.0,20.608,174.379,4.058,5.359
1,S-S3b#1,S/S3b,60.0,20.351,63.699,5.669,6.015
1,S-S3b#1,S/S3b,60.0,31.056,480.202,1.619,10.222
1,S-S3b#1,S/S3b,60.0,45.589,273.645,4.404,15.545
1,S-S3b#1,S/S3b,60.0,72.217,147.105,4.1,22.152
1,S-S3b#1,S/S3b,60.0,93.109,157.158,5.271,30.315
1,S-S3b#1,S/S3b,60.0,91.995,133.946,14.249,30.979
1,S-S3b#1,S/S3b,60.0,54.432,334.421,3.494,17.056
1,S-S3b#1,S/S3b,60.0,45.774,86.321,5.576,13.519
1,S-S3b#1,S/S3b,60.0,39.691,138.69,8.684,12.069
1,S-S3b#1,S/S3b,60.0,24.858,156.519,10.903,8.81
1,S-S3b#1,S/S3b,60.0,43.028,175.477,10.346,17.651
1,S-S3b#1,S/S3b,60.0,67.487,397.358,11.553,26.022
1,S-S3b#1,S/S3b,60.0,55.63,313.831,17.784,21.656
1,S-S3b#1,S/S3b,60.0,43.631,262.516,19.135,18.261
1,S-S3b#1,S/S3b,60.0,37.714,210.363,29.75,14.149
1,S-S3b#1,S/S3b,60.0,39.477,184.413,30.485,14.284
1,S-S3b#1,S/S3b,60.0,55.977,283.167,18.574,15.802
1,S-S3b#1,S/S3b,120.0,96.863,850.355,27.971,12.899
1,S-S3b#1,S/S3b,120.0,123.131,986.055,28.909,15.96
1,S-S3b#1,S/S3b,120.0,84.628,675.086,27.755,10.317
1,S-S3b#1,S/S3b,120.0,108.972,104.41,25.064,13.049
1,S-S3b#1,S/S3b,120.0,64.439,994.216,11.885,7.663
1,S-S3b#1,S/S3b,120.0,66.896,957.694,3.001,8.337
1,S-S3b#1,S/S3b,120.0,98.367,674.022,40.943,12.656
1,S-S3b#1,S/S3b,120.0,82.402,343.3,5.573,11.041
1,S-S3b#1,S/S3b,120.0,82.406,718.239,7.623,11.072
1,S-S3b#1,S/S3b,120.0,49.484,470.963,12.361,6.676
1,S-S3b#1,S/S3b,120.0,82.102,243.811,11.361,10.45
1,S-S3b#1,S/S3b,120.0,107.51,365.466,15.705,13.918
1,S-S3b#1,S/S3b,120.0,91.067,400.617,14.17,12.613
1,S-S3b#1,S/S3b,120.0,106.651,269.234,14.997,15.313
1,S-S3b#1,S/S3b,120.0,110.972,242.053,12.286,16.573
1,S-S3b#1,S/S3b,120.0,105.93,774.356,16.212,17.03
1,S-S3b#1,S/S3b,120.0,72.656,598.247,13.139,12.076
1,S-S3b#1,S/S3b,120.0,50.847,463.033,9.114,8.045
1,S-S3b#1,S/S3b,120.0,65.955,405.383,7.667,9.668
1,S-S3b#1,S/S3b,120.0,95.266,381.61,9.552,13.728
1,S-S3b#1,S/S3b,120.0,111.98,524.541,10.252,16.426
1,S-S3b#1,S/S3b,120.0,81.009,273.534,10.1,12.311
1,S-S3b#1,S/S3b,120.0,29.75,325.05,2.984,4.629
1,S-S3b#1,S/S3b,120.0,12.273,336.629,6.688,1.97
1,S-S3b#1,S/S3b,120.0,42.182,272.57,14.183,6.928
1,S-S3b#1,S/S3b,120.0,41.885,344.52,15.496,7.602
1,S-S3b#1,S/S3b,120.0,72.772,269.871,30.795,13.067
1,S-S3b#1,S/S3b,120.0,39.508,171.738,26.378,6.851
1,S-S3b#1,S/S3b,120.0,19.499,66.34,18.181,3.373
1,S-S3b#1,S/S3b,120.0,17.939,397.087,32.948,3.01
1,S-S3b#1,S/S3b,120.0,30.306,384.61,40.419,5.426
1,S-S3b#1,S/S3b,120.0,25.669,265.926,55.378,4.291
2,S-S4#0,S/S4,10.0,20.16,12.506,2.149,86.678
2,S-S4#0,S/S4,10.0,18.289,58.119,3.138,33.559
2,S-S4#0,S/S4,10.0,3.965,22.553,0.56,54.64
2,S-S4#0,S/S4,10.0,2.17,21.123,1.803,10.131
2,S-S4#0,S/S4,10.0,4.9,51.755,0.788,4.907
2,S-S4#0,S/S4,10.0,4.573,24.065,1.704,3.967
2,S-S4#0,S/S4,10.0,10.001,43.084,1.46,9.111
2,S-S4#0,S/S4,10.0,5.483,2.308,1.539,4.878
2,S-S4#0,S/S4,10.0,5.963,28.72,0.687,6.118
2,S-S4#0,S/S4,10.0,11.763,10.349,1.177,10.646
2,S-S4#0,S/S4,10.0,12.602,2.38,3.402,13.285
2,S-S4#0,S/S4,10.0,18.79,25.08,1.15,27.866
2,S-S4#0,S/S4,10.0,7.228,17.1,0.777,26.209
2,S-S4#0,S/S4,10.0,4.17,34.293,4.251,4.795
2,S-S4#0,S/S4,10.0,5.397,18.368,3.7,6.096
2,S-S4#0,S/S4,10.0,6.304,21.536,4.226,7.526
2,S-S4#0,S/S4,10.0,5.059,9.055,2.171,4.821
2,S-S4#0,S/S4,10.0,11.623,10.861,1.201,11.024
2,S-S4#0,S/S4,10.0,7.303,4.811,1.478,9.928
2,S-S4#0,S/S4,10.0,12.02,19.912,1.416,11.659
2,S-S4#0,S/S4,10.0,11.914,23.466,1.745,11.252
2,S-S4#0,S/S4,10.0,16.654,13.857,0.528,18.524
2,S-S4#0,S/S4,10.0,0.656,22.64,0.441,2.013
2,S-S4#0,S/S4,10.0,2.28,50.033,3.371,2.797
2,S-S4#0,S/S4,10.0,7.398,15.22,0.498,6.519
2,S-S4#0,S/S4,10.0,13.44,34.447,1.021,9.952
2,S-S4#0,S/S4,10.0,8.821,11.611,0.694,6.835
2,S-S4#0,S/S4,10.0,10.84,7.851,0.214,8.484
2,S-S4#0,S/S4,10.0,9.271,17.258,0.358,9.008
2,S-S4#0,S/S4,10.0,4.839,1.65,0.629,4.631
2,S-S4#0,S/S4,10.0,5.666,5.609,0.316,5.229
2,S-S4#0,S/S4,10.0,3.722,11.292,0.635,3.067
2,S-S4#0,S/S4,10.0,18.953,20.398,1.556,19.277
2,S-S4#0,S/S4,10.0,6.434,29.559,1.014,17.116
2,S-S4#0,S/S4,10.0,3.085,4.56,1.735,119.34
2,S-S4#0,S/S4,10.0,14.394,18.863,0.898,76.511
2,S-S4#0,S/S4,10.0,9.382,48.512,2.57,12.39
2,S-S4#0,S/S4,10.0,13.219,115.65,2.646,17.074
2,S-S4#0,S/S4,10.0,7.701,23.236,2.523,12.321
2,S-S4#0,S/S4,10.0,11.606,115.445,5.913,14.647
2,S-S4#0,S/S4,10.0,2.198,88.416,1.123,2.516
2,S-S4#0,S/S4,10.0,0.914,38.786,0.992,3.597
2,S-S4#0,S/S4,10.0,13.09,36.112,1.38,24.325
2,S-S4#0,S/S4,10.0,11.544,24.144,1.459,9.792
2,S-S4#0,S/S4,10.0,6.935,27.888,1.152,5.222
2,S-S4#0,S/S4,10.0,4.34,22.88,1.082,3.883
2,S-S4#0,S/S4,10.0,1.137,31.862,0.692,12.126
2,S-S4#0,S/S4,10.0,1.604,7.121,0.43,22.584
2,S-S4#0,S/S4,10.0,2.818,99.951,2.395,3.519
2,S-S4#0,S/S4,10.0,2.497,35.254,0.649,3.497
2,S-S4#0,S/S4,10.0,13.443,37.136,1.804,59.293
2,S-S4#0,S/S4,10.0,11.102,48.278,1.737,12.472
2,S-S4#0,S/S4,10.0,14.556,63.279,1.891,26.768
2,S-S4#0,S/S4,10.0,3.357,27.978,0.99,12.165
2,S-S4#0,S/S4,10.0,3.451,5.694,1.05,3.265
2,S-S4#0,S/S4,10.0,8.834,18.907,0.659,7.181
2,S-S4#0,S/S4,10.0,11.816,44.557,2.4,8.303
2,S-S4#0,S/S4,10.0,5.867,89.277,1.097,4.715
2,S-S4#0,S/S4,10.0,3.202,17.177,1.238,3.213
2,S-S4#0,S/S4,10.0,27.392,41.083,0.769,31.725
2,S-S4#0,S/S4,10.0,10.031,48.938,1.052,10.201
2,S-S4#0,S/S4,10.0,15.531,25.308,1.649,12.352
2,S-S4#0,S/S4,10.0,14.663,74.356,1.233,12.072
2,S-S4#0,S/S4,10.0,29.918,47.23,1.555,21.112
2,S-S4#0,S/S4,10.0,16.728,51.67,2.555,15.723
2,S-S4#0,S/S4,10.0,15.333,103.836,2.412,19.606
2,S-S4#0,S/S4,10.0,18.878,26.585,1.384,13.195
2,S-S4#0,S/S4,10.0,15.012,5.694,2.656,8.904
2,S-S4#0,S/S4,10.0,18.088,57.846,0.738,10.708
2,S-S4#0,S/S4,10.0,16.343,31.917,4.117,9.706
2,S-S4#0,S/S4,10.0,24.701,131.257,1.184,14.917
2,S-S4#0,S/S4,10.0,22.44,70.613,1.614,26.593
2,S-S4#0,S/S4,10.0,11.193,36.449,2.618,15.725
2,S-S4#0,S/S4,10.0,18.111,49.279,0.607,67.107
2,S-S4#0,S/S4,10.0,0.436,0.73,0.39,40.245
2,S-S4#0,S/S4,10.0,0.251,1.576,0.341,14.033
2,S-S4#0,S/S4,10.0,6.445,25.378,1.609,14.421
2,S-S4#0,S/S4,10.0,12.282,112.284,1.586,15.606
2,S-S4#0,S/S4,10.0,4.05,45.289,2.556,3.369
2,S-S4#0,S/S4,10.0,6.869,25.754,1.273,4.689
2,S-S4#0,S/S4,10.0,1.71,12.106,2.982,1.297
2,S-S4#0,S/S4,10.0,7.52,13.0,3.089,6.485
2,S-S4#0,S/S4,10.0,1.416,11.385,2.245,1.202
2,S-S4#0,S/S4,10.0,6.856,3.56,2.309,5.884
2,S-S4#0,S/S4,10.0,6.44,4.464,4.292,5.073
2,S-S4#0,S/S4,10.0,10.515,43.711,0.376,8.438
2,S-S4#0,S/S4,10.0,15.982,60.382,5.643,21.49
2,S-S4#0,S/S4,10.0,20.789,33.831,2.927,18.257
2,S-S4#0,S/S4,10.0,5.45,22.743,3.784,3.963
2,S-S4#0,S/S4,10.0,18.796,16.457,4.229,15.17
2,S-S4#0,S/S4,10.0,1.961,75.026,4.103,2.16
2,S-S4#0,S/S4,10.0,10.387,54.253,5.414,10.051
2,S-S4#0,S/S4,10.0,15.326,57.121,2.776,14.885
2,S-S4#0,S/S4,10.0,7.648,9.722,1.635,7.272
2,S-S4#0,S/S4,10.0,1.475,13.833,2.731,1.597
2,S-S4#0,S/S4,10.0,12.746,1.899,1.452,17.151
2,S-S4#0,S/S4,10.0,5.313,12.484,2.697,35.037
2,S-S4#0,S/S4,10.0,2.306,66.545,2.23,3.251
2,S-S4#0,S/S4,10.0,2.863,13.263,0.977,2.724
2,S-S4#0,S/S4,10.0,7.349,7.859,1.463,6.664
2,S-S4#0,S/S4,10.0,13.429,42.62,1.019,30.288
2,S-S4#0,S/S4,10.0,1.981,33.632,3.343,3.342
2,S-S4#0,S/S4,10.0,24.654,44.054,4.162,17.541
2,S-S4#0,S/S4,10.0,26.617,15.095,4.436,16.117
2,S-S4#0,S/S4,10.0,15.903,35.374,3.214,9.563
2,S-S4#0,S/S4,10.0,31.899,54.001,2.376,29.299
2,S-S4#0,S/S4,10.0,5.114,17.863,0.532,86.426
2,S-S4#0,S/S4,10.0,0.112,0.488,0.339,9.094
2,S-S4#0,S/S4,10.0,10.313,12.576,0.401,171.694
2,S-S4#0,S/S4,10.0,0.586,3.153,0.655,19.341
2,S-S4#0,S/S4,10.0,24.324,2.74,1.721,49.521
2,S-S4#0,S/S4,10.0,24.344,32.454,1.298,22.765
2,S-S4#0,S/S4,10.0,7.466,25.12,1.876,6.83
2,S-S4#0,S/S4,10.0,4.369,43.209,1.089,19.146
2,S-S4#0,S/S4,10.0,5.889,10.311,11.402,91.341
2,S-S4#0,S/S4,10.0,32.032,5.379,28.033,184.829
2,S-S4#0,S/S4,10.0,13.827,22.957,1.427,41.537
2,S-S4#0,S/S4,10.0,5.997,41.583,2.059,8.805
2,S-S4#0,S/S4,10.0,5.557,21.554,0.308,5.132
2,S-S4#0,S/S4,10.0,2.164,46.897,0.603,5.222
2,S-S4#0,S/S4,10.0,2.186,35.943,1.513,2.43
2,S-S4#0,S/S4,10.0,5.476,5.383,0.212,4.527
2,S-S4#0,S/S4,10.0,6.93,26.914,1.21,5.999
2,S-S4#0,S/S4,10.0,17.744,39.043,1.512,51.6
2,S-S4#0,S/S4,10.0,8.497,84.233,0.863,9.114
2,S-S4#0,S/S4,10.0,6.447,9.032,0.168,5.51
2,S-S4#0,S/S4,10.0,1.843,5.222,0.433,1.371
2,S-S4#0,S/S4,10.0,17.269,27.044,1.64,15.109
2,S-S4#0,S/S4,10.0,10.81,22.357,0.999,17.962
2,S-S4#0,S/S4,10.0,5.667,16.081,0.399,53.474
2,S-S4#0,S/S4,10.0,9.557,9.255,0.498,79.14
2,S-S4#0,S/S4,10.0,5.981,1.319,0.414,35.969
2,S-S4#0,S/S4,10.0,2.449,5.648,0.294,87.876
2,S-S4#0,S/S4,10.0,1.047,1.611,0.309,52.039
2,S-S4#0,S/S4,10.0,9.866,53.29,3.963,18.058
2,S-S4#0,S/S4,10.0,12.74,11.1,0.33,9.677
2,S-S4#0,S/S4,10.0,11.39,7.125,0.641,7.856
2,S-S4#0,S/S4,10.0,1.943,4.834,4.006,1.443
2,S-S4#0,S/S4,10.0,27.119,9.189,1.797,17.343
2,S-S4#0,S/S4,10.0,7.497,14.891,3.489,5.206
2,S-S4#0,S/S4,10.0,13.24,25.207,3.264,9.358
2,S-S4#0,S/S4,10.0,24.376,79.069,4.531,18.409
2,S-S4#0,S/S4,10.0,20.341,22.49,3.429,24.793
2,S-S4#0,S/S4,10.0,6.648,74.398,4.038,9.961
2,S-S4#0,S/S4,10.0,7.419,8.957,1.922,6.333
2,S-S4#0,S/S4,10.0,2.253,95.364,1.362,1.945
2,S-S4#0,S/S4,10.0,8.085,6.79,2.136,7.439
2,S-S4#0,S/S4,10.0,8.232,65.163,1.274,7.888
2,S-S4#0,S/S4,10.0,8.222,61.269,8.342,7.471
2,S-S4#0,S/S4,10.0,16.243,17.425,0.405,17.063
2,S-S4#0,S/S4,10.0,11.251,15.422,2.22,20.313
2,S-S4#0,S/S4,10.0,18.819,28.927,2.183,23.064
2,S-S4#0,S/S4,10.0,14.227,6.639,1.139,17.943
2,S-S4#0,S/S4,10.0,10.109,29.443,3.093,10.259
2,S-S4#0,S/S4,10.0,10.731,94.734,4.867,9.729
2,S-S4#0,S/S4,10.0,29.16,34.461,1.162,41.573
2,S-S4#0,S/S4,10.0,5.898,27.695,1.54,20.639
2,S-S4#0,S/S4,10.0,12.846,28.063,1.83,11.685
2,S-S4#0,S/S4,10.0,19.778,47.562,2.018,30.878
2,S-S4#0,S/S4,10.0,10.435,38.855,8.274,27.342
2,S-S4#0,S/S4,10.0,8.937,26.5,0.635,7.766
2,S-S4#0,S/S4,10.0,6.491,8.178,2.201,5.421
2,S-S4#0,S/S4,10.0,29.643,42.792,1.594,45.105
2,S-S4#0,S/S4,10.0,0.085,1.384,0.044,3.639
2,S-S4#0,S/S4,10.0,3.72,38.768,0.958,6.625
2,S-S4#0,S/S4,10.0,12.953,121.201,2.047,14.048
2,S-S4#0,S/S4,10.0,25.132,56.528,0.319,18.412
2,S-S4#0,S/S4,10.0,15.018,8.314,1.764,9.584
2,S-S4#0,S/S4,10.0,14.823,16.637,4.224,9.668
2,S-S4#0,S/S4,10.0,7.743,67.255,1.045,5.499
2,S-S4#0,S/S4,10.0,6.793,7.973,2.919,5.446
2,S-S4#0,S/S4,10.0,6.278,33.275,1.557,5.131
2,S-S4#0,S/S4,10.0,33.072,57.866,1.164,23.654
2,S-S4#0,S/S4,10.0,5.639,84.411,2.979,6.437
2,S-S4#0,S/S4,10.0,0.954,18.039,1.158,0.861
2,S-S4#0,S/S4,10.0,8.028,27.201,1.204,6.345
2,S-S4#0,S/S4,10.0,7.465,40.574,0.559,7.965
2,S-S4#0,S/S4,10.0,14.207,24.461,1.662,13.336
2,S-S4#0,S/S4,10.0,11.141,20.884,0.885,13.213
2,S-S4#0,S/S4,10.0,8.333,7.794,0.873,8.086
2,S-S4#0,S/S4,10.0,4.688,19.24,1.033,4.11
2,S-S4#0,S/S4,10.0,9.378,43.128,0.336,8.08
2,S-S4#0,S/S4,10.0,2.169,6.662,1.434,1.756
2,S-S4#0,S/S4,10.0,4.231,78.228,0.472,3.8
2,S-S4#0,S/S4,10.0,9.585,135.423,0.345,8.614
2,S-S4#0,S/S4,10.0,3.776,4.777,0.807,2.905
2,S-S4#0,S/S4,10.0,14.239,15.923,2.233,12.953
2,S-S4#0,S/S4,10.0,15.171,24.105,1.94,24.304
2,S-S4#0,S/S4,10.0,15.088,22.279,7.668,109.503
2,S-S4#0,S/S4,10.0,35.18,12.026,29.609,201.864
2,S-S4#0,S/S4,10.0,7.888,61.286,1.268,13.261
2,S-S4#0,S/S4,10.0,9.601,47.291,2.39,11.157
2,S-S4#0,S/S4,10.0,5.938,83.631,1.024,5.611
2,S-S4#0,S/S4,10.0,9.691,3.059,1.513,8.095
2,S-S4#0,S/S4,10.0,10.386,17.086,0.502,9.943
2,S-S4#0,S/S4,10.0,21.541,39.893,1.371,29.657
2,S-S4#0,S/S4,10.0,12.998,12.89,14.64,132.225
2,S-S4#0,S/S4,10.0,7.34,32.143,4.763,22.357
2,S-S4#0,S/S4,10.0,7.092,35.749,1.366,10.929
2,S-S4#0,S/S4,10.0,3.644,33.622,0.282,4.164
2,S-S4#0,S/S4,10.0,10.754,35.989,0.877,42.45
2,S-S4#0,S/S4,10.0,26.219,24.535,0.628,48.098
2,S-S4#0,S/S4,10.0,15.48,35.121,1.272,17.588
2,S-S4#0,S/S4,10.0,4.061,22.161,1.647,4.783
2,S-S4#0,S/S4,10.0,16.242,9.856,1.73,16.678
2,S-S4#0,S/S4,10.0,1.611,126.829,1.831,1.538
2,S-S4#0,S/S4,10.0,5.965,12.008,0.846,4.747
2,S-S4#0,S/S4,10.0,7.41,2.807,0.773,6.166
2,S-S4#0,S/S4,10.0,3.7,151.593,1.623,3.224
2,S-S4#0,S/S4,10.0,5.365,74.856,2.3,4.293
2,S-S4#0,S/S4,10.0,2.572,13.316,0.431,2.071
2,S-S4#0,S/S4,10.0,7.1,30.635,1.602,5.599
2,S-S4#0,S/S4,10.0,12.508,13.224,2.493,8.877
2,S-S4#0,S/S4,10.0,4.608,6.517,0.96,3.935
2,S-S4#0,S/S4,10.0,9.524,20.799,2.049,7.769
2,S-S4#0,S/S4,10.0,8.109,41.988,1.511,6.24
2,S-S4#0,S/S4,10.0,15.362,20.788,1.808,12.366
2,S-S4#0,S/S4,10.0,35.966,52.357,1.211,79.288
2,S-S4#0,S/S4,10.0,7.27,31.04,1.362,22.785
2,S-S4#0,S/S4,10.0,11.884,33.616,1.238,8.429
2,S-S4#0,S/S4,10.0,3.998,35.338,5.016,3.026
2,S-S4#0,S/S4,10.0,6.885,73.023,2.904,9.957
2,S-S4#0,S/S4,10.0,12.571,21.978,1.851,10.347
2,S-S4#0,S/S4,10.0,1.843,3.825,2.017,1.328
2,S-S4#0,S/S4,10.0,15.059,3.392,3.835,10.979
2,S-S4#0,S/S4,10.0,17.628,13.732,0.644,15.498
2,S-S4#0,S/S4,10.0,18.139,50.629,1.401,37.943
2,S-S4#0,S/S4,10.0,14.27,45.195,0.762,35.144
2,S-S4#0,S/S4,10.0,5.545,25.256,1.199,26.75
2,S-S4#0,S/S4,10.0,9.417,33.133,4.589,27.254
2,S-S4#0,S/S4,10.0,6.969,114.966,1.576,8.835
2,S-S4#0,S/S4,10.0,6.905,10.716,1.572,5.299
2,S-S4#0,S/S4,10.0,5.943,6.752,1.436,4.348
2,S-S4#0,S/S4,10.0,17.824,11.718,0.724,13.491
2,S-S4#0,S/S4,10.0,7.958,98.776,1.286,11.235
2,S-S4#0,S/S4,10.0,17.669,16.353,2.658,20.942
2,S-S4#0,S/S4,10.0,11.076,126.578,0.59,11.472
2,S-S4#0,S/S4,10.0,7.274,31.218,0.786,6.782
2,S-S4#0,S/S4,10.0,7.08,2.396,0.504,6.477
2,S-S4#0,S/S4,10.0,12.526,70.578,2.051,17.569
2,S-S4#0,S/S4,10.0,9.294,88.405,1.066,10.73
2,S-S4#0,S/S4,10.0,12.414,77.42,1.919,17.711
2,S-S4#0,S/S4,10.0,2.18,30.156,0.3,2.48
2,S-S4#0,S/S4,10.0,8.993,104.1,0.934,12.933
2,S-S4#0,S/S4,10.0,20.811,50.708,2.144,26.744
2,S-S4#0,S/S4,10.0,2.31,55.343,2.489,2.445
2,S-S4#0,S/S4,10.0,9.419,54.351,1.279,9.637
2,S-S4#0,S/S4,10.0,16.586,51.997,1.488,25.83
2,S-S4#0,S/S4,10.0,5.05,73.818,0.939,7.683
2,S-S4#0,S/S4,10.0,3.841,5.416,1.492,3.524
2,S-S4#0,S/S4,10.0,5.815,22.284,0.651,23.51
2,S-S4#0,S/S4,10.0,11.899,13.226,0.12,248.172
2,S-S4#0,S/S4,10.0,5.504,107.088,1.324,6.748
2,S-S4#0,S/S4,10.0,5.618,34.3,0.951,5.536
2,S-S4#0,S/S4,10.0,6.282,123.835,2.561,8.248
2,S-S4#0,S/S4,10.0,9.548,111.166,1.346,12.357
2,S-S4#0,S/S4,10.0,3.098,34.04,0.267,3.425
2,S-S4#0,S/S4,10.0,3.561,92.347,1.903,4.942
2,S-S4#0,S/S4,10.0,24.6,15.584,0.661,26.73
2,S-S4#0,S/S4,10.0,11.64,60.146,0.268,13.626
2,S-S4#0,S/S4,10.0,9.996,85.62,2.682,16.748
2,S-S4#0,S/S4,10.0,8.08,10.982,2.219,7.426
2,S-S4#0,S/S4,10.0,18.01,39.899,0.881,31.914
2,S-S4#0,S/S4,10.0,5.311,68.9,3.748,9.568
2,S-S4#0,S/S4,10.0,16.61,53.598,1.368,54.963
2,S-S4#0,S/S4,10.0,7.395,53.475,3.053,13.607
2,S-S4#0,S/S4,10.0,11.47,19.974,1.937,8.973
2,S-S4#0,S/S4,10.0,2.817,3.349,0.891,2.121
2,S-S4#0,S/S4,10.0,4.067,5.067,1.445,2.876
2,S-S4#0,S/S4,10.0,16.532,46.902,1.573,20.515
2,S-S4#0,S/S4,10.0,1.079,1.281,1.036,59.715
2,S-S4#0,S/S4,10.0,2.146,48.72,2.099,2.499
2,S-S4#0,S/S4,10.0,5.833,9.328,0.587,4.964
2,S-S4#0,S/S4,10.0,2.133,73.155,1.617,3.646
2,S-S4#0,S/S4,10.0,6.079,9.99,0.999,7.912
2,S-S4#0,S/S4,10.0,1.686,90.838,1.855,2.677
2,S-S4#0,S/S4,10.0,14.121,20.591,1.474,12.143
2,S-S4#0,S/S4,10.0,7.267,9.994,0.408,6.269
2,S-S4#0,S/S4,10.0,28.236,54.0,1.431,70.293
2,S-S4#0,S/S4,10.0,7.943,70.844,0.714,12.755
2,S-S4#0,S/S4,10.0,12.094,102.575,2.037,16.433
2,S-S4#0,S/S4,10.0,5.986,7.233,0.782,5.423
2,S-S4#0,S/S4,10.0,6.39,11.842,1.348,6.035
2,S-S4#0,S/S4,10.0,12.181,46.952,1.1,57.286
2,S-S4#0,S/S4,10.0,8.344,47.453,3.071,17.137
2,S-S4#0,S/S4,10.0,22.633,49.767,0.88,64.046
2,S-S4#0,S/S4,10.0,16.752,70.596,1.608,22.469
2,S-S4#0,S/S4,10.0,4.333,4.818,0.068,4.896
2,S-S4#0,S/S4,10.0,8.699,54.897,1.574,12.415
2,S-S4#0,S/S4,10.0,5.761,3.257,1.253,6.133
2,S-S4#0,S/S4,10.0,10.789,108.727,0.75,11.43
2,S-S4#0,S/S4,10.0,9.174,22.749,1.624,9.34
2,S-S4#0,S/S4,10.0,6.629,4.652,0.661,6.074
2,S-S4#0,S/S4,10.0,33.322,69.727,2.222,41.442
2,S-S4#0,S/S4,10.0,17.565,110.132,8.093,21.289
2,S-S4#0,S/S4,10.0,26.18,8.483,0.597,18.971
2,S-S4#0,S/S4,10.0,1.479,89.551,2.992,2.187
2,S-S4#0,S/S4,10.0,7.311,10.321,0.271,12.279
2,S-S4#0,S/S4,10.0,11.526,28.285,0.752,13.854
2,S-S4#0,S/S4,10.0,4.757,116.103,1.768,6.115
2,S-S4#0,S/S4,10.0,24.885,51.906,1.358,90.117
2,S-S4#0,S/S4,10.0,2.832,39.034,3.183,6.568
2,S-S4#0,S/S4,10.0,25.88,21.167,1.023,36.517
2,S-S4#0,S/S4,10.0,1.872,3.897,0.363,47.308
2,S-S4#0,S/S4,10.0,12.202,120.915,4.642,13.431
2,S-S4#0,S/S4,10.0,4.193,30.843,2.225,4.09
2,S-S4#0,S/S4,10.0,3.676,80.996,2.508,4.25
2,S-S4#0,S/S4,10.0,17.632,40.496,1.108,27.811
2,S-S4#0,S/S4,10.0,4.095,5.338,0.559,43.81
2,S-S4#0,S/S4,10.0,5.895,30.681,0.716,6.98
2,S-S4#0,S/S4,10.0,17.391,10.002,0.763,21.206
2,S-S4#0,S/S4,10.0,2.279,11.918,0.859,3.141
2,S-S4#0,S/S4,10.0,5.786,3.308,1.349,37.005
2,S-S4#0,S/S4,10.0,11.689,29.526,0.594,13.073
2,S-S4#0,S/S4,10.0,23.938,31.11,0.735,42.964
2,S-S4#0,S/S4,10.0,13.889,72.292,1.376,21.597
2,S-S4#0,S/S4,10.0,6.486,10.338,1.369,5.024
2,S-S4#0,S/S4,10.0,20.076,27.918,1.097,19.99
2,S-S4#0,S/S4,10.0,6.85,74.083,0.435,9.777
2,S-S4#0,S/S4,10.0,22.333,36.752,1.578,176.356
2,S-S4#0,S/S4,10.0,10.815,9.844,0.359,294.391
2,S-S4#0,S/S4,10.0,2.665,4.158,0.089,59.522
2,S-S4#0,S/S4,10.0,1.083,1.883,0.17,19.479
2,S-S4#0,S/S4,10.0,6.009,12.363,0.609,50.989
2,S-S4#0,S/S4,10.0,6.803,13.056,0.476,52.311
2,S-S4#0,S/S4,30.0,49.491,134.505,1.9,57.685
2,S-S4#0,S/S4,30.0,48.097,133.982,2.635,76.732
2,S-S4#0,S/S4,30.0,4.891,81.151,1.068,59.883
2,S-S4#0,S/S4,30.0,0.799,0.701,0.746,68.295
2,S-S4#0,S/S4,30.0,4.515,21.346,1.67,20.462
2,S-S4#0,S/S4,30.0,18.897,118.362,10.852,15.458
2,S-S4#0,S/S4,30.0,31.401,233.262,21.305,13.169
2,S-S4#0,S/S4,30.0,25.018,204.465,3.322,7.65
2,S-S4#0,S/S4,30.0,13.264,72.939,11.301,3.906
2,S-S4#0,S/S4,30.0,13.18,144.083,12.443,4.095
2,S-S4#0,S/S4,30.0,29.315,128.969,13.97,9.087
2,S-S4#0,S/S4,30.0,42.178,204.562,13.353,13.827
2,S-S4#0,S/S4,30.0,72.916,87.009,10.589,26.539
2,S-S4#0,S/S4,30.0,81.496,104.146,9.008,42.629
2,S-S4#0,S/S4,30.0,55.702,226.01,3.977,30.459
2,S-S4#0,S/S4,30.0,16.831,248.229,9.554,8.223
2,S-S4#0,S/S4,30.0,41.99,69.969,23.366,16.086
2,S-S4#0,S/S4,30.0,47.316,112.145,21.996,16.962
2,S-S4#0,S/S4,30.0,42.9,129.291,18.741,14.48
2,S-S4#0,S/S4,30.0,43.657,50.976,9.386,15.273
2,S-S4#0,S/S4,30.0,48.155,86.649,7.211,16.964
2,S-S4#0,S/S4,30.0,63.504,90.953,8.905,22.312
2,S-S4#0,S/S4,30.0,67.725,157.626,7.818,22.502
2,S-S4#0,S/S4,30.0,49.024,165.793,5.483,21.315
2,S-S4#0,S/S4,30.0,11.418,135.911,2.11,5.568
2,S-S4#0,S/S4,30.0,25.076,125.562,3.463,10.952
2,S-S4#0,S/S4,30.0,32.398,252.265,13.645,9.749
2,S-S4#0,S/S4,30.0,48.753,110.249,1.865,12.824
2,S-S4#0,S/S4,30.0,48.062,158.378,6.592,12.183
2,S-S4#0,S/S4,30.0,31.592,32.444,3.389,8.719
2,S-S4#0,S/S4,30.0,42.984,71.588,1.072,12.741
2,S-S4#0,S/S4,30.0,7.843,86.892,0.92,2.468
2,S-S4#0,S/S4,30.0,28.899,51.825,3.163,8.591
2,S-S4#0,S/S4,30.0,43.571,31.677,3.41,13.187
2,S-S4#0,S/S4,30.0,57.007,113.463,0.234,21.987
2,S-S4#0,S/S4,30.0,48.307,211.046,4.563,34.663
2,S-S4#0,S/S4,30.0,5.216,143.444,4.282,8.824
2,S-S4#0,S/S4,30.0,47.13,77.308,5.112,48.24
2,S-S4#0,S/S4,30.0,56.336,149.195,1.937,32.487
2,S-S4#0,S/S4,30.0,18.185,58.2,6.273,8.366
2,S-S4#0,S/S4,30.0,21.553,145.397,7.543,9.775
2,S-S4#0,S/S4,30.0,16.62,261.827,7.012,7.214
2,S-S4#0,S/S4,30.0,33.628,151.047,9.582,17.374
2,S-S4#0,S/S4,30.0,9.064,274.769,0.581,5.411
2,S-S4#0,S/S4,30.0,28.224,18.334,2.52,14.241
2,S-S4#0,S/S4,30.0,25.485,254.019,13.505,8.306
2,S-S4#0,S/S4,30.0,9.011,154.37,13.251,2.468
2,S-S4#0,S/S4,30.0,14.017,191.3,6.161,5.479
2,S-S4#0,S/S4,30.0,14.071,271.832,1.476,10.923
2,S-S4#0,S/S4,30.0,13.612,139.969,3.261,14.037
2,S-S4#0,S/S4,30.0,8.075,153.928,11.964,5.056
2,S-S4#0,S/S4,30.0,31.809,208.139,3.388,18.111
2,S-S4#0,S/S4,30.0,44.414,99.702,3.51,24.104
2,S-S4#0,S/S4,30.0,20.812,274.936,2.813,12.413
2,S-S4#0,S/S4,30.0,5.512,85.889,2.958,3.201
2,S-S4#0,S/S4,30.0,16.994,159.899,3.337,9.013
2,S-S4#0,S/S4,30.0,35.183,258.172,6.88,13.623
2,S-S4#0,S/S4,30.0,29.394,98.213,0.358,7.871
2,S-S4#0,S/S4,30.0,46.408,105.341,5.706,11.823
2,S-S4#0,S/S4,30.0,17.956,78.994,5.746,4.866
2,S-S4#0,S/S4,30.0,39.572,326.845,1.61,12.646
2,S-S4#0,S/S4,30.0,27.174,80.063,4.601,9.501
2,S-S4#0,S/S4,30.0,47.271,142.058,2.124,15.15
2,S-S4#0,S/S4,30.0,35.314,174.681,1.641,10.141
2,S-S4#0,S/S4,30.0,62.438,331.026,13.424,15.951
2,S-S4#0,S/S4,30.0,23.698,303.833,8.457,6.367
2,S-S4#0,S/S4,30.0,37.571,202.316,6.473,11.444
2,S-S4#0,S/S4,30.0,34.225,424.231,21.781,10.394
2,S-S4#0,S/S4,30.0,80.016,488.097,14.007,20.372
2,S-S4#0,S/S4,30.0,99.541,108.185,16.871,20.569
2,S-S4#0,S/S4,30.0,103.773,183.036,11.24,20.375
2,S-S4#0,S/S4,30.0,103.045,114.909,21.416,20.354
2,S-S4#0,S/S4,30.0,57.497,216.333,22.179,13.636
2,S-S4#0,S/S4,30.0,46.444,401.57,11.034,14.375
2,S-S4#0,S/S4,30.0,26.692,299.133,8.8,14.531
2,S-S4#0,S/S4,30.0,6.211,8.372,3.547,6.204
2,S-S4#0,S/S4,30.0,22.181,198.775,0.409,74.257
2,S-S4#0,S/S4,30.0,11.747,47.076,3.44,24.565
2,S-S4#0,S/S4,30.0,17.009,113.27,0.979,13.457
2,S-S4#0,S/S4,30.0,34.758,169.653,13.616,14.166
2,S-S4#0,S/S4,30.0,31.379,414.917,9.328,9.025
2,S-S4#0,S/S4,30.0,37.236,141.864,13.92,9.274
2,S-S4#0,S/S4,30.0,28.249,113.934,14.006,7.115
2,S-S4#0,S/S4,30.0,17.034,70.677,24.914,4.628
2,S-S4#0,S/S4,30.0,44.301,51.474,27.438,12.561
2,S-S4#0,S/S4,30.0,10.113,39.314,26.438,2.78
2,S-S4#0,S/S4,30.0,5.561,63.679,26.93,1.5
2,S-S4#0,S/S4,30.0,31.266,34.262,17.58,9.521
2,S-S4#0,S/S4,30.0,50.676,176.803,18.566,16.097
2,S-S4#0,S/S4,30.0,62.675,372.695,36.702,19.112
2,S-S4#0,S/S4,30.0,41.953,186.728,30.117,11.097
2,S-S4#0,S/S4,30.0,48.713,69.872,28.97,13.737
2,S-S4#0,S/S4,30.0,52.194,299.065,29.45,16.298
2,S-S4#0,S/S4,30.0,34.645,385.939,28.332,11.568
2,S-S4#0,S/S4,30.0,46.362,101.299,28.414,14.784
2,S-S4#0,S/S4,30.0,60.439,176.532,20.344,19.993
2,S-S4#0,S/S4,30.0,37.67,78.572,9.215,13.776
2,S-S4#0,S/S4,30.0,16.817,60.849,8.233,9.186
2,S-S4#0,S/S4,30.0,12.852,170.539,7.348,7.971
2,S-S4#0,S/S4,30.0,11.781,225.183,9.733,6.123
2,S-S4#0,S/S4,30.0,15.544,220.83,17.647,5.391
2,S-S4#0,S/S4,30.0,16.429,33.814,11.657,6.274
2,S-S4#0,S/S4,30.0,5.458,124.987,10.975,2.535
2,S-S4#0,S/S4,30.0,33.696,261.722,23.642,13.728
2,S-S4#0,S/S4,30.0,54.493,432.296,36.172,14.823
2,S-S4#0,S/S4,30.0,74.149,194.959,36.986,15.597
2,S-S4#0,S/S4,30.0,59.624,186.117,25.742,13.44
2,S-S4#0,S/S4,30.0,21.639,243.748,9.381,7.643
2,S-S4#0,S/S4,30.0,59.251,374.441,2.567,51.268
2,S-S4#0,S/S4,30.0,10.753,65.24,1.111,158.124
2,S-S4#0,S/S4,30.0,1.992,1.017,0.898,94.504
2,S-S4#0,S/S4,30.0,0.715,5.769,1.084,9.125
2,S-S4#0,S/S4,30.0,0.348,9.363,0.116,3.348
2,S-S4#0,S/S4,30.0,18.252,27.558,1.365,31.191
2,S-S4#0,S/S4,30.0,25.514,152.802,12.287,15.933
2,S-S4#0,S/S4,30.0,18.595,182.909,12.116,6.956
2,S-S4#0,S/S4,30.0,18.791,29.35,5.964,7.797
2,S-S4#0,S/S4,30.0,22.442,196.646,13.857,16.098
2,S-S4#0,S/S4,30.0,21.387,109.02,18.189,45.624
2,S-S4#0,S/S4,30.0,20.963,58.329,15.367,36.303
2,S-S4#0,S/S4,30.0,246.02,81.342,231.668,205.972
2,S-S4#0,S/S4,30.0,16.192,91.818,10.479,7.678
2,S-S4#0,S/S4,30.0,13.977,142.415,7.841,6.358
2,S-S4#0,S/S4,30.0,17.338,137.666,2.051,7.192
2,S-S4#0,S/S4,30.0,9.369,63.951,4.463,3.688
2,S-S4#0,S/S4,30.0,35.431,162.741,7.525,10.775
2,S-S4#0,S/S4,30.0,47.959,111.687,2.122,17.571
2,S-S4#0,S/S4,30.0,29.486,131.586,3.813,12.066
2,S-S4#0,S/S4,30.0,13.132,31.91,1.905,5.335
2,S-S4#0,S/S4,30.0,20.093,342.348,3.839,5.789
2,S-S4#0,S/S4,30.0,22.081,54.322,6.319,5.993
2,S-S4#0,S/S4,30.0,36.467,102.871,5.635,11.719
2,S-S4#0,S/S4,30.0,38.671,238.407,4.69,20.762
2,S-S4#0,S/S4,30.0,16.855,177.12,1.715,23.587
2,S-S4#0,S/S4,30.0,10.407,68.769,0.543,91.565
2,S-S4#0,S/S4,30.0,1.719,0.45,0.356,124.573
2,S-S4#0,S/S4,30.0,0.808,0.685,0.697,55.178
2,S-S4#0,S/S4,30.0,0.286,0.223,0.191,18.449
2,S-S4#0,S/S4,30.0,0.585,0.546,0.597,40.574
2,S-S4#0,S/S4,30.0,1.254,1.204,1.252,73.14
2,S-S4#0,S/S4,30.0,1.333,1.203,1.271,72.95
2,S-S4#0,S/S4,30.0,11.767,12.046,1.429,87.745
2,S-S4#0,S/S4,30.0,27.492,28.444,1.486,93.28
2,S-S4#0,S/S4,30.0,28.175,22.735,1.165,88.605
2,S-S4#0,S/S4,30.0,7.268,33.012,1.238,36.202
2,S-S4#0,S/S4,30.0,2.941,20.523,0.982,55.132
2,S-S4#0,S/S4,30.0,15.457,50.532,4.78,26.99
2,S-S4#0,S/S4,30.0,34.797,181.799,10.193,18.36
2,S-S4#0,S/S4,30.0,57.306,354.921,17.371,17.165
2,S-S4#0,S/S4,30.0,49.472,50.304,2.5,11.946
2,S-S4#0,S/S4,30.0,63.736,12.759,4.444,14.521
2,S-S4#0,S/S4,30.0,51.998,31.189,17.976,11.867
2,S-S4#0,S/S4,30.0,54.021,39.055,7.813,12.146
2,S-S4#0,S/S4,30.0,58.49,203.161,9.683,13.909
2,S-S4#0,S/S4,30.0,42.206,320.355,9.068,11.776
2,S-S4#0,S/S4,30.0,30.072,148.443,0.655,10.63
2,S-S4#0,S/S4,30.0,15.128,336.816,14.473,5.655
2,S-S4#0,S/S4,30.0,51.097,414.876,12.121,16.922
2,S-S4#0,S/S4,30.0,2.462,224.783,8.183,0.716
2,S-S4#0,S/S4,30.0,27.41,236.011,16.51,8.281
2,S-S4#0,S/S4,30.0,34.998,198.191,16.881,10.766
2,S-S4#0,S/S4,30.0,37.067,74.507,12.732,11.89
2,S-S4#0,S/S4,30.0,63.337,204.11,25.733,24.134
2,S-S4#0,S/S4,30.0,61.214,145.453,10.524,26.215
2,S-S4#0,S/S4,30.0,53.028,133.854,5.025,24.35
2,S-S4#0,S/S4,30.0,52.66,105.861,17.115,20.178
2,S-S4#0,S/S4,30.0,41.641,59.281,15.679,14.368
2,S-S4#0,S/S4,30.0,46.55,207.378,23.489,16.565
2,S-S4#0,S/S4,30.0,55.063,195.34,13.045,26.204
2,S-S4#0,S/S4,30.0,30.539,234.913,10.219,14.576
2,S-S4#0,S/S4,30.0,5.242,200.045,18.014,2.563
2,S-S4#0,S/S4,30.0,9.05,97.52,4.437,5.142
2,S-S4#0,S/S4,30.0,23.134,228.156,6.479,22.44
2,S-S4#0,S/S4,30.0,26.846,152.39,15.032,17.316
2,S-S4#0,S/S4,30.0,85.883,274.722,65.314,31.202
2,S-S4#0,S/S4,30.0,41.196,84.375,8.855,13.594
2,S-S4#0,S/S4,30.0,45.901,196.282,6.531,24.275
2,S-S4#0,S/S4,30.0,35.635,201.754,5.869,28.644
2,S-S4#0,S/S4,30.0,6.783,123.93,12.451,4.479
2,S-S4#0,S/S4,30.0,30.466,249.122,15.944,10.627
2,S-S4#0,S/S4,30.0,78.323,415.498,11.854,20.18
2,S-S4#0,S/S4,30.0,95.398,250.457,12.947,21.216
2,S-S4#0,S/S4,30.0,77.669,27.604,18.127,17.107
2,S-S4#0,S/S4,30.0,65.739,77.621,24.356,15.587
2,S-S4#0,S/S4,30.0,27.879,218.104,11.177,7.138
2,S-S4#0,S/S4,30.0,48.779,83.844,17.344,12.526
2,S-S4#0,S/S4,30.0,55.192,233.444,7.411,15.662
2,S-S4#0,S/S4,30.0,66.199,169.425,7.203,19.442
2,S-S4#0,S/S4,30.0,18.002,561.214,14.396,5.504
2,S-S4#0,S/S4,30.0,30.831,148.671,9.988,9.242
2,S-S4#0,S/S4,30.0,33.264,213.952,7.509,10.11
2,S-S4#0,S/S4,30.0,29.418,177.702,4.503,10.276
2,S-S4#0,S/S4,30.0,64.207,111.675,10.706,21.719
2,S-S4#0,S/S4,30.0,40.449,122.135,8.329,13.326
2,S-S4#0,S/S4,30.0,39.663,134.121,6.283,11.824
2,S-S4#0,S/S4,30.0,47.288,252.459,5.363,13.281
2,S-S4#0,S/S4,30.0,47.353,321.811,4.649,13.402
2,S-S4#0,S/S4,30.0,33.354,335.522,3.114,9.575
2,S-S4#0,S/S4,30.0,33.655,485.878,0.2,9.483
2,S-S4#0,S/S4,30.0,24.956,561.563,5.945,7.056
2,S-S4#0,S/S4,30.0,44.195,90.329,6.864,14.514
2,S-S4#0,S/S4,30.0,66.179,184.137,12.774,35.309
2,S-S4#0,S/S4,30.0,39.453,136.326,12.849,41.915
2,S-S4#0,S/S4,30.0,16.695,115.056,7.922,18.371
2,S-S4#0,S/S4,30.0,314.929,157.226,295.787,191.949
2,S-S4#0,S/S4,30.0,3.194,269.626,5.923,1.262
2,S-S4#0,S/S4,30.0,29.588,300.173,14.707,9.435
2,S-S4#0,S/S4,30.0,34.095,294.649,10.873,10.259
2,S-S4#0,S/S4,30.0,51.82,101.094,6.255,17.331
2,S-S4#0,S/S4,30.0,47.879,190.724,15.46,25.443
2,S-S4#0,S/S4,30.0,53.709,158.249,17.824,46.485
2,S-S4#0,S/S4,30.0,27.028,104.274,13.971,24.926
2,S-S4#0,S/S4,30.0,19.709,193.203,15.846,10.567
2,S-S4#0,S/S4,30.0,20.676,154.051,4.404,11.555
2,S-S4#0,S/S4,30.0,43.851,34.408,0.437,26.003
2,S-S4#0,S/S4,30.0,46.271,40.928,3.724,27.41
2,S-S4#0,S/S4,30.0,55.828,91.176,1.909,24.384
2,S-S4#0,S/S4,30.0,11.409,140.392,5.364,4.19
2,S-S4#0,S/S4,30.0,41.757,79.955,4.375,14.455
2,S-S4#0,S/S4,30.0,51.45,323.96,2.285,15.592
2,S-S4#0,S/S4,30.0,37.939,482.892,6.599,10.746
2,S-S4#0,S/S4,30.0,43.513,148.891,3.521,11.989
2,S-S4#0,S/S4,30.0,33.564,407.963,7.921,9.264
2,S-S4#0,S/S4,30.0,26.933,603.982,9.874,7.348
2,S-S4#0,S/S4,30.0,31.04,367.057,13.18,8.201
2,S-S4#0,S/S4,30.0,34.608,287.142,13.919,8.774
2,S-S4#0,S/S4,30.0,26.492,181.105,13.553,6.84
2,S-S4#0,S/S4,30.0,27.517,62.872,17.007,7.184
2,S-S4#0,S/S4,30.0,26.442,113.548,13.621,7.105
2,S-S4#0,S/S4,30.0,19.447,233.726,17.056,5.125
2,S-S4#0,S/S4,30.0,56.127,210.284,9.786,18.585
2,S-S4#0,S/S4,30.0,72.534,244.187,3.87,42.293
2,S-S4#0,S/S4,30.0,53.576,228.388,4.889,68.563
2,S-S4#0,S/S4,30.0,38.448,174.622,14.797,21.995
2,S-S4#0,S/S4,30.0,40.93,306.263,18.109,13.301
2,S-S4#0,S/S4,30.0,13.25,79.017,6.519,3.846
2,S-S4#0,S/S4,30.0,16.742,390.233,5.888,5.161
2,S-S4#0,S/S4,30.0,15.681,318.193,20.048,4.726
2,S-S4#0,S/S4,30.0,55.021,85.731,14.824,13.748
2,S-S4#0,S/S4,30.0,63.968,23.725,11.876,16.3
2,S-S4#0,S/S4,30.0,75.488,117.542,11.271,25.09
2,S-S4#0,S/S4,30.0,38.298,199.526,4.221,18.828
2,S-S4#0,S/S4,30.0,18.607,120.294,4.829,16.936
2,S-S4#0,S/S4,30.0,16.063,20.151,2.745,16.695
2,S-S4#0,S/S4,30.0,4.931,72.307,2.811,3.662
2,S-S4#0,S/S4,30.0,28.53,200.043,23.09,11.621
2,S-S4#0,S/S4,30.0,26.964,473.013,2.521,7.738
2,S-S4#0,S/S4,30.0,44.725,71.499,8.097,11.13
2,S-S4#0,S/S4,30.0,58.746,152.411,5.604,17.176
2,S-S4#0,S/S4,30.0,60.246,364.756,3.556,20.824
2,S-S4#0,S/S4,30.0,24.753,265.115,2.769,9.768
2,S-S4#0,S/S4,30.0,4.767,366.304,7.114,1.644
2,S-S4#0,S/S4,30.0,10.646,456.054,8.944,3.377
2,S-S4#0,S/S4,30.0,36.817,66.334,5.7,12.7
2,S-S4#0,S/S4,30.0,43.425,217.832,6.294,16.165
2,S-S4#0,S/S4,30.0,20.84,236.684,9.195,9.082
2,S-S4#0,S/S4,30.0,32.936,329.531,1.377,13.373
2,S-S4#0,S/S4,30.0,33.25,86.022,4.867,14.54
2,S-S4#0,S/S4,30.0,24.072,293.014,1.811,10.164
2,S-S4#0,S/S4,30.0,5.391,183.943,9.263,2.215
2,S-S4#0,S/S4,30.0,6.726,444.772,12.424,2.475
2,S-S4#0,S/S4,30.0,31.557,66.246,5.061,12.212
2,S-S4#0,S/S4,30.0,34.423,206.977,2.649,15.052
2,S-S4#0,S/S4,30.0,28.151,233.499,6.203,11.721
2,S-S4#0,S/S4,30.0,15.159,240.873,0.327,7.536
2,S-S4#0,S/S4,30.0,32.318,202.668,2.467,23.192
2,S-S4#0,S/S4,30.0,16.194,138.36,3.412,14.518
2,S-S4#0,S/S4,30.0,28.213,210.927,0.654,14.904
2,S-S4#0,S/S4,30.0,17.96,171.037,5.973,6.88
2,S-S4#0,S/S4,30.0,7.572,336.211,6.165,2.959
2,S-S4#0,S/S4,30.0,8.432,140.37,2.794,3.439
2,S-S4#0,S/S4,30.0,14.469,286.821,4.69,5.989
2,S-S4#0,S/S4,30.0,29.685,338.344,3.571,11.575
2,S-S4#0,S/S4,30.0,18.323,403.931,5.119,7.297
2,S-S4#0,S/S4,30.0,39.818,230.922,4.602,16.713
2,S-S4#0,S/S4,30.0,13.782,258.748,4.731,5.397
2,S-S4#0,S/S4,30.0,19.136,320.932,6.081,8.436
2,S-S4#0,S/S4,30.0,31.837,162.451,2.681,14.349
2,S-S4#0,S/S4,30.0,29.227,266.406,1.717,20.422
2,S-S4#0,S/S4,30.0,13.305,150.246,8.521,9.443
2,S-S4#0,S/S4,30.0,45.847,336.003,2.052,21.481
2,S-S4#0,S/S4,30.0,35.942,324.364,8.05,11.325
2,S-S4#0,S/S4,30.0,16.261,82.243,1.399,4.017
2,S-S4#0,S/S4,30.0,24.133,36.24,5.791,6.75
2,S-S4#0,S/S4,30.0,31.351,197.596,3.632,14.013
2,S-S4#0,S/S4,30.0,30.879,300.504,1.705,37.945
2,S-S4#0,S/S4,30.0,4.669,0.526,0.482,343.553
2,S-S4#0,S/S4,30.0,0.981,1.206,1.088,59.343
2,S-S4#0,S/S4,30.0,2.038,1.943,2.051,66.326
2,S-S4#0,S/S4,30.0,35.799,87.753,37.281,40.391
2,S-S4#0,S/S4,30.0,68.852,206.11,85.831,33.319
2,S-S4#0,S/S4,30.0,24.062,155.827,4.718,9.115
2,S-S4#0,S/S4,30.0,33.548,299.664,2.422,13.186
2,S-S4#0,S/S4,30.0,21.603,296.638,2.318,10.806
2,S-S4#0,S/S4,30.0,8.706,271.393,2.691,3.376
2,S-S4#0,S/S4,30.0,29.813,475.485,3.12,10.024
2,S-S4#0,S/S4,30.0,27.48,16.184,4.537,10.006
2,S-S4#0,S/S4,30.0,58.279,236.681,4.603,26.547
2,S-S4#0,S/S4,30.0,49.933,241.443,6.718,28.217
2,S-S4#0,S/S4,30.0,17.745,254.846,0.452,7.154
2,S-S4#0,S/S4,30.0,58.62,437.356,3.872,20.07
2,S-S4#0,S/S4,30.0,39.213,81.092,2.455,16.373
2,S-S4#0,S/S4,30.0,38.451,208.16,2.177,21.767
2,S-S4#0,S/S4,30.0,35.0,214.479,3.321,32.97
2,S-S4#0,S/S4,30.0,22.041,142.414,11.868,13.789
2,S-S4#0,S/S4,30.0,33.37,191.853,0.824,16.717
2,S-S4#0,S/S4,30.0,28.729,236.214,8.7,12.227
2,S-S4#0,S/S4,30.0,11.908,184.251,2.141,4.681
2,S-S4#0,S/S4,30.0,24.61,371.026,1.617,9.47
2,S-S4#0,S/S4,30.0,19.654,362.566,2.466,6.817
2,S-S4#0,S/S4,30.0,20.461,383.679,7.467,6.733
2,S-S4#0,S/S4,30.0,24.772,58.552,6.442,8.542
2,S-S4#0,S/S4,30.0,35.098,236.503,6.893,12.829
2,S-S4#0,S/S4,30.0,78.402,474.228,13.073,25.914
2,S-S4#0,S/S4,30.0,54.712,344.939,24.303,18.811
2,S-S4#0,S/S4,30.0,21.535,302.074,2.236,8.056
2,S-S4#0,S/S4,30.0,5.25,447.893,3.296,2.476
2,S-S4#0,S/S4,30.0,12.074,158.273,2.071,5.436
2,S-S4#0,S/S4,30.0,21.906,211.724,2.451,11.533
2,S-S4#0,S/S4,30.0,30.983,268.021,2.777,20.766
2,S-S4#0,S/S4,30.0,73.878,242.712,2.057,51.848
2,S-S4#0,S/S4,30.0,51.653,100.963,9.282,44.588
2,S-S4#0,S/S4,30.0,42.003,198.177,1.146,55.408
2,S-S4#0,S/S4,30.0,25.352,94.871,5.36,26.408
2,S-S4#0,S/S4,30.0,34.068,193.438,17.156,17.125
2,S-S4#0,S/S4,30.0,24.615,290.266,11.135,8.737
2,S-S4#0,S/S4,30.0,38.032,375.588,3.104,14.972
2,S-S4#0,S/S4,30.0,36.149,191.465,2.678,22.548
2,S-S4#0,S/S4,30.0,24.547,151.607,0.463,15.572
2,S-S4#0,S/S4,30.0,31.221,165.947,0.805,17.628
2,S-S4#0,S/S4,30.0,53.932,83.063,2.136,22.41
2,S-S4#0,S/S4,30.0,39.711,102.827,0.63,23.194
2,S-S4#0,S/S4,30.0,11.976,62.934,1.704,6.715
2,S-S4#0,S/S4,30.0,38.976,120.731,0.413,24.041
2,S-S4#0,S/S4,30.0,65.375,121.107,3.182,31.054
2,S-S4#0,S/S4,30.0,23.796,358.461,3.644,9.502
2,S-S4#0,S/S4,30.0,45.024,336.134,5.804,15.198
2,S-S4#0,S/S4,30.0,57.753,76.75,2.261,19.151
2,S-S4#0,S/S4,30.0,57.659,129.229,3.19,31.283
2,S-S4#0,S/S4,30.0,31.749,29.608,2.154,36.506
2,S-S4#0,S/S4,30.0,35.799,86.23,1.903,171.086
2,S-S4#0,S/S4,30.0,12.06,28.291,0.547,87.193
2,S-S4#0,S/S4,30.0,5.587,21.003,0.362,25.177
2,S-S4#0,S/S4,30.0,6.178,15.393,1.562,20.139
2,S-S4#0,S/S4,30.0,8.469,33.809,1.47,33.515
2,S-S4#0,S/S4,30.0,17.736,25.797,1.2,126.865
2,S-S4#0,S/S4,60.0,49.196,232.423,1.245,56.565
2,S-S4#0,S/S4,60.0,43.782,259.131,1.404,51.661
2,S-S4#0,S/S4,60.0,9.225,172.499,5.722,7.073
2,S-S4#0,S/S4,60.0,46.259,233.829,20.549,19.304
2,S-S4#0,S/S4,60.0,69.889,344.109,29.167,19.979
2,S-S4#0,S/S4,60.0,91.265,457.311,34.441,19.711
2,S-S4#0,S/S4,60.0,105.661,553.162,36.597,18.826
2,S-S4#0,S/S4,60.0,78.232,333.084,28.099,12.021
2,S-S4#0,S/S4,60.0,65.311,143.688,46.607,10.116
2,S-S4#0,S/S4,60.0,76.887,469.084,48.32,12.862
2,S-S4#0,S/S4,60.0,119.705,410.921,37.402,23.252
2,S-S4#0,S/S4,60.0,111.069,535.211,25.905,22.72
2,S-S4#0,S/S4,60.0,106.494,458.944,26.984,22.196
2,S-S4#0,S/S4,60.0,81.045,587.163,39.632,17.901
2,S-S4#0,S/S4,60.0,78.25,750.49,41.227,16.905
2,S-S4#0,S/S4,60.0,101.083,609.26,50.857,20.15
2,S-S4#0,S/S4,60.0,129.126,163.181,68.444,23.569
2,S-S4#0,S/S4,60.0,133.046,354.045,58.777,23.592
2,S-S4#0,S/S4,60.0,143.405,331.56,48.762,24.654
2,S-S4#0,S/S4,60.0,165.386,274.787,32.697,28.136
2,S-S4#0,S/S4,60.0,146.303,356.697,21.437,28.41
2,S-S4#0,S/S4,60.0,134.297,310.959,21.703,27.37
2,S-S4#0,S/S4,60.0,92.808,536.436,20.032,17.492
2,S-S4#0,S/S4,60.0,80.644,604.357,19.858,14.33
2,S-S4#0,S/S4,60.0,44.507,485.809,10.266,7.593
2,S-S4#0,S/S4,60.0,83.977,490.98,13.531,13.441
2,S-S4#0,S/S4,60.0,72.558,594.863,34.214,10.427
2,S-S4#0,S/S4,60.0,64.255,225.809,8.146,8.938
2,S-S4#0,S/S4,60.0,80.862,259.856,12.711,11.333
2,S-S4#0,S/S4,60.0,51.952,169.03,2.038,7.425
2,S-S4#0,S/S4,60.0,89.258,194.237,10.552,13.346
2,S-S4#0,S/S4,60.0,74.949,175.293,8.994,12.962
2,S-S4#0,S/S4,60.0,78.797,152.738,9.396,16.52
2,S-S4#0,S/S4,60.0,51.467,250.257,8.265,13.188
2,S-S4#0,S/S4,60.0,34.958,396.771,6.2,9.79
2,S-S4#0,S/S4,60.0,13.349,384.852,15.739,4.268
2,S-S4#0,S/S4,60.0,42.212,134.762,15.552,15.237
2,S-S4#0,S/S4,60.0,49.294,109.56,5.144,15.448
2,S-S4#0,S/S4,60.0,55.402,119.573,10.314,13.693
2,S-S4#0,S/S4,60.0,33.28,250.387,12.214,8.089
2,S-S4#0,S/S4,60.0,22.698,289.922,14.199,5.838
2,S-S4#0,S/S4,60.0,34.389,727.33,12.96,8.01
2,S-S4#0,S/S4,60.0,66.16,253.784,31.963,13.218
2,S-S4#0,S/S4,60.0,31.878,629.102,20.249,5.974
2,S-S4#0,S/S4,60.0,17.092,176.549,17.227,3.753
2,S-S4#0,S/S4,60.0,26.116,339.913,25.182,5.977
2,S-S4#0,S/S4,60.0,16.996,118.456,14.868,3.673
2,S-S4#0,S/S4,60.0,5.678,413.194,8.117,1.366
2,S-S4#0,S/S4,60.0,30.043,642.875,4.701,9.855
2,S-S4#0,S/S4,60.0,24.418,369.328,6.962,8.66
2,S-S4#0,S/S4,60.0,38.413,246.719,21.334,11.706
2,S-S4#0,S/S4,60.0,26.743,507.243,4.947,7.68
2,S-S4#0,S/S4,60.0,62.337,445.445,6.105,16.667
2,S-S4#0,S/S4,60.0,36.488,706.38,5.985,8.567
2,S-S4#0,S/S4,60.0,24.646,343.163,4.883,4.509
2,S-S4#0,S/S4,60.0,30.83,137.062,16.566,5.296
2,S-S4#0,S/S4,60.0,116.209,618.434,23.032,18.485
2,S-S4#0,S/S4,60.0,24.241,81.338,4.143,3.525
2,S-S4#0,S/S4,60.0,46.335,70.901,12.902,6.816
2,S-S4#0,S/S4,60.0,29.983,429.277,14.278,4.395
2,S-S4#0,S/S4,60.0,80.144,779.301,4.761,12.114
2,S-S4#0,S/S4,60.0,28.342,41.411,24.231,4.176
2,S-S4#0,S/S4,60.0,40.525,124.23,18.323,5.91
2,S-S4#0,S/S4,60.0,73.082,335.399,11.14,10.787
2,S-S4#0,S/S4,60.0,80.301,575.211,22.066,11.117
2,S-S4#0,S/S4,60.0,87.61,725.045,38.851,11.447
2,S-S4#0,S/S4,60.0,117.602,723.026,52.905,14.457
2,S-S4#0,S/S4,60.0,149.802,981.2,98.048,17.828
2,S-S4#0,S/S4,60.0,209.424,1086.549,73.847,23.251
2,S-S4#0,S/S4,60.0,179.957,156.634,71.649,19.834
2,S-S4#0,S/S4,60.0,149.154,172.88,51.292,17.883
2,S-S4#0,S/S4,60.0,103.724,315.745,48.579,14.997
2,S-S4#0,S/S4,60.0,74.33,615.571,37.521,14.238
2,S-S4#0,S/S4,60.0,49.767,819.744,14.463,14.066
2,S-S4#0,S/S4,60.0,22.339,723.189,18.756,9.649
2,S-S4#0,S/S4,60.0,30.403,14.841,25.177,13.421
2,S-S4#0,S/S4,60.0,48.64,179.804,37.235,17.657
2,S-S4#0,S/S4,60.0,42.594,381.671,42.273,10.744
2,S-S4#0,S/S4,60.0,5.425,512.753,14.902,1.026
2,S-S4#0,S/S4,60.0,31.898,518.892,58.383,4.954
2,S-S4#0,S/S4,60.0,93.672,891.968,48.95,13.061
2,S-S4#0,S/S4,60.0,57.427,233.902,66.253,7.602
2,S-S4#0,S/S4,60.0,18.702,205.71,79.26,2.455
2,S-S4#0,S/S4,60.0,54.757,135.587,107.515,7.401
2,S-S4#0,S/S4,60.0,68.891,94.02,88.65,10.097
2,S-S4#0,S/S4,60.0,54.421,208.99,43.288,8.004
2,S-S4#0,S/S4,60.0,53.753,385.295,60.906,7.682
2,S-S4#0,S/S4,60.0,24.995,621.917,92.777,3.534
2,S-S4#0,S/S4,60.0,38.233,830.956,96.916,5.699
2,S-S4#0,S/S4,60.0,65.122,908.861,109.913,10.025
2,S-S4#0,S/S4,60.0,84.45,633.932,99.059,12.446
2,S-S4#0,S/S4,60.0,110.578,444.888,105.669,16.518
2,S-S4#0,S/S4,60.0,119.607,864.427,106.732,19.177
2,S-S4#0,S/S4,60.0,99.038,811.25,89.355,17.257
2,S-S4#0,S/S4,60.0,85.775,265.288,64.349,17.242
2,S-S4#0,S/S4,60.0,72.944,458.952,39.276,15.71
2,S-S4#0,S/S4,60.0,45.369,323.104,37.997,9.73
2,S-S4#0,S/S4,60.0,31.249,496.71,65.378,6.624
2,S-S4#0,S/S4,60.0,56.458,617.165,56.544,13.318
2,S-S4#0,S/S4,60.0,25.787,487.441,41.417,6.307
2,S-S4#0,S/S4,60.0,11.621,447.829,59.485,2.173
2,S-S4#0,S/S4,60.0,36.103,484.727,85.948,5.732
2,S-S4#0,S/S4,60.0,66.707,804.45,111.731,9.646
2,S-S4#0,S/S4,60.0,71.193,923.162,116.344,10.305
2,S-S4#0,S/S4,60.0,71.371,834.863,86.859,10.94
2,S-S4#0,S/S4,60.0,69.143,196.739,54.044,11.666
2,S-S4#0,S/S4,60.0,51.112,672.635,26.089,11.338
2,S-S4#0,S/S4,60.0,23.978,739.894,9.674,8.406
2,S-S4#0,S/S4,60.0,59.353,855.136,3.856,48.093
2,S-S4#0,S/S4,60.0,9.243,125.823,0.762,53.703
2,S-S4#0,S/S4,60.0,7.188,51.827,7.028,11.83
2,S-S4#0,S/S4,60.0,24.621,158.61,18.778,14.658
2,S-S4#0,S/S4,60.0,27.166,266.856,27.002,9.769
2,S-S4#0,S/S4,60.0,9.84,183.86,6.329,3.278
2,S-S4#0,S/S4,60.0,34.718,277.761,37.56,11.541
2,S-S4#0,S/S4,60.0,37.156,88.274,30.487,11.801
2,S-S4#0,S/S4,60.0,40.426,159.051,19.156,13.524
2,S-S4#0,S/S4,60.0,22.039,263.059,9.215,8.51
2,S-S4#0,S/S4,60.0,29.939,45.813,1.793,11.589
2,S-S4#0,S/S4,60.0,35.671,291.639,5.815,12.843
2,S-S4#0,S/S4,60.0,746.227,290.177,711.183,206.373
2,S-S4#0,S/S4,60.0,40.24,313.451,30.502,8.638
2,S-S4#0,S/S4,60.0,40.849,410.483,29.978,7.439
2,S-S4#0,S/S4,60.0,61.635,279.377,10.868,11.963
2,S-S4#0,S/S4,60.0,58.73,74.382,14.573,11.756
2,S-S4#0,S/S4,60.0,74.628,241.573,18.866,12.96
2,S-S4#0,S/S4,60.0,55.1,221.664,13.789,8.881
2,S-S4#0,S/S4,60.0,42.524,223.264,18.901,6.926
2,S-S4#0,S/S4,60.0,37.139,129.767,6.196,6.648
2,S-S4#0,S/S4,60.0,20.975,522.509,12.683,3.922
2,S-S4#0,S/S4,60.0,36.873,261.661,10.91,8.365
2,S-S4#0,S/S4,60.0,36.932,489.369,6.511,11.44
2,S-S4#0,S/S4,60.0,42.724,659.335,4.393,22.769
2,S-S4#0,S/S4,60.0,18.472,423.916,1.108,25.33
2,S-S4#0,S/S4,60.0,11.028,147.392,0.548,85.301
2,S-S4#0,S/S4,60.0,1.633,0.53,0.288,57.861
2,S-S4#0,S/S4,60.0,0.806,0.481,0.693,25.262
2,S-S4#0,S/S4,60.0,1.196,0.901,1.118,35.381
2,S-S4#0,S/S4,60.0,11.713,12.542,2.145,78.801
2,S-S4#0,S/S4,60.0,27.539,28.45,2.854,88.299
2,S-S4#0,S/S4,60.0,30.232,30.607,2.571,89.877
2,S-S4#0,S/S4,60.0,29.716,30.247,1.958,88.271
2,S-S4#0,S/S4,60.0,29.692,32.004,1.688,84.986
2,S-S4#0,S/S4,60.0,37.175,62.011,2.819,41.738
2,S-S4#0,S/S4,60.0,34.111,226.205,11.105,16.273
2,S-S4#0,S/S4,60.0,56.142,347.634,4.138,16.548
2,S-S4#0,S/S4,60.0,69.515,464.839,23.256,14.71
2,S-S4#0,S/S4,60.0,113.43,622.508,27.269,18.008
2,S-S4#0,S/S4,60.0,119.453,828.463,28.896,15.445
2,S-S4#0,S/S4,60.0,116.154,128.074,18.608,13.5
2,S-S4#0,S/S4,60.0,111.128,202.967,26.956,12.906
2,S-S4#0,S/S4,60.0,66.774,349.427,48.002,8.369
2,S-S4#0,S/S4,60.0,68.941,366.047,27.754,9.457
2,S-S4#0,S/S4,60.0,88.401,283.187,7.445,12.827
2,S-S4#0,S/S4,60.0,90.381,146.797,28.048,13.674
2,S-S4#0,S/S4,60.0,67.097,611.801,34.414,10.686
2,S-S4#0,S/S4,60.0,19.573,942.973,59.422,3.264
2,S-S4#0,S/S4,60.0,104.369,898.879,10.614,16.616
2,S-S4#0,S/S4,60.0,52.487,388.186,51.824,7.993
2,S-S4#0,S/S4,60.0,100.3,445.226,61.925,16.873
2,S-S4#0,S/S4,60.0,102.341,448.219,55.217,18.284
2,S-S4#0,S/S4,60.0,110.057,208.792,50.718,20.758
2,S-S4#0,S/S4,60.0,117.785,140.962,84.359,22.475
2,S-S4#0,S/S4,60.0,119.952,329.726,62.964,22.885
2,S-S4#0,S/S4,60.0,131.022,277.203,44.021,26.231
2,S-S4#0,S/S4,60.0,126.898,369.785,54.84,26.882
2,S-S4#0,S/S4,60.0,79.108,115.498,54.322,15.809
2,S-S4#0,S/S4,60.0,60.511,245.751,67.473,12.462
2,S-S4#0,S/S4,60.0,61.048,220.051,41.686,15.777
2,S-S4#0,S/S4,60.0,41.586,544.633,25.764,13.255
2,S-S4#0,S/S4,60.0,30.135,352.242,52.111,8.381
2,S-S4#0,S/S4,60.0,60.683,138.661,50.853,13.448
2,S-S4#0,S/S4,60.0,86.102,246.312,56.981,21.151
2,S-S4#0,S/S4,60.0,70.694,338.144,43.033,20.466
2,S-S4#0,S/S4,60.0,132.434,398.377,106.101,33.039
2,S-S4#0,S/S4,60.0,54.508,148.634,30.754,11.992
2,S-S4#0,S/S4,60.0,37.352,421.243,51.524,7.849
2,S-S4#0,S/S4,60.0,36.391,451.668,61.86,7.092
2,S-S4#0,S/S4,60.0,98.6,569.112,76.88,16.37
2,S-S4#0,S/S4,60.0,123.014,681.475,71.125,16.574
2,S-S4#0,S/S4,60.0,163.319,792.134,56.114,20.125
2,S-S4#0,S/S4,60.0,149.984,602.802,59.895,17.818
2,S-S4#0,S/S4,60.0,141.688,271.237,68.995,16.772
2,S-S4#0,S/S4,60.0,107.561,337.476,69.404,13.87
2,S-S4#0,S/S4,60.0,104.338,370.614,37.101,14.249
2,S-S4#0,S/S4,60.0,86.821,265.776,47.909,12.093
2,S-S4#0,S/S4,60.0,113.423,177.786,36.114,16.513
2,S-S4#0,S/S4,60.0,130.873,604.44,32.269,19.509
2,S-S4#0,S/S4,60.0,22.368,1078.784,39.132,3.639
2,S-S4#0,S/S4,60.0,39.139,504.291,33.871,6.211
2,S-S4#0,S/S4,60.0,79.449,622.156,31.078,12.546
2,S-S4#0,S/S4,60.0,116.202,547.083,25.538,18.66
2,S-S4#0,S/S4,60.0,107.648,507.988,36.498,16.491
2,S-S4#0,S/S4,60.0,112.571,492.58,25.231,17.108
2,S-S4#0,S/S4,60.0,114.72,577.901,14.462,16.746
2,S-S4#0,S/S4,60.0,99.295,605.012,7.652,13.944
2,S-S4#0,S/S4,60.0,58.836,644.223,8.443,8.309
2,S-S4#0,S/S4,60.0,12.713,792.5,10.78,1.944
2,S-S4#0,S/S4,60.0,29.542,871.586,13.618,5.434
2,S-S4#0,S/S4,60.0,52.811,827.253,19.315,11.769
2,S-S4#0,S/S4,60.0,61.846,387.768,14.322,15.626
2,S-S4#0,S/S4,60.0,77.717,513.836,21.722,22.104
2,S-S4#0,S/S4,60.0,43.181,483.548,29.922,12.43
2,S-S4#0,S/S4,60.0,67.582,502.325,37.683,16.667
2,S-S4#0,S/S4,60.0,975.224,497.227,925.41,196.136
2,S-S4#0,S/S4,60.0,60.416,608.923,28.277,10.918
2,S-S4#0,S/S4,60.0,85.564,365.462,43.629,17.013
2,S-S4#0,S/S4,60.0,74.186,460.413,30.673,16.525
2,S-S4#0,S/S4,60.0,78.009,158.677,22.62,19.136
2,S-S4#0,S/S4,60.0,78.483,139.304,19.91,20.944
2,S-S4#0,S/S4,60.0,73.907,203.543,20.422,25.025
2,S-S4#0,S/S4,60.0,46.524,268.198,7.08,16.765
2,S-S4#0,S/S4,60.0,40.663,375.14,28.403,11.419
2,S-S4#0,S/S4,60.0,71.872,313.46,10.531,17.598
2,S-S4#0,S/S4,60.0,90.223,88.928,4.517,20.444
2,S-S4#0,S/S4,60.0,104.106,167.93,12.163,22.691
2,S-S4#0,S/S4,60.0,117.798,238.634,3.356,21.043
2,S-S4#0,S/S4,60.0,72.034,272.164,8.503,11.502
2,S-S4#0,S/S4,60.0,89.027,307.939,8.159,13.633
2,S-S4#0,S/S4,60.0,112.474,690.14,12.935,16.217
2,S-S4#0,S/S4,60.0,101.652,716.304,20.447,14.104
2,S-S4#0,S/S4,60.0,118.503,760.214,25.49,15.955
2,S-S4#0,S/S4,60.0,101.66,894.823,37.615,13.41
2,S-S4#0,S/S4,60.0,49.638,1063.302,45.635,6.574
2,S-S4#0,S/S4,60.0,16.609,1025.697,54.55,2.177
2,S-S4#0,S/S4,60.0,44.403,826.436,57.012,5.783
2,S-S4#0,S/S4,60.0,64.891,606.912,57.302,8.449
2,S-S4#0,S/S4,60.0,76.145,419.478,52.93,11.095
2,S-S4#0,S/S4,60.0,84.388,430.3,30.505,15.482
2,S-S4#0,S/S4,60.0,72.443,558.866,25.204,15.795
2,S-S4#0,S/S4,60.0,69.743,693.794,28.965,14.627
2,S-S4#0,S/S4,60.0,133.174,797.073,35.967,27.789
2,S-S4#0,S/S4,60.0,75.595,721.199,30.228,17.841
2,S-S4#0,S/S4,60.0,58.557,452.295,46.725,11.691
2,S-S4#0,S/S4,60.0,37.093,570.437,17.373,5.795
2,S-S4#0,S/S4,60.0,34.563,550.969,44.291,4.634
2,S-S4#0,S/S4,60.0,87.008,998.296,28.185,12.116
2,S-S4#0,S/S4,60.0,73.903,614.705,50.052,11.655
2,S-S4#0,S/S4,60.0,108.118,222.162,23.287,17.873
2,S-S4#0,S/S4,60.0,81.549,172.152,12.42,16.208
2,S-S4#0,S/S4,60.0,67.307,119.551,8.886,16.933
2,S-S4#0,S/S4,60.0,45.207,57.401,5.271,13.359
2,S-S4#0,S/S4,60.0,30.009,94.239,9.804,8.445
2,S-S4#0,S/S4,60.0,29.356,460.9,1.526,6.594
2,S-S4#0,S/S4,60.0,36.288,533.434,29.871,6.748
2,S-S4#0,S/S4,60.0,108.724,501.379,65.303,18.463
2,S-S4#0,S/S4,60.0,49.512,696.906,11.802,7.746
2,S-S4#0,S/S4,60.0,75.194,406.64,7.192,11.458
2,S-S4#0,S/S4,60.0,64.504,270.787,8.946,10.191
2,S-S4#0,S/S4,60.0,49.043,241.648,20.744,8.103
2,S-S4#0,S/S4,60.0,23.901,241.991,25.494,4.39
2,S-S4#0,S/S4,60.0,64.724,651.37,18.281,11.566
2,S-S4#0,S/S4,60.0,45.313,244.35,9.017,8.303
2,S-S4#0,S/S4,60.0,43.219,268.481,15.185,8.054
2,S-S4#0,S/S4,60.0,24.594,465.831,15.707,4.935
2,S-S4#0,S/S4,60.0,20.003,572.107,26.392,4.284
2,S-S4#0,S/S4,60.0,58.849,476.394,11.421,12.004
2,S-S4#0,S/S4,60.0,79.292,226.209,28.123,15.813
2,S-S4#0,S/S4,60.0,41.566,442.352,17.864,8.383
2,S-S4#0,S/S4,60.0,33.505,248.16,26.345,7.08
2,S-S4#0,S/S4,60.0,22.984,899.957,29.012,4.483
2,S-S4#0,S/S4,60.0,41.144,179.942,16.283,8.95
2,S-S4#0,S/S4,60.0,53.273,270.427,6.737,14.432
2,S-S4#0,S/S4,60.0,26.272,393.034,7.133,7.456
2,S-S4#0,S/S4,60.0,23.081,319.27,2.641,5.908
2,S-S4#0,S/S4,60.0,29.893,361.635,9.851,7.462
2,S-S4#0,S/S4,60.0,29.472,266.773,6.244,7.994
2,S-S4#0,S/S4,60.0,22.021,308.268,10.494,5.062
2,S-S4#0,S/S4,60.0,15.847,274.296,20.058,3.15
2,S-S4#0,S/S4,60.0,38.834,846.283,20.383,7.566
2,S-S4#0,S/S4,60.0,35.894,491.045,12.565,7.219
2,S-S4#0,S/S4,60.0,37.805,158.567,7.969,7.862
2,S-S4#0,S/S4,60.0,40.092,177.179,7.412,7.825
2,S-S4#0,S/S4,60.0,31.51,95.484,9.668,6.586
2,S-S4#0,S/S4,60.0,36.332,463.257,10.696,7.881
2,S-S4#0,S/S4,60.0,44.922,508.769,6.437,11.246
2,S-S4#0,S/S4,60.0,32.726,329.009,5.67,8.896
2,S-S4#0,S/S4,60.0,47.457,308.056,2.46,10.881
2,S-S4#0,S/S4,60.0,55.975,311.505,5.656,12.155
2,S-S4#0,S/S4,60.0,10.3,429.007,55.266,1.884
2,S-S4#0,S/S4,60.0,112.383,936.812,7.348,19.636
2,S-S4#0,S/S4,60.0,71.436,559.648,7.463,13.168
2,S-S4#0,S/S4,60.0,25.349,179.874,1.002,5.199
2,S-S4#0,S/S4,60.0,30.846,428.207,5.609,8.594
2,S-S4#0,S/S4,60.0,33.289,617.412,2.938,14.769
2,S-S4#0,S/S4,60.0,31.011,677.718,1.77,36.717
2,S-S4#0,S/S4,60.0,34.484,87.9,36.124,38.32
2,S-S4#0,S/S4,60.0,73.363,205.673,85.895,35.218
2,S-S4#0,S/S4,60.0,85.139,246.552,103.926,31.853
2,S-S4#0,S/S4,60.0,85.931,302.205,126.272,24.96
2,S-S4#0,S/S4,60.0,75.836,299.573,123.854,18.613
2,S-S4#0,S/S4,60.0,10.503,317.927,5.173,2.01
2,S-S4#0,S/S4,60.0,28.677,579.538,4.118,5.189
2,S-S4#0,S/S4,60.0,51.684,494.566,8.551,10.87
2,S-S4#0,S/S4,60.0,58.505,575.455,12.192,12.221
2,S-S4#0,S/S4,60.0,45.893,487.148,7.648,9.655
2,S-S4#0,S/S4,60.0,34.756,251.754,11.074,6.647
2,S-S4#0,S/S4,60.0,45.283,330.543,15.647,8.839
2,S-S4#0,S/S4,60.0,6.459,270.212,16.283,1.547
2,S-S4#0,S/S4,60.0,77.842,448.964,3.647,18.279
2,S-S4#0,S/S4,60.0,82.454,505.547,3.982,20.662
2,S-S4#0,S/S4,60.0,53.156,392.382,1.545,13.311
2,S-S4#0,S/S4,60.0,44.289,537.987,3.197,11.744
2,S-S4#0,S/S4,60.0,52.933,448.163,2.408,15.499
2,S-S4#0,S/S4,60.0,31.625,332.433,38.818,7.619
2,S-S4#0,S/S4,60.0,32.939,500.147,5.422,7.153
2,S-S4#0,S/S4,60.0,29.411,471.882,19.851,5.611
2,S-S4#0,S/S4,60.0,69.026,605.067,11.843,12.35
2,S-S4#0,S/S4,60.0,104.813,762.225,15.306,19.022
2,S-S4#0,S/S4,60.0,63.868,644.329,11.679,11.346
2,S-S4#0,S/S4,60.0,79.461,210.366,19.338,13.076
2,S-S4#0,S/S4,60.0,59.55,550.619,18.447,10.247
2,S-S4#0,S/S4,60.0,49.878,651.848,16.178,9.199
2,S-S4#0,S/S4,60.0,77.732,717.682,18.424,15.066
2,S-S4#0,S/S4,60.0,50.872,215.065,22.831,9.903
2,S-S4#0,S/S4,60.0,46.678,260.41,1.461,10.188
2,S-S4#0,S/S4,60.0,32.583,99.962,2.573,9.004
2,S-S4#0,S/S4,60.0,77.777,139.159,1.479,21.292
2,S-S4#0,S/S4,60.0,75.141,262.374,2.061,24.572
2,S-S4#0,S/S4,60.0,82.432,467.053,1.886,36.493
2,S-S4#0,S/S4,60.0,87.959,457.587,3.404,36.87
2,S-S4#0,S/S4,60.0,42.826,230.755,18.785,13.605
2,S-S4#0,S/S4,60.0,48.553,481.182,1.822,13.569
2,S-S4#0,S/S4,60.0,26.314,293.887,16.419,7.49
2,S-S4#0,S/S4,60.0,41.916,296.328,26.336,11.649
2,S-S4#0,S/S4,60.0,33.856,342.428,18.685,7.687
2,S-S4#0,S/S4,60.0,69.995,883.979,6.323,16.233
2,S-S4#0,S/S4,60.0,82.869,376.901,4.831,20.645
2,S-S4#0,S/S4,60.0,75.04,296.464,2.592,22.757
2,S-S4#0,S/S4,60.0,63.332,333.326,1.863,17.781
2,S-S4#0,S/S4,60.0,103.243,82.479,3.575,25.616
2,S-S4#0,S/S4,60.0,93.308,251.911,5.69,24.414
2,S-S4#0,S/S4,60.0,46.996,407.908,6.896,10.937
2,S-S4#0,S/S4,60.0,43.766,334.145,11.21,9.544
2,S-S4#0,S/S4,60.0,60.188,595.403,9.794,11.728
2,S-S4#0,S/S4,60.0,50.278,723.281,5.162,11.531
2,S-S4#0,S/S4,60.0,85.316,417.167,9.007,22.223
2,S-S4#0,S/S4,60.0,63.705,193.99,4.371,19.725
2,S-S4#0,S/S4,60.0,49.041,306.435,3.914,24.737
2,S-S4#0,S/S4,60.0,35.853,205.804,3.296,32.842
2,S-S4#0,S/S4,60.0,43.984,168.459,2.409,85.048
2,S-S4#0,S/S4,60.0,16.407,28.096,2.903,41.691
2,S-S4#0,S/S4,60.0,11.909,30.29,1.287,32.857
2,S-S4#0,S/S4,120.0,79.966,540.696,25.588,12.336
2,S-S4#0,S/S4,120.0,79.4,379.834,37.778,10.784
2,S-S4#0,S/S4,120.0,118.34,868.031,68.655,15.225
2,S-S4#0,S/S4,120.0,230.605,814.318,23.924,27.506
2,S-S4#0,S/S4,120.0,236.593,832.993,24.291,27.327
2,S-S4#0,S/S4,120.0,233.35,818.462,33.206,24.487
2,S-S4#0,S/S4,120.0,209.938,824.718,45.542,20.143
2,S-S4#0,S/S4,120.0,156.498,313.632,88.898,14.168
2,S-S4#0,S/S4,120.0,133.856,1097.979,124.416,12.065
2,S-S4#0,S/S4,120.0,123.789,1424.564,149.078,11.256
2,S-S4#0,S/S4,120.0,128.007,1572.772,154.37,12.039
2,S-S4#0,S/S4,120.0,130.249,1679.433,162.044,12.359
2,S-S4#0,S/S4,120.0,181.126,1575.255,163.546,17.053
2,S-S4#0,S/S4,120.0,266.75,1560.873,177.498,25.611
2,S-S4#0,S/S4,120.0,266.316,1588.376,140.927,27.204
2,S-S4#0,S/S4,120.0,330.301,1082.001,139.933,33.259
2,S-S4#0,S/S4,120.0,416.256,713.581,170.804,38.563
2,S-S4#0,S/S4,120.0,424.534,1357.318,147.247,37.643
2,S-S4#0,S/S4,120.0,437.3,1177.517,124.573,37.413
2,S-S4#0,S/S4,120.0,456.277,1332.359,97.476,37.609
2,S-S4#0,S/S4,120.0,449.388,1546.198,81.456,37.1
2,S-S4#0,S/S4,120.0,429.677,1321.99,78.829,35.495
2,S-S4#0,S/S4,120.0,289.812,1687.286,66.588,23.27
2,S-S4#0,S/S4,120.0,252.429,1653.082,56.668,19.975
2,S-S4#0,S/S4,120.0,142.828,1222.786,25.547,11.368
2,S-S4#0,S/S4,120.0,195.848,990.785,22.355,16.264
2,S-S4#0,S/S4,120.0,168.207,1009.588,49.888,14.329
2,S-S4#0,S/S4,120.0,137.555,331.26,2.853,12.39
2,S-S4#0,S/S4,120.0,155.857,739.69,5.444,14.543
2,S-S4#0,S/S4,120.0,61.25,510.8,16.23,6.042
2,S-S4#0,S/S4,120.0,50.789,659.367,32.939,5.365
2,S-S4#0,S/S4,120.0,41.18,432.078,16.717,4.589
2,S-S4#0,S/S4,120.0,76.823,334.452,16.613,8.714
2,S-S4#0,S/S4,120.0,57.394,309.977,16.479,7.154
2,S-S4#0,S/S4,120.0,38.158,443.658,20.369,5.11
2,S-S4#0,S/S4,120.0,27.168,695.425,39.795,3.657
2,S-S4#0,S/S4,120.0,28.956,702.773,58.91,3.722
2,S-S4#0,S/S4,120.0,32.421,527.133,68.841,3.799
2,S-S4#0,S/S4,120.0,45.991,510.45,49.523,5.343
2,S-S4#0,S/S4,120.0,32.623,890.3,42.177,3.845
2,S-S4#0,S/S4,120.0,22.084,612.037,53.374,2.591
2,S-S4#0,S/S4,120.0,67.061,1510.014,39.957,7.924
2,S-S4#0,S/S4,120.0,120.658,107.913,57.172,14.957
2,S-S4#0,S/S4,120.0,44.605,1137.366,24.181,5.466
2,S-S4#0,S/S4,120.0,23.66,308.266,19.595,3.02
2,S-S4#0,S/S4,120.0,10.006,375.83,26.507,1.274
2,S-S4#0,S/S4,120.0,13.483,705.173,14.053,1.61
2,S-S4#0,S/S4,120.0,19.142,1167.17,4.629,2.273
2,S-S4#0,S/S4,120.0,23.34,1243.622,13.424,2.74
2,S-S4#0,S/S4,120.0,49.283,836.372,22.789,5.695
2,S-S4#0,S/S4,120.0,133.734,799.983,76.467,13.977
2,S-S4#0,S/S4,120.0,65.497,1406.743,23.247,6.317
2,S-S4#0,S/S4,120.0,177.198,1370.67,30.278,16.798
2,S-S4#0,S/S4,120.0,82.802,1666.791,29.952,7.462
2,S-S4#0,S/S4,120.0,6.941,622.748,7.437,0.574
2,S-S4#0,S/S4,120.0,33.535,245.026,60.333,2.657
2,S-S4#0,S/S4,120.0,187.689,1267.007,75.41,14.266
2,S-S4#0,S/S4,120.0,37.871,149.65,27.391,2.773
2,S-S4#0,S/S4,120.0,101.054,206.146,31.157,7.201
2,S-S4#0,S/S4,120.0,62.319,379.343,41.761,4.3
2,S-S4#0,S/S4,120.0,69.496,341.173,69.954,4.708
2,S-S4#0,S/S4,120.0,127.967,695.568,104.766,8.416
2,S-S4#0,S/S4,120.0,191.941,896.61,144.954,12.096
2,S-S4#0,S/S4,120.0,167.477,687.367,162.619,10.559
2,S-S4#0,S/S4,120.0,195.259,739.082,193.201,12.533
2,S-S4#0,S/S4,120.0,226.441,1416.502,185.691,15.524
2,S-S4#0,S/S4,120.0,254.775,1528.932,162.355,19.052
2,S-S4#0,S/S4,120.0,218.758,2005.166,189.163,18.295
2,S-S4#0,S/S4,120.0,228.643,1515.203,132.752,20.164
2,S-S4#0,S/S4,120.0,199.901,385.775,139.12,17.626
2,S-S4#0,S/S4,120.0,138.781,851.153,141.3,12.498
2,S-S4#0,S/S4,120.0,110.158,928.39,183.401,10.124
2,S-S4#0,S/S4,120.0,109.603,1368.593,213.563,10.431
2,S-S4#0,S/S4,120.0,83.577,1657.806,202.836,8.375
2,S-S4#0,S/S4,120.0,79.082,955.578,228.579,8.327
2,S-S4#0,S/S4,120.0,107.342,575.055,243.168,10.923
2,S-S4#0,S/S4,120.0,113.178,252.664,251.038,10.894
2,S-S4#0,S/S4,120.0,80.846,1118.861,242.653,7.106
2,S-S4#0,S/S4,120.0,31.457,1161.708,152.569,2.595
2,S-S4#0,S/S4,120.0,95.473,875.555,181.079,7.206
2,S-S4#0,S/S4,120.0,122.764,996.6,139.99,8.657
2,S-S4#0,S/S4,120.0,70.014,560.912,161.775,4.783
2,S-S4#0,S/S4,120.0,64.103,787.026,200.287,4.47
2,S-S4#0,S/S4,120.0,87.724,1207.137,257.51,6.308
2,S-S4#0,S/S4,120.0,98.402,1326.396,297.167,7.227
2,S-S4#0,S/S4,120.0,60.482,1444.451,323.305,4.478
2,S-S4#0,S/S4,120.0,90.244,1604.126,340.984,6.812
2,S-S4#0,S/S4,120.0,117.852,1862.147,354.693,9.192
2,S-S4#0,S/S4,120.0,117.648,1999.484,291.325,10.06
2,S-S4#0,S/S4,120.0,117.364,1890.809,291.068,10.525
2,S-S4#0,S/S4,120.0,184.335,1167.589,269.671,16.088
2,S-S4#0,S/S4,120.0,149.932,628.138,280.241,13.129
2,S-S4#0,S/S4,120.0,119.047,1030.507,256.455,11.355
2,S-S4#0,S/S4,120.0,99.167,683.416,217.723,10.086
2,S-S4#0,S/S4,120.0,55.588,941.375,193.664,5.383
2,S-S4#0,S/S4,120.0,99.647,1336.617,223.79,9.1
2,S-S4#0,S/S4,120.0,76.372,1309.322,274.038,6.589
2,S-S4#0,S/S4,120.0,106.276,1325.725,325.116,9.133
2,S-S4#0,S/S4,120.0,124.631,1302.561,285.266,11.575
2,S-S4#0,S/S4,120.0,86.455,970.128,224.016,8.625
2,S-S4#0,S/S4,120.0,76.104,1163.919,206.381,7.708
2,S-S4#0,S/S4,120.0,88.217,1239.552,175.082,9.622
2,S-S4#0,S/S4,120.0,69.275,1541.99,147.756,8.483
2,S-S4#0,S/S4,120.0,62.156,1403.889,120.626,8.774
2,S-S4#0,S/S4,120.0,63.264,1108.675,104.984,8.871
2,S-S4#0,S/S4,120.0,84.96,614.807,105.929,11.17
2,S-S4#0,S/S4,120.0,73.633,1494.916,102.283,10.102
2,S-S4#0,S/S4,120.0,14.023,1414.224,78.649,2.395
2,S-S4#0,S/S4,120.0,73.765,1356.996,71.348,17.388
2,S-S4#0,S/S4,120.0,39.562,90.158,61.714,11.9
2,S-S4#0,S/S4,120.0,47.811,235.8,54.462,13.268
2,S-S4#0,S/S4,120.0,38.074,170.117,29.399,8.891
2,S-S4#0,S/S4,120.0,41.862,64.164,2.345,7.794
2,S-S4#0,S/S4,120.0,40.491,53.558,11.673,7.004
2,S-S4#0,S/S4,120.0,44.759,77.957,31.067,6.756
2,S-S4#0,S/S4,120.0,50.745,169.268,50.546,6.495
2,S-S4#0,S/S4,120.0,99.946,24.507,65.701,11.783
2,S-S4#0,S/S4,120.0,81.122,368.868,63.476,10.464
2,S-S4#0,S/S4,120.0,86.567,386.164,60.89,11.407
2,S-S4#0,S/S4,120.0,65.856,882.996,84.802,7.711
2,S-S4#0,S/S4,120.0,2004.976,844.858,1941.064,203.927
2,S-S4#0,S/S4,120.0,127.535,743.711,103.369,11.798
2,S-S4#0,S/S4,120.0,94.423,822.009,90.61,8.517
2,S-S4#0,S/S4,120.0,84.503,543.736,51.269,8.045
2,S-S4#0,S/S4,120.0,108.411,156.264,47.707,11.515
2,S-S4#0,S/S4,120.0,117.53,228.745,44.907,13.059
2,S-S4#0,S/S4,120.0,79.683,674.965,26.975,9.844
2,S-S4#0,S/S4,120.0,52.735,744.163,24.563,7.667
2,S-S4#0,S/S4,120.0,36.822,361.984,7.009,6.439
2,S-S4#0,S/S4,120.0,23.72,596.159,13.017,4.412
2,S-S4#0,S/S4,120.0,38.655,931.019,11.589,8.706
2,S-S4#0,S/S4,120.0,37.558,1283.094,7.587,11.513
2,S-S4#0,S/S4,120.0,32.213,1478.927,7.295,15.907
2,S-S4#0,S/S4,120.0,8.795,882.003,5.163,8.447
2,S-S4#0,S/S4,120.0,18.965,271.559,2.689,40.728
2,S-S4#0,S/S4,120.0,27.718,29.909,3.737,75.94
2,S-S4#0,S/S4,120.0,28.903,32.061,2.945,75.805
2,S-S4#0,S/S4,120.0,37.997,67.462,2.296,41.097
2,S-S4#0,S/S4,120.0,41.17,187.294,1.735,18.326
2,S-S4#0,S/S4,120.0,59.602,331.686,2.05,16.083
2,S-S4#0,S/S4,120.0,68.164,467.606,0.812,13.466
2,S-S4#0,S/S4,120.0,110.199,625.605,1.506,16.608
2,S-S4#0,S/S4,120.0,118.9,770.781,6.503,14.707
2,S-S4#0,S/S4,120.0,134.487,931.465,9.315,14.147
2,S-S4#0,S/S4,120.0,176.148,1158.942,26.782,16.43
2,S-S4#0,S/S4,120.0,133.552,1159.429,29.083,11.73
2,S-S4#0,S/S4,120.0,155.154,1147.568,22.178,12.897
2,S-S4#0,S/S4,120.0,191.297,1231.07,4.995,14.485
2,S-S4#0,S/S4,120.0,208.956,1389.174,11.916,14.555
2,S-S4#0,S/S4,120.0,197.858,302.798,85.307,13.282
2,S-S4#0,S/S4,120.0,202.111,489.4,113.74,13.825
2,S-S4#0,S/S4,120.0,204.242,663.369,164.803,14.317
2,S-S4#0,S/S4,120.0,241.794,964.206,158.335,17.436
2,S-S4#0,S/S4,120.0,274.017,1218.198,130.872,21.328
2,S-S4#0,S/S4,120.0,259.049,1167.925,173.699,21.203
2,S-S4#0,S/S4,120.0,203.326,1800.722,177.456,17.543
2,S-S4#0,S/S4,120.0,108.343,2014.56,228.695,9.632
2,S-S4#0,S/S4,120.0,178.709,1703.658,140.11,15.494
2,S-S4#0,S/S4,120.0,220.204,522.851,215.974,19.035
2,S-S4#0,S/S4,120.0,248.465,549.62,225.01,23.283
2,S-S4#0,S/S4,120.0,193.093,1090.057,232.541,18.2
2,S-S4#0,S/S4,120.0,211.96,612.757,217.817,20.852
2,S-S4#0,S/S4,120.0,262.998,330.531,236.241,28.838
2,S-S4#0,S/S4,120.0,183.679,879.063,173.169,21.894
2,S-S4#0,S/S4,120.0,188.24,744.252,164.847,21.911
2,S-S4#0,S/S4,120.0,213.41,412.257,225.074,23.093
2,S-S4#0,S/S4,120.0,210.788,559.554,203.363,23.199
2,S-S4#0,S/S4,120.0,165.187,201.965,198.989,19.877
2,S-S4#0,S/S4,120.0,106.956,484.866,176.65,13.577
2,S-S4#0,S/S4,120.0,95.381,1251.975,150.987,12.399
2,S-S4#0,S/S4,120.0,136.234,760.233,202.335,16.281
2,S-S4#0,S/S4,120.0,185.078,164.935,207.933,19.167
2,S-S4#0,S/S4,120.0,206.61,539.853,250.862,20.467
2,S-S4#0,S/S4,120.0,222.761,998.219,269.365,20.479
2,S-S4#0,S/S4,120.0,394.033,1132.855,463.656,32.485
2,S-S4#0,S/S4,120.0,163.984,467.393,252.304,12.638
2,S-S4#0,S/S4,120.0,156.494,907.154,281.292,11.836
2,S-S4#0,S/S4,120.0,159.148,881.082,254.26,12.335
2,S-S4#0,S/S4,120.0,199.465,1216.623,249.927,14.929
2,S-S4#0,S/S4,120.0,212.191,1264.415,223.373,14.519
2,S-S4#0,S/S4,120.0,260.136,1406.115,184.681,17.346
2,S-S4#0,S/S4,120.0,294.043,869.678,186.477,19.424
2,S-S4#0,S/S4,120.0,195.945,379.739,191.592,13.413
2,S-S4#0,S/S4,120.0,171.928,531.431,201.672,12.223
2,S-S4#0,S/S4,120.0,258.452,555.152,151.475,18.909
2,S-S4#0,S/S4,120.0,241.407,530.786,162.96,17.99
2,S-S4#0,S/S4,120.0,344.052,270.429,134.64,25.664
2,S-S4#0,S/S4,120.0,363.229,572.657,113.694,27.319
2,S-S4#0,S/S4,120.0,178.985,1111.277,100.103,13.761
2,S-S4#0,S/S4,120.0,191.652,1112.029,63.941,14.266
2,S-S4#0,S/S4,120.0,185.755,1051.458,42.399,13.836
2,S-S4#0,S/S4,120.0,170.174,816.713,33.506,13.315
2,S-S4#0,S/S4,120.0,140.581,657.859,43.213,11.739
2,S-S4#0,S/S4,120.0,94.846,477.326,35.265,8.562
2,S-S4#0,S/S4,120.0,75.493,366.253,24.127,6.977
2,S-S4#0,S/S4,120.0,46.911,230.427,29.954,4.405
2,S-S4#0,S/S4,120.0,51.63,283.386,48.538,4.887
2,S-S4#0,S/S4,120.0,54.562,655.218,72.054,5.147
2,S-S4#0,S/S4,120.0,85.31,831.379,88.568,8.196
2,S-S4#0,S/S4,120.0,136.373,1735.583,111.101,13.607
2,S-S4#0,S/S4,120.0,129.972,1272.567,116.719,14.446
2,S-S4#0,S/S4,120.0,140.976,1106.643,110.376,17.593
2,S-S4#0,S/S4,120.0,117.689,745.051,83.421,15.562
2,S-S4#0,S/S4,120.0,143.0,472.149,56.39,18.301
2,S-S4#0,S/S4,120.0,737.768,341.474,660.456,92.966
2,S-S4#0,S/S4,120.0,74.804,275.909,28.062,9.001
2,S-S4#0,S/S4,120.0,92.772,180.613,23.014,10.799
2,S-S4#0,S/S4,120.0,95.196,213.014,15.986,11.093
2,S-S4#0,S/S4,120.0,106.311,339.827,19.667,12.516
2,S-S4#0,S/S4,120.0,147.586,318.813,27.266,17.69
2,S-S4#0,S/S4,120.0,183.085,304.239,30.59,21.397
2,S-S4#0,S/S4,120.0,157.009,836.485,13.549,17.364
2,S-S4#0,S/S4,120.0,142.421,877.307,67.245,14.098
2,S-S4#0,S/S4,120.0,191.223,881.55,19.501,17.34
2,S-S4#0,S/S4,120.0,205.92,527.569,20.46,17.706
2,S-S4#0,S/S4,120.0,200.7,414.073,34.073,16.687
2,S-S4#0,S/S4,120.0,214.973,547.149,43.424,16.297
2,S-S4#0,S/S4,120.0,177.041,464.836,59.218,12.806
2,S-S4#0,S/S4,120.0,175.955,670.42,79.235,12.416
2,S-S4#0,S/S4,120.0,208.426,68.936,107.198,14.25
2,S-S4#0,S/S4,120.0,204.174,83.522,137.83,13.703
2,S-S4#0,S/S4,120.0,205.801,1139.974,134.087,14.388
2,S-S4#0,S/S4,120.0,139.852,1086.037,130.681,10.722
2,S-S4#0,S/S4,120.0,97.265,1230.145,120.855,8.006
2,S-S4#0,S/S4,120.0,98.177,1950.591,113.653,7.912
2,S-S4#0,S/S4,120.0,148.696,1750.164,112.963,11.911
2,S-S4#0,S/S4,120.0,143.199,1369.615,96.223,12.005
2,S-S4#0,S/S4,120.0,128.046,1284.694,102.062,10.786
2,S-S4#0,S/S4,120.0,145.115,1279.045,117.497,12.244
2,S-S4#0,S/S4,120.0,147.441,1384.177,143.518,12.231
2,S-S4#0,S/S4,120.0,136.763,1600.2,154.533,11.429
2,S-S4#0,S/S4,120.0,221.879,1805.709,143.953,19.919
2,S-S4#0,S/S4,120.0,143.495,1402.589,110.154,13.936
2,S-S4#0,S/S4,120.0,148.849,820.873,117.098,14.806
2,S-S4#0,S/S4,120.0,76.174,839.154,18.214,7.331
2,S-S4#0,S/S4,120.0,87.83,653.412,50.592,8.091
2,S-S4#0,S/S4,120.0,117.462,808.237,9.524,10.933
2,S-S4#0,S/S4,120.0,85.405,308.806,8.974,7.91
2,S-S4#0,S/S4,120.0,66.504,148.258,37.567,5.818
2,S-S4#0,S/S4,120.0,55.152,331.237,43.329,5.05
2,S-S4#0,S/S4,120.0,37.155,548.816,52.201,3.582
2,S-S4#0,S/S4,120.0,70.395,474.087,27.3,7.068
2,S-S4#0,S/S4,120.0,70.135,313.309,9.065,7.087
2,S-S4#0,S/S4,120.0,66.795,274.644,22.17,6.35
2,S-S4#0,S/S4,120.0,20.441,168.015,22.956,1.887
2,S-S4#0,S/S4,120.0,27.998,255.647,33.03,2.436
2,S-S4#0,S/S4,120.0,14.401,333.009,22.315,1.215
2,S-S4#0,S/S4,120.0,22.551,673.929,24.88,1.889
2,S-S4#0,S/S4,120.0,24.324,815.272,32.689,2.148
2,S-S4#0,S/S4,120.0,37.931,1061.989,42.564,3.535
2,S-S4#0,S/S4,120.0,30.043,777.719,50.338,2.903
2,S-S4#0,S/S4,120.0,50.361,275.073,64.627,4.742
2,S-S4#0,S/S4,120.0,28.261,496.795,68.929,2.712
2,S-S4#0,S/S4,120.0,28.49,783.728,71.471,2.82
2,S-S4#0,S/S4,120.0,50.322,788.143,76.507,4.972
2,S-S4#0,S/S4,120.0,87.041,641.626,86.121,9.387
2,S-S4#0,S/S4,120.0,173.821,1056.274,44.766,20.2
2,S-S4#0,S/S4,120.0,182.454,673.214,64.677,21.349
2,S-S4#0,S/S4,120.0,77.383,558.48,52.77,8.728
2,S-S4#0,S/S4,120.0,92.051,204.941,59.98,10.521
2,S-S4#0,S/S4,120.0,59.069,1614.504,59.317,6.697
2,S-S4#0,S/S4,120.0,51.342,193.636,49.327,5.737
2,S-S4#0,S/S4,120.0,57.039,438.03,36.785,6.538
2,S-S4#0,S/S4,120.0,57.6,970.492,46.496,6.645
2,S-S4#0,S/S4,120.0,60.777,655.782,29.931,6.841
2,S-S4#0,S/S4,120.0,78.219,364.147,27.326,8.87
2,S-S4#0,S/S4,120.0,61.423,189.319,6.904,6.964
2,S-S4#0,S/S4,120.0,40.082,237.393,2.844,4.383
2,S-S4#0,S/S4,120.0,38.322,163.727,4.678,3.971
2,S-S4#0,S/S4,120.0,43.584,344.685,11.266,4.772
2,S-S4#0,S/S4,120.0,34.447,343.573,12.423,3.98
2,S-S4#0,S/S4,120.0,30.394,64.721,13.933,3.311
2,S-S4#0,S/S4,120.0,45.8,636.166,17.474,4.703
2,S-S4#0,S/S4,120.0,58.139,839.679,27.825,5.67
2,S-S4#0,S/S4,120.0,59.003,379.418,33.21,5.705
2,S-S4#0,S/S4,120.0,35.853,137.663,22.675,3.806
2,S-S4#0,S/S4,120.0,60.846,381.401,22.509,7.105
2,S-S4#0,S/S4,120.0,50.591,288.367,24.931,6.352
2,S-S4#0,S/S4,120.0,83.178,367.55,12.451,12.102
2,S-S4#0,S/S4,120.0,33.006,419.07,66.628,5.218
2,S-S4#0,S/S4,120.0,125.109,1520.735,13.926,18.889
2,S-S4#0,S/S4,120.0,87.715,787.01,3.208,11.683
2,S-S4#0,S/S4,120.0,26.121,556.032,16.085,3.461
2,S-S4#0,S/S4,120.0,32.833,777.026,27.902,4.669
2,S-S4#0,S/S4,120.0,43.372,859.74,24.181,6.854
2,S-S4#0,S/S4,120.0,17.394,759.067,11.989,2.864
2,S-S4#0,S/S4,120.0,86.131,277.078,107.103,13.377
2,S-S4#0,S/S4,120.0,50.43,295.741,116.224,7.366
2,S-S4#0,S/S4,120.0,43.569,350.612,135.594,5.835
2,S-S4#0,S/S4,120.0,43.645,351.338,137.999,5.32
2,S-S4#0,S/S4,120.0,46.956,349.347,137.154,5.043
2,S-S4#0,S/S4,120.0,87.963,436.069,15.248,8.489
2,S-S4#0,S/S4,120.0,58.577,737.015,20.496,6.031
2,S-S4#0,S/S4,120.0,38.789,594.074,22.644,4.303
2,S-S4#0,S/S4,120.0,41.511,114.038,24.825,4.725
2,S-S4#0,S/S4,120.0,32.294,196.071,21.053,3.688
2,S-S4#0,S/S4,120.0,36.782,739.215,21.017,4.082
2,S-S4#0,S/S4,120.0,50.509,919.376,18.278,5.91
2,S-S4#0,S/S4,120.0,57.015,671.717,16.762,6.848
2,S-S4#0,S/S4,120.0,104.315,268.14,11.562,11.757
2,S-S4#0,S/S4,120.0,82.592,79.968,16.276,8.942
2,S-S4#0,S/S4,120.0,103.127,237.074,26.174,10.753
2,S-S4#0,S/S4,120.0,124.592,409.652,35.941,13.409
2,S-S4#0,S/S4,120.0,94.697,368.448,31.793,10.46
2,S-S4#0,S/S4,120.0,187.126,524.822,90.184,18.286
2,S-S4#0,S/S4,120.0,128.662,968.32,36.309,12.338
2,S-S4#0,S/S4,120.0,136.814,961.632,64.003,12.818
2,S-S4#0,S/S4,120.0,187.127,1268.035,39.414,17.39
2,S-S4#0,S/S4,120.0,198.319,1211.879,32.671,18.621
2,S-S4#0,S/S4,120.0,107.357,735.236,22.826,10.501
2,S-S4#0,S/S4,120.0,79.287,310.803,22.743,8.166
2,S-S4#0,S/S4,120.0,79.519,383.671,14.218,8.396
2,S-S4#0,S/S4,120.0,81.725,456.223,11.552,9.627
2,S-S4#0,S/S4,120.0,73.366,542.097,11.774,9.881
2,S-S4#0,S/S4,120.0,126.228,431.733,26.551,16.765
2,S-S4#0,S/S4,120.0,102.243,300.742,4.972,13.228
2,S-S4#0,S/S4,120.0,82.708,408.204,3.49,11.478
2,S-S4#0,S/S4,120.0,86.155,424.932,3.146,12.021
2,S-S4#0,S/S4,120.0,105.123,629.318,2.683,15.793
2,S-S4#0,S/S4,120.0,112.077,326.518,2.806,16.813
2,S-S4#0,S/S4,120.0,138.635,1147.743,5.207,20.66
2,S-S4#0,S/S4,120.0,102.672,589.116,47.598,14.325
2,S-S4#0,S/S4,120.0,102.342,966.557,1.256,14.862
2,S-S4#0,S/S4,120.0,72.377,614.55,38.077,10.229
2,S-S4#0,S/S4,120.0,121.416,666.673,63.011,15.907
2,S-S4#0,S/S4,120.0,133.385,420.719,35.596,16.197
2,S-S4#0,S/S4,120.0,131.066,1801.184,11.499,15.212
2,S-S4#0,S/S4,120.0,123.89,942.343,14.102,14.402
2,S-S4#0,S/S4,120.0,109.488,805.333,12.483,12.981
2,S-S4#0,S/S4,120.0,72.468,486.982,11.287,9.137
2,S-S4#0,S/S4,120.0,55.153,505.953,9.781,7.007
2,S-S4#0,S/S4,120.0,49.279,613.759,14.179,6.977
2,S-S4#0,S/S4,120.0,36.944,508.074,10.03,5.871
2,S-S4#0,S/S4,120.0,24.432,364.987,9.726,4.298
2,S-S4#0,S/S4,120.0,28.284,378.229,5.979,5.002
2,S-S4#0,S/S4,120.0,39.161,471.429,2.012,8.236
2,S-S4#0,S/S4,120.0,90.667,402.093,11.173,21.579
2,S-S4#1,S/S4,10.0,0.832,0.807,1.185,80.08
2,S-S4#1,S/S4,10.0,1.058,6.131,1.077,31.01
2,S-S4#1,S/S4,10.0,36.015,18.618,36.376,196.391
2,S-S4#1,S/S4,10.0,21.487,14.886,1.331,73.696
2,S-S4#1,S/S4,10.0,16.042,75.386,0.744,18.538
2,S-S4#1,S/S4,10.0,4.068,21.099,2.784,4.177
2,S-S4#1,S/S4,10.0,3.824,2.786,1.906,11.462
2,S-S4#1,S/S4,10.0,21.222,46.822,0.505,95.158
2,S-S4#1,S/S4,10.0,5.126,73.4,1.021,7.95
2,S-S4#1,S/S4,10.0,5.295,1.477,0.607,5.414
2,S-S4#1,S/S4,10.0,16.704,46.452,1.046,60.696
2,S-S4#1,S/S4,10.0,3.142,30.132,2.308,9.772
2,S-S4#1,S/S4,10.0,11.754,19.362,0.86,14.26
2,S-S4#1,S/S4,10.0,15.244,19.991,1.259,21.984
2,S-S4#1,S/S4,10.0,4.515,25.515,0.927,7.402
2,S-S4#1,S/S4,10.0,15.804,28.908,1.785,19.467
2,S-S4#1,S/S4,10.0,3.179,49.597,2.197,9.166
2,S-S4#1,S/S4,10.0,9.584,17.297,0.447,25.686
2,S-S4#1,S/S4,10.0,8.64,42.896,2.944,23.447
2,S-S4#1,S/S4,10.0,6.929,64.811,1.802,10.343
2,S-S4#1,S/S4,10.0,18.836,22.513,0.586,17.271
2,S-S4#1,S/S4,10.0,20.389,54.313,3.527,26.588
2,S-S4#1,S/S4,10.0,4.69,13.402,0.537,5.093
2,S-S4#1,S/S4,10.0,2.902,107.157,2.127,4.101
2,S-S4#1,S/S4,10.0,13.604,17.254,0.529,15.598
2,S-S4#1,S/S4,10.0,0.711,25.519,0.804,6.507
2,S-S4#1,S/S4,10.0,4.774,52.218,1.055,8.321
2,S-S4#1,S/S4,10.0,13.395,6.92,0.584,15.133
2,S-S4#1,S/S4,10.0,6.968,52.986,1.665,20.873
2,S-S4#1,S/S4,10.0,5.529,12.215,0.516,13.103
2,S-S4#1,S/S4,10.0,9.683,61.611,1.691,13.917
2,S-S4#1,S/S4,10.0,9.455,27.686,1.092,13.766
2,S-S4#1,S/S4,10.0,10.003,9.984,1.232,11.826
2,S-S4#1,S/S4,10.0,8.0,45.854,0.839,22.831
2,S-S4#1,S/S4,10.0,1.223,46.028,1.327,2.802
2,S-S4#1,S/S4,10.0,14.983,56.437,2.22,23.865
2,S-S4#1,S/S4,10.0,6.64,17.441,1.281,6.847
2,S-S4#1,S/S4,10.0,13.053,39.271,0.947,14.782
2,S-S4#1,S/S4,10.0,33.813,38.603,1.155,53.908
2,S-S4#1,S/S4,10.0,3.611,20.245,0.845,15.067
2,S-S4#1,S/S4,10.0,4.159,1.658,0.499,7.977
2,S-S4#1,S/S4,10.0,5.787,1.068,1.383,11.316
2,S-S4#1,S/S4,10.0,7.279,41.866,3.322,9.155
2,S-S4#1,S/S4,10.0,8.217,8.106,0.413,7.086
2,S-S4#1,S/S4,10.0,12.829,12.766,1.213,12.123
2,S-S4#1,S/S4,10.0,13.401,34.296,2.552,12.132
2,S-S4#1,S/S4,10.0,10.023,4.812,1.079,10.877
2,S-S4#1,S/S4,10.0,12.381,11.451,0.788,16.045
2,S-S4#1,S/S4,10.0,8.452,56.476,2.763,10.125
2,S-S4#1,S/S4,10.0,6.475,21.487,1.44,8.916
2,S-S4#1,S/S4,10.0,2.369,71.88,0.722,2.848
2,S-S4#1,S/S4,10.0,3.87,32.22,0.501,13.014
2,S-S4#1,S/S4,10.0,12.762,87.599,1.299,16.64
2,S-S4#1,S/S4,10.0,8.855,38.823,2.488,7.941
2,S-S4#1,S/S4,10.0,19.55,33.063,1.885,24.791
2,S-S4#1,S/S4,10.0,1.873,15.209,1.058,3.492
2,S-S4#1,S/S4,10.0,5.467,16.504,1.127,10.158
2,S-S4#1,S/S4,10.0,8.065,78.248,0.872,12.452
2,S-S4#1,S/S4,10.0,4.126,13.237,0.969,3.664
2,S-S4#1,S/S4,10.0,3.383,1.406,0.443,2.77
2,S-S4#1,S/S4,10.0,15.119,70.593,2.617,19.574
2,S-S4#1,S/S4,10.0,1.637,5.262,0.417,2.032
2,S-S4#1,S/S4,10.0,2.583,28.151,1.059,3.804
2,S-S4#1,S/S4,10.0,0.494,5.411,0.186,0.495
2,S-S4#1,S/S4,10.0,5.494,11.61,0.227,6.993
2,S-S4#1,S/S4,10.0,8.209,61.499,1.6,11.576
2,S-S4#1,S/S4,10.0,8.593,105.798,2.786,11.641
2,S-S4#1,S/S4,10.0,0.723,62.856,2.571,1.377
2,S-S4#1,S/S4,10.0,5.507,16.547,0.667,8.034
2,S-S4#1,S/S4,10.0,9.475,8.948,0.911,12.609
2,S-S4#1,S/S4,10.0,4.426,11.208,1.296,5.824
2,S-S4#1,S/S4,10.0,6.555,10.531,0.752,8.236
2,S-S4#1,S/S4,10.0,21.495,28.664,1.459,35.161
2,S-S4#1,S/S4,10.0,3.398,60.334,0.794,7.467
2,S-S4#1,S/S4,10.0,4.848,27.798,0.754,5.533
2,S-S4#1,S/S4,10.0,7.337,6.548,0.538,8.049
2,S-S4#1,S/S4,10.0,19.164,42.807,0.572,23.701
2,S-S4#1,S/S4,10.0,6.017,67.525,4.12,11.295
2,S-S4#1,S/S4,10.0,9.831,4.235,0.854,12.322
2,S-S4#1,S/S4,10.0,4.191,37.919,0.931,16.089
2,S-S4#1,S/S4,10.0,3.169,39.702,1.177,7.334
2,S-S4#1,S/S4,10.0,14.913,3.068,1.336,18.423
2,S-S4#1,S/S4,10.0,16.983,46.756,1.926,55.161
2,S-S4#1,S/S4,10.0,9.269,54.539,1.839,12.37
2,S-S4#1,S/S4,10.0,6.704,48.467,2.003,16.58
2,S-S4#1,S/S4,10.0,16.846,5.11,0.953,28.255
2,S-S4#1,S/S4,10.0,14.459,17.185,8.383,143.872
2,S-S4#1,S/S4,10.0,46.609,23.775,51.626,169.866
2,S-S4#1,S/S4,10.0,11.406,9.13,0.805,12.906
2,S-S4#1,S/S4,10.0,22.702,25.572,1.021,32.028
2,S-S4#1,S/S4,10.0,7.497,62.237,1.057,13.204
2,S-S4#1,S/S4,10.0,9.269,52.366,1.453,27.358
2,S-S4#1,S/S4,10.0,4.415,40.812,2.655,5.167
2,S-S4#1,S/S4,10.0,4.618,6.071,0.915,3.925
2,S-S4#1,S/S4,10.0,7.389,12.997,3.265,5.687
2,S-S4#1,S/S4,10.0,2.842,14.313,0.494,2.178
2,S-S4#1,S/S4,10.0,9.712,87.191,2.597,14.058
2,S-S4#1,S/S4,10.0,0.684,12.058,4.843,0.736
2,S-S4#1,S/S4,10.0,6.326,7.59,5.969,6.758
2,S-S4#1,S/S4,10.0,3.082,17.313,8.447,3.282
2,S-S4#1,S/S4,10.0,8.279,15.274,8.392,9.003
2,S-S4#1,S/S4,10.0,6.114,36.689,3.373,17.492
2,S-S4#1,S/S4,10.0,17.213,32.476,2.235,16.058
2,S-S4#1,S/S4,10.0,4.954,5.361,2.866,3.858
2,S-S4#1,S/S4,10.0,14.705,64.673,3.078,15.887
2,S-S4#1,S/S4,10.0,1.314,52.586,2.338,1.295
2,S-S4#1,S/S4,10.0,6.309,2.792,2.605,5.116
2,S-S4#1,S/S4,10.0,1.871,19.44,2.086,1.76
2,S-S4#1,S/S4,10.0,20.804,39.009,1.226,16.647
2,S-S4#1,S/S4,10.0,8.466,37.136,2.702,8.677
2,S-S4#1,S/S4,10.0,2.53,2.602,0.937,4.783
2,S-S4#1,S/S4,10.0,3.261,2.017,0.854,6.173
2,S-S4#1,S/S4,10.0,5.367,33.84,2.269,5.9
2,S-S4#1,S/S4,10.0,6.767,18.959,1.238,5.993
2,S-S4#1,S/S4,10.0,11.447,16.344,1.168,10.065
2,S-S4#1,S/S4,10.0,10.709,27.771,0.373,11.482
2,S-S4#1,S/S4,10.0,2.633,19.26,1.029,2.416
2,S-S4#1,S/S4,10.0,16.665,20.701,1.99,26.16
2,S-S4#1,S/S4,10.0,11.458,76.777,1.257,9.621
2,S-S4#1,S/S4,10.0,13.955,21.498,2.227,9.989
2,S-S4#1,S/S4,10.0,19.604,56.729,3.901,14.182
2,S-S4#1,S/S4,10.0,21.297,55.388,4.569,14.865
2,S-S4#1,S/S4,10.0,15.065,45.697,1.308,11.118
2,S-S4#1,S/S4,10.0,15.627,31.79,1.892,12.997
2,S-S4#1,S/S4,10.0,0.973,38.309,1.03,7.998
2,S-S4#1,S/S4,10.0,5.769,39.784,4.068,8.959
2,S-S4#1,S/S4,10.0,4.986,35.569,0.888,4.343
2,S-S4#1,S/S4,10.0,5.909,18.495,0.523,4.358
2,S-S4#1,S/S4,10.0,7.052,97.485,2.76,5.197
2,S-S4#1,S/S4,10.0,2.884,2.325,2.383,2.121
2,S-S4#1,S/S4,10.0,14.769,78.849,0.126,11.25
2,S-S4#1,S/S4,10.0,7.249,53.459,1.376,6.296
2,S-S4#1,S/S4,10.0,2.549,26.309,0.801,33.025
2,S-S4#1,S/S4,10.0,0.997,3.976,0.729,25.119
2,S-S4#1,S/S4,10.0,10.012,43.909,1.377,10.702
2,S-S4#1,S/S4,10.0,16.34,9.383,1.269,11.655
2,S-S4#1,S/S4,10.0,1.805,2.106,0.363,1.2
2,S-S4#1,S/S4,10.0,25.958,52.041,2.046,33.618
2,S-S4#1,S/S4,10.0,11.674,48.896,3.174,24.028
2,S-S4#1,S/S4,10.0,10.778,33.034,0.817,8.383
2,S-S4#1,S/S4,10.0,4.777,14.862,0.375,3.037
2,S-S4#1,S/S4,10.0,12.011,6.221,1.459,7.243
2,S-S4#1,S/S4,10.0,9.394,17.999,0.47,6.407
2,S-S4#1,S/S4,10.0,32.963,45.161,1.132,50.911
2,S-S4#1,S/S4,10.0,9.324,26.592,1.328,24.268
2,S-S4#1,S/S4,10.0,3.181,117.647,1.703,3.769
2,S-S4#1,S/S4,10.0,9.735,38.216,1.125,13.482
2,S-S4#1,S/S4,10.0,0.699,57.593,2.08,0.929
2,S-S4#1,S/S4,10.0,12.366,17.207,1.909,9.089
2,S-S4#1,S/S4,10.0,8.311,1.087,0.854,5.932
2,S-S4#1,S/S4,10.0,2.06,27.88,0.234,1.606
2,S-S4#1,S/S4,10.0,10.178,6.565,0.891,7.253
2,S-S4#1,S/S4,10.0,10.721,35.169,1.226,9.718
2,S-S4#1,S/S4,10.0,7.628,35.863,0.78,40.137
2,S-S4#1,S/S4,10.0,1.031,1.524,0.954,45.2
2,S-S4#1,S/S4,10.0,6.493,45.228,1.867,7.915
2,S-S4#1,S/S4,10.0,19.36,28.901,1.072,14.088
2,S-S4#1,S/S4,10.0,23.179,34.769,0.614,14.927
2,S-S4#1,S/S4,10.0,12.389,6.828,5.144,7.605
2,S-S4#1,S/S4,10.0,8.685,44.678,1.652,6.047
2,S-S4#1,S/S4,10.0,8.027,13.968,0.459,5.853
2,S-S4#1,S/S4,10.0,2.784,27.834,0.309,1.905
2,S-S4#1,S/S4,10.0,6.095,24.657,0.849,5.912
2,S-S4#1,S/S4,10.0,26.619,32.85,0.8,17.335
2,S-S4#1,S/S4,10.0,40.554,67.016,3.602,18.277
2,S-S4#1,S/S4,10.0,19.157,26.27,1.723,8.651
2,S-S4#1,S/S4,10.0,7.829,60.629,1.627,4.056
2,S-S4#1,S/S4,10.0,0.934,59.889,2.443,0.649
2,S-S4#1,S/S4,10.0,5.705,117.666,3.434,4.44
2,S-S4#1,S/S4,10.0,32.139,19.194,1.334,17.45
2,S-S4#1,S/S4,10.0,29.977,27.285,0.445,14.1
2,S-S4#1,S/S4,10.0,31.377,24.916,2.549,13.107
2,S-S4#1,S/S4,10.0,45.549,108.61,3.196,18.851
2,S-S4#1,S/S4,10.0,59.389,4.299,1.667,23.237
2,S-S4#1,S/S4,10.0,31.374,82.918,2.435,13.327
2,S-S4#1,S/S4,10.0,20.697,55.145,2.59,10.372
2,S-S4#1,S/S4,10.0,3.484,40.345,1.802,2.258
2,S-S4#1,S/S4,10.0,10.203,70.511,0.356,8.433
2,S-S4#1,S/S4,10.0,14.07,6.582,0.202,8.313
2,S-S4#1,S/S4,10.0,22.277,17.389,0.403,12.728
2,S-S4#1,S/S4,10.0,10.085,5.136,1.318,5.34
2,S-S4#1,S/S4,10.0,18.213,32.151,3.193,9.514
2,S-S4#1,S/S4,10.0,15.216,14.081,1.71,8.13
2,S-S4#1,S/S4,10.0,18.022,11.448,1.129,10.54
2,S-S4#1,S/S4,10.0,22.883,24.704,4.121,12.35
2,S-S4#1,S/S4,10.0,9.026,24.765,2.349,4.887
2,S-S4#1,S/S4,10.0,7.065,45.812,3.325,5.854
2,S-S4#1,S/S4,10.0,13.847,98.898,2.404,13.983
2,S-S4#1,S/S4,10.0,13.743,26.914,3.098,8.791
2,S-S4#1,S/S4,10.0,17.165,23.899,3.165,10.405
2,S-S4#1,S/S4,10.0,19.93,20.478,3.793,11.917
2,S-S4#1,S/S4,10.0,19.854,7.514,2.966,10.595
2,S-S4#1,S/S4,10.0,25.716,24.208,0.926,13.442
2,S-S4#1,S/S4,10.0,12.246,8.088,3.052,7.02
2,S-S4#1,S/S4,10.0,11.832,33.73,2.433,8.332
2,S-S4#1,S/S4,10.0,16.305,45.412,1.166,48.027
2,S-S4#1,S/S4,10.0,13.556,52.024,10.559,19.875
2,S-S4#1,S/S4,10.0,16.443,11.009,1.569,11.657
2,S-S4#1,S/S4,10.0,18.99,3.576,0.962,12.135
2,S-S4#1,S/S4,10.0,2.733,10.644,0.501,1.7
2,S-S4#1,S/S4,10.0,5.264,8.989,0.614,3.265
2,S-S4#1,S/S4,10.0,20.289,38.844,0.289,12.201
2,S-S4#1,S/S4,10.0,31.28,28.033,2.892,17.776
2,S-S4#1,S/S4,10.0,10.446,30.664,3.651,6.184
2,S-S4#1,S/S4,10.0,29.897,28.142,4.856,17.416
2,S-S4#1,S/S4,10.0,0.935,58.036,3.728,0.76
2,S-S4#1,S/S4,10.0,17.402,152.174,4.935,14.147
2,S-S4#1,S/S4,10.0,29.451,21.487,2.933,14.153
2,S-S4#1,S/S4,10.0,26.005,11.312,2.38,11.454
2,S-S4#1,S/S4,10.0,14.037,8.245,5.513,5.685
2,S-S4#1,S/S4,10.0,31.547,17.886,5.38,12.689
2,S-S4#1,S/S4,10.0,21.097,16.51,3.337,8.603
2,S-S4#1,S/S4,10.0,22.902,4.948,5.247,9.154
2,S-S4#1,S/S4,10.0,20.142,5.234,4.045,8.051
2,S-S4#1,S/S4,10.0,5.583,18.86,4.322,2.377
2,S-S4#1,S/S4,10.0,31.494,53.38,5.369,13.75
2,S-S4#1,S/S4,10.0,38.666,54.559,7.479,16.701
2,S-S4#1,S/S4,10.0,50.538,13.708,5.742,19.103
2,S-S4#1,S/S4,10.0,2.837,68.985,3.382,1.216
2,S-S4#1,S/S4,10.0,42.955,103.37,1.185,18.784
2,S-S4#1,S/S4,10.0,42.398,29.335,1.2,18.818
2,S-S4#1,S/S4,10.0,35.202,126.45,24.085,17.426
2,S-S4#1,S/S4,10.0,40.554,81.752,8.576,18.406
2,S-S4#1,S/S4,10.0,52.815,70.442,2.938,21.46
2,S-S4#1,S/S4,10.0,46.667,60.615,2.893,18.34
2,S-S4#1,S/S4,10.0,43.443,13.607,5.671,16.017
2,S-S4#1,S/S4,10.0,42.102,49.428,8.5,16.571
2,S-S4#1,S/S4,10.0,56.934,39.454,7.536,20.724
2,S-S4#1,S/S4,10.0,45.942,12.656,6.116,15.774
2,S-S4#1,S/S4,10.0,34.128,17.768,5.847,12.957
2,S-S4#1,S/S4,10.0,40.758,1.471,6.758,15.852
2,S-S4#1,S/S4,10.0,32.674,22.576,7.148,13.166
2,S-S4#1,S/S4,10.0,9.021,45.673,6.153,4.684
2,S-S4#1,S/S4,10.0,21.779,58.26,1.854,44.579
2,S-S4#1,S/S4,10.0,15.47,32.114,2.012,47.566
2,S-S4#1,S/S4,10.0,3.461,16.114,2.032,3.32
2,S-S4#1,S/S4,10.0,46.304,113.094,4.936,24.861
2,S-S4#1,S/S4,10.0,52.027,75.989,7.431,22.231
2,S-S4#1,S/S4,10.0,58.121,60.147,10.028,21.73
2,S-S4#1,S/S4,10.0,40.307,34.23,6.978,14.189
2,S-S4#1,S/S4,10.0,43.583,14.173,5.712,15.556
2,S-S4#1,S/S4,10.0,27.641,82.165,2.377,11.063
2,S-S4#1,S/S4,10.0,11.304,55.319,2.276,8.516
2,S-S4#1,S/S4,10.0,7.831,91.886,2.419,9.245
2,S-S4#1,S/S4,10.0,6.009,81.211,0.682,7.284
2,S-S4#1,S/S4,10.0,3.935,103.648,1.932,4.304
2,S-S4#1,S/S4,10.0,25.418,48.239,1.762,15.481
2,S-S4#1,S/S4,10.0,54.4,63.122,6.953,23.606
2,S-S4#1,S/S4,10.0,3.954,8.527,5.673,1.602
2,S-S4#1,S/S4,10.0,32.096,9.781,5.415,11.694
2,S-S4#1,S/S4,10.0,31.984,73.898,2.99,12.146
2,S-S4#1,S/S4,10.0,33.014,99.942,2.327,12.74
2,S-S4#1,S/S4,10.0,3.231,49.99,1.412,1.803
2,S-S4#1,S/S4,10.0,4.211,92.018,1.423,3.368
2,S-S4#1,S/S4,10.0,38.642,42.555,5.662,17.84
2,S-S4#1,S/S4,10.0,47.313,26.037,1.913,18.879
2,S-S4#1,S/S4,10.0,47.123,25.805,1.311,16.936
2,S-S4#1,S/S4,10.0,27.821,13.474,0.953,9.69
2,S-S4#1,S/S4,10.0,11.352,9.155,0.469,4.136
2,S-S4#1,S/S4,10.0,24.394,36.58,0.946,10.802
2,S-S4#1,S/S4,10.0,40.205,47.94,2.697,17.366
2,S-S4#1,S/S4,10.0,34.055,44.598,2.705,14.223
2,S-S4#1,S/S4,10.0,31.091,4.567,2.612,12.863
2,S-S4#1,S/S4,10.0,37.965,48.723,1.412,16.202
2,S-S4#1,S/S4,10.0,26.997,57.148,1.757,11.61
2,S-S4#1,S/S4,10.0,36.043,98.462,2.679,16.176
2,S-S4#1,S/S4,10.0,27.439,134.966,6.382,12.363
2,S-S4#1,S/S4,10.0,37.547,24.837,4.123,17.867
2,S-S4#1,S/S4,10.0,32.958,88.199,1.084,15.7
2,S-S4#1,S/S4,10.0,51.788,66.315,3.604,21.601
2,S-S4#1,S/S4,10.0,42.943,1.307,0.691,17.781
2,S-S4#1,S/S4,10.0,32.125,65.04,0.992,13.304
2,S-S4#1,S/S4,10.0,35.337,66.27,2.388,14.759
2,S-S4#1,S/S4,10.0,29.012,4.109,0.639,11.978
2,S-S4#1,S/S4,10.0,11.083,10.537,1.34,4.713
2,S-S4#1,S/S4,10.0,34.114,8.014,2.338,15.021
2,S-S4#1,S/S4,10.0,29.822,12.0,1.003,13.14
2,S-S4#1,S/S4,10.0,21.505,11.972,0.539,9.061
2,S-S4#1,S/S4,10.0,53.589,19.024,2.659,20.374
2,S-S4#1,S/S4,10.0,40.571,16.171,1.099,17.078
2,S-S4#1,S/S4,10.0,3.32,40.684,1.619,1.916
2,S-S4#1,S/S4,10.0,14.929,53.707,1.396,35.413
2,S-S4#1,S/S4,10.0,5.699,46.797,5.908,10.418
2,S-S4#1,S/S4,10.0,1.129,65.145,1.214,1.104
2,S-S4#1,S/S4,10.0,17.918,26.908,1.406,12.079
2,S-S4#1,S/S4,10.0,12.871,26.338,0.917,8.555
2,S-S4#1,S/S4,10.0,23.191,26.642,3.091,14.94
2,S-S4#1,S/S4,10.0,9.744,27.662,1.203,6.185
2,S-S4#1,S/S4,10.0,16.12,19.852,0.656,9.873
2,S-S4#1,S/S4,10.0,10.475,26.965,1.219,6.835
2,S-S4#1,S/S4,10.0,1.727,5.826,0.438,1.335
2,S-S4#1,S/S4,10.0,14.226,9.931,0.58,10.618
2,S-S4#1,S/S4,10.0,20.936,19.2,0.557,17.632
2,S-S4#1,S/S4,10.0,6.956,11.038,0.525,5.624
2,S-S4#1,S/S4,10.0,18.54,9.945,3.618,12.114
2,S-S4#1,S/S4,10.0,18.803,5.961,1.121,11.584
2,S-S4#1,S/S4,10.0,13.346,1.325,2.46,8.24
2,S-S4#1,S/S4,10.0,8.002,2.618,2.164,4.922
2,S-S4#1,S/S4,10.0,46.966,12.655,2.246,27.348
2,S-S4#1,S/S4,10.0,9.319,28.291,0.259,5.009
2,S-S4#1,S/S4,10.0,12.581,44.492,0.585,6.854
2,S-S4#1,S/S4,10.0,8.035,58.339,2.557,7.348
2,S-S4#1,S/S4,10.0,16.432,99.682,0.775,12.927
2,S-S4#1,S/S4,10.0,25.08,30.072,2.05,14.507
2,S-S4#1,S/S4,10.0,28.26,25.383,0.831,15.503
2,S-S4#1,S/S4,10.0,10.885,26.589,0.538,6.715
2,S-S4#1,S/S4,10.0,1.33,3.145,1.921,0.829
2,S-S4#1,S/S4,10.0,5.716,7.068,0.663,3.475
2,S-S4#1,S/S4,10.0,7.888,27.56,0.826,5.184
2,S-S4#1,S/S4,10.0,25.53,48.583,1.496,41.474
2,S-S4#1,S/S4,10.0,8.348,32.533,2.658,25.515
2,S-S4#1,S/S4,10.0,10.257,12.648,0.609,12.491
2,S-S4#1,S/S4,10.0,13.581,36.689,0.867,47.944
2,S-S4#1,S/S4,10.0,1.973,5.955,0.43,33.855
2,S-S4#1,S/S4,10.0,3.675,118.826,1.355,4.324
2,S-S4#1,S/S4,10.0,34.053,52.295,1.982,46.716
2,S-S4#1,S/S4,10.0,12.641,65.367,1.094,17.655
2,S-S4#1,S/S4,10.0,27.932,48.663,1.398,85.097
2,S-S4#1,S/S4,10.0,13.067,59.571,3.946,21.237
2,S-S4#1,S/S4,10.0,9.017,73.199,1.516,7.761
2,S-S4#1,S/S4,10.0,28.165,57.565,1.743,18.09
2,S-S4#1,S/S4,10.0,13.249,25.095,0.305,7.853
2,S-S4#1,S/S4,10.0,19.715,5.534,0.211,11.748
2,S-S4#1,S/S4,10.0,6.795,20.763,0.788,4.225
2,S-S4#1,S/S4,10.0,19.536,22.335,0.375,11.307
2,S-S4#1,S/S4,10.0,6.506,20.86,4.514,3.845
2,S-S4#1,S/S4,10.0,16.289,42.96,1.796,14.439
2,S-S4#1,S/S4,10.0,4.43,4.58,0.756,32.219
2,S-S4#1,S/S4,10.0,7.059,94.023,2.648,9.229
2,S-S4#1,S/S4,10.0,7.101,84.2,4.096,5.711
2,S-S4#1,S/S4,10.0,7.658,47.706,0.485,5.974
2,S-S4#1,S/S4,10.0,11.82,67.627,1.466,21.172
2,S-S4#1,S/S4,10.0,6.257,73.106,0.061,7.531
2,S-S4#1,S/S4,10.0,11.4,31.456,1.584,16.412
2,S-S4#1,S/S4,10.0,3.847,91.63,1.101,3.719
2,S-S4#1,S/S4,10.0,14.049,50.352,3.499,11.363
2,S-S4#1,S/S4,10.0,12.86,37.715,3.181,9.923
2,S-S4#1,S/S4,10.0,7.058,32.875,2.093,5.209
2,S-S4#1,S/S4,10.0,3.213,17.067,1.907,2.399
2,S-S4#1,S/S4,10.0,11.398,2.149,1.977,8.801
2,S-S4#1,S/S4,10.0,4.534,3.441,3.246,3.361
2,S-S4#1,S/S4,10.0,25.224,36.872,1.404,26.767
2,S-S4#1,S/S4,10.0,12.895,31.529,2.086,10.983
2,S-S4#1,S/S4,10.0,27.691,84.782,0.712,17.38
2,S-S4#1,S/S4,10.0,19.483,2.348,0.531,11.329
2,S-S4#1,S/S4,10.0,20.056,4.031,0.387,11.923
2,S-S4#1,S/S4,10.0,23.811,4.541,1.854,14.785
2,S-S4#1,S/S4,10.0,29.495,49.332,14.64,16.623
2,S-S4#1,S/S4,10.0,11.415,4.971,2.307,6.22
2,S-S4#1,S/S4,10.0,8.683,21.434,2.268,5.536
2,S-S4#1,S/S4,10.0,9.701,16.674,0.53,6.925
2,S-S4#1,S/S4,10.0,12.202,58.787,2.286,11.672
2,S-S4#1,S/S4,10.0,15.727,51.572,0.85,24.04
2,S-S4#1,S/S4,10.0,5.623,18.584,0.712,12.151
2,S-S4#1,S/S4,10.0,7.711,1.162,0.575,19.023
2,S-S4#1,S/S4,10.0,6.815,31.649,0.486,13.09
2,S-S4#1,S/S4,10.0,7.518,31.46,1.116,23.571
2,S-S4#1,S/S4,10.0,8.892,34.601,0.156,19.349
2,S-S4#1,S/S4,10.0,1.458,32.663,0.544,4.266
2,S-S4#1,S/S4,10.0,3.913,35.944,1.171,8.606
2,S-S4#1,S/S4,10.0,13.006,10.543,10.358,160.409
2,S-S4#1,S/S4,10.0,33.317,18.968,41.151,142.821
2,S-S4#1,S/S4,10.0,3.612,66.27,3.2,5.708
2,S-S4#1,S/S4,10.0,11.101,33.004,0.838,25.439
2,S-S4#1,S/S4,10.0,9.656,33.88,3.0,32.165
2,S-S4#1,S/S4,10.0,11.129,19.347,1.858,20.871
2,S-S4#1,S/S4,10.0,9.259,42.998,0.845,11.149
2,S-S4#1,S/S4,10.0,13.099,20.474,0.267,19.252
2,S-S4#1,S/S4,10.0,18.196,121.107,1.63,18.19
2,S-S4#1,S/S4,10.0,16.946,46.271,0.316,10.138
2,S-S4#1,S/S4,10.0,19.759,6.317,0.35,10.594
2,S-S4#1,S/S4,10.0,15.456,9.88,0.967,8.26
2,S-S4#1,S/S4,10.0,30.317,38.532,2.271,16.835
2,S-S4#1,S/S4,10.0,26.232,18.982,1.994,13.011
2,S-S4#1,S/S4,10.0,30.032,11.76,1.013,14.692
2,S-S4#1,S/S4,10.0,17.585,37.853,3.891,10.558
2,S-S4#1,S/S4,10.0,24.451,48.249,2.103,20.445
2,S-S4#1,S/S4,10.0,5.831,49.878,3.661,8.404
2,S-S4#1,S/S4,10.0,15.771,20.853,1.004,13.993
2,S-S4#1,S/S4,10.0,18.733,23.6,1.53,18.239
2,S-S4#1,S/S4,10.0,0.775,2.839,1.106,0.932
2,S-S4#1,S/S4,10.0,11.628,2.286,1.469,12.489
2,S-S4#1,S/S4,10.0,21.405,7.828,1.824,26.861
2,S-S4#1,S/S4,10.0,10.119,8.585,4.541,10.585
2,S-S4#1,S/S4,10.0,1.64,5.549,2.008,1.895
2,S-S4#1,S/S4,10.0,2.002,31.437,1.11,2.646
2,S-S4#1,S/S4,10.0,6.247,40.357,2.674,5.901
2,S-S4#1,S/S4,10.0,6.149,23.363,2.723,5.754
2,S-S4#1,S/S4,10.0,15.276,94.908,2.533,15.036
2,S-S4#1,S/S4,10.0,6.733,10.406,0.356,4.92
2,S-S4#1,S/S4,10.0,6.7,36.813,3.502,4.855
2,S-S4#1,S/S4,10.0,15.737,21.252,19.026,10.993
2,S-S4#1,S/S4,10.0,11.4,13.722,1.897,9.092
2,S-S4#1,S/S4,10.0,13.141,37.673,7.239,13.034
2,S-S4#1,S/S4,10.0,10.053,47.582,2.377,7.908
2,S-S4#1,S/S4,10.0,2.51,32.893,2.476,2.041
2,S-S4#1,S/S4,10.0,0.767,61.471,2.329,0.684
2,S-S4#1,S/S4,10.0,46.291,170.269,14.991,39.064
2,S-S4#1,S/S4,10.0,38.26,16.344,1.151,17.846
2,S-S4#1,S/S4,10.0,21.209,6.116,1.885,9.812
2,S-S4#1,S/S4,10.0,16.644,8.835,0.156,7.867
2,S-S4#1,S/S4,10.0,1.594,8.211,2.303,0.79
2,S-S4#1,S/S4,10.0,6.994,6.438,3.606,3.513
2,S-S4#1,S/S4,10.0,7.408,16.416,1.991,3.874
2,S-S4#1,S/S4,10.0,2.305,15.857,0.431,1.498
2,S-S4#1,S/S4,10.0,5.891,13.058,5.178,3.6
2,S-S4#1,S/S4,10.0,3.537,19.523,2.718,2.518
2,S-S4#1,S/S4,10.0,13.519,27.281,0.882,12.234
2,S-S4#1,S/S4,10.0,1.115,32.203,0.854,3.676
2,S-S4#1,S/S4,10.0,3.518,2.794,2.571,155.541
2,S-S4#1,S/S4,10.0,2.538,2.564,2.558,99.704
2,S-S4#1,S/S4,10.0,44.6,30.246,51.427,150.575
2,S-S4#1,S/S4,10.0,14.009,27.082,1.524,14.081
2,S-S4#1,S/S4,10.0,14.8,12.731,0.498,10.988
2,S-S4#1,S/S4,10.0,14.716,4.179,3.089,10.311
2,S-S4#1,S/S4,10.0,16.845,11.207,4.497,9.718
2,S-S4#1,S/S4,10.0,4.231,7.027,1.978,2.464
2,S-S4#1,S/S4,10.0,6.864,13.002,0.199,4.31
2,S-S4#1,S/S4,10.0,15.452,113.469,0.67,10.293
2,S-S4#1,S/S4,10.0,21.298,39.555,0.599,22.937
2,S-S4#1,S/S4,10.0,22.35,34.666,4.921,20.242
2,S-S4#1,S/S4,10.0,21.55,19.753,9.988,13.622
2,S-S4#1,S/S4,10.0,7.304,11.397,1.553,4.227
2,S-S4#1,S/S4,10.0,7.541,45.298,1.199,5.333
2,S-S4#1,S/S4,10.0,14.123,122.992,3.667,15.68
2,S-S4#1,S/S4,10.0,9.903,44.217,0.793,8.236
2,S-S4#1,S/S4,10.0,8.884,35.475,3.357,12.449
2,S-S4#1,S/S4,10.0,11.506,16.796,2.758,8.418
2,S-S4#1,S/S4,10.0,2.535,5.92,1.346,1.991
2,S-S4#1,S/S4,10.0,7.666,57.846,1.575,17.096
2,S-S4#1,S/S4,10.0,12.541,83.921,0.807,16.571
2,S-S4#1,S/S4,10.0,21.186,37.855,1.086,25.272
2,S-S4#1,S/S4,10.0,5.772,83.501,1.04,11.167
2,S-S4#1,S/S4,10.0,25.641,29.651,1.411,43.348
2,S-S4#1,S/S4,10.0,18.853,26.342,0.858,16.66
2,S-S4#1,S/S4,10.0,8.884,13.216,1.349,7.298
2,S-S4#1,S/S4,10.0,3.399,14.606,0.774,3.785
2,S-S4#1,S/S4,10.0,4.023,8.108,0.83,3.227
2,S-S4#1,S/S4,10.0,24.159,47.378,1.33,33.697
2,S-S4#1,S/S4,10.0,9.449,58.45,3.842,13.631
2,S-S4#1,S/S4,10.0,7.826,13.446,0.797,6.215
2,S-S4#1,S/S4,10.0,2.781,24.016,1.499,2.307
2,S-S4#1,S/S4,10.0,10.618,37.361,2.288,8.37
2,S-S4#1,S/S4,10.0,23.798,45.809,2.021,25.156
2,S-S4#1,S/S4,10.0,6.259,60.358,4.074,5.253
2,S-S4#1,S/S4,10.0,16.055,15.152,1.954,13.287
2,S-S4#1,S/S4,10.0,6.004,75.523,3.162,9.444
2,S-S4#1,S/S4,10.0,13.677,40.367,2.537,11.582
2,S-S4#1,S/S4,10.0,12.866,23.765,3.06,9.9
2,S-S4#1,S/S4,10.0,9.6,3.977,6.573,7.435
2,S-S4#1,S/S4,10.0,5.389,3.458,2.534,4.181
2,S-S4#1,S/S4,10.0,19.205,24.859,1.932,20.503
2,S-S4#1,S/S4,10.0,11.354,50.796,3.731,19.071
2,S-S4#1,S/S4,10.0,3.921,122.831,1.726,4.349
2,S-S4#1,S/S4,10.0,8.428,36.08,0.748,7.437
2,S-S4#1,S/S4,10.0,6.325,4.65,1.184,5.567
2,S-S4#1,S/S4,10.0,22.261,30.643,1.114,24.418
2,S-S4#1,S/S4,10.0,2.08,23.722,0.31,20.772
2,S-S4#1,S/S4,10.0,4.32,8.556,0.601,49.934
2,S-S4#1,S/S4,10.0,7.533,107.851,2.055,8.763
2,S-S4#1,S/S4,10.0,3.613,14.646,0.936,3.683
2,S-S4#1,S/S4,10.0,12.459,128.71,4.455,12.629
2,S-S4#1,S/S4,10.0,6.026,3.708,1.548,4.776
2,S-S4#1,S/S4,10.0,12.317,34.868,2.599,14.133
2,S-S4#1,S/S4,10.0,12.824,119.761,0.743,13.576
2,S-S4#1,S/S4,10.0,11.913,27.532,0.94,12.905
2,S-S4#1,S/S4,10.0,7.796,90.974,3.42,13.758
2,S-S4#1,S/S4,10.0,18.747,11.376,0.409,27.245
2,S-S4#1,S/S4,10.0,28.322,12.663,0.577,40.814
2,S-S4#1,S/S4,10.0,20.837,54.779,1.721,73.304
2,S-S4#1,S/S4,10.0,6.814,19.698,4.145,34.514
2,S-S4#1,S/S4,10.0,7.072,53.503,1.793,10.007
2,S-S4#1,S/S4,10.0,13.858,37.163,0.758,17.014
2,S-S4#1,S/S4,10.0,3.546,75.382,0.917,6.118
2,S-S4#1,S/S4,10.0,12.122,24.873,4.285,14.999
2,S-S4#1,S/S4,10.0,13.219,75.765,0.649,22.28
2,S-S4#1,S/S4,10.0,11.181,93.714,2.175,18.208
2,S-S4#1,S/S4,10.0,15.701,50.809,6.384,40.185
2,S-S4#1,S/S4,10.0,15.478,9.013,14.941,189.682
2,S-S4#1,S/S4,10.0,40.685,25.541,46.403,166.207
2,S-S4#1,S/S4,10.0,10.7,65.005,7.179,20.059
2,S-S4#1,S/S4,10.0,1.417,70.817,1.933,3.122
2,S-S4#1,S/S4,10.0,6.246,97.332,0.829,8.416
2,S-S4#1,S/S4,10.0,5.898,45.322,3.518,7.694
2,S-S4#1,S/S4,10.0,5.913,64.765,2.599,10.155
2,S-S4#1,S/S4,10.0,8.898,11.065,0.617,8.97
2,S-S4#1,S/S4,10.0,11.967,6.206,1.382,12.421
2,S-S4#1,S/S4,10.0,2.49,93.847,9.054,2.951
2,S-S4#1,S/S4,30.0,0.585,0.389,0.493,57.096
2,S-S4#1,S/S4,30.0,0.54,0.612,0.618,42.532
2,S-S4#1,S/S4,30.0,0.766,0.46,0.437,62.346
2,S-S4#1,S/S4,30.0,0.982,0.671,0.631,81.731
2,S-S4#1,S/S4,30.0,8.569,1.136,1.147,693.195
2,S-S4#1,S/S4,30.0,14.69,1.401,1.458,1014.374
2,S-S4#1,S/S4,30.0,11.807,1.613,1.512,781.711
2,S-S4#1,S/S4,30.0,5.508,1.245,1.274,411.244
2,S-S4#1,S/S4,30.0,0.968,0.849,0.872,87.73
2,S-S4#1,S/S4,30.0,1.552,1.472,1.302,111.311
2,S-S4#1,S/S4,30.0,2.891,2.028,2.099,153.531
2,S-S4#1,S/S4,30.0,3.231,2.724,2.611,141.797
2,S-S4#1,S/S4,30.0,5.495,2.421,2.275,274.475
2,S-S4#1,S/S4,30.0,7.454,1.591,1.586,529.66
2,S-S4#1,S/S4,30.0,2.497,0.698,0.817,241.956
2,S-S4#1,S/S4,30.0,34.94,0.563,0.588,3452.257
2,S-S4#1,S/S4,30.0,21.257,1.215,1.503,1194.524
2,S-S4#1,S/S4,30.0,11.203,3.004,6.831,221.097
2,S-S4#1,S/S4,30.0,7.212,17.664,6.799,31.543
2,S-S4#1,S/S4,30.0,136.821,30.578,93.442,266.496
2,S-S4#1,S/S4,30.0,242.487,117.862,230.74,179.659
2,S-S4#1,S/S4,30.0,32.564,259.512,1.936,15.163
2,S-S4#1,S/S4,30.0,35.923,252.89,0.734,16.405
2,S-S4#1,S/S4,30.0,29.845,194.19,5.215,19.355
2,S-S4#1,S/S4,30.0,35.984,122.554,1.898,29.752
2,S-S4#1,S/S4,30.0,47.607,320.595,3.608,25.627
2,S-S4#1,S/S4,30.0,36.742,210.564,5.514,19.174
2,S-S4#1,S/S4,30.0,36.629,160.742,4.227,23.12
2,S-S4#1,S/S4,30.0,10.737,239.534,5.227,7.51
2,S-S4#1,S/S4,30.0,51.695,192.071,4.538,27.874
2,S-S4#1,S/S4,30.0,90.27,139.699,4.383,42.2
2,S-S4#1,S/S4,30.0,82.168,95.03,5.565,38.622
2,S-S4#1,S/S4,30.0,43.433,71.955,2.677,24.37
2,S-S4#1,S/S4,30.0,27.527,220.256,4.635,17.843
2,S-S4#1,S/S4,30.0,36.309,152.334,3.086,33.09
2,S-S4#1,S/S4,30.0,35.654,175.166,2.934,25.062
2,S-S4#1,S/S4,30.0,21.179,149.712,3.943,9.874
2,S-S4#1,S/S4,30.0,24.38,356.043,4.671,9.573
2,S-S4#1,S/S4,30.0,30.314,215.169,3.886,10.836
2,S-S4#1,S/S4,30.0,16.097,338.169,5.133,6.679
2,S-S4#1,S/S4,30.0,18.348,284.735,1.406,7.286
2,S-S4#1,S/S4,30.0,23.164,329.713,2.325,13.596
2,S-S4#1,S/S4,30.0,22.16,156.253,0.394,14.208
2,S-S4#1,S/S4,30.0,20.751,64.741,0.16,13.153
2,S-S4#1,S/S4,30.0,42.434,147.601,1.308,23.467
2,S-S4#1,S/S4,30.0,48.38,231.386,2.603,29.307
2,S-S4#1,S/S4,30.0,56.849,236.908,2.824,38.851
2,S-S4#1,S/S4,30.0,41.476,126.117,2.573,22.786
2,S-S4#1,S/S4,30.0,34.704,160.876,2.341,15.471
2,S-S4#1,S/S4,30.0,51.762,277.437,2.878,27.262
2,S-S4#1,S/S4,30.0,43.136,111.873,5.59,26.251
2,S-S4#1,S/S4,30.0,17.454,205.012,3.844,12.25
2,S-S4#1,S/S4,30.0,35.313,147.842,0.235,17.218
2,S-S4#1,S/S4,30.0,41.821,393.225,0.905,16.731
2,S-S4#1,S/S4,30.0,32.268,77.916,0.794,12.9
2,S-S4#1,S/S4,30.0,32.712,153.616,1.126,18.571
2,S-S4#1,S/S4,30.0,44.898,117.346,3.138,32.202
2,S-S4#1,S/S4,30.0,10.321,10.846,2.754,8.042
2,S-S4#1,S/S4,30.0,31.351,108.681,1.953,17.061
2,S-S4#1,S/S4,30.0,46.245,196.154,3.939,18.638
2,S-S4#1,S/S4,30.0,10.978,165.263,16.698,3.616
2,S-S4#1,S/S4,30.0,35.038,88.569,5.191,10.475
2,S-S4#1,S/S4,30.0,96.057,133.072,7.798,30.938
2,S-S4#1,S/S4,30.0,68.716,129.834,7.302,24.411
2,S-S4#1,S/S4,30.0,36.482,143.194,1.942,14.354
2,S-S4#1,S/S4,30.0,6.685,155.195,1.009,2.848
2,S-S4#1,S/S4,30.0,11.446,252.435,3.655,4.749
2,S-S4#1,S/S4,30.0,16.777,70.417,4.527,8.977
2,S-S4#1,S/S4,30.0,25.314,85.134,5.617,13.302
2,S-S4#1,S/S4,30.0,20.127,308.099,6.829,9.181
2,S-S4#1,S/S4,30.0,46.207,279.181,3.957,17.162
2,S-S4#1,S/S4,30.0,30.008,79.214,2.022,12.216
2,S-S4#1,S/S4,30.0,25.108,33.968,2.89,13.397
2,S-S4#1,S/S4,30.0,25.37,10.052,0.673,14.638
2,S-S4#1,S/S4,30.0,42.57,220.672,0.314,18.292
2,S-S4#1,S/S4,30.0,13.093,350.05,9.196,4.34
2,S-S4#1,S/S4,30.0,4.897,87.664,4.582,1.558
2,S-S4#1,S/S4,30.0,1.144,280.889,4.345,0.406
2,S-S4#1,S/S4,30.0,8.6,427.899,5.913,3.788
2,S-S4#1,S/S4,30.0,18.518,161.928,2.35,7.415
2,S-S4#1,S/S4,30.0,26.325,275.262,0.913,10.62
2,S-S4#1,S/S4,30.0,10.543,95.088,1.572,4.204
2,S-S4#1,S/S4,30.0,15.167,45.394,2.329,6.755
2,S-S4#1,S/S4,30.0,15.375,159.013,4.313,7.742
2,S-S4#1,S/S4,30.0,2.744,204.374,4.32,1.397
2,S-S4#1,S/S4,30.0,26.575,323.653,3.766,13.447
2,S-S4#1,S/S4,30.0,21.175,172.642,1.468,9.581
2,S-S4#1,S/S4,30.0,40.87,28.229,2.813,17.617
2,S-S4#1,S/S4,30.0,61.052,25.368,3.967,27.979
2,S-S4#1,S/S4,30.0,51.217,76.263,3.558,27.351
2,S-S4#1,S/S4,30.0,34.921,129.677,6.764,17.888
2,S-S4#1,S/S4,30.0,21.971,272.26,0.84,9.724
2,S-S4#1,S/S4,30.0,39.196,192.329,6.206,14.993
2,S-S4#1,S/S4,30.0,42.893,108.564,4.517,18.922
2,S-S4#1,S/S4,30.0,25.614,117.633,11.27,11.903
2,S-S4#1,S/S4,30.0,30.909,193.611,10.903,19.243
2,S-S4#1,S/S4,30.0,24.689,88.938,4.874,16.477
2,S-S4#1,S/S4,30.0,28.204,40.013,9.497,18.665
2,S-S4#1,S/S4,30.0,40.369,141.723,4.409,25.789
2,S-S4#1,S/S4,30.0,54.222,76.606,4.991,28.859
2,S-S4#1,S/S4,30.0,46.709,101.089,2.62,31.683
2,S-S4#1,S/S4,30.0,40.149,21.987,8.681,22.77
2,S-S4#1,S/S4,30.0,36.406,216.324,13.566,32.829
2,S-S4#1,S/S4,30.0,40.614,77.93,10.621,41.677
2,S-S4#1,S/S4,30.0,22.591,93.675,2.99,17.831
2,S-S4#1,S/S4,30.0,420.536,173.723,371.209,223.211
2,S-S4#1,S/S4,30.0,58.416,144.268,6.513,26.899
2,S-S4#1,S/S4,30.0,31.19,253.375,7.159,19.196
2,S-S4#1,S/S4,30.0,9.23,166.375,6.785,5.205
2,S-S4#1,S/S4,30.0,5.878,389.949,14.562,2.464
2,S-S4#1,S/S4,30.0,12.64,200.593,19.322,3.768
2,S-S4#1,S/S4,30.0,20.859,46.672,16.506,5.479
2,S-S4#1,S/S4,30.0,19.455,88.285,12.791,5.862
2,S-S4#1,S/S4,30.0,26.636,362.701,4.793,9.046
2,S-S4#1,S/S4,30.0,23.201,444.633,4.908,9.008
2,S-S4#1,S/S4,30.0,25.889,52.684,17.965,9.169
2,S-S4#1,S/S4,30.0,26.817,22.276,27.442,9.528
2,S-S4#1,S/S4,30.0,27.145,18.1,25.508,12.188
2,S-S4#1,S/S4,30.0,36.418,248.405,12.795,15.456
2,S-S4#1,S/S4,30.0,51.676,379.05,9.203,18.963
2,S-S4#1,S/S4,30.0,44.953,92.431,12.604,13.595
2,S-S4#1,S/S4,30.0,5.932,77.63,15.365,1.828
2,S-S4#1,S/S4,30.0,10.779,167.652,17.226,3.376
2,S-S4#1,S/S4,30.0,23.684,138.047,19.537,7.1
2,S-S4#1,S/S4,30.0,45.744,87.941,17.504,12.818
2,S-S4#1,S/S4,30.0,37.535,182.156,14.626,11.334
2,S-S4#1,S/S4,30.0,27.532,96.87,6.332,9.926
2,S-S4#1,S/S4,30.0,7.994,20.507,3.55,3.911
2,S-S4#1,S/S4,30.0,21.845,136.468,4.107,11.042
2,S-S4#1,S/S4,30.0,34.691,221.275,14.899,13.419
2,S-S4#1,S/S4,30.0,45.149,105.934,15.857,14.108
2,S-S4#1,S/S4,30.0,46.639,175.388,9.511,14.484
2,S-S4#1,S/S4,30.0,44.679,140.415,12.988,14.05
2,S-S4#1,S/S4,30.0,21.821,102.356,11.309,8.145
2,S-S4#1,S/S4,30.0,34.122,213.328,11.048,11.628
2,S-S4#1,S/S4,30.0,56.186,403.015,18.876,17.302
2,S-S4#1,S/S4,30.0,72.774,328.225,20.939,18.201
2,S-S4#1,S/S4,30.0,77.075,63.372,25.373,18.175
2,S-S4#1,S/S4,30.0,54.428,95.38,25.016,12.963
2,S-S4#1,S/S4,30.0,96.224,409.422,19.722,23.948
2,S-S4#1,S/S4,30.0,70.012,216.103,6.202,25.941
2,S-S4#1,S/S4,30.0,42.724,261.077,3.056,32.047
2,S-S4#1,S/S4,30.0,2.454,132.672,1.897,19.094
2,S-S4#1,S/S4,30.0,1.325,1.107,1.425,107.409
2,S-S4#1,S/S4,30.0,8.395,60.889,2.806,12.839
2,S-S4#1,S/S4,30.0,16.269,168.377,6.44,9.006
2,S-S4#1,S/S4,30.0,40.156,259.741,14.427,12.669
2,S-S4#1,S/S4,30.0,41.747,227.999,7.686,10.739
2,S-S4#1,S/S4,30.0,21.319,155.523,10.192,5.2
2,S-S4#1,S/S4,30.0,25.022,310.762,18.35,6.168
2,S-S4#1,S/S4,30.0,41.878,252.098,13.589,10.875
2,S-S4#1,S/S4,30.0,35.942,360.103,2.709,14.04
2,S-S4#1,S/S4,30.0,11.636,298.038,1.191,9.139
2,S-S4#1,S/S4,30.0,24.087,20.508,3.029,22.805
2,S-S4#1,S/S4,30.0,49.897,240.077,3.309,20.842
2,S-S4#1,S/S4,30.0,48.451,235.646,7.798,12.52
2,S-S4#1,S/S4,30.0,10.364,35.909,7.028,2.796
2,S-S4#1,S/S4,30.0,24.317,227.269,2.94,10.581
2,S-S4#1,S/S4,30.0,35.395,309.701,2.395,45.153
2,S-S4#1,S/S4,30.0,0.578,6.049,0.655,43.953
2,S-S4#1,S/S4,30.0,0.81,0.989,1.056,80.727
2,S-S4#1,S/S4,30.0,0.948,1.176,1.08,81.524
2,S-S4#1,S/S4,30.0,0.786,0.882,0.924,77.984
2,S-S4#1,S/S4,30.0,11.961,49.09,4.025,24.303
2,S-S4#1,S/S4,30.0,23.085,178.336,12.528,12.936
2,S-S4#1,S/S4,30.0,27.013,336.186,23.127,8.017
2,S-S4#1,S/S4,30.0,16.76,149.031,4.18,3.685
2,S-S4#1,S/S4,30.0,6.191,32.173,5.759,1.309
2,S-S4#1,S/S4,30.0,35.707,123.981,4.36,9.396
2,S-S4#1,S/S4,30.0,43.848,246.034,1.422,17.469
2,S-S4#1,S/S4,30.0,63.024,228.96,2.028,33.48
2,S-S4#1,S/S4,30.0,30.494,183.53,6.805,15.502
2,S-S4#1,S/S4,30.0,25.491,320.462,2.08,16.07
2,S-S4#1,S/S4,30.0,7.45,193.343,0.324,5.019
2,S-S4#1,S/S4,30.0,33.154,206.778,5.441,15.535
2,S-S4#1,S/S4,30.0,41.978,301.994,4.075,11.856
2,S-S4#1,S/S4,30.0,47.074,57.691,1.521,11.557
2,S-S4#1,S/S4,30.0,43.029,77.039,6.136,10.457
2,S-S4#1,S/S4,30.0,19.405,129.464,4.838,5.085
2,S-S4#1,S/S4,30.0,12.477,171.017,2.791,4.593
2,S-S4#1,S/S4,30.0,33.76,263.384,2.696,25.851
2,S-S4#1,S/S4,30.0,10.745,143.587,1.814,49.047
2,S-S4#1,S/S4,30.0,19.348,83.413,8.219,22.714
2,S-S4#1,S/S4,30.0,47.249,220.742,15.31,21.167
2,S-S4#1,S/S4,30.0,92.404,305.199,10.057,24.481
2,S-S4#1,S/S4,30.0,99.125,228.288,4.601,21.605
2,S-S4#1,S/S4,30.0,65.833,110.941,1.635,14.153
2,S-S4#1,S/S4,30.0,23.968,160.486,12.588,5.368
2,S-S4#1,S/S4,30.0,11.591,287.567,1.326,2.697
2,S-S4#1,S/S4,30.0,39.216,16.306,2.268,10.074
2,S-S4#1,S/S4,30.0,43.031,257.201,4.891,10.618
2,S-S4#1,S/S4,30.0,120.454,220.059,13.116,25.009
2,S-S4#1,S/S4,30.0,157.692,283.022,13.994,26.227
2,S-S4#1,S/S4,30.0,133.905,359.912,22.298,20.894
2,S-S4#1,S/S4,30.0,82.193,405.998,16.692,14.619
2,S-S4#1,S/S4,30.0,47.026,538.158,16.088,10.042
2,S-S4#1,S/S4,30.0,83.548,694.524,25.136,18.192
2,S-S4#1,S/S4,30.0,141.135,625.074,26.63,26.689
2,S-S4#1,S/S4,30.0,161.342,182.214,17.929,25.196
2,S-S4#1,S/S4,30.0,201.333,305.692,13.593,28.831
2,S-S4#1,S/S4,30.0,279.083,512.321,26.77,37.636
2,S-S4#1,S/S4,30.0,280.057,409.88,20.046,37.966
2,S-S4#1,S/S4,30.0,219.6,349.242,2.555,31.588
2,S-S4#1,S/S4,30.0,144.892,557.956,12.748,24.424
2,S-S4#1,S/S4,30.0,63.22,390.304,9.103,13.231
2,S-S4#1,S/S4,30.0,51.673,207.945,3.549,11.552
2,S-S4#1,S/S4,30.0,98.707,264.948,0.285,21.062
2,S-S4#1,S/S4,30.0,79.981,37.356,4.931,14.902
2,S-S4#1,S/S4,30.0,89.427,62.132,10.222,15.996
2,S-S4#1,S/S4,30.0,115.494,164.441,21.278,20.213
2,S-S4#1,S/S4,30.0,121.927,211.496,21.027,22.036
2,S-S4#1,S/S4,30.0,114.578,127.02,15.706,20.949
2,S-S4#1,S/S4,30.0,105.091,144.354,20.852,19.294
2,S-S4#1,S/S4,30.0,83.459,177.519,24.645,16.883
2,S-S4#1,S/S4,30.0,30.189,197.487,17.751,7.419
2,S-S4#1,S/S4,30.0,32.215,110.376,26.179,8.519
2,S-S4#1,S/S4,30.0,79.919,363.986,24.805,18.879
2,S-S4#1,S/S4,30.0,96.048,191.196,28.752,19.53
2,S-S4#1,S/S4,30.0,114.813,170.8,31.159,21.95
2,S-S4#1,S/S4,30.0,149.023,96.302,31.625,27.107
2,S-S4#1,S/S4,30.0,131.947,77.875,25.781,23.691
2,S-S4#1,S/S4,30.0,69.273,113.153,18.627,13.546
2,S-S4#1,S/S4,30.0,7.756,200.27,13.635,2.197
2,S-S4#1,S/S4,30.0,40.63,352.914,4.794,22.904
2,S-S4#1,S/S4,30.0,21.131,203.468,1.849,60.31
2,S-S4#1,S/S4,30.0,0.96,0.932,1.02,60.287
2,S-S4#1,S/S4,30.0,23.928,69.413,11.696,34.537
2,S-S4#1,S/S4,30.0,43.781,211.99,30.636,20.743
2,S-S4#1,S/S4,30.0,100.786,317.7,63.02,27.349
2,S-S4#1,S/S4,30.0,86.388,69.188,1.506,18.722
2,S-S4#1,S/S4,30.0,43.22,10.792,8.853,8.973
2,S-S4#1,S/S4,30.0,55.69,106.425,6.212,11.331
2,S-S4#1,S/S4,30.0,108.384,147.991,8.125,21.383
2,S-S4#1,S/S4,30.0,118.328,44.587,13.429,22.994
2,S-S4#1,S/S4,30.0,134.249,252.524,30.616,25.82
2,S-S4#1,S/S4,30.0,94.843,249.403,29.401,20.3
2,S-S4#1,S/S4,30.0,73.945,135.179,30.32,17.578
2,S-S4#1,S/S4,30.0,71.237,57.045,33.591,15.587
2,S-S4#1,S/S4,30.0,139.052,609.637,28.957,24.74
2,S-S4#1,S/S4,30.0,120.293,122.611,32.041,17.519
2,S-S4#1,S/S4,30.0,139.062,87.369,39.97,19.115
2,S-S4#1,S/S4,30.0,156.747,97.095,46.474,21.018
2,S-S4#1,S/S4,30.0,147.246,112.712,43.032,19.659
2,S-S4#1,S/S4,30.0,118.794,51.937,40.078,15.827
2,S-S4#1,S/S4,30.0,111.612,27.162,42.199,15.076
2,S-S4#1,S/S4,30.0,131.589,60.681,38.528,18.304
2,S-S4#1,S/S4,30.0,165.911,223.064,45.352,23.704
2,S-S4#1,S/S4,30.0,248.488,422.463,59.325,34.044
2,S-S4#1,S/S4,30.0,208.328,197.285,56.598,28.358
2,S-S4#1,S/S4,30.0,198.355,360.326,35.287,27.114
2,S-S4#1,S/S4,30.0,200.679,689.048,20.765,29.002
2,S-S4#1,S/S4,30.0,177.328,246.12,23.56,26.848
2,S-S4#1,S/S4,30.0,140.76,648.769,43.742,21.594
2,S-S4#1,S/S4,30.0,250.508,708.163,116.702,37.226
2,S-S4#1,S/S4,30.0,257.546,116.071,48.554,35.483
2,S-S4#1,S/S4,30.0,257.089,530.568,28.171,33.089
2,S-S4#1,S/S4,30.0,251.512,248.655,38.451,32.034
2,S-S4#1,S/S4,30.0,307.315,183.151,60.229,38.163
2,S-S4#1,S/S4,30.0,314.697,342.426,71.49,38.115
2,S-S4#1,S/S4,30.0,302.273,160.826,58.08,36.191
2,S-S4#1,S/S4,30.0,256.456,88.698,51.866,31.384
2,S-S4#1,S/S4,30.0,241.326,61.066,55.74,31.184
2,S-S4#1,S/S4,30.0,194.697,119.728,53.944,27.702
2,S-S4#1,S/S4,30.0,66.01,308.054,30.791,13.385
2,S-S4#1,S/S4,30.0,35.012,462.219,10.443,14.419
2,S-S4#1,S/S4,30.0,31.378,272.205,2.046,63.731
2,S-S4#1,S/S4,30.0,15.977,32.818,1.039,48.582
2,S-S4#1,S/S4,30.0,31.2,134.188,0.803,22.643
2,S-S4#1,S/S4,30.0,98.018,317.628,1.772,30.134
2,S-S4#1,S/S4,30.0,173.181,254.324,41.869,32.795
2,S-S4#1,S/S4,30.0,285.047,712.174,61.608,41.169
2,S-S4#1,S/S4,30.0,294.238,591.391,77.826,37.203
2,S-S4#1,S/S4,30.0,292.532,350.843,74.408,34.934
2,S-S4#1,S/S4,30.0,231.567,47.616,46.372,28.25
2,S-S4#1,S/S4,30.0,154.027,305.05,25.861,23.073
2,S-S4#1,S/S4,30.0,51.357,395.68,9.018,10.921
2,S-S4#1,S/S4,30.0,14.683,89.076,5.161,4.866
2,S-S4#1,S/S4,30.0,2.404,56.544,1.68,0.924
2,S-S4#1,S/S4,30.0,45.493,121.564,13.791,13.375
2,S-S4#1,S/S4,30.0,143.31,415.592,31.337,29.288
2,S-S4#1,S/S4,30.0,157.574,397.66,41.896,24.396
2,S-S4#1,S/S4,30.0,165.117,286.096,57.953,21.819
2,S-S4#1,S/S4,30.0,125.155,136.605,47.235,15.843
2,S-S4#1,S/S4,30.0,200.083,390.33,35.216,24.934
2,S-S4#1,S/S4,30.0,183.242,625.579,18.753,25.929
2,S-S4#1,S/S4,30.0,83.926,557.923,10.72,14.802
2,S-S4#1,S/S4,30.0,62.047,333.536,13.352,11.844
2,S-S4#1,S/S4,30.0,165.261,568.968,21.173,27.714
2,S-S4#1,S/S4,30.0,250.05,221.526,25.704,33.315
2,S-S4#1,S/S4,30.0,243.121,232.585,10.685,29.592
2,S-S4#1,S/S4,30.0,184.495,178.846,2.794,21.818
2,S-S4#1,S/S4,30.0,162.275,102.765,3.642,20.462
2,S-S4#1,S/S4,30.0,188.903,145.882,4.732,25.638
2,S-S4#1,S/S4,30.0,211.002,258.262,13.41,30.082
2,S-S4#1,S/S4,30.0,213.255,387.363,26.449,29.721
2,S-S4#1,S/S4,30.0,208.044,166.1,19.73,28.881
2,S-S4#1,S/S4,30.0,194.026,231.62,6.584,27.2
2,S-S4#1,S/S4,30.0,203.649,259.37,3.878,29.331
2,S-S4#1,S/S4,30.0,153.257,252.061,12.738,22.476
2,S-S4#1,S/S4,30.0,182.099,830.522,32.453,27.621
2,S-S4#1,S/S4,30.0,172.947,549.063,30.038,26.762
2,S-S4#1,S/S4,30.0,211.097,316.196,12.861,31.784
2,S-S4#1,S/S4,30.0,270.631,549.272,8.839,38.892
2,S-S4#1,S/S4,30.0,250.978,156.268,12.944,34.491
2,S-S4#1,S/S4,30.0,213.766,260.315,2.332,29.39
2,S-S4#1,S/S4,30.0,207.319,495.883,7.028,28.48
2,S-S4#1,S/S4,30.0,157.276,285.698,5.092,21.795
2,S-S4#1,S/S4,30.0,148.975,27.547,5.765,21.005
2,S-S4#1,S/S4,30.0,166.61,56.526,11.569,24.012
2,S-S4#1,S/S4,30.0,166.44,50.89,11.453,23.913
2,S-S4#1,S/S4,30.0,200.289,120.18,1.83,27.356
2,S-S4#1,S/S4,30.0,249.921,110.166,4.939,33.636
2,S-S4#1,S/S4,30.0,223.503,126.378,10.68,32.936
2,S-S4#1,S/S4,30.0,69.488,307.421,4.072,15.228
2,S-S4#1,S/S4,30.0,30.588,390.698,5.276,11.275
2,S-S4#1,S/S4,30.0,10.773,81.043,5.779,5.386
2,S-S4#1,S/S4,30.0,38.768,277.747,34.583,12.612
2,S-S4#1,S/S4,30.0,79.761,170.172,1.08,19.748
2,S-S4#1,S/S4,30.0,127.155,186.814,8.0,27.818
2,S-S4#1,S/S4,30.0,104.647,233.144,14.093,22.442
2,S-S4#1,S/S4,30.0,88.123,194.085,17.941,18.387
2,S-S4#1,S/S4,30.0,50.405,50.622,4.129,10.558
2,S-S4#1,S/S4,30.0,21.724,161.822,5.357,4.839
2,S-S4#1,S/S4,30.0,2.987,117.332,5.851,0.712
2,S-S4#1,S/S4,30.0,11.844,24.757,2.575,3.079
2,S-S4#1,S/S4,30.0,3.318,7.773,1.727,0.876
2,S-S4#1,S/S4,30.0,13.047,30.236,5.251,3.278
2,S-S4#1,S/S4,30.0,79.829,101.436,7.669,18.058
2,S-S4#1,S/S4,30.0,99.597,48.449,22.543,20.722
2,S-S4#1,S/S4,30.0,79.925,13.222,16.958,16.306
2,S-S4#1,S/S4,30.0,120.768,12.509,21.379,24.174
2,S-S4#1,S/S4,30.0,120.945,77.958,17.745,23.087
2,S-S4#1,S/S4,30.0,119.398,189.375,13.317,21.9
2,S-S4#1,S/S4,30.0,64.972,191.976,6.202,13.464
2,S-S4#1,S/S4,30.0,54.342,237.958,8.611,12.862
2,S-S4#1,S/S4,30.0,72.312,50.407,15.124,17.559
2,S-S4#1,S/S4,30.0,137.468,358.472,15.816,28.303
2,S-S4#1,S/S4,30.0,127.981,216.025,12.52,24.574
2,S-S4#1,S/S4,30.0,76.151,214.961,8.368,14.989
2,S-S4#1,S/S4,30.0,40.707,149.605,10.189,8.303
2,S-S4#1,S/S4,30.0,44.144,89.232,12.88,9.191
2,S-S4#1,S/S4,30.0,21.566,174.259,4.187,5.66
2,S-S4#1,S/S4,30.0,23.176,269.376,2.839,10.729
2,S-S4#1,S/S4,30.0,34.498,267.455,2.401,54.889
2,S-S4#1,S/S4,30.0,8.375,22.083,0.422,24.687
2,S-S4#1,S/S4,30.0,21.337,115.451,8.414,18.436
2,S-S4#1,S/S4,30.0,10.284,141.997,10.473,7.114
2,S-S4#1,S/S4,30.0,6.676,104.463,1.221,5.995
2,S-S4#1,S/S4,30.0,15.157,160.485,0.692,44.077
2,S-S4#1,S/S4,30.0,16.885,80.186,0.512,18.462
2,S-S4#1,S/S4,30.0,34.455,148.105,2.983,20.846
2,S-S4#1,S/S4,30.0,31.706,261.56,3.924,13.738
2,S-S4#1,S/S4,30.0,61.163,349.947,5.617,34.299
2,S-S4#1,S/S4,30.0,27.871,138.7,0.816,26.395
2,S-S4#1,S/S4,30.0,28.927,217.024,5.124,30.556
2,S-S4#1,S/S4,30.0,18.951,166.35,11.299,10.572
2,S-S4#1,S/S4,30.0,49.991,265.505,17.082,14.883
2,S-S4#1,S/S4,30.0,70.228,655.962,1.921,15.834
2,S-S4#1,S/S4,30.0,120.041,279.903,5.067,24.219
2,S-S4#1,S/S4,30.0,80.468,135.185,2.509,16.071
2,S-S4#1,S/S4,30.0,68.417,99.14,2.421,13.556
2,S-S4#1,S/S4,30.0,56.077,161.089,9.173,11.076
2,S-S4#1,S/S4,30.0,35.8,157.436,9.175,7.813
2,S-S4#1,S/S4,30.0,31.172,265.254,10.522,10.472
2,S-S4#1,S/S4,30.0,26.977,223.594,3.851,13.233
2,S-S4#1,S/S4,30.0,17.642,186.071,6.331,8.163
2,S-S4#1,S/S4,30.0,50.391,404.353,6.609,15.207
2,S-S4#1,S/S4,30.0,29.436,169.47,11.236,9.469
2,S-S4#1,S/S4,30.0,7.247,116.48,5.828,2.697
2,S-S4#1,S/S4,30.0,12.417,175.127,7.946,5.92
2,S-S4#1,S/S4,30.0,19.269,327.231,7.677,7.477
2,S-S4#1,S/S4,30.0,38.183,167.754,13.369,12.79
2,S-S4#1,S/S4,30.0,17.305,447.944,13.252,4.819
2,S-S4#1,S/S4,30.0,39.762,33.912,17.201,10.162
2,S-S4#1,S/S4,30.0,38.668,66.942,21.241,9.625
2,S-S4#1,S/S4,30.0,52.085,181.252,18.658,12.967
2,S-S4#1,S/S4,30.0,40.705,81.244,18.124,10.152
2,S-S4#1,S/S4,30.0,11.45,29.193,16.462,3.169
2,S-S4#1,S/S4,30.0,41.016,128.203,13.674,11.763
2,S-S4#1,S/S4,30.0,48.211,276.057,11.411,12.917
2,S-S4#1,S/S4,30.0,109.249,288.889,11.554,24.173
2,S-S4#1,S/S4,30.0,135.457,386.929,9.132,26.933
2,S-S4#1,S/S4,30.0,115.015,24.13,6.106,22.798
2,S-S4#1,S/S4,30.0,127.62,82.913,5.73,25.021
2,S-S4#1,S/S4,30.0,120.23,148.928,13.558,22.873
2,S-S4#1,S/S4,30.0,112.904,175.836,52.378,21.65
2,S-S4#1,S/S4,30.0,40.627,78.078,13.088,8.399
2,S-S4#1,S/S4,30.0,14.042,136.942,10.89,3.472
2,S-S4#1,S/S4,30.0,26.268,298.302,3.332,8.415
2,S-S4#1,S/S4,30.0,30.878,449.843,2.288,14.196
2,S-S4#1,S/S4,30.0,16.526,174.841,5.37,10.778
2,S-S4#1,S/S4,30.0,16.989,48.52,0.872,12.167
2,S-S4#1,S/S4,30.0,21.25,108.624,1.907,16.936
2,S-S4#1,S/S4,30.0,14.987,139.824,3.061,11.453
2,S-S4#1,S/S4,30.0,9.421,205.815,3.416,8.356
2,S-S4#1,S/S4,30.0,20.601,39.409,0.862,16.293
2,S-S4#1,S/S4,30.0,16.337,137.997,10.34,18.506
2,S-S4#1,S/S4,30.0,29.036,88.648,11.816,37.672
2,S-S4#1,S/S4,30.0,18.869,83.713,9.526,19.794
2,S-S4#1,S/S4,30.0,213.581,106.852,214.932,162.352
2,S-S4#1,S/S4,30.0,13.894,179.566,5.411,10.086
2,S-S4#1,S/S4,30.0,19.355,228.489,3.924,15.2
2,S-S4#1,S/S4,30.0,27.985,182.308,12.451,16.72
2,S-S4#1,S/S4,30.0,6.511,123.835,4.839,3.161
2,S-S4#1,S/S4,30.0,3.791,112.937,3.352,1.502
2,S-S4#1,S/S4,30.0,31.631,435.792,8.641,9.382
2,S-S4#1,S/S4,30.0,91.801,568.523,2.442,20.088
2,S-S4#1,S/S4,30.0,93.134,165.031,4.314,17.104
2,S-S4#1,S/S4,30.0,127.554,26.776,4.507,22.88
2,S-S4#1,S/S4,30.0,128.66,63.933,14.026,22.472
2,S-S4#1,S/S4,30.0,171.717,138.281,18.567,29.102
2,S-S4#1,S/S4,30.0,153.431,40.103,13.978,26.612
2,S-S4#1,S/S4,30.0,106.231,196.57,8.313,21.498
2,S-S4#1,S/S4,30.0,33.354,231.91,12.508,9.322
2,S-S4#1,S/S4,30.0,63.887,348.819,5.283,21.063
2,S-S4#1,S/S4,30.0,15.148,383.933,13.327,5.279
2,S-S4#1,S/S4,30.0,28.955,122.254,9.338,9.634
2,S-S4#1,S/S4,30.0,58.554,187.368,9.109,20.855
2,S-S4#1,S/S4,30.0,69.494,78.18,7.841,26.962
2,S-S4#1,S/S4,30.0,90.087,27.56,7.537,33.34
2,S-S4#1,S/S4,30.0,67.929,65.166,4.859,25.764
2,S-S4#1,S/S4,30.0,33.044,24.126,8.182,12.736
2,S-S4#1,S/S4,30.0,9.126,22.356,9.28,3.382
2,S-S4#1,S/S4,30.0,19.726,74.591,6.731,6.79
2,S-S4#1,S/S4,30.0,36.333,233.137,11.732,11.478
2,S-S4#1,S/S4,30.0,36.915,293.309,14.346,10.613
2,S-S4#1,S/S4,30.0,70.897,415.372,6.256,18.698
2,S-S4#1,S/S4,30.0,44.211,84.365,3.293,10.51
2,S-S4#1,S/S4,30.0,11.487,102.854,2.066,2.807
2,S-S4#1,S/S4,30.0,38.628,111.7,57.018,10.385
2,S-S4#1,S/S4,30.0,19.444,160.261,1.006,5.465
2,S-S4#1,S/S4,30.0,68.969,335.309,28.528,19.509
2,S-S4#1,S/S4,30.0,26.206,288.497,10.818,7.183
2,S-S4#1,S/S4,30.0,44.173,215.459,6.269,12.421
2,S-S4#1,S/S4,30.0,129.003,528.201,14.917,28.813
2,S-S4#1,S/S4,30.0,196.038,740.675,62.393,35.437
2,S-S4#1,S/S4,30.0,156.028,53.064,7.374,24.132
2,S-S4#1,S/S4,30.0,105.479,33.27,11.351,16.643
2,S-S4#1,S/S4,30.0,44.243,42.583,8.434,7.177
2,S-S4#1,S/S4,30.0,41.21,38.54,19.083,6.913
2,S-S4#1,S/S4,30.0,67.749,44.737,21.217,12.361
2,S-S4#1,S/S4,30.0,36.157,124.666,13.624,7.061
2,S-S4#1,S/S4,30.0,14.933,59.501,11.55,3.237
2,S-S4#1,S/S4,30.0,20.851,51.418,19.695,4.992
2,S-S4#1,S/S4,30.0,22.832,200.576,9.317,8.058
2,S-S4#1,S/S4,30.0,30.081,259.595,1.459,20.916
2,S-S4#1,S/S4,30.0,1.926,152.581,4.141,5.476
2,S-S4#1,S/S4,30.0,51.883,35.94,58.289,150.553
2,S-S4#1,S/S4,30.0,205.15,133.288,228.725,154.985
2,S-S4#1,S/S4,30.0,420.248,267.188,465.566,158.183
2,S-S4#1,S/S4,30.0,64.525,158.211,2.229,17.004
2,S-S4#1,S/S4,30.0,81.001,83.334,4.509,17.851
2,S-S4#1,S/S4,30.0,72.438,57.9,14.218,14.748
2,S-S4#1,S/S4,30.0,59.271,16.592,6.024,11.674
2,S-S4#1,S/S4,30.0,62.244,194.614,6.436,12.853
2,S-S4#1,S/S4,30.0,49.526,353.609,1.671,12.222
2,S-S4#1,S/S4,30.0,31.764,396.066,2.923,8.933
2,S-S4#1,S/S4,30.0,44.123,32.746,3.25,12.135
2,S-S4#1,S/S4,30.0,67.796,212.741,20.609,15.251
2,S-S4#1,S/S4,30.0,44.833,47.208,23.034,9.422
2,S-S4#1,S/S4,30.0,9.911,150.269,3.793,2.435
2,S-S4#1,S/S4,30.0,30.911,382.641,5.361,8.728
2,S-S4#1,S/S4,30.0,43.427,380.272,7.806,15.317
2,S-S4#1,S/S4,30.0,15.048,261.212,8.506,4.561
2,S-S4#1,S/S4,30.0,30.854,226.342,11.816,9.131
2,S-S4#1,S/S4,30.0,10.695,95.138,7.782,3.436
2,S-S4#1,S/S4,30.0,29.903,260.457,2.548,12.008
2,S-S4#1,S/S4,30.0,9.774,333.623,6.697,4.752
2,S-S4#1,S/S4,30.0,18.065,158.605,2.869,8.488
2,S-S4#1,S/S4,30.0,37.322,345.056,2.812,19.077
2,S-S4#1,S/S4,30.0,15.736,328.634,7.685,6.98
2,S-S4#1,S/S4,30.0,41.013,197.964,9.705,13.844
2,S-S4#1,S/S4,30.0,10.644,75.152,5.057,3.254
2,S-S4#1,S/S4,30.0,22.256,69.301,9.101,6.574
2,S-S4#1,S/S4,30.0,36.941,26.689,5.868,12.8
2,S-S4#1,S/S4,30.0,34.772,116.873,4.554,13.027
2,S-S4#1,S/S4,30.0,26.318,96.293,7.223,9.815
2,S-S4#1,S/S4,30.0,52.043,282.495,23.5,16.356
2,S-S4#1,S/S4,30.0,18.39,166.964,7.911,4.894
2,S-S4#1,S/S4,30.0,55.231,242.802,15.704,16.031
2,S-S4#1,S/S4,30.0,64.061,274.48,21.639,18.693
2,S-S4#1,S/S4,30.0,58.874,241.982,24.363,17.484
2,S-S4#1,S/S4,30.0,43.937,205.84,15.685,14.367
2,S-S4#1,S/S4,30.0,60.881,349.924,17.625,20.004
2,S-S4#1,S/S4,30.0,59.17,453.234,26.027,18.854
2,S-S4#1,S/S4,30.0,52.137,234.92,25.369,13.729
2,S-S4#1,S/S4,30.0,50.709,49.763,22.721,12.982
2,S-S4#1,S/S4,30.0,16.29,49.042,27.813,4.598
2,S-S4#1,S/S4,30.0,18.874,133.152,14.348,6.646
2,S-S4#1,S/S4,30.0,28.43,153.439,13.959,11.61
2,S-S4#1,S/S4,30.0,26.19,110.721,13.652,9.89
2,S-S4#1,S/S4,30.0,41.689,521.71,16.321,13.064
2,S-S4#1,S/S4,30.0,19.917,117.061,9.238,6.216
2,S-S4#1,S/S4,30.0,29.013,118.724,4.756,13.41
2,S-S4#1,S/S4,30.0,42.389,239.738,1.256,38.457
2,S-S4#1,S/S4,30.0,15.307,136.992,2.011,14.571
2,S-S4#1,S/S4,30.0,16.453,186.259,1.807,8.471
2,S-S4#1,S/S4,30.0,17.265,199.607,3.423,6.07
2,S-S4#1,S/S4,30.0,25.669,439.272,9.111,7.903
2,S-S4#1,S/S4,30.0,28.694,407.178,14.934,9.126
2,S-S4#1,S/S4,30.0,13.979,216.688,3.61,4.517
2,S-S4#1,S/S4,30.0,33.483,382.039,1.459,12.148
2,S-S4#1,S/S4,30.0,26.445,145.633,4.511,10.787
2,S-S4#1,S/S4,30.0,33.299,296.578,5.724,15.202
2,S-S4#1,S/S4,30.0,86.393,320.913,7.825,43.993
2,S-S4#1,S/S4,30.0,94.88,100.438,2.535,56.411
2,S-S4#1,S/S4,30.0,56.05,146.03,1.551,47.365
2,S-S4#1,S/S4,30.0,12.336,116.863,4.247,10.344
2,S-S4#1,S/S4,30.0,41.829,164.909,28.993,24.164
2,S-S4#1,S/S4,30.0,19.099,223.123,8.318,9.036
2,S-S4#1,S/S4,30.0,29.837,184.991,5.158,13.47
2,S-S4#1,S/S4,30.0,39.333,227.351,7.797,19.692
2,S-S4#1,S/S4,30.0,31.186,196.232,4.47,15.365
2,S-S4#1,S/S4,30.0,37.113,175.331,3.622,23.053
2,S-S4#1,S/S4,30.0,47.497,191.492,16.235,43.455
2,S-S4#1,S/S4,30.0,42.563,82.402,16.373,59.24
2,S-S4#1,S/S4,30.0,12.73,71.005,10.013,14.722
2,S-S4#1,S/S4,30.0,176.727,73.752,155.919,142.383
2,S-S4#1,S/S4,30.0,32.35,117.974,13.593,18.603
2,S-S4#1,S/S4,30.0,23.758,178.63,11.852,12.01
2,S-S4#1,S/S4,30.0,18.705,258.403,3.166,8.892
2,S-S4#1,S/S4,30.0,12.752,391.126,8.811,5.421
2,S-S4#1,S/S4,30.0,102.729,264.242,13.102,40.175
2,S-S4#1,S/S4,30.0,165.964,315.971,0.516,58.902
2,S-S4#1,S/S4,60.0,15.159,1.108,1.177,827.556
2,S-S4#1,S/S4,60.0,11.657,1.066,1.127,581.343
2,S-S4#1,S/S4,60.0,8.077,0.906,0.995,372.823
2,S-S4#1,S/S4,60.0,5.795,0.603,0.583,266.204
2,S-S4#1,S/S4,60.0,2.091,0.331,0.334,93.826
2,S-S4#1,S/S4,60.0,10.291,0.816,0.762,409.986
2,S-S4#1,S/S4,60.0,17.332,1.52,1.468,646.874
2,S-S4#1,S/S4,60.0,18.167,2.249,2.094,668.596
2,S-S4#1,S/S4,60.0,17.49,2.416,2.418,678.24
2,S-S4#1,S/S4,60.0,16.717,2.203,2.311,653.564
2,S-S4#1,S/S4,60.0,12.242,2.106,1.975,522.527
2,S-S4#1,S/S4,60.0,5.961,1.386,1.467,293.088
2,S-S4#1,S/S4,60.0,1.137,0.779,0.858,67.609
2,S-S4#1,S/S4,60.0,0.487,0.109,0.299,32.931
2,S-S4#1,S/S4,60.0,0.926,0.62,0.64,58.899
2,S-S4#1,S/S4,60.0,1.906,1.551,1.396,96.496
2,S-S4#1,S/S4,60.0,3.438,1.907,2.133,135.5
2,S-S4#1,S/S4,60.0,4.531,2.891,2.999,143.168
2,S-S4#1,S/S4,60.0,8.347,3.811,3.493,244.948
2,S-S4#1,S/S4,60.0,12.033,3.575,3.685,364.466
2,S-S4#1,S/S4,60.0,12.479,3.566,3.31,405.795
2,S-S4#1,S/S4,60.0,12.353,2.888,2.552,480.211
2,S-S4#1,S/S4,60.0,10.992,1.797,1.799,548.856
2,S-S4#1,S/S4,60.0,9.404,1.054,1.264,663.424
2,S-S4#1,S/S4,60.0,6.773,1.02,1.233,518.647
2,S-S4#1,S/S4,60.0,5.225,0.884,1.15,412.192
2,S-S4#1,S/S4,60.0,4.535,1.093,1.212,327.064
2,S-S4#1,S/S4,60.0,4.21,1.581,1.612,252.632
2,S-S4#1,S/S4,60.0,3.316,2.025,1.776,207.648
2,S-S4#1,S/S4,60.0,3.083,2.767,1.817,181.898
2,S-S4#1,S/S4,60.0,1.847,1.223,1.451,109.454
2,S-S4#1,S/S4,60.0,4.063,1.322,1.508,207.299
2,S-S4#1,S/S4,60.0,8.901,1.302,1.518,467.14
2,S-S4#1,S/S4,60.0,12.334,1.288,1.54,706.973
2,S-S4#1,S/S4,60.0,27.092,1.393,1.601,1408.103
2,S-S4#1,S/S4,60.0,35.606,1.312,1.496,1892.044
2,S-S4#1,S/S4,60.0,51.01,1.275,1.492,2761.703
2,S-S4#1,S/S4,60.0,60.587,1.189,1.309,3733.612
2,S-S4#1,S/S4,60.0,70.971,0.841,0.881,3691.733
2,S-S4#1,S/S4,60.0,67.455,1.183,1.736,2553.767
2,S-S4#1,S/S4,60.0,51.441,3.942,7.383,888.306
2,S-S4#1,S/S4,60.0,43.256,18.115,7.03,181.112
2,S-S4#1,S/S4,60.0,62.388,46.347,5.865,117.304
2,S-S4#1,S/S4,60.0,26.617,113.798,5.678,19.006
2,S-S4#1,S/S4,60.0,36.729,202.772,6.907,15.429
2,S-S4#1,S/S4,60.0,458.857,251.38,474.401,169.423
2,S-S4#1,S/S4,60.0,525.52,262.928,518.288,181.009
2,S-S4#1,S/S4,60.0,83.479,366.671,2.495,24.828
2,S-S4#1,S/S4,60.0,85.243,83.824,3.975,21.029
2,S-S4#1,S/S4,60.0,89.699,618.869,6.148,25.923
2,S-S4#1,S/S4,60.0,70.961,359.971,7.334,25.31
2,S-S4#1,S/S4,60.0,69.332,516.145,4.254,21.036
2,S-S4#1,S/S4,60.0,66.199,199.391,15.723,17.55
2,S-S4#1,S/S4,60.0,99.288,565.176,8.318,26.611
2,S-S4#1,S/S4,60.0,146.931,579.063,6.38,41.215
2,S-S4#1,S/S4,60.0,151.082,356.413,5.022,41.5
2,S-S4#1,S/S4,60.0,126.846,74.019,7.638,34.373
2,S-S4#1,S/S4,60.0,75.281,145.584,8.771,23.308
2,S-S4#1,S/S4,60.0,51.395,207.71,5.126,16.007
2,S-S4#1,S/S4,60.0,39.423,541.662,13.893,10.682
2,S-S4#1,S/S4,60.0,90.151,419.607,10.265,24.684
2,S-S4#1,S/S4,60.0,25.656,38.736,9.32,6.068
2,S-S4#1,S/S4,60.0,46.581,153.307,8.782,10.2
2,S-S4#1,S/S4,60.0,64.073,495.607,9.883,12.631
2,S-S4#1,S/S4,60.0,67.996,361.197,5.502,15.081
2,S-S4#1,S/S4,60.0,46.088,498.8,4.605,11.579
2,S-S4#1,S/S4,60.0,52.551,682.382,4.806,12.815
2,S-S4#1,S/S4,60.0,68.498,646.257,3.563,19.504
2,S-S4#1,S/S4,60.0,74.298,312.785,4.584,23.073
2,S-S4#1,S/S4,60.0,64.14,176.085,3.904,21.05
2,S-S4#1,S/S4,60.0,73.57,273.032,4.307,20.253
2,S-S4#1,S/S4,60.0,94.483,675.237,7.457,24.216
2,S-S4#1,S/S4,60.0,125.707,524.97,8.557,37.304
2,S-S4#1,S/S4,60.0,80.652,124.96,9.569,23.241
2,S-S4#1,S/S4,60.0,67.295,89.043,7.746,18.303
2,S-S4#1,S/S4,60.0,53.771,655.279,11.524,13.608
2,S-S4#1,S/S4,60.0,51.271,157.549,14.896,12.351
2,S-S4#1,S/S4,60.0,71.105,133.852,9.378,18.071
2,S-S4#1,S/S4,60.0,85.536,242.493,1.436,22.374
2,S-S4#1,S/S4,60.0,63.863,626.039,1.554,16.355
2,S-S4#1,S/S4,60.0,31.416,101.533,3.483,8.299
2,S-S4#1,S/S4,60.0,31.926,154.442,1.455,8.858
2,S-S4#1,S/S4,60.0,26.077,308.995,5.894,6.719
2,S-S4#1,S/S4,60.0,83.975,305.939,9.854,19.424
2,S-S4#1,S/S4,60.0,117.954,590.643,2.964,22.711
2,S-S4#1,S/S4,60.0,106.785,588.176,2.051,19.076
2,S-S4#1,S/S4,60.0,94.867,298.035,40.523,16.185
2,S-S4#1,S/S4,60.0,121.341,203.996,14.611,20.579
2,S-S4#1,S/S4,60.0,151.456,139.319,18.125,27.739
2,S-S4#1,S/S4,60.0,91.198,183.383,17.794,17.433
2,S-S4#1,S/S4,60.0,53.242,525.874,3.076,12.047
2,S-S4#1,S/S4,60.0,14.446,251.877,6.707,3.392
2,S-S4#1,S/S4,60.0,19.618,135.024,7.312,4.258
2,S-S4#1,S/S4,60.0,1.475,497.618,21.519,0.323
2,S-S4#1,S/S4,60.0,14.77,327.493,14.385,3.379
2,S-S4#1,S/S4,60.0,25.376,408.776,11.34,6.224
2,S-S4#1,S/S4,60.0,78.672,301.801,4.577,17.754
2,S-S4#1,S/S4,60.0,89.836,228.662,1.812,18.758
2,S-S4#1,S/S4,60.0,79.38,40.878,11.032,16.211
2,S-S4#1,S/S4,60.0,140.771,229.029,4.057,28.807
2,S-S4#1,S/S4,60.0,76.996,362.63,7.179,14.928
2,S-S4#1,S/S4,60.0,10.404,587.58,15.784,1.963
2,S-S4#1,S/S4,60.0,40.153,537.54,10.453,7.109
2,S-S4#1,S/S4,60.0,57.509,712.277,10.012,10.844
2,S-S4#1,S/S4,60.0,68.694,699.811,11.041,14.351
2,S-S4#1,S/S4,60.0,41.011,431.57,3.885,8.634
2,S-S4#1,S/S4,60.0,45.881,358.325,4.704,10.259
2,S-S4#1,S/S4,60.0,7.753,221.393,4.562,1.732
2,S-S4#1,S/S4,60.0,18.466,185.186,4.238,4.365
2,S-S4#1,S/S4,60.0,24.794,172.804,6.044,5.899
2,S-S4#1,S/S4,60.0,67.1,153.558,6.517,15.635
2,S-S4#1,S/S4,60.0,111.356,690.522,4.118,26.739
2,S-S4#1,S/S4,60.0,95.087,210.451,3.736,23.254
2,S-S4#1,S/S4,60.0,82.71,143.884,6.202,19.322
2,S-S4#1,S/S4,60.0,57.673,118.129,13.525,12.979
2,S-S4#1,S/S4,60.0,41.614,90.529,19.742,9.259
2,S-S4#1,S/S4,60.0,46.166,41.554,8.83,10.919
2,S-S4#1,S/S4,60.0,31.261,198.626,12.606,7.072
2,S-S4#1,S/S4,60.0,26.026,141.329,13.565,6.159
2,S-S4#1,S/S4,60.0,32.438,171.967,21.399,8.597
2,S-S4#1,S/S4,60.0,53.638,224.122,34.171,14.614
2,S-S4#1,S/S4,60.0,71.922,361.63,31.716,22.673
2,S-S4#1,S/S4,60.0,78.68,158.296,23.96,23.238
2,S-S4#1,S/S4,60.0,81.668,129.727,25.422,27.288
2,S-S4#1,S/S4,60.0,84.16,268.432,22.652,25.247
2,S-S4#1,S/S4,60.0,100.772,187.898,22.977,33.638
2,S-S4#1,S/S4,60.0,78.341,148.954,15.224,31.922
2,S-S4#1,S/S4,60.0,59.232,191.842,2.76,19.532
2,S-S4#1,S/S4,60.0,50.522,228.568,5.991,16.875
2,S-S4#1,S/S4,60.0,51.61,210.769,9.721,16.366
2,S-S4#1,S/S4,60.0,64.516,212.36,20.5,22.236
2,S-S4#1,S/S4,60.0,302.331,133.435,260.63,82.631
2,S-S4#1,S/S4,60.0,52.787,220.718,30.95,11.563
2,S-S4#1,S/S4,60.0,39.474,222.691,51.724,7.921
2,S-S4#1,S/S4,60.0,31.846,483.418,51.368,5.696
2,S-S4#1,S/S4,60.0,29.717,868.351,53.276,5.198
2,S-S4#1,S/S4,60.0,28.957,242.055,40.536,4.588
2,S-S4#1,S/S4,60.0,35.332,484.521,31.341,5.526
2,S-S4#1,S/S4,60.0,43.597,738.783,35.641,7.087
2,S-S4#1,S/S4,60.0,58.497,1033.498,37.803,10.139
2,S-S4#1,S/S4,60.0,80.248,895.013,22.404,16.679
2,S-S4#1,S/S4,60.0,81.587,311.19,39.85,15.716
2,S-S4#1,S/S4,60.0,73.751,483.257,52.282,13.295
2,S-S4#1,S/S4,60.0,61.746,564.458,75.368,11.143
2,S-S4#1,S/S4,60.0,73.518,829.475,54.105,13.099
2,S-S4#1,S/S4,60.0,91.933,810.805,41.431,15.501
2,S-S4#1,S/S4,60.0,95.696,434.105,53.902,14.392
2,S-S4#1,S/S4,60.0,52.275,301.271,66.451,7.66
2,S-S4#1,S/S4,60.0,43.854,280.231,63.361,6.729
2,S-S4#1,S/S4,60.0,63.202,179.189,47.737,10.328
2,S-S4#1,S/S4,60.0,54.557,170.002,28.706,9.697
2,S-S4#1,S/S4,60.0,58.563,365.619,21.163,11.058
2,S-S4#1,S/S4,60.0,82.252,500.485,25.732,15.333
2,S-S4#1,S/S4,60.0,95.789,676.074,33.981,18.243
2,S-S4#1,S/S4,60.0,144.772,568.74,33.047,27.786
2,S-S4#1,S/S4,60.0,139.48,441.449,57.062,24.142
2,S-S4#1,S/S4,60.0,107.983,187.941,50.615,18.341
2,S-S4#1,S/S4,60.0,113.145,614.494,37.081,18.35
2,S-S4#1,S/S4,60.0,127.619,700.006,49.663,19.832
2,S-S4#1,S/S4,60.0,99.258,735.454,66.567,14.846
2,S-S4#1,S/S4,60.0,139.853,952.062,81.828,19.454
2,S-S4#1,S/S4,60.0,134.058,999.402,89.509,17.969
2,S-S4#1,S/S4,60.0,136.492,771.974,80.406,16.996
2,S-S4#1,S/S4,60.0,66.935,175.526,59.264,9.625
2,S-S4#1,S/S4,60.0,47.103,292.962,39.233,8.494
2,S-S4#1,S/S4,60.0,109.381,689.564,20.941,26.338
2,S-S4#1,S/S4,60.0,71.224,588.986,6.442,26.27
2,S-S4#1,S/S4,60.0,33.814,625.243,14.381,17.017
2,S-S4#1,S/S4,60.0,13.493,176.241,24.835,6.973
2,S-S4#1,S/S4,60.0,27.267,304.085,29.475,8.568
2,S-S4#1,S/S4,60.0,43.864,434.761,29.253,9.64
2,S-S4#1,S/S4,60.0,54.283,564.177,36.095,9.17
2,S-S4#1,S/S4,60.0,119.14,580.132,12.272,16.456
2,S-S4#1,S/S4,60.0,126.123,498.392,38.635,16.269
2,S-S4#1,S/S4,60.0,64.248,130.674,29.463,9.627
2,S-S4#1,S/S4,60.0,32.799,323.945,28.26,6.138
2,S-S4#1,S/S4,60.0,65.363,694.087,22.619,13.307
2,S-S4#1,S/S4,60.0,89.864,863.391,20.521,18.139
2,S-S4#1,S/S4,60.0,44.609,512.303,27.304,8.667
2,S-S4#1,S/S4,60.0,45.39,282.461,25.224,9.503
2,S-S4#1,S/S4,60.0,42.566,469.0,10.494,9.042
2,S-S4#1,S/S4,60.0,32.307,161.515,11.839,6.922
2,S-S4#1,S/S4,60.0,8.012,437.266,7.738,2.153
2,S-S4#1,S/S4,60.0,24.494,682.629,3.832,10.612
2,S-S4#1,S/S4,60.0,35.474,696.962,3.404,44.682
2,S-S4#1,S/S4,60.0,1.515,12.727,1.687,61.118
2,S-S4#1,S/S4,60.0,1.544,2.726,1.845,77.385
2,S-S4#1,S/S4,60.0,11.839,48.638,5.934,23.572
2,S-S4#1,S/S4,60.0,18.129,177.661,18.478,10.092
2,S-S4#1,S/S4,60.0,14.892,337.154,30.304,4.406
2,S-S4#1,S/S4,60.0,10.767,504.396,42.014,2.132
2,S-S4#1,S/S4,60.0,18.838,651.952,50.096,2.885
2,S-S4#1,S/S4,60.0,14.652,714.635,55.697,2.039
2,S-S4#1,S/S4,60.0,53.077,147.858,9.992,7.502
2,S-S4#1,S/S4,60.0,56.483,304.522,9.05,8.526
2,S-S4#1,S/S4,60.0,78.819,527.161,6.1,13.665
2,S-S4#1,S/S4,60.0,71.052,691.832,2.376,17.32
2,S-S4#1,S/S4,60.0,89.885,669.957,3.532,26.613
2,S-S4#1,S/S4,60.0,38.941,424.054,15.035,9.494
2,S-S4#1,S/S4,60.0,36.64,882.408,2.589,7.146
2,S-S4#1,S/S4,60.0,39.71,362.221,7.465,7.13
2,S-S4#1,S/S4,60.0,114.658,610.081,23.446,18.306
2,S-S4#1,S/S4,60.0,103.715,636.288,4.017,14.071
2,S-S4#1,S/S4,60.0,74.494,170.746,5.729,10.95
2,S-S4#1,S/S4,60.0,48.805,322.959,13.515,8.981
2,S-S4#1,S/S4,60.0,8.869,472.056,7.503,2.194
2,S-S4#1,S/S4,60.0,28.178,479.362,6.736,7.897
2,S-S4#1,S/S4,60.0,57.983,456.138,7.229,16.387
2,S-S4#1,S/S4,60.0,98.486,297.175,0.671,24.646
2,S-S4#1,S/S4,60.0,117.241,535.567,38.925,21.503
2,S-S4#1,S/S4,60.0,130.963,679.808,40.582,18.985
2,S-S4#1,S/S4,60.0,187.477,690.099,23.375,22.705
2,S-S4#1,S/S4,60.0,153.756,289.779,6.6,17.273
2,S-S4#1,S/S4,60.0,112.967,133.828,3.908,13.202
2,S-S4#1,S/S4,60.0,99.722,626.608,14.929,11.685
2,S-S4#1,S/S4,60.0,135.358,959.404,18.072,14.831
2,S-S4#1,S/S4,60.0,201.517,457.497,30.772,20.32
2,S-S4#1,S/S4,60.0,197.633,1048.82,45.616,18.858
2,S-S4#1,S/S4,60.0,225.863,817.944,57.078,21.586
2,S-S4#1,S/S4,60.0,220.887,835.685,46.873,20.612
2,S-S4#1,S/S4,60.0,186.22,1212.699,60.965,16.899
2,S-S4#1,S/S4,60.0,197.715,1511.848,76.193,18.103
2,S-S4#1,S/S4,60.0,238.464,1720.685,94.364,21.478
2,S-S4#1,S/S4,60.0,320.388,1881.141,108.047,27.631
2,S-S4#1,S/S4,60.0,410.311,1655.503,103.446,32.242
2,S-S4#1,S/S4,60.0,484.074,900.922,78.759,35.066
2,S-S4#1,S/S4,60.0,487.446,889.269,54.461,34.917
2,S-S4#1,S/S4,60.0,451.768,700.882,52.994,33.782
2,S-S4#1,S/S4,60.0,348.201,232.301,25.806,28.597
2,S-S4#1,S/S4,60.0,310.864,1296.159,11.198,27.164
2,S-S4#1,S/S4,60.0,277.615,1481.488,26.3,26.116
2,S-S4#1,S/S4,60.0,170.23,976.881,15.955,16.752
2,S-S4#1,S/S4,60.0,160.422,400.99,7.448,15.913
2,S-S4#1,S/S4,60.0,214.747,557.905,25.478,20.612
2,S-S4#1,S/S4,60.0,234.392,205.543,44.111,21.465
2,S-S4#1,S/S4,60.0,277.733,380.197,58.283,25.066
2,S-S4#1,S/S4,60.0,295.544,645.189,81.172,26.44
2,S-S4#1,S/S4,60.0,247.322,704.397,77.433,23.568
2,S-S4#1,S/S4,60.0,178.117,497.84,61.208,18.635
2,S-S4#1,S/S4,60.0,164.455,414.961,77.257,17.787
2,S-S4#1,S/S4,60.0,155.702,451.394,98.696,16.952
2,S-S4#1,S/S4,60.0,134.423,454.385,101.772,14.935
2,S-S4#1,S/S4,60.0,157.934,264.647,121.695,17.491
2,S-S4#1,S/S4,60.0,244.414,720.842,115.37,25.077
2,S-S4#1,S/S4,60.0,277.987,515.382,119.694,26.459
2,S-S4#1,S/S4,60.0,234.659,313.988,111.183,22.642
2,S-S4#1,S/S4,60.0,179.18,50.869,82.249,19.806
2,S-S4#1,S/S4,60.0,117.345,461.978,47.927,15.942
2,S-S4#1,S/S4,60.0,51.878,626.281,23.286,9.478
2,S-S4#1,S/S4,60.0,8.401,751.777,14.658,2.369
2,S-S4#1,S/S4,60.0,17.22,813.255,15.54,6.981
2,S-S4#1,S/S4,60.0,11.459,233.959,29.945,4.656
2,S-S4#1,S/S4,60.0,91.425,369.729,79.736,24.699
2,S-S4#1,S/S4,60.0,120.363,531.793,99.909,22.626
2,S-S4#1,S/S4,60.0,137.86,694.807,115.701,19.858
2,S-S4#1,S/S4,60.0,205.046,757.807,163.58,23.796
2,S-S4#1,S/S4,60.0,196.774,284.882,22.058,20.289
2,S-S4#1,S/S4,60.0,188.422,161.863,42.482,18.881
2,S-S4#1,S/S4,60.0,207.929,159.451,49.718,20.524
2,S-S4#1,S/S4,60.0,222.17,22.633,60.004,22.768
2,S-S4#1,S/S4,60.0,221.792,233.506,76.06,23.673
2,S-S4#1,S/S4,60.0,244.276,693.434,120.118,24.957
2,S-S4#1,S/S4,60.0,227.537,519.022,137.012,22.085
2,S-S4#1,S/S4,60.0,216.222,293.084,150.563,19.496
2,S-S4#1,S/S4,60.0,242.97,177.84,152.313,20.475
2,S-S4#1,S/S4,60.0,330.737,1339.021,140.518,25.242
2,S-S4#1,S/S4,60.0,325.224,333.851,152.782,22.614
2,S-S4#1,S/S4,60.0,322.648,284.462,167.796,21.792
2,S-S4#1,S/S4,60.0,314.911,269.479,177.129,21.156
2,S-S4#1,S/S4,60.0,320.804,279.076,165.187,21.817
2,S-S4#1,S/S4,60.0,345.165,293.492,161.672,23.754
2,S-S4#1,S/S4,60.0,406.718,345.681,182.119,27.622
2,S-S4#1,S/S4,60.0,422.78,558.182,183.269,29.041
2,S-S4#1,S/S4,60.0,455.605,484.347,183.655,31.772
2,S-S4#1,S/S4,60.0,507.059,330.995,178.725,35.594
2,S-S4#1,S/S4,60.0,426.948,285.57,159.934,30.553
2,S-S4#1,S/S4,60.0,382.173,781.14,130.417,27.579
2,S-S4#1,S/S4,60.0,382.224,723.922,130.419,27.96
2,S-S4#1,S/S4,60.0,427.579,291.175,151.885,30.797
2,S-S4#1,S/S4,60.0,458.828,1599.458,188.048,32.057
2,S-S4#1,S/S4,60.0,560.33,1250.09,328.705,38.364
2,S-S4#1,S/S4,60.0,594.91,334.003,188.589,38.786
2,S-S4#1,S/S4,60.0,616.083,959.378,167.228,38.378
2,S-S4#1,S/S4,60.0,614.985,182.121,198.482,37.894
2,S-S4#1,S/S4,60.0,744.664,660.349,235.611,45.812
2,S-S4#1,S/S4,60.0,672.579,796.425,244.397,41.975
2,S-S4#1,S/S4,60.0,583.517,390.418,206.896,37.875
2,S-S4#1,S/S4,60.0,407.875,530.762,150.397,31.066
2,S-S4#1,S/S4,60.0,284.693,669.074,102.689,27.937
2,S-S4#1,S/S4,60.0,176.525,827.357,63.238,23.434
2,S-S4#1,S/S4,60.0,63.264,1069.026,30.966,12.814
2,S-S4#1,S/S4,60.0,27.04,1128.273,18.648,9.807
2,S-S4#1,S/S4,60.0,11.215,457.401,28.747,5.996
2,S-S4#1,S/S4,60.0,88.988,319.178,35.176,27.313
2,S-S4#1,S/S4,60.0,200.072,548.215,53.605,35.612
2,S-S4#1,S/S4,60.0,319.111,797.443,80.918,38.375
2,S-S4#1,S/S4,60.0,421.981,1053.538,109.187,37.734
2,S-S4#1,S/S4,60.0,515.022,969.355,236.105,37.65
2,S-S4#1,S/S4,60.0,602.961,1820.188,252.649,39.801
2,S-S4#1,S/S4,60.0,520.018,1154.96,218.386,35.587
2,S-S4#1,S/S4,60.0,406.226,201.181,142.135,30.999
2,S-S4#1,S/S4,60.0,261.732,296.772,65.985,23.297
2,S-S4#1,S/S4,60.0,149.897,396.159,25.702,16.138
2,S-S4#1,S/S4,60.0,29.449,103.648,18.457,3.63
2,S-S4#1,S/S4,60.0,164.582,103.349,59.655,20.783
2,S-S4#1,S/S4,60.0,184.051,454.228,96.936,20.283
2,S-S4#1,S/S4,60.0,231.667,592.248,151.284,21.081
2,S-S4#1,S/S4,60.0,311.435,1142.229,179.998,24.298
2,S-S4#1,S/S4,60.0,366.947,834.656,177.029,25.29
2,S-S4#1,S/S4,60.0,313.744,268.056,164.869,21.398
2,S-S4#1,S/S4,60.0,278.825,984.946,110.573,20.507
2,S-S4#1,S/S4,60.0,340.889,1487.241,84.129,25.658
2,S-S4#1,S/S4,60.0,384.152,1859.596,68.152,29.452
2,S-S4#1,S/S4,60.0,371.873,1805.471,67.419,28.189
2,S-S4#1,S/S4,60.0,362.769,1237.476,65.63,26.915
2,S-S4#1,S/S4,60.0,409.994,1563.6,66.567,28.38
2,S-S4#1,S/S4,60.0,480.538,619.0,56.789,31.073
2,S-S4#1,S/S4,60.0,488.272,625.312,16.77,31.274
2,S-S4#1,S/S4,60.0,465.774,645.334,11.263,30.054
2,S-S4#1,S/S4,60.0,422.189,654.833,36.652,27.907
2,S-S4#1,S/S4,60.0,457.364,711.695,46.785,31.336
2,S-S4#1,S/S4,60.0,458.571,680.871,57.827,32.357
2,S-S4#1,S/S4,60.0,452.327,643.264,69.249,31.984
2,S-S4#1,S/S4,60.0,408.419,364.981,55.151,29.079
2,S-S4#1,S/S4,60.0,391.415,206.24,43.703,28.469
2,S-S4#1,S/S4,60.0,378.079,496.797,42.34,28.156
2,S-S4#1,S/S4,60.0,388.932,1104.749,63.119,28.85
2,S-S4#1,S/S4,60.0,467.649,1651.931,86.018,34.456
2,S-S4#1,S/S4,60.0,458.451,647.135,62.813,33.314
2,S-S4#1,S/S4,60.0,504.681,830.283,23.864,36.206
2,S-S4#1,S/S4,60.0,519.874,814.548,18.023,36.449
2,S-S4#1,S/S4,60.0,448.637,311.147,21.704,30.904
2,S-S4#1,S/S4,60.0,425.51,970.314,4.096,29.57
2,S-S4#1,S/S4,60.0,426.842,1232.761,4.824,29.97
2,S-S4#1,S/S4,60.0,375.632,691.465,7.013,26.453
2,S-S4#1,S/S4,60.0,400.931,200.908,23.27,27.771
2,S-S4#1,S/S4,60.0,458.291,270.822,25.307,31.844
2,S-S4#1,S/S4,60.0,463.291,283.479,16.588,33.642
2,S-S4#1,S/S4,60.0,357.917,321.891,8.968,30.051
2,S-S4#1,S/S4,60.0,294.998,385.318,8.082,29.021
2,S-S4#1,S/S4,60.0,210.604,620.679,9.577,23.939
2,S-S4#1,S/S4,60.0,104.615,721.81,10.876,13.698
2,S-S4#1,S/S4,60.0,52.839,569.085,19.56,7.816
2,S-S4#1,S/S4,60.0,131.358,197.56,18.99,19.953
2,S-S4#1,S/S4,60.0,187.195,738.187,100.815,24.145
2,S-S4#1,S/S4,60.0,192.899,555.781,19.672,21.806
2,S-S4#1,S/S4,60.0,224.401,608.498,36.154,23.972
2,S-S4#1,S/S4,60.0,208.853,544.597,37.017,22.779
2,S-S4#1,S/S4,60.0,161.922,281.611,31.855,17.987
2,S-S4#1,S/S4,60.0,72.801,90.064,3.061,8.431
2,S-S4#1,S/S4,60.0,19.099,389.009,18.224,2.303
2,S-S4#1,S/S4,60.0,10.073,246.238,22.662,1.231
2,S-S4#1,S/S4,60.0,70.085,12.384,21.566,8.465
2,S-S4#1,S/S4,60.0,111.606,112.624,28.341,12.963
2,S-S4#1,S/S4,60.0,119.78,81.877,42.422,13.462
2,S-S4#1,S/S4,60.0,226.557,260.854,52.951,24.017
2,S-S4#1,S/S4,60.0,237.457,159.919,86.071,23.601
2,S-S4#1,S/S4,60.0,228.089,221.498,69.787,21.994
2,S-S4#1,S/S4,60.0,196.506,243.928,64.873,19.97
2,S-S4#1,S/S4,60.0,192.102,439.491,49.177,20.256
2,S-S4#1,S/S4,60.0,221.49,584.71,47.651,23.105
2,S-S4#1,S/S4,60.0,238.289,680.227,43.74,24.588
2,S-S4#1,S/S4,60.0,227.263,642.976,53.227,24.052
2,S-S4#1,S/S4,60.0,186.534,335.115,57.51,20.239
2,S-S4#1,S/S4,60.0,187.883,867.977,53.012,19.217
2,S-S4#1,S/S4,60.0,184.559,708.165,44.759,18.406
2,S-S4#1,S/S4,60.0,142.763,673.383,29.891,16.026
2,S-S4#1,S/S4,60.0,64.919,528.49,21.092,9.171
2,S-S4#1,S/S4,60.0,30.539,474.399,16.199,5.61
2,S-S4#1,S/S4,60.0,26.269,660.31,4.873,6.329
2,S-S4#1,S/S4,60.0,11.461,648.017,3.711,3.455
2,S-S4#1,S/S4,60.0,27.146,459.722,3.231,13.089
2,S-S4#1,S/S4,60.0,8.222,121.922,1.93,5.632
2,S-S4#1,S/S4,60.0,10.838,149.332,10.808,7.186
2,S-S4#1,S/S4,60.0,26.422,182.995,13.662,11.195
2,S-S4#1,S/S4,60.0,30.856,298.507,3.594,11.153
2,S-S4#1,S/S4,60.0,16.827,324.791,3.135,6.336
2,S-S4#1,S/S4,60.0,58.991,174.627,4.704,21.773
2,S-S4#1,S/S4,60.0,60.949,174.256,4.656,22.489
2,S-S4#1,S/S4,60.0,54.359,123.359,9.925,16.659
2,S-S4#1,S/S4,60.0,90.872,619.467,21.477,25.412
2,S-S4#1,S/S4,60.0,22.148,475.876,18.678,5.017
2,S-S4#1,S/S4,60.0,50.619,251.822,26.914,9.384
2,S-S4#1,S/S4,60.0,135.332,566.256,37.224,20.015
2,S-S4#1,S/S4,60.0,154.702,708.723,45.365,18.454
2,S-S4#1,S/S4,60.0,171.995,1535.103,2.368,18.106
2,S-S4#1,S/S4,60.0,173.494,769.179,18.736,17.288
2,S-S4#1,S/S4,60.0,111.771,516.439,17.64,11.636
2,S-S4#1,S/S4,60.0,62.546,486.369,15.246,7.778
2,S-S4#1,S/S4,60.0,76.005,379.217,19.602,10.679
2,S-S4#1,S/S4,60.0,44.56,224.863,19.221,6.605
2,S-S4#1,S/S4,60.0,20.616,541.925,29.496,3.275
2,S-S4#1,S/S4,60.0,47.765,819.644,19.621,9.262
2,S-S4#1,S/S4,60.0,31.253,473.686,27.429,6.428
2,S-S4#1,S/S4,60.0,66.216,724.482,24.79,12.211
2,S-S4#1,S/S4,60.0,44.938,205.463,37.751,7.898
2,S-S4#1,S/S4,60.0,19.821,257.654,38.946,3.489
2,S-S4#1,S/S4,60.0,18.404,65.326,50.81,3.231
2,S-S4#1,S/S4,60.0,77.042,844.469,52.491,11.85
2,S-S4#1,S/S4,60.0,118.414,405.477,59.082,16.879
2,S-S4#1,S/S4,60.0,72.675,1003.05,57.849,9.536
2,S-S4#1,S/S4,60.0,87.246,143.55,69.405,10.992
2,S-S4#1,S/S4,60.0,44.678,19.738,71.422,5.845
2,S-S4#1,S/S4,60.0,71.974,314.28,64.428,9.575
2,S-S4#1,S/S4,60.0,52.635,173.372,58.883,6.787
2,S-S4#1,S/S4,60.0,102.715,507.999,61.651,12.618
2,S-S4#1,S/S4,60.0,204.903,791.801,54.609,24.018
2,S-S4#1,S/S4,60.0,211.975,967.907,46.422,24.102
2,S-S4#1,S/S4,60.0,268.878,783.592,42.762,27.902
2,S-S4#1,S/S4,60.0,284.449,977.402,39.428,27.612
2,S-S4#1,S/S4,60.0,246.197,254.041,34.251,23.955
2,S-S4#1,S/S4,60.0,195.013,333.738,33.007,19.587
2,S-S4#1,S/S4,60.0,153.884,412.929,42.785,16.513
2,S-S4#1,S/S4,60.0,152.633,606.35,84.99,18.278
2,S-S4#1,S/S4,60.0,45.547,561.625,19.411,6.481
2,S-S4#1,S/S4,60.0,7.51,713.766,11.139,1.345
2,S-S4#1,S/S4,60.0,15.108,807.07,7.583,3.339
2,S-S4#1,S/S4,60.0,40.393,964.014,8.388,11.763
2,S-S4#1,S/S4,60.0,37.684,102.394,12.651,13.245
2,S-S4#1,S/S4,60.0,28.504,246.473,6.371,11.265
2,S-S4#1,S/S4,60.0,25.336,307.212,7.508,10.045
2,S-S4#1,S/S4,60.0,8.533,243.942,15.345,3.887
2,S-S4#1,S/S4,60.0,18.303,157.42,15.564,9.621
2,S-S4#1,S/S4,60.0,7.416,23.32,9.649,3.343
2,S-S4#1,S/S4,60.0,29.595,24.689,9.849,13.458
2,S-S4#1,S/S4,60.0,37.015,158.479,12.166,17.187
2,S-S4#1,S/S4,60.0,42.22,157.388,9.162,18.896
2,S-S4#1,S/S4,60.0,397.796,191.32,411.962,133.048
2,S-S4#1,S/S4,60.0,36.699,24.702,4.243,10.667
2,S-S4#1,S/S4,60.0,32.882,578.256,5.748,8.642
2,S-S4#1,S/S4,60.0,62.16,384.51,19.673,12.299
2,S-S4#1,S/S4,60.0,92.153,492.752,25.531,13.891
2,S-S4#1,S/S4,60.0,142.432,869.585,22.417,17.839
2,S-S4#1,S/S4,60.0,196.552,1211.72,33.595,21.926
2,S-S4#1,S/S4,60.0,286.182,1279.879,20.205,27.746
2,S-S4#1,S/S4,60.0,294.705,431.353,33.543,25.933
2,S-S4#1,S/S4,60.0,325.993,49.081,37.253,28.699
2,S-S4#1,S/S4,60.0,295.945,316.724,49.87,27.691
2,S-S4#1,S/S4,60.0,247.221,383.646,44.152,26.03
2,S-S4#1,S/S4,60.0,184.439,267.068,30.421,20.922
2,S-S4#1,S/S4,60.0,85.377,457.031,24.676,10.922
2,S-S4#1,S/S4,60.0,18.209,532.475,37.259,2.761
2,S-S4#1,S/S4,60.0,132.708,1085.887,34.559,22.677
2,S-S4#1,S/S4,60.0,91.35,819.604,43.459,16.744
2,S-S4#1,S/S4,60.0,139.169,98.57,32.412,24.343
2,S-S4#1,S/S4,60.0,167.883,537.39,30.76,30.788
2,S-S4#1,S/S4,60.0,118.242,226.767,28.316,22.819
2,S-S4#1,S/S4,60.0,100.964,130.827,28.237,18.665
2,S-S4#1,S/S4,60.0,63.484,220.427,20.564,11.439
2,S-S4#1,S/S4,60.0,74.664,76.038,34.281,12.94
2,S-S4#1,S/S4,60.0,64.039,192.221,39.068,10.349
2,S-S4#1,S/S4,60.0,74.672,382.14,33.207,11.133
2,S-S4#1,S/S4,60.0,78.28,890.524,46.621,10.598
2,S-S4#1,S/S4,60.0,67.01,894.932,52.344,8.835
2,S-S4#1,S/S4,60.0,124.198,857.373,32.36,16.505
2,S-S4#1,S/S4,60.0,93.289,69.955,19.882,11.992
2,S-S4#1,S/S4,60.0,59.632,181.827,5.11,7.805
2,S-S4#1,S/S4,60.0,35.607,639.165,99.557,4.824
2,S-S4#1,S/S4,60.0,17.056,323.099,6.962,2.393
2,S-S4#1,S/S4,60.0,80.438,25.606,41.041,10.024
2,S-S4#1,S/S4,60.0,173.597,637.727,8.66,18.895
2,S-S4#1,S/S4,60.0,241.079,1140.215,7.528,24.01
2,S-S4#1,S/S4,60.0,269.098,1333.027,51.805,24.83
2,S-S4#1,S/S4,60.0,293.675,1561.763,145.16,25.061
2,S-S4#1,S/S4,60.0,242.061,81.592,37.552,19.446
2,S-S4#1,S/S4,60.0,188.925,156.925,48.444,15.959
2,S-S4#1,S/S4,60.0,106.981,204.328,46.041,9.462
2,S-S4#1,S/S4,60.0,86.213,233.834,61.834,8.14
2,S-S4#1,S/S4,60.0,94.375,240.374,63.123,9.757
2,S-S4#1,S/S4,60.0,68.521,483.948,36.714,8.596
2,S-S4#1,S/S4,60.0,29.64,426.038,22.581,4.888
2,S-S4#1,S/S4,60.0,26.879,471.422,25.036,5.927
2,S-S4#1,S/S4,60.0,16.502,649.527,14.897,5.192
2,S-S4#1,S/S4,60.0,6.183,533.962,10.026,2.239
2,S-S4#1,S/S4,60.0,38.56,75.984,15.583,12.816
2,S-S4#1,S/S4,60.0,687.66,417.383,736.159,165.845
2,S-S4#1,S/S4,60.0,915.239,589.141,1020.435,155.837
2,S-S4#1,S/S4,60.0,1185.355,760.221,1321.018,156.33
2,S-S4#1,S/S4,60.0,147.705,447.472,8.086,16.618
2,S-S4#1,S/S4,60.0,164.462,253.207,21.316,17.499
2,S-S4#1,S/S4,60.0,138.441,343.468,32.758,15.416
2,S-S4#1,S/S4,60.0,113.654,531.702,4.601,13.141
2,S-S4#1,S/S4,60.0,92.995,825.217,17.297,10.95
2,S-S4#1,S/S4,60.0,108.371,1009.55,12.971,12.742
2,S-S4#1,S/S4,60.0,81.162,894.074,12.894,9.746
2,S-S4#1,S/S4,60.0,101.403,125.74,10.39,13.129
2,S-S4#1,S/S4,60.0,81.908,455.886,28.715,10.234
2,S-S4#1,S/S4,60.0,61.818,594.554,30.203,8.13
2,S-S4#1,S/S4,60.0,51.801,929.329,24.234,7.016
2,S-S4#1,S/S4,60.0,64.484,1169.951,34.091,9.311
2,S-S4#1,S/S4,60.0,77.266,776.072,27.892,12.965
2,S-S4#1,S/S4,60.0,10.734,271.675,10.457,1.85
2,S-S4#1,S/S4,60.0,31.049,269.775,6.306,5.701
2,S-S4#1,S/S4,60.0,15.795,512.23,7.296,3.013
2,S-S4#1,S/S4,60.0,28.186,617.773,7.878,6.322
2,S-S4#1,S/S4,60.0,43.865,532.48,10.364,10.163
2,S-S4#1,S/S4,60.0,78.054,261.809,6.185,15.317
2,S-S4#1,S/S4,60.0,88.502,995.734,11.403,16.9
2,S-S4#1,S/S4,60.0,48.486,746.252,35.921,8.578
2,S-S4#1,S/S4,60.0,69.768,382.233,30.83,11.906
2,S-S4#1,S/S4,60.0,55.513,150.166,20.541,9.325
2,S-S4#1,S/S4,60.0,46.335,225.179,29.418,7.622
2,S-S4#1,S/S4,60.0,46.461,95.692,29.873,7.656
2,S-S4#1,S/S4,60.0,38.478,296.432,35.087,5.976
2,S-S4#1,S/S4,60.0,99.398,377.746,39.525,16.19
2,S-S4#1,S/S4,60.0,190.603,561.009,76.867,28.787
2,S-S4#1,S/S4,60.0,133.366,707.935,55.206,18.683
2,S-S4#1,S/S4,60.0,185.624,777.973,61.277,28.509
2,S-S4#1,S/S4,60.0,160.406,726.902,51.398,24.739
2,S-S4#1,S/S4,60.0,145.714,742.384,60.165,22.368
2,S-S4#1,S/S4,60.0,102.915,713.994,75.286,14.991
2,S-S4#1,S/S4,60.0,114.861,1072.227,90.653,16.498
2,S-S4#1,S/S4,60.0,85.9,988.822,90.058,12.832
2,S-S4#1,S/S4,60.0,54.203,492.897,71.445,8.15
2,S-S4#1,S/S4,60.0,70.623,209.746,60.231,11.091
2,S-S4#1,S/S4,60.0,16.861,181.085,69.536,2.721
2,S-S4#1,S/S4,60.0,99.578,256.818,52.752,16.486
2,S-S4#1,S/S4,60.0,127.028,329.146,51.928,22.437
2,S-S4#1,S/S4,60.0,79.216,309.56,39.201,16.425
2,S-S4#1,S/S4,60.0,66.562,878.976,28.312,15.461
2,S-S4#1,S/S4,60.0,44.711,383.615,11.738,10.5
2,S-S4#1,S/S4,60.0,54.223,493.539,12.723,13.206
2,S-S4#1,S/S4,60.0,61.821,624.477,14.531,15.647
2,S-S4#1,S/S4,60.0,24.454,373.015,18.356,5.674
2,S-S4#1,S/S4,60.0,29.997,398.875,12.461,5.89
2,S-S4#1,S/S4,60.0,32.853,267.999,9.333,5.52
2,S-S4#1,S/S4,60.0,7.706,355.777,12.121,1.281
2,S-S4#1,S/S4,60.0,8.55,192.676,18.974,1.526
2,S-S4#1,S/S4,60.0,56.368,448.335,13.507,10.641
2,S-S4#1,S/S4,60.0,128.19,427.021,14.136,27.127
2,S-S4#1,S/S4,60.0,141.855,184.884,13.283,34.259
2,S-S4#1,S/S4,60.0,112.888,737.041,9.749,33.38
2,S-S4#1,S/S4,60.0,101.303,579.769,14.115,32.017
2,S-S4#1,S/S4,60.0,98.631,167.629,8.458,28.898
2,S-S4#1,S/S4,60.0,64.434,163.08,8.43,19.518
2,S-S4#1,S/S4,60.0,15.908,315.286,15.475,4.657
2,S-S4#1,S/S4,60.0,104.994,275.602,44.263,28.124
2,S-S4#1,S/S4,60.0,58.841,358.379,11.538,14.174
2,S-S4#1,S/S4,60.0,44.474,35.106,3.653,11.602
2,S-S4#1,S/S4,60.0,28.138,50.233,10.891,9.088
2,S-S4#1,S/S4,60.0,40.323,307.608,12.188,14.641
2,S-S4#1,S/S4,60.0,50.436,245.206,16.344,20.377
2,S-S4#1,S/S4,60.0,25.759,59.987,14.846,11.031
2,S-S4#1,S/S4,60.0,13.264,101.02,2.723,5.389
2,S-S4#1,S/S4,60.0,32.077,78.447,17.069,11.263
2,S-S4#1,S/S4,60.0,100.541,70.058,139.004,30.02
2,S-S4#1,S/S4,60.0,49.695,143.329,26.48,12.113
2,S-S4#1,S/S4,60.0,114.072,203.056,21.852,25.146
2,S-S4#1,S/S4,60.0,197.366,389.262,3.675,40.021
2,S-S4#1,S/S4,120.0,33.321,0.918,0.881,737.561
2,S-S4#1,S/S4,120.0,31.215,1.519,1.073,660.511
2,S-S4#1,S/S4,120.0,26.869,1.677,1.417,565.813
2,S-S4#1,S/S4,120.0,24.46,1.916,1.767,516.232
2,S-S4#1,S/S4,120.0,20.315,2.55,2.088,443.818
2,S-S4#1,S/S4,120.0,19.842,2.286,2.19,436.373
2,S-S4#1,S/S4,120.0,19.599,2.372,2.322,448.718
2,S-S4#1,S/S4,120.0,19.324,2.589,2.331,460.09
2,S-S4#1,S/S4,120.0,19.13,2.519,2.668,460.101
2,S-S4#1,S/S4,120.0,18.987,2.795,3.26,418.524
2,S-S4#1,S/S4,120.0,16.399,4.135,3.773,335.819
2,S-S4#1,S/S4,120.0,11.172,3.674,4.164,214.762
2,S-S4#1,S/S4,120.0,10.144,3.995,4.172,199.059
2,S-S4#1,S/S4,120.0,13.656,3.505,3.992,285.244
2,S-S4#1,S/S4,120.0,14.875,3.711,3.828,319.697
2,S-S4#1,S/S4,120.0,16.238,4.193,3.906,356.133
2,S-S4#1,S/S4,120.0,16.629,3.487,3.936,365.396
2,S-S4#1,S/S4,120.0,17.997,3.938,4.207,392.22
2,S-S4#1,S/S4,120.0,18.999,5.108,4.538,403.063
2,S-S4#1,S/S4,120.0,19.651,4.33,4.628,430.072
2,S-S4#1,S/S4,120.0,18.969,4.837,4.423,425.136
2,S-S4#1,S/S4,120.0,18.077,4.691,4.163,426.444
2,S-S4#1,S/S4,120.0,16.452,3.446,3.579,456.973
2,S-S4#1,S/S4,120.0,13.897,2.672,3.079,445.724
2,S-S4#1,S/S4,120.0,10.03,2.344,2.646,334.751
2,S-S4#1,S/S4,120.0,10.141,2.107,2.646,313.873
2,S-S4#1,S/S4,120.0,14.217,2.486,2.707,431.794
2,S-S4#1,S/S4,120.0,17.333,2.776,2.818,508.135
2,S-S4#1,S/S4,120.0,31.554,3.446,2.949,894.675
2,S-S4#1,S/S4,120.0,40.174,4.576,2.794,1123.106
2,S-S4#1,S/S4,120.0,56.649,2.063,2.659,1599.992
2,S-S4#1,S/S4,120.0,70.932,2.413,2.691,1979.808
2,S-S4#1,S/S4,120.0,85.211,2.006,2.391,2222.36
2,S-S4#1,S/S4,120.0,88.407,1.832,2.913,2012.704
2,S-S4#1,S/S4,120.0,90.3,4.428,8.861,1169.41
2,S-S4#1,S/S4,120.0,89.265,16.979,8.467,346.453
2,S-S4#1,S/S4,120.0,108.107,45.321,7.57,196.444
2,S-S4#1,S/S4,120.0,86.269,112.716,7.037,60.893
2,S-S4#1,S/S4,120.0,74.679,202.108,7.623,31.119
2,S-S4#1,S/S4,120.0,74.534,234.6,7.763,27.248
2,S-S4#1,S/S4,120.0,82.951,256.206,7.667,28.012
2,S-S4#1,S/S4,120.0,118.844,277.576,8.901,32.963
2,S-S4#1,S/S4,120.0,169.235,335.533,9.021,36.866
2,S-S4#1,S/S4,120.0,210.644,356.07,9.708,43.233
2,S-S4#1,S/S4,120.0,210.257,384.13,10.12,40.516
2,S-S4#1,S/S4,120.0,940.91,449.358,924.364,156.549
2,S-S4#1,S/S4,120.0,1102.156,537.179,1061.858,165.062
2,S-S4#1,S/S4,120.0,347.489,648.888,7.215,48.919
2,S-S4#1,S/S4,120.0,340.469,164.053,5.348,44.64
2,S-S4#1,S/S4,120.0,264.883,1093.898,19.958,37.298
2,S-S4#1,S/S4,120.0,219.841,501.158,17.311,33.813
2,S-S4#1,S/S4,120.0,203.254,630.172,6.33,31.11
2,S-S4#1,S/S4,120.0,154.264,280.868,23.1,22.08
2,S-S4#1,S/S4,120.0,66.829,1116.644,14.615,8.994
2,S-S4#1,S/S4,120.0,75.531,940.959,12.041,10.458
2,S-S4#1,S/S4,120.0,34.661,420.696,10.069,4.402
2,S-S4#1,S/S4,120.0,34.209,439.431,16.239,4.141
2,S-S4#1,S/S4,120.0,102.042,683.335,17.919,12.279
2,S-S4#1,S/S4,120.0,125.009,542.539,20.131,16.178
2,S-S4#1,S/S4,120.0,161.335,912.392,32.793,21.0
2,S-S4#1,S/S4,120.0,246.908,826.505,29.606,31.817
2,S-S4#1,S/S4,120.0,169.338,116.63,24.805,21.857
2,S-S4#1,S/S4,120.0,152.279,346.521,21.2,19.53
2,S-S4#1,S/S4,120.0,179.559,765.232,24.332,22.102
2,S-S4#1,S/S4,120.0,207.371,910.983,18.637,25.472
2,S-S4#1,S/S4,120.0,133.855,1271.197,22.89,16.962
2,S-S4#1,S/S4,120.0,135.249,776.146,21.44,18.09
2,S-S4#1,S/S4,120.0,118.359,577.788,19.753,16.942
2,S-S4#1,S/S4,120.0,101.928,970.811,18.393,14.762
2,S-S4#1,S/S4,120.0,103.388,643.011,23.733,14.757
2,S-S4#1,S/S4,120.0,87.371,556.77,24.832,11.215
2,S-S4#1,S/S4,120.0,190.043,1433.643,29.123,24.224
2,S-S4#1,S/S4,120.0,209.971,1053.257,32.057,29.185
2,S-S4#1,S/S4,120.0,157.556,283.415,28.733,21.339
2,S-S4#1,S/S4,120.0,136.217,113.639,18.781,18.233
2,S-S4#1,S/S4,120.0,124.775,1100.939,23.156,16.491
2,S-S4#1,S/S4,120.0,123.331,234.676,31.002,15.333
2,S-S4#1,S/S4,120.0,181.759,314.232,21.701,22.008
2,S-S4#1,S/S4,120.0,261.618,578.142,5.31,28.998
2,S-S4#1,S/S4,120.0,244.925,1258.259,10.527,25.759
2,S-S4#1,S/S4,120.0,205.718,474.038,12.03,21.316
2,S-S4#1,S/S4,120.0,170.087,686.122,13.14,17.882
2,S-S4#1,S/S4,120.0,134.039,1086.546,30.207,14.331
2,S-S4#1,S/S4,120.0,154.06,777.672,6.931,16.106
2,S-S4#1,S/S4,120.0,180.434,1201.364,22.994,18.751
2,S-S4#1,S/S4,120.0,109.731,949.321,15.644,11.124
2,S-S4#1,S/S4,120.0,170.277,425.692,89.544,16.255
2,S-S4#1,S/S4,120.0,181.609,457.093,50.792,17.348
2,S-S4#1,S/S4,120.0,201.091,368.165,49.414,20.438
2,S-S4#1,S/S4,120.0,109.468,264.27,43.442,11.753
2,S-S4#1,S/S4,120.0,83.341,361.278,22.181,9.414
2,S-S4#1,S/S4,120.0,114.649,92.324,31.366,12.655
2,S-S4#1,S/S4,120.0,179.631,154.779,28.875,18.878
2,S-S4#1,S/S4,120.0,140.778,1053.4,54.662,14.888
2,S-S4#1,S/S4,120.0,161.756,939.209,41.371,16.967
2,S-S4#1,S/S4,120.0,165.404,921.399,33.734,17.63
2,S-S4#1,S/S4,120.0,161.519,684.603,11.533,16.009
2,S-S4#1,S/S4,120.0,71.301,399.017,15.146,7.056
2,S-S4#1,S/S4,120.0,67.282,645.974,20.759,6.94
2,S-S4#1,S/S4,120.0,141.797,581.67,15.545,14.703
2,S-S4#1,S/S4,120.0,128.26,233.829,20.095,13.31
2,S-S4#1,S/S4,120.0,61.499,664.606,26.261,6.285
2,S-S4#1,S/S4,120.0,29.375,789.312,14.38,2.971
2,S-S4#1,S/S4,120.0,11.523,759.567,10.455,1.211
2,S-S4#1,S/S4,120.0,68.561,594.032,7.864,7.548
2,S-S4#1,S/S4,120.0,128.262,236.128,5.465,14.374
2,S-S4#1,S/S4,120.0,120.009,185.691,6.839,14.006
2,S-S4#1,S/S4,120.0,95.865,364.039,9.702,10.937
2,S-S4#1,S/S4,120.0,77.107,304.461,16.022,8.884
2,S-S4#1,S/S4,120.0,47.875,288.464,22.338,5.5
2,S-S4#1,S/S4,120.0,46.168,205.287,15.04,5.414
2,S-S4#1,S/S4,120.0,66.687,442.695,4.508,7.766
2,S-S4#1,S/S4,120.0,64.18,220.795,7.762,7.712
2,S-S4#1,S/S4,120.0,54.319,117.091,18.122,6.737
2,S-S4#1,S/S4,120.0,65.851,65.16,39.612,8.107
2,S-S4#1,S/S4,120.0,65.079,125.351,42.862,8.483
2,S-S4#1,S/S4,120.0,46.332,191.964,57.855,6.079
2,S-S4#1,S/S4,120.0,72.429,190.003,65.381,9.76
2,S-S4#1,S/S4,120.0,81.964,226.392,83.291,10.843
2,S-S4#1,S/S4,120.0,97.769,389.0,85.842,14.426
2,S-S4#1,S/S4,120.0,123.247,508.5,76.946,20.099
2,S-S4#1,S/S4,120.0,129.179,586.046,45.63,20.803
2,S-S4#1,S/S4,120.0,123.163,420.678,25.259,19.282
2,S-S4#1,S/S4,120.0,105.861,423.406,41.156,17.208
2,S-S4#1,S/S4,120.0,104.625,282.26,40.554,16.774
2,S-S4#1,S/S4,120.0,87.065,458.51,37.659,13.082
2,S-S4#1,S/S4,120.0,45.087,250.085,57.769,6.417
2,S-S4#1,S/S4,120.0,55.87,40.502,100.591,6.961
2,S-S4#1,S/S4,120.0,44.504,604.614,133.009,5.183
2,S-S4#1,S/S4,120.0,47.069,320.672,130.629,5.301
2,S-S4#1,S/S4,120.0,70.49,364.0,150.493,7.647
2,S-S4#1,S/S4,120.0,831.667,411.696,849.849,82.644
2,S-S4#1,S/S4,120.0,54.218,773.283,121.755,5.053
2,S-S4#1,S/S4,120.0,78.135,1027.163,139.565,7.257
2,S-S4#1,S/S4,120.0,71.207,848.485,106.658,6.838
2,S-S4#1,S/S4,120.0,97.458,598.309,89.902,8.927
2,S-S4#1,S/S4,120.0,113.993,620.394,87.293,9.603
2,S-S4#1,S/S4,120.0,124.311,1011.342,104.404,10.409
2,S-S4#1,S/S4,120.0,149.014,903.906,111.811,12.655
2,S-S4#1,S/S4,120.0,185.989,745.836,126.332,15.886
2,S-S4#1,S/S4,120.0,245.79,524.608,134.752,21.432
2,S-S4#1,S/S4,120.0,244.226,1409.458,187.35,20.304
2,S-S4#1,S/S4,120.0,198.145,1642.98,221.986,16.406
2,S-S4#1,S/S4,120.0,161.172,1442.757,234.51,13.813
2,S-S4#1,S/S4,120.0,162.594,1639.37,163.78,14.451
2,S-S4#1,S/S4,120.0,198.652,1306.885,108.159,17.674
2,S-S4#1,S/S4,120.0,219.688,279.501,118.614,18.272
2,S-S4#1,S/S4,120.0,189.959,367.594,136.148,15.713
2,S-S4#1,S/S4,120.0,215.412,535.336,138.786,18.359
2,S-S4#1,S/S4,120.0,303.143,883.593,152.871,25.47
2,S-S4#1,S/S4,120.0,316.527,1449.428,144.275,27.476
2,S-S4#1,S/S4,120.0,297.602,1450.811,129.077,25.937
2,S-S4#1,S/S4,120.0,329.664,1117.551,120.774,27.91
2,S-S4#1,S/S4,120.0,368.259,777.931,143.682,30.83
2,S-S4#1,S/S4,120.0,443.342,532.071,172.879,35.723
2,S-S4#1,S/S4,120.0,424.62,597.995,223.092,32.057
2,S-S4#1,S/S4,120.0,394.309,1271.021,231.943,28.313
2,S-S4#1,S/S4,120.0,342.852,1779.651,208.352,26.105
2,S-S4#1,S/S4,120.0,298.369,1883.165,194.819,24.875
2,S-S4#1,S/S4,120.0,176.401,1582.27,169.054,16.253
2,S-S4#1,S/S4,120.0,190.604,1900.103,142.051,19.225
2,S-S4#1,S/S4,120.0,161.477,1545.637,140.406,17.067
2,S-S4#1,S/S4,120.0,207.633,1189.818,141.755,20.822
2,S-S4#1,S/S4,120.0,179.559,680.456,157.302,17.714
2,S-S4#1,S/S4,120.0,211.333,672.744,170.218,20.934
2,S-S4#1,S/S4,120.0,376.824,1349.218,177.768,37.411
2,S-S4#1,S/S4,120.0,293.406,734.282,178.086,29.484
2,S-S4#1,S/S4,120.0,137.355,776.761,193.21,14.091
2,S-S4#1,S/S4,120.0,109.166,477.761,157.264,12.662
2,S-S4#1,S/S4,120.0,114.994,809.82,110.411,13.466
2,S-S4#1,S/S4,120.0,145.651,894.081,96.068,15.371
2,S-S4#1,S/S4,120.0,171.282,1024.722,110.149,15.733
2,S-S4#1,S/S4,120.0,274.38,1055.342,39.444,22.127
2,S-S4#1,S/S4,120.0,247.58,332.758,116.565,19.753
2,S-S4#1,S/S4,120.0,147.037,651.66,101.106,12.92
2,S-S4#1,S/S4,120.0,86.206,614.967,99.775,8.608
2,S-S4#1,S/S4,120.0,116.289,1689.585,71.946,13.45
2,S-S4#1,S/S4,120.0,106.994,1743.149,44.743,14.702
2,S-S4#1,S/S4,120.0,29.802,1228.896,36.355,5.005
2,S-S4#1,S/S4,120.0,44.169,138.346,26.905,9.198
2,S-S4#1,S/S4,120.0,42.944,467.914,12.075,9.084
2,S-S4#1,S/S4,120.0,43.57,109.66,17.024,8.428
2,S-S4#1,S/S4,120.0,30.354,1062.246,22.069,5.502
2,S-S4#1,S/S4,120.0,25.801,1260.903,23.659,4.536
2,S-S4#1,S/S4,120.0,68.641,966.395,31.181,11.743
2,S-S4#1,S/S4,120.0,67.0,627.503,6.38,10.221
2,S-S4#1,S/S4,120.0,37.384,713.529,81.44,5.188
2,S-S4#1,S/S4,120.0,48.162,755.096,84.88,6.347
2,S-S4#1,S/S4,120.0,56.64,793.59,86.161,6.714
2,S-S4#1,S/S4,120.0,65.165,818.97,81.833,7.111
2,S-S4#1,S/S4,120.0,63.399,819.041,73.247,6.914
2,S-S4#1,S/S4,120.0,74.342,832.205,66.041,7.495
2,S-S4#1,S/S4,120.0,94.773,866.211,68.633,8.395
2,S-S4#1,S/S4,120.0,157.225,993.142,14.658,12.878
2,S-S4#1,S/S4,120.0,150.076,1642.494,18.555,12.296
2,S-S4#1,S/S4,120.0,179.682,1993.754,17.494,14.934
2,S-S4#1,S/S4,120.0,154.947,2261.051,17.466,13.505
2,S-S4#1,S/S4,120.0,138.526,1892.581,10.022,13.591
2,S-S4#1,S/S4,120.0,49.693,1020.049,18.239,5.203
2,S-S4#1,S/S4,120.0,44.381,1685.63,12.733,4.833
2,S-S4#1,S/S4,120.0,75.107,952.17,28.316,8.207
2,S-S4#1,S/S4,120.0,151.555,937.286,54.709,15.441
2,S-S4#1,S/S4,120.0,124.253,968.376,25.612,10.925
2,S-S4#1,S/S4,120.0,129.575,912.145,32.34,10.573
2,S-S4#1,S/S4,120.0,124.237,1070.368,51.258,10.074
2,S-S4#1,S/S4,120.0,251.134,1306.939,41.299,20.415
2,S-S4#1,S/S4,120.0,314.902,619.905,33.794,25.228
2,S-S4#1,S/S4,120.0,345.204,951.908,24.754,28.506
2,S-S4#1,S/S4,120.0,342.342,918.471,3.381,27.284
2,S-S4#1,S/S4,120.0,304.622,1375.683,116.885,20.871
2,S-S4#1,S/S4,120.0,368.705,1562.803,128.329,21.91
2,S-S4#1,S/S4,120.0,492.198,1257.48,23.897,26.246
2,S-S4#1,S/S4,120.0,400.428,862.952,58.309,20.664
2,S-S4#1,S/S4,120.0,319.312,1567.508,77.589,16.558
2,S-S4#1,S/S4,120.0,254.111,2096.755,75.393,12.983
2,S-S4#1,S/S4,120.0,264.915,2111.49,118.602,13.198
2,S-S4#1,S/S4,120.0,290.719,1602.834,159.125,13.817
2,S-S4#1,S/S4,120.0,297.045,1837.612,200.624,13.445
2,S-S4#1,S/S4,120.0,336.86,1595.978,249.111,14.52
2,S-S4#1,S/S4,120.0,478.868,1780.531,288.611,19.516
2,S-S4#1,S/S4,120.0,559.373,2505.956,326.321,22.376
2,S-S4#1,S/S4,120.0,625.061,3342.191,318.509,25.705
2,S-S4#1,S/S4,120.0,645.893,3630.705,295.146,27.717
2,S-S4#1,S/S4,120.0,693.693,3943.498,275.552,30.077
2,S-S4#1,S/S4,120.0,729.736,3026.634,220.86,31.21
2,S-S4#1,S/S4,120.0,672.438,818.817,148.582,28.033
2,S-S4#1,S/S4,120.0,629.941,523.653,103.759,26.182
2,S-S4#1,S/S4,120.0,625.216,370.425,113.408,26.266
2,S-S4#1,S/S4,120.0,579.494,1011.588,77.579,25.073
2,S-S4#1,S/S4,120.0,577.585,3081.646,36.045,25.623
2,S-S4#1,S/S4,120.0,471.192,2965.014,33.938,21.588
2,S-S4#1,S/S4,120.0,398.716,1427.342,75.412,19.285
2,S-S4#1,S/S4,120.0,443.042,242.591,124.979,22.536
2,S-S4#1,S/S4,120.0,456.41,682.638,173.69,23.189
2,S-S4#1,S/S4,120.0,481.398,1152.524,229.536,23.924
2,S-S4#1,S/S4,120.0,538.86,1496.682,271.998,26.809
2,S-S4#1,S/S4,120.0,586.375,1993.399,335.667,28.993
2,S-S4#1,S/S4,120.0,519.811,2063.35,367.519,25.671
2,S-S4#1,S/S4,120.0,470.722,1672.289,371.824,23.445
2,S-S4#1,S/S4,120.0,439.634,1435.861,399.338,22.4
2,S-S4#1,S/S4,120.0,373.168,1327.86,384.077,20.451
2,S-S4#1,S/S4,120.0,298.836,1169.684,317.876,18.244
2,S-S4#1,S/S4,120.0,259.768,701.462,277.658,17.888
2,S-S4#1,S/S4,120.0,276.138,1013.067,204.903,20.744
2,S-S4#1,S/S4,120.0,296.673,714.774,188.606,22.837
2,S-S4#1,S/S4,120.0,253.316,776.97,193.172,19.738
2,S-S4#1,S/S4,120.0,256.536,635.447,201.452,20.123
2,S-S4#1,S/S4,120.0,217.368,1204.145,200.387,17.142
2,S-S4#1,S/S4,120.0,156.31,1237.96,198.773,12.59
2,S-S4#1,S/S4,120.0,143.483,1101.607,218.137,11.796
2,S-S4#1,S/S4,120.0,168.468,1071.603,219.078,13.834
2,S-S4#1,S/S4,120.0,226.822,499.884,221.399,18.21
2,S-S4#1,S/S4,120.0,359.608,1374.697,365.611,25.965
2,S-S4#1,S/S4,120.0,385.949,1486.039,362.811,25.57
2,S-S4#1,S/S4,120.0,413.922,1603.384,371.055,25.35
2,S-S4#1,S/S4,120.0,531.615,1601.838,489.72,28.858
2,S-S4#1,S/S4,120.0,462.666,361.438,234.47,23.111
2,S-S4#1,S/S4,120.0,420.652,288.839,322.171,19.949
2,S-S4#1,S/S4,120.0,461.776,275.567,377.657,20.974
2,S-S4#1,S/S4,120.0,525.337,565.048,449.138,22.97
2,S-S4#1,S/S4,120.0,620.999,1062.878,525.499,26.127
2,S-S4#1,S/S4,120.0,688.874,1977.248,630.906,27.985
2,S-S4#1,S/S4,120.0,598.786,1491.134,652.676,23.75
2,S-S4#1,S/S4,120.0,608.07,1028.113,654.559,23.551
2,S-S4#1,S/S4,120.0,659.775,603.092,635.889,24.97
2,S-S4#1,S/S4,120.0,854.687,2520.651,619.066,30.687
2,S-S4#1,S/S4,120.0,829.194,1050.821,647.4,28.628
2,S-S4#1,S/S4,120.0,914.165,995.62,667.234,31.338
2,S-S4#1,S/S4,120.0,937.546,841.962,672.449,32.159
2,S-S4#1,S/S4,120.0,891.486,786.554,642.392,31.061
2,S-S4#1,S/S4,120.0,891.2,758.578,625.039,31.366
2,S-S4#1,S/S4,120.0,946.604,704.266,648.208,33.305
2,S-S4#1,S/S4,120.0,981.464,977.642,656.837,34.481
2,S-S4#1,S/S4,120.0,1001.865,1072.09,687.274,34.937
2,S-S4#1,S/S4,120.0,1098.085,1190.845,710.02,38.032
2,S-S4#1,S/S4,120.0,1045.029,228.742,705.871,35.627
2,S-S4#1,S/S4,120.0,1051.787,1094.703,676.165,35.136
2,S-S4#1,S/S4,120.0,1028.573,1012.969,676.485,34.372
2,S-S4#1,S/S4,120.0,1085.89,1191.241,726.878,35.998
2,S-S4#1,S/S4,120.0,1205.828,3807.553,801.661,39.714
2,S-S4#1,S/S4,120.0,1340.506,2892.636,1057.652,44.628
2,S-S4#1,S/S4,120.0,1084.843,331.536,663.666,38.068
2,S-S4#1,S/S4,120.0,951.306,1398.714,505.673,36.21
2,S-S4#1,S/S4,120.0,885.669,676.864,453.822,37.232
2,S-S4#1,S/S4,120.0,980.572,1850.664,407.69,46.214
2,S-S4#1,S/S4,120.0,756.727,1951.171,345.744,40.243
2,S-S4#1,S/S4,120.0,596.211,1613.992,290.874,34.486
2,S-S4#1,S/S4,120.0,503.135,2074.675,308.741,30.702
2,S-S4#1,S/S4,120.0,501.069,1950.967,368.426,31.696
2,S-S4#1,S/S4,120.0,517.516,2035.041,443.829,32.654
2,S-S4#1,S/S4,120.0,536.692,2338.722,521.071,33.293
2,S-S4#1,S/S4,120.0,591.736,2264.723,592.47,35.983
2,S-S4#1,S/S4,120.0,619.557,1333.165,619.236,36.373
2,S-S4#1,S/S4,120.0,637.134,1701.608,466.905,35.609
2,S-S4#1,S/S4,120.0,643.923,1724.837,400.669,34.347
2,S-S4#1,S/S4,120.0,644.292,1731.072,347.301,32.908
2,S-S4#1,S/S4,120.0,642.816,1686.403,273.417,31.357
2,S-S4#1,S/S4,120.0,590.65,1126.906,283.154,27.07
2,S-S4#1,S/S4,120.0,483.551,1469.813,123.015,20.943
2,S-S4#1,S/S4,120.0,369.815,684.119,52.906,15.606
2,S-S4#1,S/S4,120.0,185.532,283.656,207.248,7.698
2,S-S4#1,S/S4,120.0,80.953,444.685,320.556,3.365
2,S-S4#1,S/S4,120.0,221.329,841.738,395.046,9.296
2,S-S4#1,S/S4,120.0,356.302,1095.407,416.404,15.63
2,S-S4#1,S/S4,120.0,484.754,581.559,427.034,22.504
2,S-S4#1,S/S4,120.0,437.127,1831.296,435.063,19.527
2,S-S4#1,S/S4,120.0,507.356,1749.803,477.228,21.087
2,S-S4#1,S/S4,120.0,551.364,1520.492,489.135,21.176
2,S-S4#1,S/S4,120.0,602.752,1537.538,460.819,21.518
2,S-S4#1,S/S4,120.0,639.071,2579.985,449.162,21.945
2,S-S4#1,S/S4,120.0,864.958,3921.145,365.265,29.745
2,S-S4#1,S/S4,120.0,1006.634,4611.525,289.147,34.805
2,S-S4#1,S/S4,120.0,1007.866,4969.168,214.307,35.279
2,S-S4#1,S/S4,120.0,904.239,4772.984,161.649,31.896
2,S-S4#1,S/S4,120.0,851.727,3531.32,114.066,30.308
2,S-S4#1,S/S4,120.0,920.309,3530.354,81.587,32.127
2,S-S4#1,S/S4,120.0,972.256,1846.283,38.091,32.813
2,S-S4#1,S/S4,120.0,947.54,2212.973,65.214,31.923
2,S-S4#1,S/S4,120.0,899.231,2375.407,122.174,30.72
2,S-S4#1,S/S4,120.0,844.784,2353.776,170.336,29.558
2,S-S4#1,S/S4,120.0,892.457,2448.457,194.284,31.76
2,S-S4#1,S/S4,120.0,949.458,2559.159,222.877,34.193
2,S-S4#1,S/S4,120.0,956.7,2523.099,246.555,34.258
2,S-S4#1,S/S4,120.0,933.754,1883.053,209.082,33.341
2,S-S4#1,S/S4,120.0,957.113,1230.493,168.249,34.142
2,S-S4#1,S/S4,120.0,921.886,1705.318,141.813,32.963
2,S-S4#1,S/S4,120.0,869.018,2958.504,166.395,31.153
2,S-S4#1,S/S4,120.0,942.811,3944.022,190.494,33.866
2,S-S4#1,S/S4,120.0,883.409,2084.029,122.329,31.567
2,S-S4#1,S/S4,120.0,939.72,891.667,30.208,33.088
2,S-S4#1,S/S4,120.0,984.37,734.92,56.397,34.324
2,S-S4#1,S/S4,120.0,960.795,1567.303,61.642,33.936
2,S-S4#1,S/S4,120.0,861.417,2579.645,18.132,32.725
2,S-S4#1,S/S4,120.0,798.888,2688.332,9.656,32.701
2,S-S4#1,S/S4,120.0,670.409,1675.321,18.46,29.12
2,S-S4#1,S/S4,120.0,591.256,905.741,43.175,26.754
2,S-S4#1,S/S4,120.0,581.781,1073.72,49.605,27.476
2,S-S4#1,S/S4,120.0,588.428,1115.77,37.929,28.893
2,S-S4#1,S/S4,120.0,519.988,1259.898,8.113,26.444
2,S-S4#1,S/S4,120.0,484.185,1385.389,9.897,25.457
2,S-S4#1,S/S4,120.0,426.924,1611.014,17.719,23.495
2,S-S4#1,S/S4,120.0,282.85,1629.624,15.473,16.814
2,S-S4#1,S/S4,120.0,241.582,1308.886,22.381,15.312
2,S-S4#1,S/S4,120.0,271.063,924.986,18.235,17.793
2,S-S4#1,S/S4,120.0,401.202,1573.734,228.927,24.98
2,S-S4#1,S/S4,120.0,346.495,1115.158,37.844,20.323
2,S-S4#1,S/S4,120.0,444.28,1218.199,52.729,25.166
2,S-S4#1,S/S4,120.0,452.444,1052.527,36.913,25.432
2,S-S4#1,S/S4,120.0,356.424,484.109,7.302,19.897
2,S-S4#1,S/S4,120.0,288.703,136.264,82.988,15.969
2,S-S4#1,S/S4,120.0,265.563,755.932,142.5,14.459
2,S-S4#1,S/S4,120.0,262.934,193.307,164.738,14.157
2,S-S4#1,S/S4,120.0,295.001,321.779,158.136,16.266
2,S-S4#1,S/S4,120.0,319.351,547.939,166.054,17.634
2,S-S4#1,S/S4,120.0,364.735,693.971,196.038,19.715
2,S-S4#1,S/S4,120.0,456.409,855.295,214.315,23.842
2,S-S4#1,S/S4,120.0,464.887,1005.357,265.617,23.803
2,S-S4#1,S/S4,120.0,442.866,1314.551,230.363,22.592
2,S-S4#1,S/S4,120.0,411.477,1501.418,231.777,20.966
2,S-S4#1,S/S4,120.0,446.907,1838.116,205.491,22.887
2,S-S4#1,S/S4,120.0,428.921,2021.79,175.557,23.17
2,S-S4#1,S/S4,120.0,414.398,2102.161,134.971,24.686
2,S-S4#1,S/S4,120.0,325.983,1949.767,123.843,21.865
2,S-S4#1,S/S4,120.0,252.761,1222.865,108.355,18.885
2,S-S4#1,S/S4,120.0,210.129,1582.994,87.975,16.028
2,S-S4#1,S/S4,120.0,187.457,1696.914,63.549,15.475
2,S-S4#1,S/S4,120.0,166.88,1732.177,40.375,16.095
2,S-S4#1,S/S4,120.0,85.264,1489.945,30.013,9.929
2,S-S4#1,S/S4,120.0,58.457,1319.122,23.97,7.491
2,S-S4#1,S/S4,120.0,40.956,1455.103,9.597,5.915
2,S-S4#1,S/S4,120.0,13.258,1171.477,6.206,2.217
2,S-S4#1,S/S4,120.0,37.468,675.252,5.616,7.833
2,S-S4#1,S/S4,120.0,73.823,168.467,2.617,17.703
2,S-S4#1,S/S4,120.0,59.768,107.369,4.81,12.515
2,S-S4#1,S/S4,120.0,73.82,28.644,19.365,12.412
2,S-S4#1,S/S4,120.0,22.854,180.653,25.316,3.182
2,S-S4#1,S/S4,120.0,40.023,305.736,40.659,4.966
2,S-S4#1,S/S4,120.0,75.49,661.052,46.951,7.971
2,S-S4#1,S/S4,120.0,89.99,820.171,62.855,8.112
2,S-S4#1,S/S4,120.0,160.081,611.249,88.514,12.531
2,S-S4#1,S/S4,120.0,186.834,2239.463,100.193,13.714
2,S-S4#1,S/S4,120.0,141.897,1198.818,64.744,10.108
2,S-S4#1,S/S4,120.0,141.752,528.697,60.351,10.537
2,S-S4#1,S/S4,120.0,156.698,1184.773,62.312,11.277
2,S-S4#1,S/S4,120.0,185.863,1254.937,56.066,12.272
2,S-S4#1,S/S4,120.0,197.145,2460.981,28.693,12.467
2,S-S4#1,S/S4,120.0,230.268,566.206,55.133,15.14
2,S-S4#1,S/S4,120.0,181.975,374.014,60.343,12.576
2,S-S4#1,S/S4,120.0,136.293,846.52,68.142,10.119
2,S-S4#1,S/S4,120.0,126.088,1037.081,84.121,9.837
2,S-S4#1,S/S4,120.0,97.343,1507.291,109.383,7.824
2,S-S4#1,S/S4,120.0,31.105,1954.331,142.475,2.591
2,S-S4#1,S/S4,120.0,96.853,2198.604,145.767,8.304
2,S-S4#1,S/S4,120.0,126.794,1160.053,177.693,10.667
2,S-S4#1,S/S4,120.0,229.627,1451.712,188.451,17.594
2,S-S4#1,S/S4,120.0,178.784,281.671,231.753,13.108
2,S-S4#1,S/S4,120.0,112.846,603.267,215.829,8.461
2,S-S4#1,S/S4,120.0,100.783,73.545,231.138,7.62
2,S-S4#1,S/S4,120.0,224.809,1869.552,226.834,15.752
2,S-S4#1,S/S4,120.0,322.959,1070.123,235.655,21.291
2,S-S4#1,S/S4,120.0,254.34,1727.364,232.645,15.734
2,S-S4#1,S/S4,120.0,334.031,669.511,248.574,19.948
2,S-S4#1,S/S4,120.0,342.436,1183.891,265.44,19.807
2,S-S4#1,S/S4,120.0,275.588,763.503,254.258,15.454
2,S-S4#1,S/S4,120.0,345.548,1624.145,232.173,19.143
2,S-S4#1,S/S4,120.0,354.179,2036.386,223.06,19.554
2,S-S4#1,S/S4,120.0,448.717,2351.682,186.263,25.116
2,S-S4#1,S/S4,120.0,341.463,2298.934,138.078,19.895
2,S-S4#1,S/S4,120.0,329.923,1664.306,105.275,19.777
2,S-S4#1,S/S4,120.0,302.827,1900.337,77.212,19.042
2,S-S4#1,S/S4,120.0,234.519,1275.057,57.36,15.828
2,S-S4#1,S/S4,120.0,181.34,1432.693,48.602,13.527
2,S-S4#1,S/S4,120.0,149.059,1330.008,55.608,12.248
2,S-S4#1,S/S4,120.0,151.607,1473.228,109.615,13.924
2,S-S4#1,S/S4,120.0,17.216,1461.26,41.734,1.802
2,S-S4#1,S/S4,120.0,19.309,1475.893,41.772,2.481
2,S-S4#1,S/S4,120.0,32.982,1153.443,30.323,5.126
2,S-S4#1,S/S4,120.0,47.026,1054.604,19.965,8.315
2,S-S4#1,S/S4,120.0,49.745,250.193,22.035,9.854
2,S-S4#1,S/S4,120.0,33.722,105.48,11.161,7.193
2,S-S4#1,S/S4,120.0,40.712,33.441,7.999,8.557
2,S-S4#1,S/S4,120.0,49.015,80.126,7.934,9.451
2,S-S4#1,S/S4,120.0,46.089,154.823,8.268,8.618
2,S-S4#1,S/S4,120.0,67.975,360.419,5.473,11.271
2,S-S4#1,S/S4,120.0,79.059,484.783,7.407,10.899
2,S-S4#1,S/S4,120.0,128.789,324.658,9.352,14.65
2,S-S4#1,S/S4,120.0,204.791,788.543,32.234,20.027
2,S-S4#1,S/S4,120.0,1663.622,936.825,1902.362,139.063
2,S-S4#1,S/S4,120.0,321.976,1256.853,77.092,23.401
2,S-S4#1,S/S4,120.0,412.933,1244.761,39.933,27.196
2,S-S4#1,S/S4,120.0,514.738,1319.285,24.21,31.327
2,S-S4#1,S/S4,120.0,485.485,1722.305,136.336,27.997
2,S-S4#1,S/S4,120.0,490.825,2129.453,106.594,28.046
2,S-S4#1,S/S4,120.0,470.312,2371.349,119.705,26.424
2,S-S4#1,S/S4,120.0,490.78,2157.13,89.673,27.037
2,S-S4#1,S/S4,120.0,344.022,231.684,102.447,19.137
2,S-S4#1,S/S4,120.0,311.922,735.23,102.947,18.105
2,S-S4#1,S/S4,120.0,165.184,851.55,118.868,10.229
2,S-S4#1,S/S4,120.0,97.823,954.436,122.551,6.425
2,S-S4#1,S/S4,120.0,35.227,1733.321,115.956,2.467
2,S-S4#1,S/S4,120.0,101.912,1973.956,108.421,7.835
2,S-S4#1,S/S4,120.0,169.017,1988.081,136.049,14.07
2,S-S4#1,S/S4,120.0,308.917,2565.645,134.943,27.074
2,S-S4#1,S/S4,120.0,150.743,1682.449,154.05,13.417
2,S-S4#1,S/S4,120.0,166.75,105.051,133.942,13.997
2,S-S4#1,S/S4,120.0,126.898,946.397,133.457,10.428
2,S-S4#1,S/S4,120.0,51.912,302.064,141.438,4.127
2,S-S4#1,S/S4,120.0,104.556,406.799,141.959,8.04
2,S-S4#1,S/S4,120.0,63.91,477.031,118.189,4.884
2,S-S4#1,S/S4,120.0,133.133,658.727,149.899,9.816
2,S-S4#1,S/S4,120.0,99.706,844.889,147.661,7.203
2,S-S4#1,S/S4,120.0,104.844,921.113,118.139,7.435
2,S-S4#1,S/S4,120.0,102.923,1730.51,116.287,7.085
2,S-S4#1,S/S4,120.0,125.851,1644.396,98.027,8.057
2,S-S4#1,S/S4,120.0,190.465,1619.461,58.595,11.388
2,S-S4#1,S/S4,120.0,204.606,998.442,40.608,11.474
2,S-S4#1,S/S4,120.0,244.905,1281.453,26.25,13.246
2,S-S4#1,S/S4,120.0,295.709,1218.736,203.491,15.477
2,S-S4#1,S/S4,120.0,296.686,1717.439,23.714,15.142
2,S-S4#1,S/S4,120.0,367.391,1789.407,74.183,18.476
2,S-S4#1,S/S4,120.0,305.657,2543.656,47.428,14.899
2,S-S4#1,S/S4,120.0,332.226,2815.276,79.201,16.086
2,S-S4#1,S/S4,120.0,343.527,2745.63,181.838,16.733
2,S-S4#1,S/S4,120.0,419.649,2749.281,314.981,21.291
2,S-S4#1,S/S4,120.0,333.179,653.48,112.29,17.981
2,S-S4#1,S/S4,120.0,239.772,1064.853,110.167,14.63
2,S-S4#1,S/S4,120.0,141.034,1223.915,90.899,9.726
2,S-S4#1,S/S4,120.0,125.724,1250.232,108.623,9.406
2,S-S4#1,S/S4,120.0,157.844,1138.115,116.933,12.44
2,S-S4#1,S/S4,120.0,162.713,1372.413,98.618,13.428
2,S-S4#1,S/S4,120.0,130.22,923.191,98.419,10.909
2,S-S4#1,S/S4,120.0,161.6,717.6,127.763,13.336
2,S-S4#1,S/S4,120.0,166.845,784.968,111.71,13.819
2,S-S4#1,S/S4,120.0,157.15,701.851,78.736,12.911
2,S-S4#1,S/S4,120.0,198.55,555.319,81.219,16.542
2,S-S4#1,S/S4,120.0,2044.895,1232.119,2194.431,159.62
2,S-S4#1,S/S4,120.0,2171.03,1371.903,2357.601,150.934
2,S-S4#1,S/S4,120.0,2437.074,1527.868,2627.363,151.337
2,S-S4#1,S/S4,120.0,206.221,1220.323,46.049,11.968
2,S-S4#1,S/S4,120.0,164.725,1227.164,61.812,9.613
2,S-S4#1,S/S4,120.0,133.782,1479.965,71.041,7.873
2,S-S4#1,S/S4,120.0,131.001,1625.382,22.978,8.054
2,S-S4#1,S/S4,120.0,111.652,1869.049,40.892,7.025
2,S-S4#1,S/S4,120.0,134.848,1925.997,51.726,8.73
2,S-S4#1,S/S4,120.0,88.184,1895.428,55.673,6.168
2,S-S4#1,S/S4,120.0,127.85,1223.89,49.568,9.442
2,S-S4#1,S/S4,120.0,110.199,1036.285,27.488,8.19
2,S-S4#1,S/S4,120.0,80.127,1438.621,25.373,6.231
2,S-S4#1,S/S4,120.0,60.715,1821.361,41.919,5.121
2,S-S4#1,S/S4,120.0,102.655,2011.106,60.081,9.124
2,S-S4#1,S/S4,120.0,179.062,1511.546,66.341,16.194
2,S-S4#1,S/S4,120.0,101.844,518.906,61.346,9.215
2,S-S4#1,S/S4,120.0,139.997,754.484,80.045,12.608
2,S-S4#1,S/S4,120.0,106.854,1211.263,80.485,9.62
2,S-S4#1,S/S4,120.0,153.692,1366.628,78.948,14.749
2,S-S4#1,S/S4,120.0,206.265,1143.83,85.997,19.818
2,S-S4#1,S/S4,120.0,258.378,743.818,66.879,23.12
2,S-S4#1,S/S4,120.0,202.404,2293.45,88.057,17.317
2,S-S4#1,S/S4,120.0,104.244,1333.692,135.085,8.831
2,S-S4#1,S/S4,120.0,76.684,812.872,136.695,6.144
2,S-S4#1,S/S4,120.0,121.418,930.611,135.55,9.267
2,S-S4#1,S/S4,120.0,210.752,1192.038,136.368,16.723
2,S-S4#1,S/S4,120.0,199.764,932.347,105.86,15.899
2,S-S4#1,S/S4,120.0,266.651,1104.774,96.947,20.565
2,S-S4#1,S/S4,120.0,298.775,1038.913,122.41,22.961
2,S-S4#1,S/S4,120.0,333.935,460.548,172.466,24.56
2,S-S4#1,S/S4,120.0,262.377,1084.29,195.19,18.956
2,S-S4#1,S/S4,120.0,285.862,1077.816,211.9,21.704
2,S-S4#1,S/S4,120.0,238.869,1241.868,235.856,18.569
2,S-S4#1,S/S4,120.0,152.13,1638.197,256.13,11.956
2,S-S4#1,S/S4,120.0,81.338,1613.425,260.526,6.296
2,S-S4#1,S/S4,120.0,80.734,2286.351,255.655,6.389
2,S-S4#1,S/S4,120.0,190.715,1820.113,218.831,16.55
2,S-S4#1,S/S4,120.0,106.627,298.817,170.643,9.725
2,S-S4#1,S/S4,120.0,188.136,659.349,115.426,17.691
2,S-S4#1,S/S4,120.0,119.721,921.053,98.226,11.608
2,S-S4#1,S/S4,120.0,206.324,1068.045,91.907,20.627
2,S-S4#1,S/S4,120.0,242.562,1185.748,107.479,24.317
2,S-S4#1,S/S4,120.0,203.241,889.803,109.884,20.497
2,S-S4#1,S/S4,120.0,170.603,1079.113,86.308,16.626
2,S-S4#1,S/S4,120.0,104.184,1054.588,58.938,10.129
2,S-S4#1,S/S4,120.0,98.002,1095.898,54.735,10.09
2,S-S4#1,S/S4,120.0,132.468,1215.328,49.008,14.304
2,S-S4#1,S/S4,120.0,146.183,684.264,48.4,16.158
2,S-S4#1,S/S4,120.0,168.395,578.974,31.201,18.227
2,S-S4#1,S/S4,120.0,172.779,260.443,32.27,18.488
2,S-S4#1,S/S4,120.0,102.273,1266.651,44.794,11.134
2,S-S4#1,S/S4,120.0,122.963,763.942,55.793,13.63
2,S-S4#1,S/S4,120.0,151.34,657.808,41.006,17.585
2,S-S4#1,S/S4,120.0,144.999,511.442,36.367,17.793
2,S-S4#1,S/S4,120.0,143.826,717.992,35.884,18.266
2,S-S4#1,S/S4,120.0,150.233,1127.083,27.197,19.931
2,S-S4#1,S/S4,120.0,141.412,800.706,28.036,20.185
2,S-S4#1,S/S4,120.0,123.249,203.731,30.501,18.921
2,S-S4#1,S/S4,120.0,90.0,275.936,25.349,14.843
2,S-S4#1,S/S4,120.0,39.259,375.047,35.154,6.655
2,S-S4#1,S/S4,120.0,72.641,260.498,27.791,11.959
2,S-S4#1,S/S4,120.0,45.529,271.569,15.039,6.879
2,S-S4#1,S/S4,120.0,76.007,136.639,11.468,11.375
2,S-S4#1,S/S4,120.0,50.602,47.624,14.177,7.85
2,S-S4#1,S/S4,120.0,58.974,400.42,23.46,8.596
2,S-S4#1,S/S4,120.0,87.437,494.338,37.463,12.461
2,S-S4#1,S/S4,120.0,189.535,382.619,39.723,26.067
2,S-Vta2#0,Vta/Vta02,10.0,22.435,54.63,3.592,18.765
2,S-Vta2#0,Vta/Vta02,10.0,38.424,51.01,3.898,23.658
2,S-Vta2#0,Vta/Vta02,10.0,41.441,6.618,1.47,23.683
2,S-Vta2#0,Vta/Vta02,10.0,44.458,15.282,2.507,22.969
2,S-Vta2#0,Vta/Vta02,10.0,52.638,63.426,4.151,25.401
2,S-Vta2#0,Vta/Vta02,10.0,55.365,84.681,4.536,26.1
2,S-Vta2#0,Vta/Vta02,10.0,37.87,41.372,1.732,19.486
2,S-Vta2#0,Vta/Vta02,10.0,21.569,21.217,1.393,14.407
2,S-Vta2#0,Vta/Vta02,10.0,11.155,30.773,1.291,10.443
2,S-Vta2#0,Vta/Vta02,10.0,49.492,40.069,1.11,29.237
2,S-Vta2#0,Vta/Vta02,10.0,35.744,73.706,0.596,19.035
2,S-Vta2#0,Vta/Vta02,10.0,49.612,16.353,0.873,24.134
2,S-Vta2#0,Vta/Vta02,10.0,55.432,22.138,2.412,25.688
2,S-Vta2#0,Vta/Vta02,10.0,25.728,24.398,3.04,13.146
2,S-Vta2#0,Vta/Vta02,10.0,12.886,15.629,0.945,11.142
2,S-Vta2#0,Vta/Vta02,10.0,52.511,20.682,0.623,43.01
2,S-Vta2#0,Vta/Vta02,10.0,26.087,32.969,1.963,25.664
2,S-Vta2#0,Vta/Vta02,10.0,39.624,32.721,0.963,31.363
2,S-Vta2#0,Vta/Vta02,10.0,18.149,29.781,0.499,17.639
2,S-Vta2#0,Vta/Vta02,10.0,32.467,37.973,1.584,24.671
2,S-Vta2#0,Vta/Vta02,10.0,40.943,59.747,2.004,33.987
2,S-Vta2#0,Vta/Vta02,10.0,34.928,38.585,3.795,23.04
2,S-Vta2#0,Vta/Vta02,10.0,16.953,18.557,4.564,12.136
2,S-Vta2#0,Vta/Vta02,10.0,19.729,42.852,2.712,18.602
2,S-Vta2#0,Vta/Vta02,10.0,4.792,18.658,1.359,4.84
2,S-Vta2#0,Vta/Vta02,10.0,4.007,18.799,2.213,3.794
2,S-Vta2#0,Vta/Vta02,10.0,15.337,48.058,3.045,15.946
2,S-Vta2#0,Vta/Vta02,10.0,18.044,17.681,0.037,24.219
2,S-Vta2#0,Vta/Vta02,10.0,20.065,47.154,1.263,26.084
2,S-Vta2#0,Vta/Vta02,10.0,13.222,6.679,0.345,17.435
2,S-Vta2#0,Vta/Vta02,10.0,7.856,23.448,1.84,10.926
2,S-Vta2#0,Vta/Vta02,10.0,13.588,27.847,0.104,11.767
2,S-Vta2#0,Vta/Vta02,10.0,14.324,54.853,1.359,12.578
2,S-Vta2#0,Vta/Vta02,10.0,8.486,24.75,0.659,37.734
2,S-Vta2#0,Vta/Vta02,10.0,24.234,31.513,2.406,36.542
2,S-Vta2#0,Vta/Vta02,10.0,8.592,1.504,0.92,10.098
2,S-Vta2#0,Vta/Vta02,10.0,19.695,12.108,0.339,19.444
2,S-Vta2#0,Vta/Vta02,10.0,17.885,15.554,0.689,17.117
2,S-Vta2#0,Vta/Vta02,10.0,17.381,10.208,1.238,15.24
2,S-Vta2#0,Vta/Vta02,10.0,4.903,11.907,0.893,4.099
2,S-Vta2#0,Vta/Vta02,10.0,13.407,33.038,0.19,14.006
2,S-Vta2#0,Vta/Vta02,10.0,4.814,41.706,0.724,4.74
2,S-Vta2#0,Vta/Vta02,10.0,17.366,33.167,1.156,16.723
2,S-Vta2#0,Vta/Vta02,10.0,13.467,32.772,0.815,15.639
2,S-Vta2#0,Vta/Vta02,10.0,18.363,10.029,0.434,23.283
2,S-Vta2#0,Vta/Vta02,10.0,21.441,14.72,0.493,23.893
2,S-Vta2#0,Vta/Vta02,10.0,3.575,18.12,0.44,4.454
2,S-Vta2#0,Vta/Vta02,10.0,18.917,17.868,1.091,28.949
2,S-Vta2#0,Vta/Vta02,10.0,16.755,32.705,0.53,24.275
2,S-Vta2#0,Vta/Vta02,10.0,17.872,110.079,1.556,15.176
2,S-Vta2#0,Vta/Vta02,10.0,48.768,75.771,0.798,29.873
2,S-Vta2#0,Vta/Vta02,10.0,33.415,108.22,1.345,20.851
2,S-Vta2#0,Vta/Vta02,10.0,23.285,19.451,0.186,15.718
2,S-Vta2#0,Vta/Vta02,10.0,28.44,53.705,2.843,20.068
2,S-Vta2#0,Vta/Vta02,10.0,23.314,8.519,0.505,15.607
2,S-Vta2#0,Vta/Vta02,10.0,14.633,32.067,0.842,10.354
2,S-Vta2#0,Vta/Vta02,10.0,7.189,14.159,0.636,6.867
2,S-Vta2#0,Vta/Vta02,10.0,6.632,48.545,0.235,23.046
2,S-Vta2#0,Vta/Vta02,10.0,6.285,105.596,2.316,7.002
2,S-Vta2#0,Vta/Vta02,10.0,18.602,24.447,0.197,13.223
2,S-Vta2#0,Vta/Vta02,10.0,17.134,38.246,1.007,13.683
2,S-Vta2#0,Vta/Vta02,10.0,10.092,45.049,0.737,27.926
2,S-Vta2#0,Vta/Vta02,10.0,9.541,34.274,0.713,13.263
2,S-Vta2#0,Vta/Vta02,10.0,21.654,4.659,0.785,21.447
2,S-Vta2#0,Vta/Vta02,10.0,6.726,14.535,1.241,6.419
2,S-Vta2#0,Vta/Vta02,10.0,16.242,49.846,0.262,15.256
2,S-Vta2#0,Vta/Vta02,10.0,10.821,42.626,1.329,22.302
2,S-Vta2#0,Vta/Vta02,10.0,1.569,0.866,0.911,142.654
2,S-Vta2#0,Vta/Vta02,10.0,0.931,11.058,0.971,8.593
2,S-Vta2#0,Vta/Vta02,10.0,4.367,31.613,0.958,4.595
2,S-Vta2#0,Vta/Vta02,10.0,31.024,16.084,1.478,25.21
2,S-Vta2#0,Vta/Vta02,10.0,19.657,21.314,2.613,15.662
2,S-Vta2#0,Vta/Vta02,10.0,21.37,16.101,0.75,16.704
2,S-Vta2#0,Vta/Vta02,10.0,11.472,10.709,1.395,9.446
2,S-Vta2#0,Vta/Vta02,10.0,6.8,12.457,0.898,6.703
2,S-Vta2#0,Vta/Vta02,10.0,19.598,14.346,0.792,34.567
2,S-Vta2#0,Vta/Vta02,10.0,3.121,46.41,0.955,3.38
2,S-Vta2#0,Vta/Vta02,10.0,1.591,8.263,0.684,1.583
2,S-Vta2#0,Vta/Vta02,10.0,4.533,1.515,0.355,4.375
2,S-Vta2#0,Vta/Vta02,10.0,9.541,23.117,3.107,8.791
2,S-Vta2#0,Vta/Vta02,10.0,13.034,8.072,0.583,10.749
2,S-Vta2#0,Vta/Vta02,10.0,29.383,66.925,2.727,44.477
2,S-Vta2#0,Vta/Vta02,10.0,4.013,9.13,0.897,11.614
2,S-Vta2#0,Vta/Vta02,10.0,14.799,10.846,0.807,43.461
2,S-Vta2#0,Vta/Vta02,10.0,23.95,44.617,1.257,34.286
2,S-Vta2#0,Vta/Vta02,10.0,15.537,62.65,2.926,20.818
2,S-Vta2#0,Vta/Vta02,10.0,6.9,76.631,0.707,9.34
2,S-Vta2#0,Vta/Vta02,10.0,18.561,7.785,0.311,21.857
2,S-Vta2#0,Vta/Vta02,10.0,36.457,83.642,1.738,44.919
2,S-Vta2#0,Vta/Vta02,10.0,5.934,16.224,0.793,7.776
2,S-Vta2#0,Vta/Vta02,10.0,20.728,27.704,0.731,29.416
2,S-Vta2#0,Vta/Vta02,10.0,14.702,17.4,0.242,17.41
2,S-Vta2#0,Vta/Vta02,10.0,12.158,34.8,1.183,24.011
2,S-Vta2#0,Vta/Vta02,10.0,1.33,1.382,0.533,66.876
2,S-Vta2#0,Vta/Vta02,10.0,7.276,112.067,2.215,8.555
2,S-Vta2#0,Vta/Vta02,10.0,24.944,24.828,0.599,19.868
2,S-Vta2#0,Vta/Vta02,10.0,12.519,5.632,0.209,9.525
2,S-Vta2#0,Vta/Vta02,10.0,21.206,28.187,0.409,16.689
2,S-Vta2#0,Vta/Vta02,10.0,14.09,32.084,0.855,15.131
2,S-Vta2#0,Vta/Vta02,10.0,17.642,86.66,2.829,25.299
2,S-Vta2#0,Vta/Vta02,10.0,17.744,95.35,1.619,28.671
2,S-Vta2#0,Vta/Vta02,10.0,4.321,16.525,0.511,5.356
2,S-Vta2#0,Vta/Vta02,10.0,22.844,18.102,1.067,43.68
2,S-Vta2#0,Vta/Vta02,30.0,190.191,155.018,5.932,41.319
2,S-Vta2#0,Vta/Vta02,30.0,214.537,173.41,26.807,40.133
2,S-Vta2#0,Vta/Vta02,30.0,276.419,50.35,17.038,47.696
2,S-Vta2#0,Vta/Vta02,30.0,243.932,93.581,16.822,39.543
2,S-Vta2#0,Vta/Vta02,30.0,279.261,62.229,6.718,45.201
2,S-Vta2#0,Vta/Vta02,30.0,230.211,150.69,16.464,41.107
2,S-Vta2#0,Vta/Vta02,30.0,98.981,196.611,9.29,21.808
2,S-Vta2#0,Vta/Vta02,30.0,88.229,184.951,15.886,20.602
2,S-Vta2#0,Vta/Vta02,30.0,148.7,186.34,18.036,31.834
2,S-Vta2#0,Vta/Vta02,30.0,235.428,255.239,9.428,41.545
2,S-Vta2#0,Vta/Vta02,30.0,247.099,340.137,16.283,40.298
2,S-Vta2#0,Vta/Vta02,30.0,248.958,125.758,21.014,40.07
2,S-Vta2#0,Vta/Vta02,30.0,169.344,188.169,17.066,31.913
2,S-Vta2#0,Vta/Vta02,30.0,81.693,303.766,11.124,18.744
2,S-Vta2#0,Vta/Vta02,30.0,164.552,197.819,5.463,48.132
2,S-Vta2#0,Vta/Vta02,30.0,160.511,105.104,9.159,45.556
2,S-Vta2#0,Vta/Vta02,30.0,22.116,73.262,15.47,6.64
2,S-Vta2#0,Vta/Vta02,30.0,80.813,84.977,12.222,22.253
2,S-Vta2#0,Vta/Vta02,30.0,64.571,90.572,8.544,18.053
2,S-Vta2#0,Vta/Vta02,30.0,186.213,114.112,10.605,45.82
2,S-Vta2#0,Vta/Vta02,30.0,190.374,201.94,22.848,45.937
2,S-Vta2#0,Vta/Vta02,30.0,72.578,65.894,17.403,18.131
2,S-Vta2#0,Vta/Vta02,30.0,42.54,166.204,2.171,12.255
2,S-Vta2#0,Vta/Vta02,30.0,42.121,223.996,15.76,13.468
2,S-Vta2#0,Vta/Vta02,30.0,17.488,70.386,14.128,5.774
2,S-Vta2#0,Vta/Vta02,30.0,41.114,93.431,7.711,14.781
2,S-Vta2#0,Vta/Vta02,30.0,96.979,271.133,4.921,38.918
2,S-Vta2#0,Vta/Vta02,30.0,106.276,246.581,1.591,46.441
2,S-Vta2#0,Vta/Vta02,30.0,83.609,212.816,2.793,36.986
2,S-Vta2#0,Vta/Vta02,30.0,25.591,26.985,8.188,9.66
2,S-Vta2#0,Vta/Vta02,30.0,55.188,149.016,9.065,18.179
2,S-Vta2#0,Vta/Vta02,30.0,47.393,88.681,3.153,18.679
2,S-Vta2#0,Vta/Vta02,30.0,24.263,270.275,5.331,11.922
2,S-Vta2#0,Vta/Vta02,30.0,18.877,61.825,5.209,10.797
2,S-Vta2#0,Vta/Vta02,30.0,52.638,148.882,5.265,20.69
2,S-Vta2#0,Vta/Vta02,30.0,31.19,68.73,7.552,10.652
2,S-Vta2#0,Vta/Vta02,30.0,56.893,75.116,5.989,17.673
2,S-Vta2#0,Vta/Vta02,30.0,48.529,40.78,6.76,14.253
2,S-Vta2#0,Vta/Vta02,30.0,94.161,78.822,7.395,28.379
2,S-Vta2#0,Vta/Vta02,30.0,50.58,137.149,3.783,15.856
2,S-Vta2#0,Vta/Vta02,30.0,51.203,293.237,1.028,16.891
2,S-Vta2#0,Vta/Vta02,30.0,33.479,213.374,3.219,11.415
2,S-Vta2#0,Vta/Vta02,30.0,60.039,122.557,2.105,22.214
2,S-Vta2#0,Vta/Vta02,30.0,53.621,113.764,2.085,20.904
2,S-Vta2#0,Vta/Vta02,30.0,110.549,39.013,0.114,44.094
2,S-Vta2#0,Vta/Vta02,30.0,55.439,82.095,1.466,23.389
2,S-Vta2#0,Vta/Vta02,30.0,24.596,70.081,2.344,11.39
2,S-Vta2#0,Vta/Vta02,30.0,85.426,114.694,0.702,33.693
2,S-Vta2#0,Vta/Vta02,30.0,111.842,255.978,1.191,31.729
2,S-Vta2#0,Vta/Vta02,30.0,137.829,277.681,3.086,31.013
2,S-Vta2#0,Vta/Vta02,30.0,159.025,517.029,1.475,33.486
2,S-Vta2#0,Vta/Vta02,30.0,146.555,230.643,1.316,32.343
2,S-Vta2#0,Vta/Vta02,30.0,127.741,256.695,1.835,28.89
2,S-Vta2#0,Vta/Vta02,30.0,153.748,147.465,8.698,35.317
2,S-Vta2#0,Vta/Vta02,30.0,78.818,113.636,2.879,19.799
2,S-Vta2#0,Vta/Vta02,30.0,23.274,174.45,1.361,8.402
2,S-Vta2#0,Vta/Vta02,30.0,32.512,210.431,2.352,14.464
2,S-Vta2#0,Vta/Vta02,30.0,46.901,348.032,0.506,17.961
2,S-Vta2#0,Vta/Vta02,30.0,59.393,493.752,0.226,16.574
2,S-Vta2#0,Vta/Vta02,30.0,75.082,204.119,1.428,24.662
2,S-Vta2#0,Vta/Vta02,30.0,41.958,228.636,1.991,17.885
2,S-Vta2#0,Vta/Vta02,30.0,54.065,88.121,0.968,25.707
2,S-Vta2#0,Vta/Vta02,30.0,58.215,190.91,3.389,20.809
2,S-Vta2#0,Vta/Vta02,30.0,22.232,19.824,3.219,7.072
2,S-Vta2#0,Vta/Vta02,30.0,7.134,98.124,3.008,2.725
2,S-Vta2#0,Vta/Vta02,30.0,8.208,226.088,1.686,5.225
2,S-Vta2#0,Vta/Vta02,30.0,19.897,220.122,2.383,39.445
2,S-Vta2#0,Vta/Vta02,30.0,1.945,1.991,0.94,74.98
2,S-Vta2#0,Vta/Vta02,30.0,0.87,1.164,0.987,37.808
2,S-Vta2#0,Vta/Vta02,30.0,0.795,10.264,2.198,6.432
2,S-Vta2#0,Vta/Vta02,30.0,12.985,106.133,10.549,12.102
2,S-Vta2#0,Vta/Vta02,30.0,21.033,227.983,16.813,9.118
2,S-Vta2#0,Vta/Vta02,30.0,91.086,195.673,7.762,26.331
2,S-Vta2#0,Vta/Vta02,30.0,154.396,132.308,11.028,40.737
2,S-Vta2#0,Vta/Vta02,30.0,98.975,113.413,13.546,26.219
2,S-Vta2#0,Vta/Vta02,30.0,57.233,35.91,6.754,16.202
2,S-Vta2#0,Vta/Vta02,30.0,50.123,126.19,5.129,17.817
2,S-Vta2#0,Vta/Vta02,30.0,71.811,142.955,1.478,28.513
2,S-Vta2#0,Vta/Vta02,30.0,154.777,206.316,1.176,61.561
2,S-Vta2#0,Vta/Vta02,30.0,42.897,194.742,0.955,14.365
2,S-Vta2#0,Vta/Vta02,30.0,29.226,9.639,4.204,9.283
2,S-Vta2#0,Vta/Vta02,30.0,37.579,70.961,7.647,11.197
2,S-Vta2#0,Vta/Vta02,30.0,49.794,175.683,11.776,16.701
2,S-Vta2#0,Vta/Vta02,30.0,32.381,197.072,4.076,14.496
2,S-Vta2#0,Vta/Vta02,30.0,67.799,353.635,4.125,50.054
2,S-Vta2#0,Vta/Vta02,30.0,52.002,122.227,1.395,37.27
2,S-Vta2#0,Vta/Vta02,30.0,47.993,136.7,2.546,26.66
2,S-Vta2#0,Vta/Vta02,30.0,71.799,43.306,2.917,32.637
2,S-Vta2#0,Vta/Vta02,30.0,38.165,317.133,4.368,16.24
2,S-Vta2#0,Vta/Vta02,30.0,44.247,211.974,1.785,18.317
2,S-Vta2#0,Vta/Vta02,30.0,116.196,168.729,1.554,47.608
2,S-Vta2#0,Vta/Vta02,30.0,172.932,204.044,3.212,75.421
2,S-Vta2#0,Vta/Vta02,30.0,62.988,76.28,1.396,27.083
2,S-Vta2#0,Vta/Vta02,30.0,12.686,74.846,1.231,6.12
2,S-Vta2#0,Vta/Vta02,30.0,39.993,120.857,1.223,28.996
2,S-Vta2#0,Vta/Vta02,30.0,42.359,185.38,5.687,30.711
2,S-Vta2#0,Vta/Vta02,30.0,67.458,210.989,25.674,31.523
2,S-Vta2#0,Vta/Vta02,30.0,111.039,446.547,10.452,32.23
2,S-Vta2#0,Vta/Vta02,30.0,135.865,109.285,3.325,35.128
2,S-Vta2#0,Vta/Vta02,30.0,47.077,73.514,2.016,13.292
2,S-Vta2#0,Vta/Vta02,30.0,68.911,103.401,4.204,23.623
2,S-Vta2#0,Vta/Vta02,30.0,80.87,245.732,3.597,35.716
2,S-Vta2#0,Vta/Vta02,30.0,62.501,313.407,3.949,29.178
2,S-Vta2#0,Vta/Vta02,30.0,52.316,420.402,2.246,26.632
2,S-Vta2#0,Vta/Vta02,60.0,459.224,421.5,55.965,42.56
2,S-Vta2#0,Vta/Vta02,60.0,502.623,331.689,90.366,43.542
2,S-Vta2#0,Vta/Vta02,60.0,675.21,68.256,64.339,59.146
2,S-Vta2#0,Vta/Vta02,60.0,421.645,147.086,50.114,39.302
2,S-Vta2#0,Vta/Vta02,60.0,496.332,332.489,35.105,47.368
2,S-Vta2#0,Vta/Vta02,60.0,434.677,469.659,59.406,42.268
2,S-Vta2#0,Vta/Vta02,60.0,341.263,266.12,57.216,33.4
2,S-Vta2#0,Vta/Vta02,60.0,408.896,181.062,72.963,39.186
2,S-Vta2#0,Vta/Vta02,60.0,454.735,374.187,78.503,41.703
2,S-Vta2#0,Vta/Vta02,60.0,464.967,637.193,53.42,42.295
2,S-Vta2#0,Vta/Vta02,60.0,381.481,863.208,55.181,36.29
2,S-Vta2#0,Vta/Vta02,60.0,293.751,281.669,51.251,30.457
2,S-Vta2#0,Vta/Vta02,60.0,212.11,809.339,46.466,23.992
2,S-Vta2#0,Vta/Vta02,60.0,277.921,896.62,41.837,36.079
2,S-Vta2#0,Vta/Vta02,60.0,455.018,545.14,38.896,64.46
2,S-Vta2#0,Vta/Vta02,60.0,301.243,295.753,47.525,42.348
2,S-Vta2#0,Vta/Vta02,60.0,129.676,130.333,70.224,17.513
2,S-Vta2#0,Vta/Vta02,60.0,208.857,235.161,63.611,26.8
2,S-Vta2#0,Vta/Vta02,60.0,369.931,139.174,55.93,48.741
2,S-Vta2#0,Vta/Vta02,60.0,465.527,146.588,47.803,61.645
2,S-Vta2#0,Vta/Vta02,60.0,397.852,631.345,67.425,54.616
2,S-Vta2#0,Vta/Vta02,60.0,133.025,94.596,54.959,18.889
2,S-Vta2#0,Vta/Vta02,60.0,79.235,424.703,20.678,12.652
2,S-Vta2#0,Vta/Vta02,60.0,106.263,232.097,38.486,18.875
2,S-Vta2#0,Vta/Vta02,60.0,126.329,285.449,30.58,23.723
2,S-Vta2#0,Vta/Vta02,60.0,193.828,574.443,20.17,38.383
2,S-Vta2#0,Vta/Vta02,60.0,247.208,826.706,7.863,48.008
2,S-Vta2#0,Vta/Vta02,60.0,184.996,714.633,20.657,34.708
2,S-Vta2#0,Vta/Vta02,60.0,109.279,502.207,15.735,22.723
2,S-Vta2#0,Vta/Vta02,60.0,32.427,47.848,22.924,6.905
2,S-Vta2#0,Vta/Vta02,60.0,39.74,181.865,23.078,8.295
2,S-Vta2#0,Vta/Vta02,60.0,58.207,260.446,20.434,11.452
2,S-Vta2#0,Vta/Vta02,60.0,66.595,578.092,26.784,13.396
2,S-Vta2#0,Vta/Vta02,60.0,15.982,227.099,26.175,3.211
2,S-Vta2#0,Vta/Vta02,60.0,91.994,397.95,3.043,15.437
2,S-Vta2#0,Vta/Vta02,60.0,73.712,291.646,28.711,11.781
2,S-Vta2#0,Vta/Vta02,60.0,79.298,333.38,22.134,12.348
2,S-Vta2#0,Vta/Vta02,60.0,173.432,369.144,18.14,26.898
2,S-Vta2#0,Vta/Vta02,60.0,262.775,485.197,18.143,41.974
2,S-Vta2#0,Vta/Vta02,60.0,154.891,504.508,10.292,26.237
2,S-Vta2#0,Vta/Vta02,60.0,102.737,523.67,4.479,18.334
2,S-Vta2#0,Vta/Vta02,60.0,40.145,283.261,9.42,7.369
2,S-Vta2#0,Vta/Vta02,60.0,51.551,398.281,7.744,10.141
2,S-Vta2#0,Vta/Vta02,60.0,140.183,247.278,6.888,29.622
2,S-Vta2#0,Vta/Vta02,60.0,162.226,84.051,1.806,32.115
2,S-Vta2#0,Vta/Vta02,60.0,61.957,60.761,1.746,10.502
2,S-Vta2#0,Vta/Vta02,60.0,182.889,238.244,3.434,27.654
2,S-Vta2#0,Vta/Vta02,60.0,295.133,286.14,0.358,40.434
2,S-Vta2#0,Vta/Vta02,60.0,305.847,589.161,2.169,37.885
2,S-Vta2#0,Vta/Vta02,60.0,289.495,468.829,8.387,32.595
2,S-Vta2#0,Vta/Vta02,60.0,284.029,945.883,5.054,31.154
2,S-Vta2#0,Vta/Vta02,60.0,316.248,341.018,2.187,37.088
2,S-Vta2#0,Vta/Vta02,60.0,175.834,481.237,2.053,24.401
2,S-Vta2#0,Vta/Vta02,60.0,206.345,386.609,11.64,31.199
2,S-Vta2#0,Vta/Vta02,60.0,89.981,354.035,3.614,13.63
2,S-Vta2#0,Vta/Vta02,60.0,78.363,594.201,3.7,12.322
2,S-Vta2#0,Vta/Vta02,60.0,77.237,715.677,0.338,14.559
2,S-Vta2#0,Vta/Vta02,60.0,163.034,673.409,4.048,32.796
2,S-Vta2#0,Vta/Vta02,60.0,122.48,813.754,1.705,21.5
2,S-Vta2#0,Vta/Vta02,60.0,204.759,641.068,1.292,35.032
2,S-Vta2#0,Vta/Vta02,60.0,112.302,581.067,2.371,20.42
2,S-Vta2#0,Vta/Vta02,60.0,53.598,194.312,4.338,11.327
2,S-Vta2#0,Vta/Vta02,60.0,48.757,230.202,4.905,11.134
2,S-Vta2#0,Vta/Vta02,60.0,33.246,244.837,2.845,9.089
2,S-Vta2#0,Vta/Vta02,60.0,4.175,395.402,2.53,1.579
2,S-Vta2#0,Vta/Vta02,60.0,8.821,522.546,1.836,5.534
2,S-Vta2#0,Vta/Vta02,60.0,20.033,474.596,1.329,31.895
2,S-Vta2#0,Vta/Vta02,60.0,18.279,102.24,1.948,16.632
2,S-Vta2#0,Vta/Vta02,60.0,45.904,226.736,18.309,19.702
2,S-Vta2#0,Vta/Vta02,60.0,94.163,345.587,23.062,26.236
2,S-Vta2#0,Vta/Vta02,60.0,135.001,469.006,25.328,27.695
2,S-Vta2#0,Vta/Vta02,60.0,152.679,588.467,25.131,25.056
2,S-Vta2#0,Vta/Vta02,60.0,230.61,496.117,33.029,32.921
2,S-Vta2#0,Vta/Vta02,60.0,254.25,301.121,30.407,38.429
2,S-Vta2#0,Vta/Vta02,60.0,94.873,79.55,28.489,15.048
2,S-Vta2#0,Vta/Vta02,60.0,177.956,341.414,15.168,29.402
2,S-Vta2#0,Vta/Vta02,60.0,296.018,535.897,11.847,50.973
2,S-Vta2#0,Vta/Vta02,60.0,316.554,547.204,8.46,55.755
2,S-Vta2#0,Vta/Vta02,60.0,442.616,528.052,11.326,75.261
2,S-Vta2#0,Vta/Vta02,60.0,79.765,284.763,12.117,13.342
2,S-Vta2#0,Vta/Vta02,60.0,28.116,275.974,13.007,5.213
2,S-Vta2#0,Vta/Vta02,60.0,69.592,417.483,12.346,14.737
2,S-Vta2#0,Vta/Vta02,60.0,71.271,574.541,18.733,16.272
2,S-Vta2#0,Vta/Vta02,60.0,73.871,544.122,9.638,18.292
2,S-Vta2#0,Vta/Vta02,60.0,121.843,755.729,11.028,34.221
2,S-Vta2#0,Vta/Vta02,60.0,113.291,272.172,10.199,30.178
2,S-Vta2#0,Vta/Vta02,60.0,109.679,142.911,5.99,25.97
2,S-Vta2#0,Vta/Vta02,60.0,120.444,317.2,6.467,25.909
2,S-Vta2#0,Vta/Vta02,60.0,261.291,784.423,9.662,56.182
2,S-Vta2#0,Vta/Vta02,60.0,271.44,337.692,4.698,57.141
2,S-Vta2#0,Vta/Vta02,60.0,338.859,360.573,4.476,75.0
2,S-Vta2#0,Vta/Vta02,60.0,289.231,357.534,6.212,78.572
2,S-Vta2#0,Vta/Vta02,60.0,102.352,173.79,6.796,27.562
2,S-Vta2#0,Vta/Vta02,60.0,50.118,301.455,6.199,11.896
2,S-Vta2#0,Vta/Vta02,60.0,105.497,632.418,12.493,21.856
2,S-Vta2#0,Vta/Vta02,60.0,130.78,767.239,20.39,24.87
2,S-Vta2#0,Vta/Vta02,60.0,236.156,564.534,69.804,41.468
2,S-Vta2#0,Vta/Vta02,60.0,183.131,764.201,18.776,28.72
2,S-Vta2#0,Vta/Vta02,60.0,129.877,354.267,3.486,21.14
2,S-Vta2#0,Vta/Vta02,60.0,66.733,321.583,5.965,11.728
2,S-Vta2#0,Vta/Vta02,60.0,246.941,391.07,6.248,50.478
2,S-Vta2#0,Vta/Vta02,120.0,798.218,735.241,221.634,37.959
2,S-Vta2#0,Vta/Vta02,120.0,1024.436,700.861,293.925,46.575
2,S-Vta2#0,Vta/Vta02,120.0,1480.983,255.86,261.62,66.315
2,S-Vta2#0,Vta/Vta02,120.0,1005.96,254.036,238.201,46.285
2,S-Vta2#0,Vta/Vta02,120.0,1057.262,343.977,189.493,50.32
2,S-Vta2#0,Vta/Vta02,120.0,772.542,394.916,218.834,38.726
2,S-Vta2#0,Vta/Vta02,120.0,542.591,1099.222,203.824,28.44
2,S-Vta2#0,Vta/Vta02,120.0,700.555,544.457,208.676,38.577
2,S-Vta2#0,Vta/Vta02,120.0,592.521,750.287,207.357,32.962
2,S-Vta2#0,Vta/Vta02,120.0,604.492,1822.498,176.228,33.364
2,S-Vta2#0,Vta/Vta02,120.0,477.653,2411.39,205.379,26.639
2,S-Vta2#0,Vta/Vta02,120.0,503.79,1252.314,219.22,28.876
2,S-Vta2#0,Vta/Vta02,120.0,324.667,2150.695,213.793,19.744
2,S-Vta2#0,Vta/Vta02,120.0,340.864,2093.705,206.937,22.33
2,S-Vta2#0,Vta/Vta02,120.0,502.81,1132.744,195.796,35.013
2,S-Vta2#0,Vta/Vta02,120.0,134.908,456.111,209.877,9.523
2,S-Vta2#0,Vta/Vta02,120.0,593.479,267.295,225.092,43.37
2,S-Vta2#0,Vta/Vta02,120.0,561.468,234.757,190.136,41.789
2,S-Vta2#0,Vta/Vta02,120.0,818.921,424.767,160.065,63.356
2,S-Vta2#0,Vta/Vta02,120.0,879.562,329.932,136.301,69.742
2,S-Vta2#0,Vta/Vta02,120.0,631.911,682.375,157.84,50.778
2,S-Vta2#0,Vta/Vta02,120.0,133.517,750.133,139.867,10.784
2,S-Vta2#0,Vta/Vta02,120.0,344.627,921.362,77.495,31.104
2,S-Vta2#0,Vta/Vta02,120.0,248.841,746.918,108.916,24.079
2,S-Vta2#0,Vta/Vta02,120.0,332.593,1219.641,105.048,32.858
2,S-Vta2#0,Vta/Vta02,120.0,453.336,1592.095,90.094,44.69
2,S-Vta2#0,Vta/Vta02,120.0,500.722,1823.15,57.701,49.418
2,S-Vta2#0,Vta/Vta02,120.0,341.01,1409.299,88.614,33.064
2,S-Vta2#0,Vta/Vta02,120.0,230.631,962.814,94.457,21.415
2,S-Vta2#0,Vta/Vta02,120.0,49.845,181.778,111.55,4.547
2,S-Vta2#0,Vta/Vta02,120.0,97.038,521.082,107.917,8.647
2,S-Vta2#0,Vta/Vta02,120.0,108.183,113.285,92.932,9.374
2,S-Vta2#0,Vta/Vta02,120.0,386.555,492.199,97.355,34.384
2,S-Vta2#0,Vta/Vta02,120.0,258.119,668.982,84.294,23.696
2,S-Vta2#0,Vta/Vta02,120.0,74.36,940.152,30.068,6.425
2,S-Vta2#0,Vta/Vta02,120.0,264.341,1065.599,73.706,22.567
2,S-Vta2#0,Vta/Vta02,120.0,181.744,1019.312,57.512,15.782
2,S-Vta2#0,Vta/Vta02,120.0,351.445,864.56,48.264,31.415
2,S-Vta2#0,Vta/Vta02,120.0,457.04,1029.015,46.327,40.377
2,S-Vta2#0,Vta/Vta02,120.0,242.902,1065.25,33.087,20.562
2,S-Vta2#0,Vta/Vta02,120.0,208.776,919.375,21.904,17.078
2,S-Vta2#0,Vta/Vta02,120.0,140.002,350.033,31.623,10.976
2,S-Vta2#0,Vta/Vta02,120.0,221.873,1068.233,24.143,16.859
2,S-Vta2#0,Vta/Vta02,120.0,315.016,860.141,18.202,23.122
2,S-Vta2#0,Vta/Vta02,120.0,347.851,553.869,4.738,24.526
2,S-Vta2#0,Vta/Vta02,120.0,484.335,372.822,3.543,33.533
2,S-Vta2#0,Vta/Vta02,120.0,573.795,640.922,3.932,41.473
2,S-Vta2#0,Vta/Vta02,120.0,708.337,522.11,2.579,50.859
2,S-Vta2#0,Vta/Vta02,120.0,581.464,949.356,4.64,39.583
2,S-Vta2#0,Vta/Vta02,120.0,428.028,1042.335,10.352,28.057
2,S-Vta2#0,Vta/Vta02,120.0,411.21,458.044,5.254,28.487
2,S-Vta2#0,Vta/Vta02,120.0,524.649,701.731,6.336,38.841
2,S-Vta2#0,Vta/Vta02,120.0,478.321,1320.831,6.601,37.053
2,S-Vta2#0,Vta/Vta02,120.0,544.001,1290.094,10.894,43.619
2,S-Vta2#0,Vta/Vta02,120.0,411.91,1395.895,13.942,34.0
2,S-Vta2#0,Vta/Vta02,120.0,319.989,1535.291,10.346,28.823
2,S-Vta2#0,Vta/Vta02,120.0,247.727,1398.813,2.281,25.572
2,S-Vta2#0,Vta/Vta02,120.0,372.979,1127.615,9.343,43.175
2,S-Vta2#0,Vta/Vta02,120.0,208.714,1306.691,3.773,24.99
2,S-Vta2#0,Vta/Vta02,120.0,258.571,1355.083,2.856,34.71
2,S-Vta2#0,Vta/Vta02,120.0,133.344,1273.147,3.116,21.727
2,S-Vta2#0,Vta/Vta02,120.0,84.637,482.02,7.419,14.514
2,S-Vta2#0,Vta/Vta02,120.0,111.755,208.629,10.685,16.657
2,S-Vta2#0,Vta/Vta02,120.0,241.221,667.605,6.868,33.286
2,S-Vta2#0,Vta/Vta02,120.0,295.2,923.292,5.499,39.261
2,S-Vta2#0,Vta/Vta02,120.0,365.651,1190.947,14.133,47.564
2,S-Vta2#0,Vta/Vta02,120.0,476.955,512.674,26.88,62.435
2,S-Vta2#0,Vta/Vta02,120.0,397.44,736.631,29.903,51.439
2,S-Vta2#0,Vta/Vta02,120.0,405.401,836.213,29.094,46.886
2,S-Vta2#0,Vta/Vta02,120.0,469.05,937.657,26.882,48.582
2,S-Vta2#0,Vta/Vta02,120.0,544.165,1042.957,24.719,50.882
2,S-Vta2#0,Vta/Vta02,120.0,594.815,1153.013,20.242,50.483
2,S-Vta2#0,Vta/Vta02,120.0,845.582,621.464,92.013,65.59
2,S-Vta2#0,Vta/Vta02,120.0,891.628,110.768,82.71,70.75
2,S-Vta2#0,Vta/Vta02,120.0,420.689,277.565,70.413,35.929
2,S-Vta2#0,Vta/Vta02,120.0,479.51,719.986,40.171,44.458
2,S-Vta2#0,Vta/Vta02,120.0,593.407,854.904,35.213,58.187
2,S-Vta2#0,Vta/Vta02,120.0,530.671,584.53,28.945,54.555
2,S-Vta2#0,Vta/Vta02,120.0,548.929,308.678,28.306,58.067
2,S-Vta2#0,Vta/Vta02,120.0,111.233,362.404,33.439,11.425
2,S-Vta2#0,Vta/Vta02,120.0,144.278,1170.783,36.099,14.996
2,S-Vta2#0,Vta/Vta02,120.0,215.324,1321.425,37.474,22.962
2,S-Vta2#0,Vta/Vta02,120.0,306.236,1538.44,45.88,33.877
2,S-Vta2#0,Vta/Vta02,120.0,430.719,1665.337,32.608,48.966
2,S-Vta2#0,Vta/Vta02,120.0,552.682,1822.548,32.884,68.343
2,S-Vta2#0,Vta/Vta02,120.0,528.529,313.096,26.633,71.011
2,S-Vta2#0,Vta/Vta02,120.0,435.5,213.187,16.902,54.809
2,S-Vta2#0,Vta/Vta02,120.0,383.854,852.399,20.012,43.294
2,S-Vta2#0,Vta/Vta02,120.0,562.006,1362.942,27.059,59.242
2,S-Vta2#0,Vta/Vta02,120.0,522.586,296.508,27.234,52.168
2,S-Vta2#0,Vta/Vta02,120.0,586.382,1259.387,27.912,57.414
2,S-Vta2#0,Vta/Vta02,120.0,483.566,1183.156,30.2,48.069
2,S-Vta2#0,Vta/Vta02,120.0,139.914,989.992,23.699,14.178
2,S-Vta2#0,Vta/Vta02,120.0,175.192,943.103,13.571,17.667
2,S-Vta2#0,Vta/Vta02,120.0,190.113,1348.897,18.638,19.533
3,S-Y1#3,Y/Y1,10.0,1.856,38.31,0.48,5.961
3,S-Y1#3,Y/Y1,10.0,25.693,23.107,0.767,65.691
3,S-Y1#3,Y/Y1,10.0,26.646,66.08,3.609,47.575
3,S-Y1#3,Y/Y1,10.0,8.767,22.7,1.002,7.305
3,S-Y1#3,Y/Y1,10.0,8.495,33.149,2.778,6.181
3,S-Y1#3,Y/Y1,10.0,37.542,43.167,1.342,36.07
3,S-Y1#3,Y/Y1,10.0,18.297,20.558,0.183,170.455
3,S-Y1#3,Y/Y1,10.0,13.492,15.903,1.358,87.083
3,S-Y1#3,Y/Y1,10.0,6.713,30.374,1.823,6.873
3,S-Y1#3,Y/Y1,10.0,4.598,10.339,0.476,3.842
3,S-Y1#3,Y/Y1,10.0,8.087,7.528,1.922,6.694
3,S-Y1#3,Y/Y1,10.0,3.276,13.37,0.283,2.115
3,S-Y1#3,Y/Y1,10.0,12.397,54.813,3.404,7.99
3,S-Y1#3,Y/Y1,10.0,14.453,69.711,1.003,8.726
3,S-Y1#3,Y/Y1,10.0,4.65,3.99,0.274,2.904
3,S-Y1#3,Y/Y1,10.0,17.612,78.59,0.981,10.758
3,S-Y1#3,Y/Y1,10.0,36.639,177.154,3.744,23.019
3,S-Y1#3,Y/Y1,10.0,14.127,84.036,10.503,8.359
3,S-Y1#3,Y/Y1,10.0,17.905,23.666,9.173,10.695
3,S-Y1#3,Y/Y1,10.0,27.172,130.941,5.952,15.644
3,S-Y1#3,Y/Y1,10.0,43.576,63.883,29.296,29.326
3,S-Y1#3,Y/Y1,10.0,98.514,44.504,110.582,56.411
3,S-Y1#3,Y/Y1,10.0,16.82,14.441,17.411,10.848
3,S-Y1#3,Y/Y1,10.0,13.154,12.218,12.711,8.196
3,S-Y1#3,Y/Y1,10.0,18.274,114.241,3.913,11.06
3,S-Y1#3,Y/Y1,10.0,14.013,59.605,6.114,9.049
3,S-Y1#3,Y/Y1,10.0,23.185,62.092,3.109,13.011
3,S-Y1#3,Y/Y1,10.0,18.517,68.717,4.301,10.131
3,S-Y1#3,Y/Y1,10.0,2.795,43.807,2.274,1.592
3,S-Y1#3,Y/Y1,10.0,30.207,28.079,1.898,22.025
3,S-Y1#3,Y/Y1,10.0,29.086,25.715,1.181,111.895
3,S-Y1#3,Y/Y1,10.0,3.233,4.093,2.853,20.574
3,S-Y1#3,Y/Y1,10.0,1.24,3.047,0.664,42.83
3,S-Y1#3,Y/Y1,10.0,10.471,10.434,2.343,95.71
3,S-Y1#3,Y/Y1,10.0,20.971,24.692,2.369,85.237
3,S-Y1#3,Y/Y1,10.0,19.665,19.613,1.985,93.035
3,S-Y1#3,Y/Y1,10.0,11.088,23.468,3.303,70.292
3,S-Y1#3,Y/Y1,10.0,1.754,1.653,1.675,97.496
3,S-Y1#3,Y/Y1,10.0,9.878,12.201,2.272,76.618
3,S-Y1#3,Y/Y1,10.0,27.469,19.216,1.502,87.51
3,S-Y1#3,Y/Y1,10.0,24.577,32.514,2.061,66.47
3,S-Y1#3,Y/Y1,10.0,10.575,78.114,1.895,21.793
3,S-Y1#3,Y/Y1,10.0,2.558,2.059,1.809,138.444
3,S-Y1#3,Y/Y1,10.0,25.032,33.673,10.352,70.543
3,S-Y1#3,Y/Y1,10.0,21.057,45.77,1.544,110.293
3,S-Y1#3,Y/Y1,10.0,1.074,1.108,1.114,94.006
3,S-Y1#3,Y/Y1,10.0,2.949,5.771,0.61,48.777
3,S-Y1#3,Y/Y1,10.0,15.262,35.181,1.194,17.639
3,S-Y1#3,Y/Y1,10.0,7.162,24.83,0.706,5.765
3,S-Y1#3,Y/Y1,10.0,4.588,33.548,2.176,3.519
3,S-Y1#3,Y/Y1,10.0,10.935,10.025,1.252,7.884
3,S-Y1#3,Y/Y1,10.0,29.014,8.196,0.571,23.982
3,S-Y1#3,Y/Y1,10.0,24.162,4.442,1.085,21.751
3,S-Y1#3,Y/Y1,10.0,26.62,14.099,1.068,37.171
3,S-Y1#3,Y/Y1,10.0,16.41,19.088,0.41,42.832
3,S-Y1#3,Y/Y1,10.0,17.325,16.205,0.509,77.483
3,S-Y1#3,Y/Y1,10.0,1.786,21.502,3.66,2.087
3,S-Y1#3,Y/Y1,10.0,11.378,26.81,1.077,9.156
3,S-Y1#3,Y/Y1,10.0,10.068,2.263,0.586,7.644
3,S-Y1#3,Y/Y1,10.0,22.932,0.569,1.175,20.524
3,S-Y1#3,Y/Y1,10.0,20.36,12.91,0.247,19.057
3,S-Y1#3,Y/Y1,10.0,40.781,48.525,1.583,206.145
3,S-Y1#3,Y/Y1,10.0,1.142,1.418,1.287,102.259
3,S-Y1#3,Y/Y1,10.0,10.51,15.304,6.243,66.663
3,S-Y1#3,Y/Y1,10.0,7.51,27.768,1.158,7.94
3,S-Y1#3,Y/Y1,10.0,9.274,8.906,1.222,7.7
3,S-Y1#3,Y/Y1,10.0,7.442,3.184,1.27,5.548
3,S-Y1#3,Y/Y1,10.0,9.347,2.48,2.05,7.004
3,S-Y1#3,Y/Y1,10.0,21.662,14.854,2.166,17.722
3,S-Y1#3,Y/Y1,10.0,3.868,52.209,2.507,3.078
3,S-Y1#3,Y/Y1,10.0,7.961,53.213,0.597,6.328
3,S-Y1#3,Y/Y1,10.0,9.323,35.812,5.644,6.843
3,S-Y1#3,Y/Y1,10.0,25.614,31.81,2.306,23.853
3,S-Y1#3,Y/Y1,10.0,7.152,56.452,1.247,10.293
3,S-Y1#3,Y/Y1,10.0,14.025,28.818,1.352,18.495
3,S-Y1#3,Y/Y1,10.0,1.497,16.825,1.897,1.776
3,S-Y1#3,Y/Y1,10.0,22.575,52.334,4.807,20.674
3,S-Y1#3,Y/Y1,10.0,11.651,17.664,2.816,9.666
3,S-Y1#3,Y/Y1,10.0,5.342,11.909,3.707,4.198
3,S-Y1#3,Y/Y1,10.0,15.723,32.68,2.619,14.995
3,S-Y1#3,Y/Y1,10.0,8.926,107.866,2.322,11.942
3,S-Y1#3,Y/Y1,10.0,32.533,41.467,2.477,49.842
3,S-Y1#3,Y/Y1,10.0,12.977,36.312,0.147,16.895
3,S-Y1#3,Y/Y1,10.0,19.362,91.861,3.341,18.509
3,S-Y1#3,Y/Y1,10.0,9.479,10.789,2.431,8.521
3,S-Y1#3,Y/Y1,10.0,5.768,27.166,2.618,5.053
3,S-Y1#3,Y/Y1,10.0,5.999,107.447,0.862,6.796
3,S-Y1#3,Y/Y1,10.0,8.457,72.658,0.653,10.376
3,S-Y1#3,Y/Y1,10.0,10.24,107.151,0.153,9.861
3,S-Y1#3,Y/Y1,10.0,18.384,6.225,2.773,15.266
3,S-Y1#3,Y/Y1,10.0,9.679,27.155,3.101,8.131
3,S-Y1#3,Y/Y1,10.0,7.027,63.369,1.492,7.545
3,S-Y1#3,Y/Y1,10.0,6.808,70.662,3.075,9.745
3,S-Y1#3,Y/Y1,10.0,46.38,25.954,1.374,64.301
3,S-Y1#3,Y/Y1,10.0,4.991,25.619,1.441,18.658
3,S-Y1#3,Y/Y1,10.0,2.696,28.068,1.251,2.651
3,S-Y1#3,Y/Y1,10.0,47.329,48.362,1.332,60.519
3,S-Y1#3,Y/Y1,10.0,3.022,4.152,0.583,200.773
3,S-Y1#3,Y/Y1,10.0,0.62,1.01,0.428,44.798
3,S-Y1#3,Y/Y1,10.0,17.051,42.794,1.681,21.804
3,S-Y1#3,Y/Y1,10.0,25.275,13.948,0.281,22.176
3,S-Y1#3,Y/Y1,10.0,21.364,8.46,1.193,20.73
3,S-Y1#3,Y/Y1,10.0,37.735,45.841,1.263,133.899
3,S-Y1#3,Y/Y1,10.0,2.183,2.32,1.653,59.716
3,S-Y1#3,Y/Y1,10.0,12.863,37.607,1.322,16.769
3,S-Y1#3,Y/Y1,10.0,10.591,18.021,1.56,9.779
3,S-Y1#3,Y/Y1,10.0,3.602,19.67,2.487,2.822
3,S-Y1#3,Y/Y1,10.0,18.771,9.328,1.383,13.958
3,S-Y1#3,Y/Y1,10.0,14.821,47.115,0.159,13.417
3,S-Y1#3,Y/Y1,10.0,41.142,53.434,1.383,64.33
3,S-Y1#3,Y/Y1,10.0,0.398,1.741,0.408,38.95
3,S-Y1#3,Y/Y1,10.0,22.582,32.748,1.612,62.169
3,S-Y1#3,Y/Y1,10.0,1.797,20.114,0.574,1.962
3,S-Y1#3,Y/Y1,10.0,5.141,8.538,0.813,4.223
3,S-Y1#3,Y/Y1,10.0,1.752,10.327,0.818,1.302
3,S-Y1#3,Y/Y1,10.0,11.544,6.38,1.973,8.782
3,S-Y1#3,Y/Y1,10.0,8.828,60.23,1.937,6.952
3,S-Y1#3,Y/Y1,10.0,8.953,61.233,3.156,6.813
3,S-Y1#3,Y/Y1,10.0,12.549,79.578,2.534,9.789
3,S-Y1#3,Y/Y1,10.0,4.067,12.546,1.895,3.102
3,S-Y1#3,Y/Y1,10.0,2.623,22.788,3.351,1.994
3,S-Y1#3,Y/Y1,10.0,17.989,4.649,1.872,14.652
3,S-Y1#3,Y/Y1,10.0,8.123,5.503,0.544,6.28
3,S-Y1#3,Y/Y1,10.0,12.294,4.764,2.286,9.886
3,S-Y1#3,Y/Y1,10.0,22.426,81.879,1.375,16.257
3,S-Y1#3,Y/Y1,10.0,5.895,6.203,2.916,4.375
3,S-Y1#3,Y/Y1,10.0,16.177,5.3,0.926,12.383
3,S-Y1#3,Y/Y1,10.0,11.252,80.475,4.204,8.91
3,S-Y1#3,Y/Y1,10.0,6.634,9.264,0.613,5.381
3,S-Y1#3,Y/Y1,10.0,10.621,63.624,0.071,8.508
3,S-Y1#3,Y/Y1,10.0,4.099,26.42,0.636,3.168
3,S-Y1#3,Y/Y1,10.0,10.129,5.666,0.984,7.902
3,S-Y1#3,Y/Y1,10.0,14.725,30.345,2.705,11.577
3,S-Y1#3,Y/Y1,10.0,15.275,15.369,1.859,12.274
3,S-Y1#3,Y/Y1,10.0,6.118,11.602,2.349,4.559
3,S-Y1#3,Y/Y1,10.0,25.569,75.392,3.859,18.594
3,S-Y1#3,Y/Y1,10.0,19.663,65.924,0.611,16.067
3,S-Y1#3,Y/Y1,10.0,20.165,22.457,1.76,41.186
3,S-Y1#3,Y/Y1,10.0,15.225,85.936,2.134,19.1
3,S-Y1#3,Y/Y1,10.0,9.584,28.727,1.874,7.999
3,S-Y1#3,Y/Y1,10.0,7.927,7.689,2.519,5.849
3,S-Y1#3,Y/Y1,10.0,4.712,3.228,4.196,3.317
3,S-Y1#3,Y/Y1,10.0,23.208,33.197,1.702,20.529
3,S-Y1#3,Y/Y1,10.0,21.887,154.474,5.058,19.545
3,S-Y1#3,Y/Y1,10.0,12.709,48.552,3.164,8.182
3,S-Y1#3,Y/Y1,10.0,5.808,35.993,1.717,3.813
3,S-Y1#3,Y/Y1,10.0,17.623,15.694,3.637,13.536
3,S-Y1#3,Y/Y1,10.0,22.362,13.385,1.991,18.853
3,S-Y1#3,Y/Y1,10.0,23.001,25.85,0.63,236.315
3,S-Y1#3,Y/Y1,10.0,19.163,47.429,1.471,33.229
3,S-Y1#3,Y/Y1,10.0,25.58,4.453,3.643,24.607
3,S-Y1#3,Y/Y1,10.0,31.28,34.34,1.354,122.85
3,S-Y1#3,Y/Y1,10.0,1.762,1.769,1.771,100.76
3,S-Y1#3,Y/Y1,10.0,1.492,1.515,1.516,98.603
3,S-Y1#3,Y/Y1,10.0,2.456,2.424,0.978,71.982
3,S-Y1#3,Y/Y1,10.0,6.783,27.599,0.399,16.426
3,S-Y1#3,Y/Y1,10.0,19.297,42.284,3.648,19.899
3,S-Y1#3,Y/Y1,10.0,10.516,2.017,0.379,9.092
3,S-Y1#3,Y/Y1,10.0,2.723,6.067,0.823,1.894
3,S-Y1#3,Y/Y1,10.0,10.319,66.767,2.504,7.761
3,S-Y1#3,Y/Y1,10.0,13.147,80.823,4.352,13.027
3,S-Y1#3,Y/Y1,10.0,21.407,163.464,1.588,19.055
3,S-Y1#3,Y/Y1,10.0,20.884,156.59,2.049,19.628
3,S-Y1#3,Y/Y1,10.0,20.017,126.251,1.122,15.536
3,S-Y1#3,Y/Y1,10.0,7.525,38.607,3.987,5.346
3,S-Y1#3,Y/Y1,10.0,5.7,3.432,2.197,4.289
3,S-Y1#3,Y/Y1,10.0,27.488,24.954,1.842,24.919
3,S-Y1#3,Y/Y1,10.0,14.798,101.918,2.523,25.328
3,S-Y1#3,Y/Y1,10.0,14.933,33.933,0.391,60.158
3,S-Y1#3,Y/Y1,10.0,20.115,6.741,8.54,378.082
3,S-Y1#3,Y/Y1,10.0,32.616,15.897,31.307,200.509
3,S-Y1#3,Y/Y1,10.0,4.991,2.142,1.211,431.51
3,S-Y1#3,Y/Y1,10.0,6.073,2.11,0.389,218.922
3,S-Y1#3,Y/Y1,10.0,15.595,78.825,0.422,27.177
3,S-Y1#3,Y/Y1,10.0,21.884,130.582,1.524,23.706
3,S-Y1#3,Y/Y1,10.0,7.399,11.194,1.144,6.148
3,S-Y1#3,Y/Y1,10.0,1.83,7.622,3.082,1.28
3,S-Y1#3,Y/Y1,10.0,8.138,70.453,0.804,5.741
3,S-Y1#3,Y/Y1,10.0,12.937,100.823,2.438,12.849
3,S-Y1#3,Y/Y1,10.0,21.837,152.016,2.315,19.301
3,S-Y1#3,Y/Y1,10.0,18.354,105.205,1.803,15.027
3,S-Y1#3,Y/Y1,10.0,7.98,144.512,1.899,6.638
3,S-Y1#3,Y/Y1,10.0,6.55,54.299,0.381,6.054
3,S-Y1#3,Y/Y1,10.0,38.949,21.927,0.672,38.558
3,S-Y1#3,Y/Y1,10.0,1.9,26.645,1.04,2.247
3,S-Y1#3,Y/Y1,10.0,20.831,21.092,2.082,20.379
3,S-Y1#3,Y/Y1,10.0,6.239,76.198,2.711,8.044
3,S-Y1#3,Y/Y1,10.0,26.488,30.594,1.499,32.307
3,S-Y1#3,Y/Y1,10.0,26.144,36.357,1.224,56.172
3,S-Y1#3,Y/Y1,10.0,26.282,37.109,1.728,38.076
3,S-Y1#3,Y/Y1,10.0,1.447,12.619,0.419,1.684
3,S-Y1#3,Y/Y1,10.0,16.923,27.545,0.731,14.152
3,S-Y1#3,Y/Y1,10.0,10.945,109.286,2.608,13.87
3,S-Y1#3,Y/Y1,10.0,5.48,7.112,1.14,4.691
3,S-Y1#3,Y/Y1,10.0,8.385,4.32,0.989,6.672
3,S-Y1#3,Y/Y1,10.0,10.354,7.85,0.412,8.149
3,S-Y1#3,Y/Y1,10.0,4.61,3.817,1.992,3.416
3,S-Y1#3,Y/Y1,10.0,8.097,29.991,1.639,5.841
3,S-Y1#3,Y/Y1,10.0,18.288,35.233,0.544,12.85
3,S-Y1#3,Y/Y1,10.0,1.563,2.669,0.992,1.131
3,S-Y1#3,Y/Y1,10.0,43.76,44.576,1.64,45.251
3,S-Y1#3,Y/Y1,10.0,8.568,108.804,1.018,10.837
3,S-Y1#3,Y/Y1,10.0,17.819,4.899,0.349,14.835
3,S-Y1#3,Y/Y1,10.0,2.17,17.976,1.112,1.684
3,S-Y1#3,Y/Y1,10.0,26.299,16.855,1.338,23.639
3,S-Y1#3,Y/Y1,10.0,19.278,58.004,1.732,38.698
3,S-Y1#3,Y/Y1,10.0,24.35,10.87,0.749,27.229
3,S-Y1#3,Y/Y1,10.0,25.541,18.67,0.614,37.734
3,S-Y1#3,Y/Y1,10.0,4.499,58.618,1.388,8.393
3,S-Y1#3,Y/Y1,10.0,5.378,59.303,0.881,7.163
3,S-Y1#3,Y/Y1,10.0,20.024,5.659,0.447,25.429
3,S-Y1#3,Y/Y1,10.0,12.2,24.188,1.067,15.047
3,S-Y1#3,Y/Y1,10.0,4.208,121.591,1.507,4.929
3,S-Y1#3,Y/Y1,10.0,9.614,105.768,2.75,12.592
3,S-Y1#3,Y/Y1,10.0,20.765,103.612,4.894,25.411
3,S-Y1#3,Y/Y1,10.0,24.215,25.837,1.605,29.402
3,S-Y1#3,Y/Y1,10.0,28.963,54.078,1.83,56.056
3,S-Y1#3,Y/Y1,10.0,37.418,79.591,1.154,34.366
3,S-Y1#3,Y/Y1,10.0,17.312,20.138,0.278,13.019
3,S-Y1#3,Y/Y1,10.0,9.723,7.305,0.521,7.005
3,S-Y1#3,Y/Y1,10.0,53.171,45.087,1.017,72.025
3,S-Y1#3,Y/Y1,10.0,20.452,15.142,0.34,293.392
3,S-Y1#3,Y/Y1,10.0,20.871,40.998,1.065,40.82
3,S-Y1#3,Y/Y1,10.0,8.679,17.426,0.273,8.157
3,S-Y1#3,Y/Y1,10.0,5.084,60.604,1.957,4.023
3,S-Y1#3,Y/Y1,10.0,0.407,62.973,0.988,0.347
3,S-Y1#3,Y/Y1,10.0,31.67,35.513,0.753,155.984
3,S-Y1#3,Y/Y1,10.0,2.237,2.241,0.124,92.361
3,S-Y1#3,Y/Y1,10.0,7.964,27.164,0.967,17.346
3,S-Y1#3,Y/Y1,10.0,22.608,29.294,1.176,26.16
3,S-Y1#3,Y/Y1,10.0,14.483,27.633,1.616,15.796
3,S-Y1#3,Y/Y1,10.0,8.356,20.88,0.541,66.093
3,S-Y1#3,Y/Y1,10.0,5.395,7.003,0.342,61.409
3,S-Y1#3,Y/Y1,10.0,16.753,96.998,1.77,18.515
3,S-Y1#3,Y/Y1,10.0,10.622,35.63,1.533,8.295
3,S-Y1#3,Y/Y1,10.0,3.764,19.366,0.6,2.808
3,S-Y1#3,Y/Y1,10.0,9.322,6.528,0.287,7.945
3,S-Y1#3,Y/Y1,10.0,12.041,5.748,0.441,10.718
3,S-Y1#3,Y/Y1,10.0,9.918,7.449,0.158,8.129
3,S-Y1#3,Y/Y1,10.0,42.416,56.256,1.941,98.706
3,S-Y1#3,Y/Y1,10.0,17.618,51.966,1.121,20.452
3,S-Y1#3,Y/Y1,10.0,6.496,49.177,1.801,6.143
3,S-Y1#3,Y/Y1,10.0,10.304,68.428,1.301,8.847
3,S-Y1#3,Y/Y1,10.0,13.673,70.758,2.918,10.493
3,S-Y1#3,Y/Y1,10.0,7.28,86.341,0.888,6.061
3,S-Y1#3,Y/Y1,10.0,7.023,134.862,1.938,5.989
3,S-Y1#3,Y/Y1,10.0,6.935,45.113,0.542,5.554
3,S-Y1#3,Y/Y1,10.0,11.213,50.489,2.026,9.722
3,S-Y1#3,Y/Y1,10.0,6.447,107.831,2.253,7.545
3,S-Y1#3,Y/Y1,10.0,3.184,22.633,0.876,2.552
3,S-Y1#3,Y/Y1,10.0,26.679,58.109,2.031,32.445
3,S-Y1#3,Y/Y1,10.0,14.411,135.066,1.158,14.646
3,S-Y1#3,Y/Y1,10.0,14.536,134.426,1.521,16.319
3,S-Y1#3,Y/Y1,10.0,21.272,27.462,0.288,16.318
3,S-Y1#3,Y/Y1,10.0,21.576,27.749,0.627,11.446
3,S-Y1#3,Y/Y1,10.0,25.542,26.067,0.138,11.987
3,S-Y1#3,Y/Y1,10.0,15.766,39.434,1.102,8.751
3,S-Y1#3,Y/Y1,10.0,55.232,58.674,1.421,108.665
3,S-Y1#3,Y/Y1,10.0,8.783,10.529,0.309,78.238
3,S-Y1#3,Y/Y1,10.0,34.184,26.247,0.855,97.332
3,S-Y1#3,Y/Y1,10.0,29.386,45.238,0.494,51.204
3,S-Y1#3,Y/Y1,10.0,25.016,29.539,0.716,19.65
3,S-Y1#3,Y/Y1,10.0,32.933,62.059,0.366,16.287
3,S-Y1#3,Y/Y1,10.0,4.192,8.5,0.694,2.248
3,S-Y1#3,Y/Y1,10.0,6.996,7.559,0.252,4.092
3,S-Y1#3,Y/Y1,10.0,28.121,32.871,0.992,22.498
3,S-Y1#3,Y/Y1,10.0,27.411,37.206,0.399,61.458
3,S-Y1#3,Y/Y1,10.0,12.828,116.669,1.263,14.119
3,S-Y1#3,Y/Y1,10.0,8.429,137.23,2.39,10.182
3,S-Y1#3,Y/Y1,10.0,3.422,15.71,1.638,3.717
3,S-Y1#3,Y/Y1,10.0,19.839,17.972,1.454,25.596
3,S-Y1#3,Y/Y1,10.0,4.918,40.219,0.432,6.704
3,S-Y1#3,Y/Y1,10.0,16.303,40.884,1.617,24.425
3,S-Y1#3,Y/Y1,10.0,10.954,44.322,1.98,13.613
3,S-Y1#3,Y/Y1,10.0,18.924,44.977,0.546,23.596
3,S-Y1#3,Y/Y1,10.0,10.508,42.324,0.919,13.611
3,S-Y1#3,Y/Y1,10.0,24.191,29.147,1.092,41.191
3,S-Y1#3,Y/Y1,10.0,13.992,7.707,0.86,17.597
3,S-Y1#3,Y/Y1,10.0,1.324,16.502,1.024,1.233
3,S-Y1#3,Y/Y1,10.0,42.987,53.347,1.207,64.896
3,S-Y1#3,Y/Y1,10.0,27.13,52.701,0.855,41.209
3,S-Y1#3,Y/Y1,10.0,36.462,35.249,0.687,213.292
3,S-Y1#3,Y/Y1,10.0,21.455,44.528,2.524,37.563
3,S-Y1#3,Y/Y1,10.0,7.138,37.565,1.705,5.926
3,S-Y1#3,Y/Y1,10.0,9.885,13.342,1.724,7.209
3,S-Y1#3,Y/Y1,10.0,12.431,42.006,1.051,11.08
3,S-Y1#3,Y/Y1,10.0,31.466,29.949,1.578,33.693
3,S-Y1#3,Y/Y1,10.0,1.183,4.094,0.802,82.159
3,S-Y1#3,Y/Y1,10.0,18.228,26.099,2.405,65.476
3,S-Y1#3,Y/Y1,10.0,12.933,39.144,0.045,11.6
3,S-Y1#3,Y/Y1,10.0,24.179,8.98,1.08,25.844
3,S-Y1#3,Y/Y1,10.0,8.877,13.642,0.749,7.772
3,S-Y1#3,Y/Y1,10.0,7.611,2.676,0.152,5.834
3,S-Y1#3,Y/Y1,10.0,9.02,0.961,2.144,6.806
3,S-Y1#3,Y/Y1,10.0,38.423,34.746,0.704,46.323
3,S-Y1#3,Y/Y1,10.0,4.664,11.558,0.939,5.646
3,S-Y1#3,Y/Y1,10.0,53.615,44.834,1.505,99.463
3,S-Y1#3,Y/Y1,10.0,0.294,0.347,0.279,22.343
3,S-Y1#3,Y/Y1,10.0,18.182,22.238,18.104,82.457
3,S-Y1#3,Y/Y1,10.0,2.903,80.248,1.738,3.647
3,S-Y1#3,Y/Y1,10.0,11.244,1.36,1.244,13.038
3,S-Y1#3,Y/Y1,10.0,15.114,6.54,2.461,41.711
3,S-Y1#3,Y/Y1,10.0,10.029,43.697,0.646,15.009
3,S-Y1#3,Y/Y1,10.0,6.364,1.146,0.255,10.597
3,S-Y1#3,Y/Y1,10.0,24.87,133.078,1.265,24.948
3,S-Y1#3,Y/Y1,10.0,1.477,68.386,1.373,1.109
3,S-Y1#3,Y/Y1,10.0,23.897,38.251,3.149,15.548
3,S-Y1#3,Y/Y1,10.0,30.114,76.289,4.59,17.383
3,S-Y1#3,Y/Y1,10.0,3.559,6.33,2.521,2.213
3,S-Y1#3,Y/Y1,10.0,19.404,74.782,3.781,11.368
3,S-Y1#3,Y/Y1,10.0,46.15,186.908,7.671,27.001
3,S-Y1#3,Y/Y1,10.0,24.943,116.837,6.422,13.709
3,S-Y1#3,Y/Y1,10.0,7.424,15.059,2.486,3.881
3,S-Y1#3,Y/Y1,10.0,37.618,125.23,6.205,20.717
3,S-Y1#3,Y/Y1,10.0,13.109,94.435,39.043,7.11
3,S-Y1#3,Y/Y1,10.0,29.092,38.904,11.9,15.399
3,S-Y1#3,Y/Y1,10.0,13.52,10.99,4.38,7.734
3,S-Y1#3,Y/Y1,10.0,28.359,83.628,6.535,14.976
3,S-Y1#3,Y/Y1,10.0,26.261,95.812,8.719,13.538
3,S-Y1#3,Y/Y1,10.0,10.526,64.679,12.111,6.172
3,S-Y1#3,Y/Y1,10.0,89.385,120.208,38.917,44.209
3,S-Y1#3,Y/Y1,10.0,25.97,43.118,8.86,13.988
3,S-Y1#3,Y/Y1,10.0,17.49,18.266,4.974,11.381
3,S-Y1#3,Y/Y1,10.0,46.494,52.543,2.415,93.958
3,S-Y1#3,Y/Y1,10.0,2.55,2.482,2.66,84.484
3,S-Y1#3,Y/Y1,10.0,6.525,10.562,2.1,59.282
3,S-Y1#3,Y/Y1,10.0,29.139,28.473,0.527,75.354
3,S-Y1#3,Y/Y1,10.0,1.456,5.655,0.708,44.928
3,S-Y1#3,Y/Y1,10.0,16.894,26.451,1.289,64.743
3,S-Y1#3,Y/Y1,10.0,17.183,108.929,4.433,21.424
3,S-Y1#3,Y/Y1,10.0,10.324,33.545,3.569,8.24
3,S-Y1#3,Y/Y1,10.0,11.031,14.859,2.76,7.656
3,S-Y1#3,Y/Y1,10.0,9.389,3.551,3.426,6.238
3,S-Y1#3,Y/Y1,10.0,24.914,52.274,8.4,15.302
3,S-Y1#3,Y/Y1,10.0,26.124,90.576,8.918,13.947
3,S-Y1#3,Y/Y1,10.0,6.842,22.723,4.834,4.396
3,S-Y1#3,Y/Y1,10.0,18.03,30.775,6.321,14.871
3,S-Y1#3,Y/Y1,10.0,3.529,23.498,2.403,6.636
3,S-Y1#3,Y/Y1,10.0,23.74,41.157,1.278,126.099
3,S-Y1#3,Y/Y1,10.0,37.207,68.115,2.843,49.998
3,S-Y1#3,Y/Y1,10.0,27.968,23.651,8.861,32.001
3,S-Y1#3,Y/Y1,10.0,7.477,29.558,1.928,7.121
3,S-Y1#3,Y/Y1,10.0,12.827,16.483,1.67,10.41
3,S-Y1#3,Y/Y1,10.0,1.596,11.174,2.105,1.346
3,S-Y1#3,Y/Y1,10.0,4.927,5.039,1.629,3.93
3,S-Y1#3,Y/Y1,10.0,25.836,40.634,1.042,30.453
3,S-Y1#3,Y/Y1,10.0,6.092,9.822,0.669,6.465
3,S-Y1#3,Y/Y1,10.0,23.03,151.705,4.026,20.714
3,S-Y1#3,Y/Y1,10.0,43.002,57.74,1.172,51.868
3,S-Y1#3,Y/Y1,10.0,16.78,116.23,2.686,16.572
3,S-Y1#3,Y/Y1,10.0,13.411,120.817,1.165,11.385
3,S-Y1#3,Y/Y1,10.0,24.858,105.949,3.053,17.192
3,S-Y1#3,Y/Y1,10.0,9.371,18.938,1.252,7.021
3,S-Y1#3,Y/Y1,10.0,9.102,7.027,0.41,7.873
3,S-Y1#3,Y/Y1,10.0,15.521,13.726,1.835,11.294
3,S-Y1#3,Y/Y1,10.0,50.366,48.84,1.483,73.686
3,S-Y1#3,Y/Y1,10.0,23.296,86.312,1.284,30.049
3,S-Y1#3,Y/Y1,10.0,7.16,74.878,1.791,6.96
3,S-Y1#3,Y/Y1,10.0,12.802,17.458,1.312,50.497
3,S-Y1#3,Y/Y1,10.0,6.28,16.726,1.414,7.245
3,S-Y1#3,Y/Y1,10.0,24.392,108.533,1.486,31.784
3,S-Y1#3,Y/Y1,10.0,12.662,41.104,3.995,23.018
3,S-Y1#3,Y/Y1,10.0,30.889,39.452,1.739,95.911
3,S-Y1#3,Y/Y1,10.0,6.361,4.8,5.247,124.345
3,S-Y1#3,Y/Y1,10.0,6.207,28.142,2.367,21.189
3,S-Y1#3,Y/Y1,10.0,12.588,65.423,5.052,19.503
3,S-Y1#3,Y/Y1,10.0,9.221,60.971,1.747,8.716
3,S-Y1#3,Y/Y1,10.0,1.469,99.985,1.773,1.979
3,S-Y1#3,Y/Y1,10.0,13.782,27.192,2.697,54.754
3,S-Y1#3,Y/Y1,10.0,21.779,26.766,0.332,51.257
3,S-Y1#3,Y/Y1,10.0,28.698,31.856,0.573,130.498
3,S-Y1#3,Y/Y1,10.0,6.335,9.438,0.673,65.245
3,S-Y1#3,Y/Y1,10.0,4.388,22.386,0.733,5.99
3,S-Y1#3,Y/Y1,10.0,16.914,12.337,1.052,19.665
3,S-Y1#3,Y/Y1,10.0,9.487,47.152,0.538,14.093
3,S-Y1#3,Y/Y1,10.0,10.122,64.402,2.597,10.329
3,S-Y1#3,Y/Y1,10.0,28.313,57.449,1.248,39.631
3,S-Y1#3,Y/Y1,10.0,14.622,90.12,2.32,25.889
3,S-Y1#3,Y/Y1,10.0,15.228,7.352,0.32,21.971
3,S-Y1#3,Y/Y1,10.0,18.334,38.77,1.351,30.741
3,S-Y1#3,Y/Y1,10.0,18.204,40.436,0.7,20.779
3,S-Y1#3,Y/Y1,10.0,6.16,27.96,0.896,6.722
3,S-Y1#3,Y/Y1,10.0,12.413,63.225,1.992,12.445
3,S-Y1#3,Y/Y1,10.0,20.137,54.847,2.2,21.731
3,S-Y1#3,Y/Y1,10.0,7.813,73.435,2.865,7.92
3,S-Y1#3,Y/Y1,10.0,7.566,61.324,2.052,9.006
3,S-Y1#3,Y/Y1,10.0,30.306,43.371,1.165,52.615
3,S-Y1#3,Y/Y1,10.0,5.556,21.12,2.096,8.558
3,S-Y1#3,Y/Y1,10.0,12.64,8.879,4.649,18.385
3,S-Y1#3,Y/Y1,10.0,17.455,41.048,2.147,20.046
3,S-Y1#3,Y/Y1,10.0,16.205,98.288,1.675,23.84
3,S-Y1#3,Y/Y1,10.0,18.537,90.764,5.366,24.752
3,S-Y1#3,Y/Y1,10.0,4.308,59.671,1.983,4.829
3,S-Y1#3,Y/Y1,10.0,1.015,7.686,2.399,0.908
3,S-Y1#3,Y/Y1,10.0,11.867,70.094,5.367,10.16
3,S-Y1#3,Y/Y1,10.0,14.129,37.297,0.949,11.831
3,S-Y1#3,Y/Y1,10.0,30.668,35.899,2.036,29.476
3,S-Y1#3,Y/Y1,10.0,17.96,63.941,0.671,20.922
3,S-Y1#3,Y/Y1,10.0,13.343,38.803,4.886,12.868
3,S-Y1#3,Y/Y1,10.0,6.135,27.983,3.387,9.67
3,S-Y1#3,Y/Y1,10.0,23.138,117.887,2.69,30.957
3,S-Y1#3,Y/Y1,10.0,6.236,11.639,1.442,9.702
3,S-Y1#3,Y/Y1,10.0,25.935,151.443,4.473,24.808
3,S-Y1#3,Y/Y1,10.0,6.665,117.419,1.362,5.323
3,S-Y1#3,Y/Y1,10.0,22.418,56.055,1.754,25.441
3,S-Y1#3,Y/Y1,10.0,24.008,147.768,2.061,22.92
3,S-Y1#3,Y/Y1,10.0,10.484,23.886,0.281,8.51
3,S-Y1#3,Y/Y1,10.0,8.986,49.717,0.234,8.476
3,S-Y1#3,Y/Y1,10.0,5.023,41.287,1.507,4.621
3,S-Y1#3,Y/Y1,10.0,6.201,8.45,1.565,4.537
3,S-Y1#3,Y/Y1,10.0,51.731,78.323,1.454,82.067
3,S-Y1#3,Y/Y1,10.0,9.238,6.917,0.622,64.021
3,S-Y1#3,Y/Y1,10.0,1.278,11.531,0.437,1.95
3,S-Y1#3,Y/Y1,10.0,18.828,23.227,0.843,22.573
3,S-Y1#3,Y/Y1,10.0,18.562,148.854,4.131,18.75
3,S-Y1#3,Y/Y1,10.0,7.419,9.181,2.428,7.146
3,S-Y1#3,Y/Y1,10.0,8.086,57.382,0.441,6.009
3,S-Y1#3,Y/Y1,10.0,3.439,10.796,0.863,2.422
3,S-Y1#3,Y/Y1,10.0,49.781,54.346,1.698,58.15
3,S-Y1#3,Y/Y1,10.0,14.182,53.752,2.745,29.198
3,S-Y1#3,Y/Y1,10.0,15.959,6.745,0.766,24.732
3,S-Y1#3,Y/Y1,10.0,5.048,25.654,1.997,7.632
3,S-Y1#3,Y/Y1,10.0,12.843,19.133,1.085,22.493
3,S-Y1#3,Y/Y1,10.0,11.289,16.271,1.511,13.536
3,S-Y1#3,Y/Y1,10.0,14.331,87.703,1.503,22.067
3,S-Y1#3,Y/Y1,10.0,4.225,19.817,0.386,5.445
3,S-Y1#3,Y/Y1,10.0,2.524,10.443,0.051,2.631
3,S-Y1#3,Y/Y1,10.0,4.957,15.716,0.372,5.072
3,S-Y1#3,Y/Y1,10.0,15.671,3.623,0.677,16.518
3,S-Y1#3,Y/Y1,10.0,36.739,49.37,1.324,153.917
3,S-Y1#3,Y/Y1,10.0,4.478,10.875,0.995,41.686
3,S-Y1#3,Y/Y1,10.0,1.746,94.432,0.908,3.01
3,S-Y1#3,Y/Y1,10.0,18.397,29.522,3.19,14.653
3,S-Y1#3,Y/Y1,10.0,6.299,68.077,0.638,4.684
3,S-Y1#3,Y/Y1,10.0,17.99,62.524,1.375,20.245
3,S-Y1#3,Y/Y1,10.0,18.859,103.3,1.799,18.583
3,S-Y1#3,Y/Y1,10.0,18.187,23.899,0.579,17.095
3,S-Y1#3,Y/Y1,10.0,28.219,35.349,1.216,41.074
3,S-Y1#3,Y/Y1,10.0,6.073,9.083,0.381,19.538
3,S-Y1#3,Y/Y1,10.0,3.253,8.335,0.135,62.735
3,S-Y1#3,Y/Y1,10.0,20.442,33.984,0.929,60.974
3,S-Y1#3,Y/Y1,10.0,1.007,57.884,0.196,1.084
3,S-Y1#3,Y/Y1,10.0,1.944,57.47,0.287,1.642
3,S-Y1#3,Y/Y1,10.0,12.133,23.965,1.633,8.415
3,S-Y1#3,Y/Y1,10.0,33.54,73.09,1.054,31.204
3,S-Y1#3,Y/Y1,10.0,20.925,128.25,1.404,22.236
3,S-Y1#3,Y/Y1,10.0,0.895,26.032,7.66,0.786
3,S-Y1#3,Y/Y1,10.0,30.551,214.462,17.545,21.069
3,S-Y1#3,Y/Y1,10.0,29.284,20.841,0.662,16.92
3,S-Y1#3,Y/Y1,10.0,36.853,222.991,4.041,21.268
3,S-Y1#3,Y/Y1,10.0,25.815,59.822,5.664,14.245
3,S-Y1#3,Y/Y1,10.0,27.973,61.97,4.723,14.585
3,S-Y1#3,Y/Y1,10.0,38.51,145.065,1.472,20.9
3,S-Y1#3,Y/Y1,10.0,39.328,57.52,8.596,30.887
3,S-Y1#3,Y/Y1,10.0,173.066,216.24,115.81,65.065
3,S-Y1#3,Y/Y1,10.0,13.927,11.658,5.188,7.678
3,S-Y1#3,Y/Y1,10.0,17.764,37.785,3.572,9.198
3,S-Y1#3,Y/Y1,10.0,16.729,100.892,6.979,10.012
3,S-Y1#3,Y/Y1,10.0,34.614,46.116,3.263,26.945
3,S-Y1#3,Y/Y1,10.0,16.357,95.762,2.97,19.19
3,S-Y1#3,Y/Y1,10.0,1.161,5.948,3.375,1.063
3,S-Y1#3,Y/Y1,10.0,11.146,11.763,3.567,9.002
3,S-Y1#3,Y/Y1,10.0,7.815,6.032,1.636,6.355
3,S-Y1#3,Y/Y1,10.0,14.105,5.801,7.878,11.227
3,S-Y1#3,Y/Y1,10.0,4.222,37.366,2.12,4.498
3,S-Y1#3,Y/Y1,10.0,8.766,128.401,1.377,6.434
3,S-Y1#3,Y/Y1,10.0,2.146,7.505,0.319,1.607
3,S-Y1#3,Y/Y1,10.0,45.216,52.238,0.959,62.025
3,S-Y1#3,Y/Y1,10.0,22.19,95.8,2.24,32.997
3,S-Y1#3,Y/Y1,10.0,10.423,12.769,2.669,8.436
3,S-Y1#3,Y/Y1,10.0,1.562,8.988,0.811,1.189
3,S-Y1#3,Y/Y1,10.0,12.518,12.097,1.836,17.009
3,S-Y1#3,Y/Y1,10.0,14.348,108.064,10.44,21.622
3,S-Y1#3,Y/Y1,10.0,8.549,14.24,0.499,128.98
3,S-Y1#3,Y/Y1,10.0,9.346,39.393,0.384,18.547
3,S-Y1#3,Y/Y1,10.0,23.472,40.828,0.952,48.236
3,S-Y1#3,Y/Y1,10.0,22.602,50.863,0.732,42.053
3,S-Y1#3,Y/Y1,10.0,13.925,18.155,0.688,164.227
3,S-Y1#3,Y/Y1,10.0,1.686,12.377,1.33,11.617
3,S-Y1#3,Y/Y1,10.0,13.098,97.707,3.046,18.993
3,S-Y1#3,Y/Y1,10.0,1.435,92.332,2.251,2.32
3,S-Y1#3,Y/Y1,10.0,16.025,58.349,3.293,24.265
3,S-Y1#3,Y/Y1,10.0,21.93,12.004,0.214,31.537
3,S-Y1#3,Y/Y1,10.0,23.717,14.515,0.842,43.608
3,S-Y1#3,Y/Y1,10.0,18.411,45.219,3.312,41.97
3,S-Y1#3,Y/Y1,10.0,7.808,13.679,1.749,14.962
3,S-Y1#3,Y/Y1,10.0,39.454,37.942,1.618,48.829
3,S-Y1#3,Y/Y1,10.0,24.317,65.385,3.267,40.4
3,S-Y1#3,Y/Y1,10.0,17.252,100.252,4.131,23.874
3,S-Y1#3,Y/Y1,10.0,12.206,7.945,0.756,14.145
3,S-Y1#3,Y/Y1,10.0,15.774,60.256,2.075,25.581
3,S-Y1#3,Y/Y1,10.0,21.066,31.238,1.176,74.15
3,S-Y1#3,Y/Y1,10.0,12.333,15.507,1.311,41.442
3,S-Y1#3,Y/Y1,10.0,2.507,13.142,0.221,4.423
3,S-Y1#3,Y/Y1,10.0,10.098,109.386,1.2,12.571
3,S-Y1#3,Y/Y1,10.0,23.518,10.034,0.647,31.574
3,S-Y1#3,Y/Y1,10.0,18.682,72.46,1.049,30.004
3,S-Y1#3,Y/Y1,10.0,5.661,122.373,3.165,7.243
3,S-Y1#3,Y/Y1,10.0,27.168,64.291,3.859,53.492
3,S-Y1#3,Y/Y1,10.0,23.876,2.023,0.262,50.288
3,S-Y1#3,Y/Y1,10.0,17.795,90.941,3.4,23.769
3,S-Y1#3,Y/Y1,10.0,23.03,99.223,4.538,30.76
3,S-Y1#3,Y/Y1,10.0,0.974,7.866,0.338,1.026
3,S-Y1#3,Y/Y1,10.0,15.949,79.461,4.781,26.044
3,S-Y1#3,Y/Y1,10.0,12.361,13.604,2.466,12.163
3,S-Y1#3,Y/Y1,10.0,28.151,70.092,4.286,52.303
3,S-Y1#3,Y/Y1,10.0,4.38,7.14,0.669,4.971
3,S-Y1#3,Y/Y1,10.0,40.532,41.033,1.344,78.774
3,S-Y1#3,Y/Y1,10.0,14.259,28.284,1.586,51.034
3,S-Y1#3,Y/Y1,10.0,25.821,21.002,2.439,37.851
3,S-Y1#3,Y/Y1,10.0,39.061,71.386,1.094,70.001
3,S-Y1#3,Y/Y1,10.0,24.793,2.122,1.335,29.476
3,S-Y1#3,Y/Y1,10.0,21.235,32.737,1.89,26.775
3,S-Y1#3,Y/Y1,10.0,14.064,105.718,2.888,21.163
3,S-Y1#3,Y/Y1,10.0,14.375,7.784,1.124,102.131
3,S-Y1#3,Y/Y1,10.0,16.413,28.63,0.317,34.641
3,S-Y1#3,Y/Y1,10.0,6.631,73.089,6.011,11.329
3,S-Y1#3,Y/Y1,10.0,20.225,4.255,1.911,26.213
3,S-Y1#3,Y/Y1,10.0,15.9,21.369,0.249,159.251
3,S-Y1#3,Y/Y1,10.0,8.749,94.243,1.179,13.082
3,S-Y1#3,Y/Y1,10.0,23.23,54.521,0.672,40.409
3,S-Y1#3,Y/Y1,10.0,17.576,55.305,2.072,48.59
3,S-Y1#3,Y/Y1,10.0,22.656,14.678,6.853,235.817
3,S-Y1#3,Y/Y1,10.0,24.958,10.788,21.197,222.961
3,S-Y1#3,Y/Y1,10.0,3.618,25.304,1.08,11.759
3,S-Y1#3,Y/Y1,10.0,1.766,19.984,0.47,3.585
3,S-Y1#3,Y/Y1,10.0,12.706,31.119,0.993,59.153
3,S-Y1#3,Y/Y1,10.0,11.065,41.83,1.389,26.277
3,S-Y1#3,Y/Y1,10.0,9.348,2.324,0.36,12.6
3,S-Y1#3,Y/Y1,10.0,16.677,25.929,0.65,50.848
3,S-Y1#3,Y/Y1,10.0,23.049,12.82,1.786,50.294
3,S-Y1#3,Y/Y1,10.0,9.238,13.758,0.917,50.393
3,S-Y1#3,Y/Y1,10.0,10.449,12.462,1.781,14.241
3,S-Y1#3,Y/Y1,10.0,25.205,1.778,0.46,31.118
3,S-Y1#3,Y/Y1,10.0,14.733,43.353,2.58,36.611
3,S-Y1#3,Y/Y1,10.0,11.095,51.273,1.949,15.084
3,S-Y1#3,Y/Y1,10.0,9.562,19.961,0.318,11.877
3,S-Y1#3,Y/Y1,10.0,42.748,31.489,1.226,71.24
3,S-Y1#3,Y/Y1,10.0,0.274,0.65,0.345,18.713
3,S-Y1#3,Y/Y1,10.0,7.356,32.88,2.18,15.594
3,S-Y1#3,Y/Y1,10.0,7.149,19.417,0.526,10.368
3,S-Y1#3,Y/Y1,10.0,9.92,74.421,1.955,12.775
3,S-Y1#3,Y/Y1,10.0,10.117,7.312,0.471,10.693
3,S-Y1#3,Y/Y1,10.0,25.083,22.477,2.02,30.047
3,S-Y1#3,Y/Y1,10.0,30.062,34.94,3.004,228.338
3,S-Y1#3,Y/Y1,10.0,39.511,8.778,33.152,202.633
3,S-Y1#3,Y/Y1,10.0,11.93,7.47,0.275,17.015
3,S-Y1#3,Y/Y1,10.0,20.15,3.964,0.698,23.33
3,S-Y1#3,Y/Y1,10.0,37.715,35.838,0.762,195.53
3,S-Y1#3,Y/Y1,10.0,1.921,3.844,1.13,50.952
3,S-Y1#3,Y/Y1,10.0,5.894,25.123,1.796,9.968
3,S-Y1#3,Y/Y1,10.0,16.565,37.841,1.679,44.824
3,S-Y1#3,Y/Y1,10.0,29.371,22.539,1.3,48.303
3,S-Y1#3,Y/Y1,10.0,13.37,43.89,2.055,30.837
3,S-Y1#3,Y/Y1,10.0,8.643,14.509,0.482,6.847
3,S-Y1#3,Y/Y1,10.0,2.952,4.383,0.381,2.228
3,S-Y1#3,Y/Y1,10.0,42.309,42.826,1.604,48.578
3,S-Y1#3,Y/Y1,10.0,5.322,37.082,1.51,14.348
3,S-Y1#3,Y/Y1,10.0,21.626,26.308,2.329,44.772
3,S-Y1#3,Y/Y1,10.0,12.892,72.582,1.937,19.477
3,S-Y1#3,Y/Y1,10.0,7.759,63.355,2.276,11.556
3,S-Y1#3,Y/Y1,10.0,9.165,1.82,2.059,10.564
3,S-Y1#3,Y/Y1,10.0,19.87,11.308,0.583,23.819
3,S-Y1#3,Y/Y1,10.0,3.091,69.413,2.395,5.787
3,S-Y1#3,Y/Y1,10.0,21.388,67.169,2.554,38.054
3,S-Y1#3,Y/Y1,10.0,8.383,33.861,0.854,8.08
3,S-Y1#3,Y/Y1,10.0,14.909,87.844,3.057,18.675
3,S-Y1#3,Y/Y1,10.0,20.079,48.813,2.992,32.163
3,S-Y1#3,Y/Y1,10.0,20.114,34.842,2.829,33.002
3,S-Y1#3,Y/Y1,10.0,3.922,22.426,1.211,4.772
3,S-Y1#3,Y/Y1,10.0,14.049,17.061,0.316,15.677
3,S-Y1#3,Y/Y1,10.0,15.406,81.556,2.352,24.118
3,S-Y1#3,Y/Y1,10.0,18.655,10.749,0.783,25.05
3,S-Y1#3,Y/Y1,10.0,2.409,92.027,0.479,3.395
3,S-Y1#3,Y/Y1,10.0,22.348,14.639,0.066,33.794
3,S-Y1#3,Y/Y1,10.0,21.608,25.68,1.559,95.172
3,S-Y1#3,Y/Y1,10.0,28.469,5.693,23.516,189.873
3,S-Y1#3,Y/Y1,10.0,10.33,27.991,2.183,16.566
3,S-Y1#3,Y/Y1,10.0,12.133,7.494,0.582,17.963
3,S-Y1#3,Y/Y1,10.0,5.316,49.258,2.524,12.532
3,S-Y1#3,Y/Y1,10.0,35.536,23.174,0.944,51.143
3,S-Y1#3,Y/Y1,10.0,3.245,65.61,1.003,6.897
3,S-Y1#3,Y/Y1,10.0,29.299,18.036,0.235,41.618
3,S-Y1#3,Y/Y1,10.0,15.397,12.733,1.696,21.328
3,S-Y1#3,Y/Y1,10.0,14.067,124.236,1.581,17.685
3,S-Y1#3,Y/Y1,10.0,21.32,6.452,2.567,22.146
3,S-Y1#3,Y/Y1,10.0,19.752,73.599,2.323,33.621
3,S-Y1#3,Y/Y1,10.0,6.372,9.5,0.151,6.728
3,S-Y1#3,Y/Y1,10.0,15.28,55.703,2.966,25.05
3,S-Y1#3,Y/Y1,10.0,6.897,21.214,1.109,6.724
3,S-Y1#3,Y/Y1,10.0,16.963,27.344,1.869,18.379
3,S-Y1#3,Y/Y1,10.0,15.326,141.796,1.741,17.557
3,S-Y1#3,Y/Y1,10.0,1.222,32.086,0.952,1.185
3,S-Y1#3,Y/Y1,10.0,33.701,47.627,3.088,63.857
3,S-Y1#3,Y/Y1,10.0,3.895,16.218,1.216,3.858
3,S-Y1#3,Y/Y1,10.0,47.861,31.078,1.305,60.724
3,S-Y1#3,Y/Y1,10.0,11.495,63.747,0.411,16.469
3,S-Y1#3,Y/Y1,10.0,5.858,2.26,0.15,16.841
3,S-Y1#3,Y/Y1,10.0,4.203,28.814,0.553,4.228
3,S-Y1#3,Y/Y1,10.0,31.315,1.07,0.313,55.082
3,S-Y1#3,Y/Y1,10.0,43.962,15.261,0.476,207.473
3,S-Y1#3,Y/Y1,10.0,31.908,0.652,0.265,172.107
3,S-Y1#3,Y/Y1,10.0,9.809,3.683,0.409,64.903
3,S-Y1#3,Y/Y1,10.0,14.405,38.908,4.707,16.363
3,S-Y1#3,Y/Y1,10.0,40.005,20.852,0.352,82.382
3,S-Y1#3,Y/Y1,10.0,5.273,70.415,1.208,9.128
3,S-Y1#3,Y/Y1,10.0,30.7,33.945,0.801,118.525
3,S-Y1#3,Y/Y1,10.0,9.445,16.563,0.835,52.307
3,S-Y1#3,Y/Y1,10.0,5.167,11.746,3.671,5.847
3,S-Y1#3,Y/Y1,10.0,33.819,17.831,0.804,44.377
3,S-Y1#3,Y/Y1,10.0,8.967,4.192,0.341,31.526
3,S-Y1#3,Y/Y1,10.0,23.603,3.971,0.129,54.46
3,S-Y1#3,Y/Y1,10.0,33.229,10.81,1.119,55.132
3,S-Y1#3,Y/Y1,10.0,11.154,8.185,0.221,33.24
3,S-Y1#3,Y/Y1,10.0,11.45,20.213,0.398,13.357
3,S-Y1#3,Y/Y1,10.0,18.557,25.048,1.348,28.295
3,S-Y1#3,Y/Y1,10.0,7.038,60.49,1.684,9.533
3,S-Y1#3,Y/Y1,10.0,7.947,1.647,1.009,18.894
3,S-Y1#3,Y/Y1,10.0,10.859,21.045,0.676,13.062
3,S-Y1#3,Y/Y1,10.0,11.966,6.267,1.078,10.03
3,S-Y1#3,Y/Y1,10.0,16.027,11.511,1.335,12.215
3,S-Y1#3,Y/Y1,10.0,27.114,22.077,0.173,20.159
3,S-Y1#3,Y/Y1,10.0,54.639,50.191,1.503,97.303
3,S-Y1#3,Y/Y1,10.0,1.364,1.252,1.273,110.922
3,S-Y1#3,Y/Y1,10.0,29.556,47.209,5.33,58.698
3,S-Y1#3,Y/Y1,10.0,3.781,17.873,0.764,3.295
3,S-Y1#3,Y/Y1,10.0,17.205,38.405,0.602,12.761
3,S-Y1#3,Y/Y1,10.0,28.727,25.556,1.09,26.912
3,S-Y1#3,Y/Y1,10.0,37.8,31.017,0.29,170.738
3,S-Y1#3,Y/Y1,10.0,3.116,1.009,1.018,257.395
3,S-Y1#3,Y/Y1,10.0,1.019,0.892,0.887,96.385
3,S-Y1#3,Y/Y1,30.0,35.101,96.801,7.283,27.65
3,S-Y1#3,Y/Y1,30.0,40.345,278.67,6.339,18.654
3,S-Y1#3,Y/Y1,30.0,34.728,353.015,9.348,10.999
3,S-Y1#3,Y/Y1,30.0,79.788,217.63,5.926,21.909
3,S-Y1#3,Y/Y1,30.0,94.557,228.19,7.247,37.219
3,S-Y1#3,Y/Y1,30.0,87.956,306.701,2.855,67.29
3,S-Y1#3,Y/Y1,30.0,11.272,49.811,3.952,9.05
3,S-Y1#3,Y/Y1,30.0,6.346,234.59,10.118,2.705
3,S-Y1#3,Y/Y1,30.0,35.793,125.553,12.726,10.512
3,S-Y1#3,Y/Y1,30.0,28.547,81.239,10.482,7.173
3,S-Y1#3,Y/Y1,30.0,22.517,95.48,8.559,5.19
3,S-Y1#3,Y/Y1,30.0,74.662,282.612,2.1,15.589
3,S-Y1#3,Y/Y1,30.0,101.022,469.36,6.435,20.862
3,S-Y1#3,Y/Y1,30.0,92.116,369.72,7.6,18.692
3,S-Y1#3,Y/Y1,30.0,119.214,397.327,6.089,24.518
3,S-Y1#3,Y/Y1,30.0,159.973,726.528,20.288,32.313
3,S-Y1#3,Y/Y1,30.0,103.901,431.149,32.877,20.822
3,S-Y1#3,Y/Y1,30.0,76.32,330.739,13.851,14.859
3,S-Y1#3,Y/Y1,30.0,27.822,316.401,36.288,5.642
3,S-Y1#3,Y/Y1,30.0,101.168,639.771,17.188,20.206
3,S-Y1#3,Y/Y1,30.0,88.44,479.897,2.942,18.361
3,S-Y1#3,Y/Y1,30.0,260.467,175.335,313.571,52.815
3,S-Y1#3,Y/Y1,30.0,6.85,114.516,34.562,1.415
3,S-Y1#3,Y/Y1,30.0,59.745,361.263,15.162,12.349
3,S-Y1#3,Y/Y1,30.0,108.098,709.502,21.434,21.553
3,S-Y1#3,Y/Y1,30.0,152.801,489.167,25.383,29.421
3,S-Y1#3,Y/Y1,30.0,168.581,485.48,21.601,31.204
3,S-Y1#3,Y/Y1,30.0,91.712,397.208,22.839,18.379
3,S-Y1#3,Y/Y1,30.0,98.013,268.162,6.611,28.742
3,S-Y1#3,Y/Y1,30.0,105.076,318.153,4.777,58.461
3,S-Y1#3,Y/Y1,30.0,32.265,111.554,3.984,71.918
3,S-Y1#3,Y/Y1,30.0,12.078,25.135,4.307,40.763
3,S-Y1#3,Y/Y1,30.0,6.77,21.773,6.996,17.398
3,S-Y1#3,Y/Y1,30.0,25.126,52.282,17.992,43.948
3,S-Y1#3,Y/Y1,30.0,1.713,88.874,3.111,2.766
3,S-Y1#3,Y/Y1,30.0,28.603,33.262,4.655,73.079
3,S-Y1#3,Y/Y1,30.0,12.594,87.733,8.613,41.293
3,S-Y1#3,Y/Y1,30.0,21.535,44.159,2.579,46.212
3,S-Y1#3,Y/Y1,30.0,13.977,74.171,2.75,17.089
3,S-Y1#3,Y/Y1,30.0,32.671,104.251,2.917,27.785
3,S-Y1#3,Y/Y1,30.0,30.21,63.802,3.491,34.312
3,S-Y1#3,Y/Y1,30.0,18.145,216.564,0.708,35.432
3,S-Y1#3,Y/Y1,30.0,20.3,30.799,3.161,53.207
3,S-Y1#3,Y/Y1,30.0,29.855,48.474,16.433,53.259
3,S-Y1#3,Y/Y1,30.0,31.174,49.867,17.354,55.285
3,S-Y1#3,Y/Y1,30.0,26.297,155.594,1.805,126.398
3,S-Y1#3,Y/Y1,30.0,2.646,4.982,1.504,34.095
3,S-Y1#3,Y/Y1,30.0,27.286,92.531,8.828,29.157
3,S-Y1#3,Y/Y1,30.0,48.587,217.226,22.503,22.229
3,S-Y1#3,Y/Y1,30.0,25.79,189.79,3.965,7.504
3,S-Y1#3,Y/Y1,30.0,53.458,269.282,10.231,13.502
3,S-Y1#3,Y/Y1,30.0,78.517,201.983,12.549,19.991
3,S-Y1#3,Y/Y1,30.0,135.228,69.468,4.474,36.229
3,S-Y1#3,Y/Y1,30.0,140.527,80.997,1.005,45.957
3,S-Y1#3,Y/Y1,30.0,117.19,126.472,3.217,52.662
3,S-Y1#3,Y/Y1,30.0,51.546,125.427,2.575,38.754
3,S-Y1#3,Y/Y1,30.0,9.986,24.561,4.557,6.797
3,S-Y1#3,Y/Y1,30.0,6.054,214.689,4.152,2.589
3,S-Y1#3,Y/Y1,30.0,51.309,153.173,15.352,14.918
3,S-Y1#3,Y/Y1,30.0,97.97,104.243,5.702,26.464
3,S-Y1#3,Y/Y1,30.0,109.718,50.715,6.441,31.113
3,S-Y1#3,Y/Y1,30.0,107.728,119.222,2.389,44.826
3,S-Y1#3,Y/Y1,30.0,73.687,238.246,2.433,57.553
3,S-Y1#3,Y/Y1,30.0,50.126,180.007,3.18,232.999
3,S-Y1#3,Y/Y1,30.0,10.819,13.384,11.734,61.794
3,S-Y1#3,Y/Y1,30.0,40.185,109.459,42.338,35.859
3,S-Y1#3,Y/Y1,30.0,89.071,232.439,88.835,38.309
3,S-Y1#3,Y/Y1,30.0,36.484,146.614,6.033,10.375
3,S-Y1#3,Y/Y1,30.0,46.921,56.312,10.124,12.01
3,S-Y1#3,Y/Y1,30.0,82.086,54.199,10.951,20.921
3,S-Y1#3,Y/Y1,30.0,70.489,137.122,10.394,18.369
3,S-Y1#3,Y/Y1,30.0,21.889,144.823,1.647,5.82
3,S-Y1#3,Y/Y1,30.0,46.957,51.581,17.787,12.034
3,S-Y1#3,Y/Y1,30.0,21.195,139.298,15.386,5.696
3,S-Y1#3,Y/Y1,30.0,25.791,60.269,21.047,8.18
3,S-Y1#3,Y/Y1,30.0,77.148,203.662,13.629,30.367
3,S-Y1#3,Y/Y1,30.0,40.056,94.786,13.286,17.338
3,S-Y1#3,Y/Y1,30.0,16.399,182.078,18.126,6.05
3,S-Y1#3,Y/Y1,30.0,41.268,118.947,22.575,13.054
3,S-Y1#3,Y/Y1,30.0,95.752,246.642,30.727,26.638
3,S-Y1#3,Y/Y1,30.0,43.523,44.14,22.516,12.255
3,S-Y1#3,Y/Y1,30.0,23.413,79.314,18.197,7.587
3,S-Y1#3,Y/Y1,30.0,54.75,299.81,15.568,22.219
3,S-Y1#3,Y/Y1,30.0,17.01,296.502,12.14,7.791
3,S-Y1#3,Y/Y1,30.0,31.667,212.562,17.821,12.763
3,S-Y1#3,Y/Y1,30.0,61.017,363.147,13.24,20.704
3,S-Y1#3,Y/Y1,30.0,34.984,331.087,23.882,10.529
3,S-Y1#3,Y/Y1,30.0,26.079,124.656,16.38,8.255
3,S-Y1#3,Y/Y1,30.0,33.164,335.456,9.31,11.6
3,S-Y1#3,Y/Y1,30.0,41.887,355.519,6.335,15.211
3,S-Y1#3,Y/Y1,30.0,72.558,449.597,10.544,23.571
3,S-Y1#3,Y/Y1,30.0,76.396,445.688,15.597,22.101
3,S-Y1#3,Y/Y1,30.0,63.554,145.153,16.199,18.976
3,S-Y1#3,Y/Y1,30.0,44.267,219.309,13.23,15.6
3,S-Y1#3,Y/Y1,30.0,61.343,112.291,8.655,25.914
3,S-Y1#3,Y/Y1,30.0,78.479,248.637,9.343,46.234
3,S-Y1#3,Y/Y1,30.0,88.944,298.966,11.788,44.194
3,S-Y1#3,Y/Y1,30.0,69.624,212.679,4.958,33.382
3,S-Y1#3,Y/Y1,30.0,88.431,42.442,0.381,48.376
3,S-Y1#3,Y/Y1,30.0,86.267,299.587,2.14,106.226
3,S-Y1#3,Y/Y1,30.0,9.392,66.183,5.57,11.552
3,S-Y1#3,Y/Y1,30.0,46.955,194.668,10.887,24.093
3,S-Y1#3,Y/Y1,30.0,83.494,188.122,8.67,28.068
3,S-Y1#3,Y/Y1,30.0,129.691,103.099,2.208,52.474
3,S-Y1#3,Y/Y1,30.0,84.112,202.002,1.621,61.971
3,S-Y1#3,Y/Y1,30.0,38.94,115.803,3.824,35.779
3,S-Y1#3,Y/Y1,30.0,12.72,188.424,7.476,6.692
3,S-Y1#3,Y/Y1,30.0,15.014,196.278,11.699,4.767
3,S-Y1#3,Y/Y1,30.0,50.081,80.194,12.359,13.427
3,S-Y1#3,Y/Y1,30.0,56.656,99.415,10.536,15.098
3,S-Y1#3,Y/Y1,30.0,85.493,175.658,0.751,27.462
3,S-Y1#3,Y/Y1,30.0,65.36,297.9,0.548,37.008
3,S-Y1#3,Y/Y1,30.0,65.229,263.344,0.84,99.664
3,S-Y1#3,Y/Y1,30.0,15.838,30.513,1.672,41.919
3,S-Y1#3,Y/Y1,30.0,6.288,129.469,4.876,4.871
3,S-Y1#3,Y/Y1,30.0,14.916,239.744,11.578,5.929
3,S-Y1#3,Y/Y1,30.0,19.078,168.192,1.801,5.445
3,S-Y1#3,Y/Y1,30.0,32.213,48.266,5.008,8.25
3,S-Y1#3,Y/Y1,30.0,9.409,75.413,5.068,2.378
3,S-Y1#3,Y/Y1,30.0,16.399,271.073,12.599,4.179
3,S-Y1#3,Y/Y1,30.0,31.783,474.981,15.537,8.164
3,S-Y1#3,Y/Y1,30.0,13.944,414.4,19.14,3.544
3,S-Y1#3,Y/Y1,30.0,33.656,387.992,17.093,8.552
3,S-Y1#3,Y/Y1,30.0,50.318,42.697,13.21,12.968
3,S-Y1#3,Y/Y1,30.0,62.723,153.029,17.448,16.245
3,S-Y1#3,Y/Y1,30.0,76.302,20.04,15.105,20.131
3,S-Y1#3,Y/Y1,30.0,39.959,87.818,8.072,10.136
3,S-Y1#3,Y/Y1,30.0,38.169,195.212,16.96,9.548
3,S-Y1#3,Y/Y1,30.0,62.101,321.323,16.651,15.293
3,S-Y1#3,Y/Y1,30.0,49.949,141.278,19.09,12.667
3,S-Y1#3,Y/Y1,30.0,90.651,288.568,11.145,23.685
3,S-Y1#3,Y/Y1,30.0,95.978,459.632,19.723,25.465
3,S-Y1#3,Y/Y1,30.0,75.124,317.467,6.684,19.763
3,S-Y1#3,Y/Y1,30.0,63.115,397.868,3.203,16.391
3,S-Y1#3,Y/Y1,30.0,60.235,27.905,5.308,15.552
3,S-Y1#3,Y/Y1,30.0,80.858,134.494,12.284,21.145
3,S-Y1#3,Y/Y1,30.0,87.477,179.976,18.319,22.52
3,S-Y1#3,Y/Y1,30.0,56.116,115.675,16.876,14.071
3,S-Y1#3,Y/Y1,30.0,40.569,67.495,18.309,10.224
3,S-Y1#3,Y/Y1,30.0,55.924,139.027,12.745,17.979
3,S-Y1#3,Y/Y1,30.0,101.98,311.838,1.542,40.406
3,S-Y1#3,Y/Y1,30.0,60.756,328.842,9.603,24.304
3,S-Y1#3,Y/Y1,30.0,28.072,380.031,26.052,8.32
3,S-Y1#3,Y/Y1,30.0,75.859,170.98,19.321,18.96
3,S-Y1#3,Y/Y1,30.0,46.814,11.439,20.104,11.898
3,S-Y1#3,Y/Y1,30.0,32.509,254.803,19.401,8.804
3,S-Y1#3,Y/Y1,30.0,31.96,558.291,32.691,8.354
3,S-Y1#3,Y/Y1,30.0,65.463,492.778,30.794,15.487
3,S-Y1#3,Y/Y1,30.0,51.045,315.719,21.036,11.576
3,S-Y1#3,Y/Y1,30.0,42.187,145.21,16.752,10.445
3,S-Y1#3,Y/Y1,30.0,109.388,178.626,12.165,42.018
3,S-Y1#3,Y/Y1,30.0,83.71,202.654,8.623,44.875
3,S-Y1#3,Y/Y1,30.0,58.544,67.257,11.731,33.967
3,S-Y1#3,Y/Y1,30.0,75.853,154.766,1.869,40.176
3,S-Y1#3,Y/Y1,30.0,96.869,197.032,6.676,73.444
3,S-Y1#3,Y/Y1,30.0,41.86,153.29,4.528,145.543
3,S-Y1#3,Y/Y1,30.0,4.511,4.571,4.134,67.002
3,S-Y1#3,Y/Y1,30.0,25.87,40.667,2.9,55.618
3,S-Y1#3,Y/Y1,30.0,52.236,121.887,15.016,36.636
3,S-Y1#3,Y/Y1,30.0,39.729,321.085,6.222,15.535
3,S-Y1#3,Y/Y1,30.0,25.879,171.543,7.41,7.208
3,S-Y1#3,Y/Y1,30.0,45.436,99.715,9.288,11.497
3,S-Y1#3,Y/Y1,30.0,38.612,120.044,6.97,10.155
3,S-Y1#3,Y/Y1,30.0,61.364,277.911,6.105,17.608
3,S-Y1#3,Y/Y1,30.0,36.695,46.069,1.267,11.399
3,S-Y1#3,Y/Y1,30.0,106.503,147.646,1.012,30.448
3,S-Y1#3,Y/Y1,30.0,79.191,401.993,11.999,20.926
3,S-Y1#3,Y/Y1,30.0,33.397,556.835,18.643,8.241
3,S-Y1#3,Y/Y1,30.0,27.915,121.072,15.283,7.218
3,S-Y1#3,Y/Y1,30.0,40.38,183.983,4.469,13.294
3,S-Y1#3,Y/Y1,30.0,31.935,211.903,4.395,16.421
3,S-Y1#3,Y/Y1,30.0,29.497,86.557,8.816,33.189
3,S-Y1#3,Y/Y1,30.0,52.086,29.464,9.616,111.98
3,S-Y1#3,Y/Y1,30.0,45.714,24.51,8.822,200.386
3,S-Y1#3,Y/Y1,30.0,63.727,15.645,32.122,346.109
3,S-Y1#3,Y/Y1,30.0,33.87,2.245,0.812,696.375
3,S-Y1#3,Y/Y1,30.0,27.273,56.049,0.511,44.487
3,S-Y1#3,Y/Y1,30.0,43.172,105.376,0.777,28.153
3,S-Y1#3,Y/Y1,30.0,23.211,222.063,2.625,8.539
3,S-Y1#3,Y/Y1,30.0,10.499,484.613,1.854,2.932
3,S-Y1#3,Y/Y1,30.0,23.471,92.55,5.911,5.754
3,S-Y1#3,Y/Y1,30.0,43.699,92.038,11.685,11.261
3,S-Y1#3,Y/Y1,30.0,84.056,308.908,2.153,23.485
3,S-Y1#3,Y/Y1,30.0,115.533,228.914,12.264,34.15
3,S-Y1#3,Y/Y1,30.0,116.236,574.926,4.028,32.473
3,S-Y1#3,Y/Y1,30.0,53.781,130.061,3.646,15.238
3,S-Y1#3,Y/Y1,30.0,50.409,590.473,7.458,15.192
3,S-Y1#3,Y/Y1,30.0,109.582,191.213,1.583,37.076
3,S-Y1#3,Y/Y1,30.0,133.632,99.162,2.864,46.167
3,S-Y1#3,Y/Y1,30.0,51.487,164.392,7.027,19.342
3,S-Y1#3,Y/Y1,30.0,54.664,300.515,7.53,20.738
3,S-Y1#3,Y/Y1,30.0,23.117,262.521,3.94,11.153
3,S-Y1#3,Y/Y1,30.0,61.342,127.404,2.722,30.883
3,S-Y1#3,Y/Y1,30.0,23.863,152.088,1.229,11.75
3,S-Y1#3,Y/Y1,30.0,48.058,386.636,2.432,17.392
3,S-Y1#3,Y/Y1,30.0,54.708,168.885,3.346,19.091
3,S-Y1#3,Y/Y1,30.0,62.551,380.282,3.851,19.704
3,S-Y1#3,Y/Y1,30.0,3.565,524.918,1.7,1.101
3,S-Y1#3,Y/Y1,30.0,39.683,39.614,5.876,10.665
3,S-Y1#3,Y/Y1,30.0,32.519,11.851,4.861,8.333
3,S-Y1#3,Y/Y1,30.0,42.735,48.272,1.089,10.597
3,S-Y1#3,Y/Y1,30.0,48.531,103.579,5.442,11.591
3,S-Y1#3,Y/Y1,30.0,84.261,241.321,4.043,19.965
3,S-Y1#3,Y/Y1,30.0,102.477,135.56,1.537,26.965
3,S-Y1#3,Y/Y1,30.0,41.169,223.669,4.775,13.034
3,S-Y1#3,Y/Y1,30.0,50.1,440.632,7.998,16.841
3,S-Y1#3,Y/Y1,30.0,26.8,429.453,1.5,8.111
3,S-Y1#3,Y/Y1,30.0,55.429,9.3,6.153,15.28
3,S-Y1#3,Y/Y1,30.0,57.296,183.854,3.315,19.66
3,S-Y1#3,Y/Y1,30.0,76.511,363.705,0.559,30.398
3,S-Y1#3,Y/Y1,30.0,53.708,243.323,3.047,25.725
3,S-Y1#3,Y/Y1,30.0,72.413,185.703,4.544,34.181
3,S-Y1#3,Y/Y1,30.0,44.097,168.115,3.115,22.346
3,S-Y1#3,Y/Y1,30.0,58.619,107.158,2.073,28.052
3,S-Y1#3,Y/Y1,30.0,45.58,232.675,0.984,19.285
3,S-Y1#3,Y/Y1,30.0,14.316,41.157,3.805,5.803
3,S-Y1#3,Y/Y1,30.0,27.111,168.099,5.326,11.087
3,S-Y1#3,Y/Y1,30.0,29.397,364.319,4.624,12.009
3,S-Y1#3,Y/Y1,30.0,52.494,118.527,6.301,21.702
3,S-Y1#3,Y/Y1,30.0,87.352,285.584,12.528,40.264
3,S-Y1#3,Y/Y1,30.0,127.04,292.019,3.073,52.069
3,S-Y1#3,Y/Y1,30.0,137.436,319.902,7.013,46.479
3,S-Y1#3,Y/Y1,30.0,80.004,284.987,5.789,20.868
3,S-Y1#3,Y/Y1,30.0,73.041,66.543,1.092,20.972
3,S-Y1#3,Y/Y1,30.0,128.597,205.354,1.522,58.161
3,S-Y1#3,Y/Y1,30.0,127.881,276.23,1.361,157.255
3,S-Y1#3,Y/Y1,30.0,61.736,59.063,0.798,824.654
3,S-Y1#3,Y/Y1,30.0,17.823,41.055,0.898,34.427
3,S-Y1#3,Y/Y1,30.0,41.331,142.883,1.33,26.025
3,S-Y1#3,Y/Y1,30.0,60.701,283.308,3.873,21.225
3,S-Y1#3,Y/Y1,30.0,37.392,229.763,2.813,10.605
3,S-Y1#3,Y/Y1,30.0,39.659,127.198,2.563,14.912
3,S-Y1#3,Y/Y1,30.0,56.739,282.563,1.769,40.9
3,S-Y1#3,Y/Y1,30.0,39.108,145.666,0.935,186.757
3,S-Y1#3,Y/Y1,30.0,2.206,2.048,0.235,72.154
3,S-Y1#3,Y/Y1,30.0,10.548,47.813,3.461,21.638
3,S-Y1#3,Y/Y1,30.0,49.31,135.348,6.939,36.366
3,S-Y1#3,Y/Y1,30.0,66.14,159.039,2.829,29.293
3,S-Y1#3,Y/Y1,30.0,20.413,111.294,3.385,10.616
3,S-Y1#3,Y/Y1,30.0,36.71,232.454,2.951,32.321
3,S-Y1#3,Y/Y1,30.0,43.331,146.412,2.012,38.529
3,S-Y1#3,Y/Y1,30.0,50.424,226.833,10.887,22.031
3,S-Y1#3,Y/Y1,30.0,63.115,443.083,11.431,17.778
3,S-Y1#3,Y/Y1,30.0,57.019,234.924,9.779,14.925
3,S-Y1#3,Y/Y1,30.0,58.311,137.244,2.703,15.925
3,S-Y1#3,Y/Y1,30.0,59.274,30.432,1.428,16.739
3,S-Y1#3,Y/Y1,30.0,83.341,69.807,3.064,29.806
3,S-Y1#3,Y/Y1,30.0,56.277,241.457,6.392,22.272
3,S-Y1#3,Y/Y1,30.0,63.289,409.839,10.899,26.778
3,S-Y1#3,Y/Y1,30.0,33.817,308.823,1.678,10.89
3,S-Y1#3,Y/Y1,30.0,67.276,434.776,15.458,18.96
3,S-Y1#3,Y/Y1,30.0,59.64,416.359,13.519,16.144
3,S-Y1#3,Y/Y1,30.0,28.491,157.16,6.871,7.695
3,S-Y1#3,Y/Y1,30.0,48.9,463.214,2.502,13.408
3,S-Y1#3,Y/Y1,30.0,48.943,554.937,1.568,13.599
3,S-Y1#3,Y/Y1,30.0,35.287,232.228,7.17,10.768
3,S-Y1#3,Y/Y1,30.0,42.139,459.527,11.931,12.863
3,S-Y1#3,Y/Y1,30.0,29.095,459.881,11.442,9.872
3,S-Y1#3,Y/Y1,30.0,58.05,61.457,4.516,18.882
3,S-Y1#3,Y/Y1,30.0,35.028,31.626,2.047,12.899
3,S-Y1#3,Y/Y1,30.0,59.207,187.721,2.662,18.514
3,S-Y1#3,Y/Y1,30.0,124.435,518.41,5.129,30.298
3,S-Y1#3,Y/Y1,30.0,134.698,218.633,8.801,25.141
3,S-Y1#3,Y/Y1,30.0,112.152,220.667,6.976,19.139
3,S-Y1#3,Y/Y1,30.0,53.42,245.841,3.042,11.94
3,S-Y1#3,Y/Y1,30.0,99.655,391.499,2.266,40.93
3,S-Y1#3,Y/Y1,30.0,115.248,237.563,2.684,117.991
3,S-Y1#3,Y/Y1,30.0,24.379,97.382,2.222,23.364
3,S-Y1#3,Y/Y1,30.0,46.575,110.512,8.401,21.082
3,S-Y1#3,Y/Y1,30.0,135.243,405.231,8.295,34.711
3,S-Y1#3,Y/Y1,30.0,113.996,232.814,8.594,21.931
3,S-Y1#3,Y/Y1,30.0,100.585,270.09,2.069,17.851
3,S-Y1#3,Y/Y1,30.0,27.769,103.619,3.356,5.715
3,S-Y1#3,Y/Y1,30.0,90.203,198.34,2.726,26.305
3,S-Y1#3,Y/Y1,30.0,80.616,176.576,3.565,30.773
3,S-Y1#3,Y/Y1,30.0,40.35,16.884,1.99,18.341
3,S-Y1#3,Y/Y1,30.0,11.064,146.093,0.982,4.136
3,S-Y1#3,Y/Y1,30.0,29.374,406.392,0.104,11.558
3,S-Y1#3,Y/Y1,30.0,32.261,83.953,6.91,13.191
3,S-Y1#3,Y/Y1,30.0,48.328,200.845,5.596,22.057
3,S-Y1#3,Y/Y1,30.0,40.817,281.859,3.907,18.388
3,S-Y1#3,Y/Y1,30.0,54.347,312.923,6.122,23.772
3,S-Y1#3,Y/Y1,30.0,36.888,294.062,7.214,15.406
3,S-Y1#3,Y/Y1,30.0,18.166,244.063,3.529,8.332
3,S-Y1#3,Y/Y1,30.0,53.044,272.763,6.826,24.419
3,S-Y1#3,Y/Y1,30.0,61.186,174.928,6.555,24.738
3,S-Y1#3,Y/Y1,30.0,84.059,33.477,5.529,32.95
3,S-Y1#3,Y/Y1,30.0,49.345,125.191,3.523,20.499
3,S-Y1#3,Y/Y1,30.0,95.511,253.555,1.897,63.689
3,S-Y1#3,Y/Y1,30.0,29.04,69.282,1.173,20.63
3,S-Y1#3,Y/Y1,30.0,73.69,157.386,4.441,37.64
3,S-Y1#3,Y/Y1,30.0,62.06,287.31,9.49,19.569
3,S-Y1#3,Y/Y1,30.0,31.36,76.589,2.387,8.421
3,S-Y1#3,Y/Y1,30.0,38.895,221.452,4.956,11.269
3,S-Y1#3,Y/Y1,30.0,50.267,178.065,2.71,24.124
3,S-Y1#3,Y/Y1,30.0,64.179,248.853,2.108,52.261
3,S-Y1#3,Y/Y1,30.0,37.355,130.678,3.142,26.397
3,S-Y1#3,Y/Y1,30.0,20.324,224.521,20.35,8.661
3,S-Y1#3,Y/Y1,30.0,79.037,83.851,2.537,24.599
3,S-Y1#3,Y/Y1,30.0,89.305,70.948,4.504,26.225
3,S-Y1#3,Y/Y1,30.0,54.052,74.822,2.346,14.231
3,S-Y1#3,Y/Y1,30.0,81.402,54.058,1.577,23.36
3,S-Y1#3,Y/Y1,30.0,94.982,98.8,7.949,31.665
3,S-Y1#3,Y/Y1,30.0,148.756,134.699,1.869,67.29
3,S-Y1#3,Y/Y1,30.0,92.748,80.332,1.377,66.83
3,S-Y1#3,Y/Y1,30.0,71.963,219.033,1.417,93.114
3,S-Y1#3,Y/Y1,30.0,76.691,93.574,79.311,73.972
3,S-Y1#3,Y/Y1,30.0,161.422,176.186,149.155,85.18
3,S-Y1#3,Y/Y1,30.0,20.092,295.193,6.097,9.877
3,S-Y1#3,Y/Y1,30.0,10.824,92.87,4.307,5.687
3,S-Y1#3,Y/Y1,30.0,62.843,129.793,7.269,38.243
3,S-Y1#3,Y/Y1,30.0,48.122,179.78,3.523,21.123
3,S-Y1#3,Y/Y1,30.0,57.408,331.534,5.126,19.46
3,S-Y1#3,Y/Y1,30.0,82.235,547.018,15.623,21.127
3,S-Y1#3,Y/Y1,30.0,90.204,127.741,19.939,19.48
3,S-Y1#3,Y/Y1,30.0,125.174,367.97,28.049,25.484
3,S-Y1#3,Y/Y1,30.0,121.81,392.021,31.336,23.972
3,S-Y1#3,Y/Y1,30.0,120.428,409.731,29.634,23.813
3,S-Y1#3,Y/Y1,30.0,179.899,743.177,48.199,34.14
3,S-Y1#3,Y/Y1,30.0,150.121,409.712,45.796,27.395
3,S-Y1#3,Y/Y1,30.0,153.235,381.976,29.872,27.43
3,S-Y1#3,Y/Y1,30.0,135.458,494.728,52.0,24.148
3,S-Y1#3,Y/Y1,30.0,162.651,691.212,58.516,29.072
3,S-Y1#3,Y/Y1,30.0,110.338,660.234,48.924,19.971
3,S-Y1#3,Y/Y1,30.0,111.994,271.088,37.822,20.117
3,S-Y1#3,Y/Y1,30.0,120.529,399.213,51.246,21.447
3,S-Y1#3,Y/Y1,30.0,99.157,720.206,61.021,17.779
3,S-Y1#3,Y/Y1,30.0,115.518,629.401,81.731,20.316
3,S-Y1#3,Y/Y1,30.0,138.455,529.23,77.968,24.71
3,S-Y1#3,Y/Y1,30.0,164.371,393.839,99.475,30.148
3,S-Y1#3,Y/Y1,30.0,50.65,226.815,37.933,12.93
3,S-Y1#3,Y/Y1,30.0,100.767,310.943,13.01,48.573
3,S-Y1#3,Y/Y1,30.0,57.433,244.281,7.764,90.216
3,S-Y1#3,Y/Y1,30.0,27.285,44.282,2.79,51.191
3,S-Y1#3,Y/Y1,30.0,31.546,50.317,6.512,58.838
3,S-Y1#3,Y/Y1,30.0,34.595,130.838,2.432,50.78
3,S-Y1#3,Y/Y1,30.0,27.567,78.591,9.485,25.012
3,S-Y1#3,Y/Y1,30.0,56.193,190.248,18.139,24.078
3,S-Y1#3,Y/Y1,30.0,73.488,516.555,36.777,20.873
3,S-Y1#3,Y/Y1,30.0,60.028,189.989,28.617,14.199
3,S-Y1#3,Y/Y1,30.0,53.722,37.493,31.493,11.669
3,S-Y1#3,Y/Y1,30.0,89.01,257.114,48.385,17.662
3,S-Y1#3,Y/Y1,30.0,134.101,459.062,65.237,26.324
3,S-Y1#3,Y/Y1,30.0,63.995,350.369,53.192,13.692
3,S-Y1#3,Y/Y1,30.0,52.608,215.315,28.556,15.843
3,S-Y1#3,Y/Y1,30.0,69.859,253.873,16.448,35.91
3,S-Y1#3,Y/Y1,30.0,32.217,165.886,15.89,21.889
3,S-Y1#3,Y/Y1,30.0,19.852,281.747,21.505,10.925
3,S-Y1#3,Y/Y1,30.0,8.263,275.876,18.453,3.077
3,S-Y1#3,Y/Y1,30.0,89.608,17.255,17.878,28.221
3,S-Y1#3,Y/Y1,30.0,33.788,119.676,20.826,9.677
3,S-Y1#3,Y/Y1,30.0,38.104,65.761,24.094,10.31
3,S-Y1#3,Y/Y1,30.0,24.888,85.86,16.687,7.514
3,S-Y1#3,Y/Y1,30.0,27.655,225.091,8.666,9.026
3,S-Y1#3,Y/Y1,30.0,24.068,70.506,7.576,8.245
3,S-Y1#3,Y/Y1,30.0,21.264,351.834,11.043,7.321
3,S-Y1#3,Y/Y1,30.0,33.357,406.172,11.615,11.212
3,S-Y1#3,Y/Y1,30.0,60.993,164.905,9.795,20.069
3,S-Y1#3,Y/Y1,30.0,118.596,553.626,18.215,32.393
3,S-Y1#3,Y/Y1,30.0,81.297,240.458,16.435,20.391
3,S-Y1#3,Y/Y1,30.0,38.061,325.772,16.223,9.603
3,S-Y1#3,Y/Y1,30.0,19.978,62.273,12.691,5.136
3,S-Y1#3,Y/Y1,30.0,43.024,106.866,9.968,13.285
3,S-Y1#3,Y/Y1,30.0,51.925,185.321,4.554,18.231
3,S-Y1#3,Y/Y1,30.0,72.171,375.489,6.485,28.851
3,S-Y1#3,Y/Y1,30.0,19.178,186.701,8.409,9.241
3,S-Y1#3,Y/Y1,30.0,28.929,351.698,9.823,13.379
3,S-Y1#3,Y/Y1,30.0,30.829,90.94,8.221,16.188
3,S-Y1#3,Y/Y1,30.0,40.425,215.942,7.516,18.41
3,S-Y1#3,Y/Y1,30.0,40.075,65.662,5.826,24.308
3,S-Y1#3,Y/Y1,30.0,16.952,75.469,5.391,18.209
3,S-Y1#3,Y/Y1,30.0,53.589,117.898,9.145,80.255
3,S-Y1#3,Y/Y1,30.0,93.206,51.599,107.032,93.647
3,S-Y1#3,Y/Y1,30.0,22.975,157.243,11.455,11.429
3,S-Y1#3,Y/Y1,30.0,14.506,287.266,8.877,5.891
3,S-Y1#3,Y/Y1,30.0,17.58,321.633,2.181,8.514
3,S-Y1#3,Y/Y1,30.0,30.351,179.473,4.66,21.216
3,S-Y1#3,Y/Y1,30.0,36.717,156.491,3.032,40.475
3,S-Y1#3,Y/Y1,30.0,48.181,134.142,1.06,64.555
3,S-Y1#3,Y/Y1,30.0,46.223,54.071,0.488,43.839
3,S-Y1#3,Y/Y1,30.0,41.51,169.379,12.682,24.361
3,S-Y1#3,Y/Y1,30.0,46.151,73.473,2.867,20.224
3,S-Y1#3,Y/Y1,30.0,44.646,79.872,4.824,17.651
3,S-Y1#3,Y/Y1,30.0,60.423,251.53,3.868,25.317
3,S-Y1#3,Y/Y1,30.0,71.344,263.692,7.057,31.382
3,S-Y1#3,Y/Y1,30.0,60.682,207.009,1.849,30.58
3,S-Y1#3,Y/Y1,30.0,60.03,292.426,2.756,32.084
3,S-Y1#3,Y/Y1,30.0,30.882,184.035,2.079,14.164
3,S-Y1#3,Y/Y1,30.0,34.667,386.043,3.09,14.417
3,S-Y1#3,Y/Y1,30.0,49.18,81.579,4.965,17.505
3,S-Y1#3,Y/Y1,30.0,46.649,318.769,10.944,16.315
3,S-Y1#3,Y/Y1,30.0,67.862,404.71,14.235,23.156
3,S-Y1#3,Y/Y1,30.0,50.513,357.926,14.216,18.217
3,S-Y1#3,Y/Y1,30.0,39.666,401.324,14.851,16.427
3,S-Y1#3,Y/Y1,30.0,34.152,326.304,12.296,16.438
3,S-Y1#3,Y/Y1,30.0,52.763,104.646,8.175,27.375
3,S-Y1#3,Y/Y1,30.0,38.766,9.794,10.753,17.432
3,S-Y1#3,Y/Y1,30.0,10.504,38.737,3.498,4.66
3,S-Y1#3,Y/Y1,30.0,8.765,45.429,5.275,3.795
3,S-Y1#3,Y/Y1,30.0,44.236,133.657,14.811,18.953
3,S-Y1#3,Y/Y1,30.0,31.69,327.511,23.32,11.41
3,S-Y1#3,Y/Y1,30.0,12.787,124.134,26.183,3.996
3,S-Y1#3,Y/Y1,30.0,15.03,189.878,26.179,4.29
3,S-Y1#3,Y/Y1,30.0,18.957,136.066,26.791,5.529
3,S-Y1#3,Y/Y1,30.0,52.361,202.911,7.523,16.824
3,S-Y1#3,Y/Y1,30.0,26.412,277.084,13.482,8.945
3,S-Y1#3,Y/Y1,30.0,19.47,144.047,2.46,7.64
3,S-Y1#3,Y/Y1,30.0,27.034,69.844,13.449,11.115
3,S-Y1#3,Y/Y1,30.0,50.501,34.332,11.956,24.762
3,S-Y1#3,Y/Y1,30.0,77.448,186.966,13.291,31.58
3,S-Y1#3,Y/Y1,30.0,71.126,322.017,21.664,24.023
3,S-Y1#3,Y/Y1,30.0,29.696,171.555,15.091,9.269
3,S-Y1#3,Y/Y1,30.0,34.778,269.113,12.896,10.865
3,S-Y1#3,Y/Y1,30.0,54.34,403.237,14.017,17.08
3,S-Y1#3,Y/Y1,30.0,41.1,430.563,5.376,12.218
3,S-Y1#3,Y/Y1,30.0,37.307,172.422,5.242,10.971
3,S-Y1#3,Y/Y1,30.0,4.566,119.104,11.222,1.291
3,S-Y1#3,Y/Y1,30.0,48.806,80.364,10.433,15.695
3,S-Y1#3,Y/Y1,30.0,41.262,226.471,2.781,19.144
3,S-Y1#3,Y/Y1,30.0,55.913,311.629,0.937,38.922
3,S-Y1#3,Y/Y1,30.0,37.472,137.036,0.546,22.787
3,S-Y1#3,Y/Y1,30.0,29.925,73.749,4.625,11.995
3,S-Y1#3,Y/Y1,30.0,25.424,101.813,10.388,8.819
3,S-Y1#3,Y/Y1,30.0,75.158,510.302,16.714,22.134
3,S-Y1#3,Y/Y1,30.0,7.445,268.547,6.108,1.944
3,S-Y1#3,Y/Y1,30.0,46.41,248.754,2.69,12.716
3,S-Y1#3,Y/Y1,30.0,62.416,163.722,3.399,22.472
3,S-Y1#3,Y/Y1,30.0,94.645,369.451,4.126,47.452
3,S-Y1#3,Y/Y1,30.0,76.853,210.969,4.417,42.662
3,S-Y1#3,Y/Y1,30.0,133.999,28.874,5.236,71.072
3,S-Y1#3,Y/Y1,30.0,113.753,96.018,6.817,54.772
3,S-Y1#3,Y/Y1,30.0,70.63,105.974,4.947,34.18
3,S-Y1#3,Y/Y1,30.0,31.001,244.251,3.187,13.637
3,S-Y1#3,Y/Y1,30.0,21.03,361.346,1.999,8.757
3,S-Y1#3,Y/Y1,30.0,15.504,165.878,1.995,5.676
3,S-Y1#3,Y/Y1,30.0,44.265,102.871,1.157,15.235
3,S-Y1#3,Y/Y1,30.0,70.166,94.755,2.43,32.145
3,S-Y1#3,Y/Y1,30.0,63.222,164.985,1.356,48.52
3,S-Y1#3,Y/Y1,30.0,35.828,158.988,2.471,38.473
3,S-Y1#3,Y/Y1,30.0,33.252,181.305,11.683,16.987
3,S-Y1#3,Y/Y1,30.0,32.727,451.893,3.961,10.214
3,S-Y1#3,Y/Y1,30.0,25.238,161.332,9.882,7.178
3,S-Y1#3,Y/Y1,30.0,26.319,435.127,2.965,8.047
3,S-Y1#3,Y/Y1,30.0,44.529,204.966,3.044,14.897
3,S-Y1#3,Y/Y1,30.0,56.86,209.847,4.586,20.408
3,S-Y1#3,Y/Y1,30.0,93.888,177.711,2.289,45.258
3,S-Y1#3,Y/Y1,30.0,56.446,163.123,1.979,53.474
3,S-Y1#3,Y/Y1,30.0,6.874,51.195,0.749,9.825
3,S-Y1#3,Y/Y1,30.0,6.883,95.947,6.659,5.201
3,S-Y1#3,Y/Y1,30.0,16.306,228.001,1.17,6.612
3,S-Y1#3,Y/Y1,30.0,6.199,407.809,4.46,1.733
3,S-Y1#3,Y/Y1,30.0,33.131,238.382,7.122,8.889
3,S-Y1#3,Y/Y1,30.0,47.681,49.081,5.319,13.696
3,S-Y1#3,Y/Y1,30.0,27.326,162.492,6.559,8.61
3,S-Y1#3,Y/Y1,30.0,41.602,241.407,6.701,11.707
3,S-Y1#3,Y/Y1,30.0,99.368,519.101,16.664,22.848
3,S-Y1#3,Y/Y1,30.0,136.34,619.208,45.629,27.556
3,S-Y1#3,Y/Y1,30.0,162.423,604.454,19.264,30.582
3,S-Y1#3,Y/Y1,30.0,159.416,786.791,27.84,28.989
3,S-Y1#3,Y/Y1,30.0,155.321,385.954,17.219,27.684
3,S-Y1#3,Y/Y1,30.0,116.082,179.911,21.468,22.893
3,S-Y1#3,Y/Y1,30.0,143.953,744.888,73.361,24.844
3,S-Y1#3,Y/Y1,30.0,108.631,546.612,74.001,18.84
3,S-Y1#3,Y/Y1,30.0,396.123,601.556,334.386,61.49
3,S-Y1#3,Y/Y1,30.0,84.326,253.358,23.722,15.457
3,S-Y1#3,Y/Y1,30.0,66.737,524.838,25.873,13.554
3,S-Y1#3,Y/Y1,30.0,66.917,227.306,23.454,17.474
3,S-Y1#3,Y/Y1,30.0,31.208,431.011,11.529,9.617
3,S-Y1#3,Y/Y1,30.0,42.437,434.153,8.427,13.239
3,S-Y1#3,Y/Y1,30.0,3.891,43.542,24.108,1.086
3,S-Y1#3,Y/Y1,30.0,31.044,36.685,25.403,8.28
3,S-Y1#3,Y/Y1,30.0,35.387,83.606,13.257,10.266
3,S-Y1#3,Y/Y1,30.0,47.24,27.714,13.554,13.202
3,S-Y1#3,Y/Y1,30.0,54.395,98.278,6.757,14.861
3,S-Y1#3,Y/Y1,30.0,32.049,413.642,1.956,9.282
3,S-Y1#3,Y/Y1,30.0,59.499,189.407,3.624,21.603
3,S-Y1#3,Y/Y1,30.0,85.323,391.929,3.727,32.177
3,S-Y1#3,Y/Y1,30.0,76.86,454.117,4.658,23.683
3,S-Y1#3,Y/Y1,30.0,7.924,18.932,8.667,2.395
3,S-Y1#3,Y/Y1,30.0,27.136,230.529,4.086,9.946
3,S-Y1#3,Y/Y1,30.0,33.095,244.666,2.925,22.433
3,S-Y1#3,Y/Y1,30.0,29.357,204.932,14.028,23.663
3,S-Y1#3,Y/Y1,30.0,45.918,73.129,0.748,43.099
3,S-Y1#3,Y/Y1,30.0,74.662,66.169,4.359,48.467
3,S-Y1#3,Y/Y1,30.0,87.028,207.782,1.432,77.8
3,S-Y1#3,Y/Y1,30.0,61.321,177.403,3.866,79.575
3,S-Y1#3,Y/Y1,30.0,5.309,90.901,3.51,5.74
3,S-Y1#3,Y/Y1,30.0,25.642,112.301,8.966,17.494
3,S-Y1#3,Y/Y1,30.0,40.574,192.418,6.462,20.449
3,S-Y1#3,Y/Y1,30.0,42.11,186.225,3.375,21.162
3,S-Y1#3,Y/Y1,30.0,97.427,352.312,4.073,50.904
3,S-Y1#3,Y/Y1,30.0,102.3,69.462,3.095,60.656
3,S-Y1#3,Y/Y1,30.0,59.348,174.418,1.412,39.262
3,S-Y1#3,Y/Y1,30.0,35.31,146.721,1.844,19.806
3,S-Y1#3,Y/Y1,30.0,81.459,186.753,3.631,41.9
3,S-Y1#3,Y/Y1,30.0,97.582,149.217,3.734,45.472
3,S-Y1#3,Y/Y1,30.0,58.137,136.712,5.312,26.353
3,S-Y1#3,Y/Y1,30.0,69.003,337.714,4.546,31.141
3,S-Y1#3,Y/Y1,30.0,47.921,206.675,2.216,26.997
3,S-Y1#3,Y/Y1,30.0,36.313,96.487,4.019,30.131
3,S-Y1#3,Y/Y1,30.0,41.307,42.875,2.818,35.817
3,S-Y1#3,Y/Y1,30.0,46.223,130.807,8.986,27.524
3,S-Y1#3,Y/Y1,30.0,48.026,193.398,2.044,22.543
3,S-Y1#3,Y/Y1,30.0,66.733,177.955,3.88,30.589
3,S-Y1#3,Y/Y1,30.0,49.85,159.035,1.506,23.106
3,S-Y1#3,Y/Y1,30.0,43.196,133.591,5.499,22.431
3,S-Y1#3,Y/Y1,30.0,54.719,120.542,5.71,30.732
3,S-Y1#3,Y/Y1,30.0,71.917,223.459,6.577,41.162
3,S-Y1#3,Y/Y1,30.0,48.488,141.855,6.824,24.384
3,S-Y1#3,Y/Y1,30.0,25.395,168.714,6.421,10.306
3,S-Y1#3,Y/Y1,30.0,51.693,347.935,6.297,22.224
3,S-Y1#3,Y/Y1,30.0,21.529,281.191,6.925,8.296
3,S-Y1#3,Y/Y1,30.0,57.612,290.875,7.056,26.36
3,S-Y1#3,Y/Y1,30.0,97.207,256.506,8.078,39.634
3,S-Y1#3,Y/Y1,30.0,81.24,327.467,3.172,41.604
3,S-Y1#3,Y/Y1,30.0,53.748,114.548,0.401,31.896
3,S-Y1#3,Y/Y1,30.0,73.473,127.948,5.081,49.482
3,S-Y1#3,Y/Y1,30.0,41.427,125.348,4.529,27.004
3,S-Y1#3,Y/Y1,30.0,109.943,312.181,1.72,52.486
3,S-Y1#3,Y/Y1,30.0,147.752,233.71,10.205,66.909
3,S-Y1#3,Y/Y1,30.0,86.624,109.282,5.53,37.46
3,S-Y1#3,Y/Y1,30.0,73.515,205.214,4.505,45.781
3,S-Y1#3,Y/Y1,30.0,80.625,259.256,1.365,62.726
3,S-Y1#3,Y/Y1,30.0,49.912,63.034,4.91,41.348
3,S-Y1#3,Y/Y1,30.0,73.398,205.685,4.897,39.855
3,S-Y1#3,Y/Y1,30.0,87.687,225.572,11.016,59.675
3,S-Y1#3,Y/Y1,30.0,72.552,146.597,4.931,46.875
3,S-Y1#3,Y/Y1,30.0,39.044,86.537,3.907,28.909
3,S-Y1#3,Y/Y1,30.0,49.081,11.426,5.015,30.385
3,S-Y1#3,Y/Y1,30.0,28.446,142.675,7.424,27.357
3,S-Y1#3,Y/Y1,30.0,39.021,68.686,6.16,68.255
3,S-Y1#3,Y/Y1,30.0,33.32,29.299,6.536,64.323
3,S-Y1#3,Y/Y1,30.0,145.02,70.017,139.125,157.893
3,S-Y1#3,Y/Y1,30.0,19.451,135.794,1.5,19.013
3,S-Y1#3,Y/Y1,30.0,16.094,26.959,1.071,14.204
3,S-Y1#3,Y/Y1,30.0,42.375,58.036,2.005,30.59
3,S-Y1#3,Y/Y1,30.0,53.984,153.533,7.669,35.879
3,S-Y1#3,Y/Y1,30.0,55.107,67.796,1.371,35.779
3,S-Y1#3,Y/Y1,30.0,43.821,84.522,0.891,44.911
3,S-Y1#3,Y/Y1,30.0,55.356,35.591,4.761,40.054
3,S-Y1#3,Y/Y1,30.0,68.805,157.501,5.244,39.523
3,S-Y1#3,Y/Y1,30.0,116.609,68.271,4.942,59.529
3,S-Y1#3,Y/Y1,30.0,66.559,212.691,1.802,33.947
3,S-Y1#3,Y/Y1,30.0,28.82,151.299,2.492,14.718
3,S-Y1#3,Y/Y1,30.0,82.82,364.989,3.563,38.397
3,S-Y1#3,Y/Y1,30.0,101.624,112.22,1.581,71.111
3,S-Y1#3,Y/Y1,30.0,65.483,190.972,4.264,60.191
3,S-Y1#3,Y/Y1,30.0,13.159,103.532,7.537,11.115
3,S-Y1#3,Y/Y1,30.0,24.24,136.608,3.338,12.434
3,S-Y1#3,Y/Y1,30.0,54.634,331.814,1.091,22.522
3,S-Y1#3,Y/Y1,30.0,97.092,246.973,10.497,37.688
3,S-Y1#3,Y/Y1,30.0,83.336,72.12,5.209,43.235
3,S-Y1#3,Y/Y1,30.0,63.549,128.989,10.163,54.473
3,S-Y1#3,Y/Y1,30.0,45.676,46.486,7.469,44.166
3,S-Y1#3,Y/Y1,30.0,430.147,145.55,348.396,242.483
3,S-Y1#3,Y/Y1,30.0,131.078,26.096,2.988,73.913
3,S-Y1#3,Y/Y1,30.0,105.806,139.348,0.345,96.036
3,S-Y1#3,Y/Y1,30.0,76.062,82.141,1.49,92.191
3,S-Y1#3,Y/Y1,30.0,72.136,83.413,6.218,71.692
3,S-Y1#3,Y/Y1,30.0,83.106,110.893,5.701,52.554
3,S-Y1#3,Y/Y1,30.0,46.889,151.983,4.046,33.026
3,S-Y1#3,Y/Y1,30.0,55.806,324.042,4.92,24.107
3,S-Y1#3,Y/Y1,30.0,39.198,314.379,4.348,12.877
3,S-Y1#3,Y/Y1,30.0,36.158,48.686,2.507,10.378
3,S-Y1#3,Y/Y1,30.0,61.142,141.922,4.01,23.68
3,S-Y1#3,Y/Y1,30.0,62.892,220.269,2.573,36.36
3,S-Y1#3,Y/Y1,30.0,10.805,90.992,6.378,7.076
3,S-Y1#3,Y/Y1,30.0,45.982,129.378,11.205,25.097
3,S-Y1#3,Y/Y1,30.0,18.414,305.406,8.532,8.307
3,S-Y1#3,Y/Y1,30.0,48.254,292.64,7.78,20.177
3,S-Y1#3,Y/Y1,30.0,57.504,112.869,6.777,25.543
3,S-Y1#3,Y/Y1,30.0,55.619,127.749,4.453,28.666
3,S-Y1#3,Y/Y1,30.0,60.785,56.452,4.388,28.31
3,S-Y1#3,Y/Y1,30.0,48.316,249.456,2.28,19.986
3,S-Y1#3,Y/Y1,30.0,37.185,160.245,5.696,14.999
3,S-Y1#3,Y/Y1,30.0,35.897,273.065,7.015,17.527
3,S-Y1#3,Y/Y1,30.0,36.11,157.502,5.222,17.45
3,S-Y1#3,Y/Y1,30.0,65.99,338.825,8.923,28.165
3,S-Y1#3,Y/Y1,30.0,63.699,32.933,2.465,26.826
3,S-Y1#3,Y/Y1,30.0,43.694,269.402,2.288,19.027
3,S-Y1#3,Y/Y1,30.0,42.167,269.718,3.437,20.024
3,S-Y1#3,Y/Y1,30.0,65.805,308.605,3.246,30.946
3,S-Y1#3,Y/Y1,30.0,70.694,179.695,0.892,43.935
3,S-Y1#3,Y/Y1,30.0,52.778,89.114,7.421,50.549
3,S-Y1#3,Y/Y1,30.0,49.692,65.345,7.279,49.379
3,S-Y1#3,Y/Y1,30.0,338.617,121.869,284.299,231.853
3,S-Y1#3,Y/Y1,30.0,76.585,29.842,4.474,44.165
3,S-Y1#3,Y/Y1,30.0,52.31,190.044,3.04,28.937
3,S-Y1#3,Y/Y1,30.0,48.068,169.236,3.719,30.026
3,S-Y1#3,Y/Y1,30.0,93.328,287.258,3.241,49.655
3,S-Y1#3,Y/Y1,30.0,90.188,258.502,2.964,47.199
3,S-Y1#3,Y/Y1,30.0,74.274,65.363,4.248,33.253
3,S-Y1#3,Y/Y1,30.0,39.349,304.091,10.419,15.77
3,S-Y1#3,Y/Y1,30.0,55.428,346.198,2.382,23.45
3,S-Y1#3,Y/Y1,30.0,44.274,266.648,3.708,17.604
3,S-Y1#3,Y/Y1,30.0,12.513,358.883,3.71,5.788
3,S-Y1#3,Y/Y1,30.0,18.523,219.128,2.133,7.128
3,S-Y1#3,Y/Y1,30.0,23.392,388.328,2.382,9.073
3,S-Y1#3,Y/Y1,30.0,33.008,133.157,2.231,11.62
3,S-Y1#3,Y/Y1,30.0,40.926,325.238,0.982,14.393
3,S-Y1#3,Y/Y1,30.0,42.093,420.774,3.138,17.175
3,S-Y1#3,Y/Y1,30.0,50.328,206.739,4.364,19.467
3,S-Y1#3,Y/Y1,30.0,92.937,390.48,3.308,39.648
3,S-Y1#3,Y/Y1,30.0,78.496,27.721,3.35,31.247
3,S-Y1#3,Y/Y1,30.0,95.28,149.243,2.643,51.655
3,S-Y1#3,Y/Y1,30.0,56.241,200.431,2.623,27.422
3,S-Y1#3,Y/Y1,30.0,96.005,89.695,0.578,49.936
3,S-Y1#3,Y/Y1,30.0,189.53,92.802,0.814,106.155
3,S-Y1#3,Y/Y1,30.0,221.305,77.661,0.83,227.607
3,S-Y1#3,Y/Y1,30.0,166.778,54.349,0.773,302.053
3,S-Y1#3,Y/Y1,30.0,69.33,67.485,1.216,56.712
3,S-Y1#3,Y/Y1,30.0,85.614,97.297,0.619,55.985
3,S-Y1#3,Y/Y1,30.0,83.181,90.617,11.2,42.512
3,S-Y1#3,Y/Y1,30.0,85.991,199.337,3.258,64.512
3,S-Y1#3,Y/Y1,30.0,52.505,175.645,3.741,51.307
3,S-Y1#3,Y/Y1,30.0,66.78,198.843,7.403,50.187
3,S-Y1#3,Y/Y1,30.0,37.108,185.135,15.447,20.131
3,S-Y1#3,Y/Y1,30.0,94.978,51.031,8.105,48.862
3,S-Y1#3,Y/Y1,30.0,124.051,131.533,1.398,83.328
3,S-Y1#3,Y/Y1,30.0,114.85,41.221,0.847,86.217
3,S-Y1#3,Y/Y1,30.0,132.308,3.003,0.6,95.76
3,S-Y1#3,Y/Y1,30.0,122.602,102.729,1.035,67.919
3,S-Y1#3,Y/Y1,30.0,83.072,100.213,6.27,44.577
3,S-Y1#3,Y/Y1,30.0,60.142,164.284,3.066,26.539
3,S-Y1#3,Y/Y1,30.0,16.247,245.778,4.44,8.902
3,S-Y1#3,Y/Y1,30.0,5.436,153.161,0.559,2.717
3,S-Y1#3,Y/Y1,30.0,2.085,124.357,5.516,0.846
3,S-Y1#3,Y/Y1,30.0,55.069,147.592,0.628,16.384
3,S-Y1#3,Y/Y1,30.0,111.774,65.983,3.222,28.829
3,S-Y1#3,Y/Y1,30.0,156.537,116.393,4.128,48.248
3,S-Y1#3,Y/Y1,30.0,137.619,230.035,2.496,71.277
3,S-Y1#3,Y/Y1,30.0,63.537,211.995,1.528,58.962
3,S-Y1#3,Y/Y1,30.0,25.922,165.991,19.368,15.493
3,S-Y1#3,Y/Y1,30.0,23.238,288.539,34.577,7.689
3,S-Y1#3,Y/Y1,30.0,82.797,121.189,0.837,23.063
3,S-Y1#3,Y/Y1,30.0,123.135,178.281,1.233,46.342
3,S-Y1#3,Y/Y1,30.0,117.327,267.415,1.194,89.725
3,S-Y1#3,Y/Y1,30.0,56.576,135.046,1.605,231.502
3,S-Y1#3,Y/Y1,30.0,2.292,2.155,2.262,77.085
3,S-Y1#3,Y/Y1,30.0,1.414,1.504,1.472,64.515
3,S-Y1#3,Y/Y1,30.0,0.765,0.805,0.778,53.058
3,S-Y1#3,Y/Y1,30.0,2.185,0.465,0.484,196.717
3,S-Y1#3,Y/Y1,30.0,1.241,0.764,0.763,116.057
3,S-Y1#3,Y/Y1,30.0,1.284,0.768,0.766,109.579
3,S-Y1#3,Y/Y1,60.0,93.466,380.641,27.035,18.991
3,S-Y1#3,Y/Y1,60.0,123.26,641.235,3.848,26.138
3,S-Y1#3,Y/Y1,60.0,96.148,489.209,6.899,21.469
3,S-Y1#3,Y/Y1,60.0,135.987,590.723,16.872,27.802
3,S-Y1#3,Y/Y1,60.0,143.973,684.219,30.68,29.463
3,S-Y1#3,Y/Y1,60.0,148.733,676.146,32.502,31.522
3,S-Y1#3,Y/Y1,60.0,74.919,378.755,31.369,14.308
3,S-Y1#3,Y/Y1,60.0,36.305,665.954,10.928,5.422
3,S-Y1#3,Y/Y1,60.0,82.169,397.603,41.503,10.011
3,S-Y1#3,Y/Y1,60.0,137.773,380.781,22.155,15.589
3,S-Y1#3,Y/Y1,60.0,212.255,709.268,10.094,22.865
3,S-Y1#3,Y/Y1,60.0,303.298,1003.272,14.481,31.371
3,S-Y1#3,Y/Y1,60.0,339.956,1247.301,21.361,34.654
3,S-Y1#3,Y/Y1,60.0,319.972,1332.075,49.284,32.211
3,S-Y1#3,Y/Y1,60.0,305.902,1336.715,33.375,30.545
3,S-Y1#3,Y/Y1,60.0,306.427,1645.702,63.055,30.952
3,S-Y1#3,Y/Y1,60.0,214.532,1176.749,40.106,21.422
3,S-Y1#3,Y/Y1,60.0,87.244,152.692,20.458,8.75
3,S-Y1#3,Y/Y1,60.0,59.523,1266.687,105.754,6.022
3,S-Y1#3,Y/Y1,60.0,285.859,1610.648,25.707,28.989
3,S-Y1#3,Y/Y1,60.0,283.569,1361.345,14.858,29.321
3,S-Y1#3,Y/Y1,60.0,268.816,1046.764,504.711,26.98
3,S-Y1#3,Y/Y1,60.0,212.23,999.498,43.847,21.117
3,S-Y1#3,Y/Y1,60.0,331.53,1335.193,58.045,32.321
3,S-Y1#3,Y/Y1,60.0,422.125,1677.367,73.26,42.112
3,S-Y1#3,Y/Y1,60.0,380.241,1251.455,60.698,44.098
3,S-Y1#3,Y/Y1,60.0,279.58,1033.403,41.469,38.743
3,S-Y1#3,Y/Y1,60.0,129.693,876.818,30.133,23.816
3,S-Y1#3,Y/Y1,60.0,85.738,813.884,9.568,23.121
3,S-Y1#3,Y/Y1,60.0,107.117,778.011,9.429,48.975
3,S-Y1#3,Y/Y1,60.0,21.572,215.467,12.953,21.14
3,S-Y1#3,Y/Y1,60.0,26.069,28.047,11.221,28.323
3,S-Y1#3,Y/Y1,60.0,24.577,39.241,9.961,31.477
3,S-Y1#3,Y/Y1,60.0,34.667,74.345,14.863,39.359
3,S-Y1#3,Y/Y1,60.0,33.366,209.662,6.136,30.733
3,S-Y1#3,Y/Y1,60.0,19.129,106.736,19.491,15.817
3,S-Y1#3,Y/Y1,60.0,27.793,85.84,12.732,18.705
3,S-Y1#3,Y/Y1,60.0,19.011,76.941,3.82,14.117
3,S-Y1#3,Y/Y1,60.0,17.696,77.486,5.493,13.238
3,S-Y1#3,Y/Y1,60.0,38.425,117.181,3.662,24.668
3,S-Y1#3,Y/Y1,60.0,16.456,15.027,4.088,11.419
3,S-Y1#3,Y/Y1,60.0,24.758,235.244,1.642,23.008
3,S-Y1#3,Y/Y1,60.0,21.207,50.168,5.937,35.569
3,S-Y1#3,Y/Y1,60.0,31.652,53.254,18.201,49.593
3,S-Y1#3,Y/Y1,60.0,51.174,119.148,35.036,34.119
3,S-Y1#3,Y/Y1,60.0,11.16,454.197,14.631,4.662
3,S-Y1#3,Y/Y1,60.0,78.65,344.693,31.757,22.348
3,S-Y1#3,Y/Y1,60.0,81.825,479.717,39.434,16.671
3,S-Y1#3,Y/Y1,60.0,91.337,598.426,45.897,14.91
3,S-Y1#3,Y/Y1,60.0,120.285,510.858,21.862,16.745
3,S-Y1#3,Y/Y1,60.0,244.36,676.126,26.236,34.757
3,S-Y1#3,Y/Y1,60.0,227.848,434.761,20.103,36.959
3,S-Y1#3,Y/Y1,60.0,206.337,353.586,3.98,40.682
3,S-Y1#3,Y/Y1,60.0,170.163,319.845,7.786,37.539
3,S-Y1#3,Y/Y1,60.0,140.535,245.625,18.253,30.783
3,S-Y1#3,Y/Y1,60.0,112.248,80.082,25.118,23.506
3,S-Y1#3,Y/Y1,60.0,120.762,189.633,26.106,23.302
3,S-Y1#3,Y/Y1,60.0,143.203,548.043,19.543,24.362
3,S-Y1#3,Y/Y1,60.0,199.604,199.39,32.384,34.093
3,S-Y1#3,Y/Y1,60.0,186.434,178.951,8.905,37.331
3,S-Y1#3,Y/Y1,60.0,147.955,439.948,4.374,39.459
3,S-Y1#3,Y/Y1,60.0,103.214,448.649,3.267,40.031
3,S-Y1#3,Y/Y1,60.0,72.247,551.457,11.398,30.089
3,S-Y1#3,Y/Y1,60.0,88.107,195.921,31.261,34.684
3,S-Y1#3,Y/Y1,60.0,345.963,364.941,314.868,93.571
3,S-Y1#3,Y/Y1,60.0,190.153,500.085,175.844,37.737
3,S-Y1#3,Y/Y1,60.0,264.812,624.554,223.396,42.288
3,S-Y1#3,Y/Y1,60.0,122.347,335.592,30.325,16.608
3,S-Y1#3,Y/Y1,60.0,95.313,235.251,37.518,12.41
3,S-Y1#3,Y/Y1,60.0,54.399,302.945,46.471,6.941
3,S-Y1#3,Y/Y1,60.0,62.127,289.804,48.651,8.206
3,S-Y1#3,Y/Y1,60.0,31.041,212.351,31.478,4.481
3,S-Y1#3,Y/Y1,60.0,80.116,103.201,54.871,12.408
3,S-Y1#3,Y/Y1,60.0,55.276,328.52,51.248,9.153
3,S-Y1#3,Y/Y1,60.0,33.282,159.401,75.143,5.67
3,S-Y1#3,Y/Y1,60.0,70.421,301.459,75.567,12.333
3,S-Y1#3,Y/Y1,60.0,80.37,247.516,84.65,13.59
3,S-Y1#3,Y/Y1,60.0,117.221,425.553,86.611,18.684
3,S-Y1#3,Y/Y1,60.0,122.074,155.711,74.921,19.5
3,S-Y1#3,Y/Y1,60.0,125.125,573.908,66.952,20.61
3,S-Y1#3,Y/Y1,60.0,58.727,503.197,42.822,10.231
3,S-Y1#3,Y/Y1,60.0,13.018,573.224,57.68,2.334
3,S-Y1#3,Y/Y1,60.0,19.606,859.576,71.969,3.62
3,S-Y1#3,Y/Y1,60.0,110.406,765.641,68.433,20.019
3,S-Y1#3,Y/Y1,60.0,103.703,119.755,71.247,18.348
3,S-Y1#3,Y/Y1,60.0,113.946,671.228,39.951,19.587
3,S-Y1#3,Y/Y1,60.0,53.812,569.683,26.781,8.839
3,S-Y1#3,Y/Y1,60.0,75.535,389.075,26.641,12.094
3,S-Y1#3,Y/Y1,60.0,91.674,326.498,43.578,14.494
3,S-Y1#3,Y/Y1,60.0,117.397,260.759,46.733,19.201
3,S-Y1#3,Y/Y1,60.0,139.715,852.712,43.399,23.567
3,S-Y1#3,Y/Y1,60.0,142.78,905.293,44.477,24.471
3,S-Y1#3,Y/Y1,60.0,135.359,207.731,33.399,26.787
3,S-Y1#3,Y/Y1,60.0,108.808,227.307,27.558,22.391
3,S-Y1#3,Y/Y1,60.0,106.148,425.482,27.871,23.835
3,S-Y1#3,Y/Y1,60.0,119.376,368.308,28.011,33.801
3,S-Y1#3,Y/Y1,60.0,128.69,655.039,19.559,45.351
3,S-Y1#3,Y/Y1,60.0,92.42,303.529,11.547,31.872
3,S-Y1#3,Y/Y1,60.0,154.102,72.193,10.741,40.801
3,S-Y1#3,Y/Y1,60.0,195.619,386.858,20.803,51.63
3,S-Y1#3,Y/Y1,60.0,151.527,296.259,23.968,45.976
3,S-Y1#3,Y/Y1,60.0,139.287,326.664,18.576,41.988
3,S-Y1#3,Y/Y1,60.0,133.123,184.689,17.497,32.698
3,S-Y1#3,Y/Y1,60.0,163.231,238.284,20.088,37.333
3,S-Y1#3,Y/Y1,60.0,112.394,304.414,37.633,24.922
3,S-Y1#3,Y/Y1,60.0,103.442,191.412,45.531,21.419
3,S-Y1#3,Y/Y1,60.0,82.686,561.085,40.896,14.595
3,S-Y1#3,Y/Y1,60.0,126.499,381.95,33.507,20.154
3,S-Y1#3,Y/Y1,60.0,124.751,144.306,22.295,22.645
3,S-Y1#3,Y/Y1,60.0,98.867,454.456,13.554,22.376
3,S-Y1#3,Y/Y1,60.0,94.165,591.901,2.395,26.97
3,S-Y1#3,Y/Y1,60.0,88.42,718.045,4.35,28.924
3,S-Y1#3,Y/Y1,60.0,94.662,468.196,2.665,29.86
3,S-Y1#3,Y/Y1,60.0,24.273,374.124,3.715,6.242
3,S-Y1#3,Y/Y1,60.0,44.439,519.4,21.355,8.534
3,S-Y1#3,Y/Y1,60.0,45.107,621.08,26.279,6.955
3,S-Y1#3,Y/Y1,60.0,27.15,287.867,6.315,3.648
3,S-Y1#3,Y/Y1,60.0,14.468,425.873,24.896,1.852
3,S-Y1#3,Y/Y1,60.0,23.311,754.503,32.063,2.949
3,S-Y1#3,Y/Y1,60.0,38.587,1051.695,51.204,4.901
3,S-Y1#3,Y/Y1,60.0,74.527,1224.613,58.77,9.571
3,S-Y1#3,Y/Y1,60.0,88.647,944.067,64.319,11.351
3,S-Y1#3,Y/Y1,60.0,103.691,703.926,58.038,13.4
3,S-Y1#3,Y/Y1,60.0,152.232,273.544,52.673,19.43
3,S-Y1#3,Y/Y1,60.0,134.618,544.172,63.297,17.101
3,S-Y1#3,Y/Y1,60.0,138.887,362.55,61.361,17.661
3,S-Y1#3,Y/Y1,60.0,152.944,526.686,46.855,19.361
3,S-Y1#3,Y/Y1,60.0,183.736,761.44,60.129,23.441
3,S-Y1#3,Y/Y1,60.0,250.253,1008.681,54.204,31.908
3,S-Y1#3,Y/Y1,60.0,245.324,850.455,53.023,31.627
3,S-Y1#3,Y/Y1,60.0,319.226,1046.197,38.543,41.508
3,S-Y1#3,Y/Y1,60.0,297.289,1235.64,54.739,38.833
3,S-Y1#3,Y/Y1,60.0,194.216,813.656,31.824,25.427
3,S-Y1#3,Y/Y1,60.0,146.95,716.616,29.975,18.967
3,S-Y1#3,Y/Y1,60.0,162.345,248.531,40.842,20.617
3,S-Y1#3,Y/Y1,60.0,155.744,478.404,54.816,19.955
3,S-Y1#3,Y/Y1,60.0,181.535,466.866,55.752,25.901
3,S-Y1#3,Y/Y1,60.0,88.871,99.235,28.196,13.619
3,S-Y1#3,Y/Y1,60.0,77.437,378.184,22.405,11.957
3,S-Y1#3,Y/Y1,60.0,117.184,606.938,38.612,18.058
3,S-Y1#3,Y/Y1,60.0,271.41,856.272,57.068,41.531
3,S-Y1#3,Y/Y1,60.0,202.121,849.149,64.309,31.348
3,S-Y1#3,Y/Y1,60.0,51.551,581.859,68.772,7.281
3,S-Y1#3,Y/Y1,60.0,44.714,280.588,63.768,5.703
3,S-Y1#3,Y/Y1,60.0,49.384,784.963,89.357,6.045
3,S-Y1#3,Y/Y1,60.0,62.045,1103.532,108.821,7.644
3,S-Y1#3,Y/Y1,60.0,55.057,1381.054,107.778,6.986
3,S-Y1#3,Y/Y1,60.0,86.487,753.579,69.319,12.634
3,S-Y1#3,Y/Y1,60.0,101.709,687.316,48.346,16.175
3,S-Y1#3,Y/Y1,60.0,141.602,435.683,47.484,24.55
3,S-Y1#3,Y/Y1,60.0,203.48,428.195,43.442,45.305
3,S-Y1#3,Y/Y1,60.0,188.097,458.721,22.941,58.884
3,S-Y1#3,Y/Y1,60.0,115.816,35.125,10.208,57.382
3,S-Y1#3,Y/Y1,60.0,78.373,124.64,6.133,40.079
3,S-Y1#3,Y/Y1,60.0,77.979,472.08,6.346,43.702
3,S-Y1#3,Y/Y1,60.0,49.497,296.873,9.246,28.882
3,S-Y1#3,Y/Y1,60.0,37.369,240.41,39.197,14.223
3,S-Y1#3,Y/Y1,60.0,44.226,383.543,61.183,10.889
3,S-Y1#3,Y/Y1,60.0,55.882,508.18,78.382,10.369
3,S-Y1#3,Y/Y1,60.0,128.687,812.241,34.068,20.191
3,S-Y1#3,Y/Y1,60.0,97.222,395.794,3.422,13.715
3,S-Y1#3,Y/Y1,60.0,42.47,164.465,11.609,5.913
3,S-Y1#3,Y/Y1,60.0,76.856,24.044,1.3,10.512
3,S-Y1#3,Y/Y1,60.0,160.664,5.78,17.33,22.067
3,S-Y1#3,Y/Y1,60.0,242.705,254.581,6.386,33.329
3,S-Y1#3,Y/Y1,60.0,231.641,503.493,30.673,31.392
3,S-Y1#3,Y/Y1,60.0,92.923,422.457,39.835,13.594
3,S-Y1#3,Y/Y1,60.0,21.767,816.29,31.662,3.621
3,S-Y1#3,Y/Y1,60.0,27.862,202.789,25.182,5.85
3,S-Y1#3,Y/Y1,60.0,30.702,62.188,11.595,8.76
3,S-Y1#3,Y/Y1,60.0,41.41,182.216,14.121,19.049
3,S-Y1#3,Y/Y1,60.0,29.938,120.131,11.372,27.904
3,S-Y1#3,Y/Y1,60.0,78.503,69.588,9.981,152.599
3,S-Y1#3,Y/Y1,60.0,63.651,68.63,9.583,75.662
3,S-Y1#3,Y/Y1,60.0,132.247,95.206,188.121,76.991
3,S-Y1#3,Y/Y1,60.0,47.579,221.1,4.083,17.183
3,S-Y1#3,Y/Y1,60.0,36.845,358.672,4.974,8.773
3,S-Y1#3,Y/Y1,60.0,27.983,489.848,7.859,4.976
3,S-Y1#3,Y/Y1,60.0,70.416,498.726,16.714,10.649
3,S-Y1#3,Y/Y1,60.0,107.252,975.993,7.942,14.949
3,S-Y1#3,Y/Y1,60.0,146.426,486.629,9.655,19.592
3,S-Y1#3,Y/Y1,60.0,201.614,762.595,14.942,26.984
3,S-Y1#3,Y/Y1,60.0,279.048,884.531,6.067,39.189
3,S-Y1#3,Y/Y1,60.0,362.525,286.938,19.466,53.998
3,S-Y1#3,Y/Y1,60.0,313.808,602.18,5.23,47.934
3,S-Y1#3,Y/Y1,60.0,215.756,760.086,12.91,33.522
3,S-Y1#3,Y/Y1,60.0,150.613,1068.674,19.557,25.161
3,S-Y1#3,Y/Y1,60.0,172.057,657.722,10.107,30.711
3,S-Y1#3,Y/Y1,60.0,154.285,562.183,9.843,31.011
3,S-Y1#3,Y/Y1,60.0,82.376,485.519,13.567,17.683
3,S-Y1#3,Y/Y1,60.0,65.859,727.764,13.283,14.108
3,S-Y1#3,Y/Y1,60.0,53.427,699.045,10.472,11.027
3,S-Y1#3,Y/Y1,60.0,93.174,259.511,6.044,19.178
3,S-Y1#3,Y/Y1,60.0,97.188,305.476,4.022,18.63
3,S-Y1#3,Y/Y1,60.0,111.096,30.942,2.314,18.48
3,S-Y1#3,Y/Y1,60.0,79.149,664.666,1.617,11.996
3,S-Y1#3,Y/Y1,60.0,90.497,1043.273,2.834,12.764
3,S-Y1#3,Y/Y1,60.0,37.332,1182.356,12.063,5.126
3,S-Y1#3,Y/Y1,60.0,64.455,85.951,13.975,8.137
3,S-Y1#3,Y/Y1,60.0,104.321,201.709,10.526,12.822
3,S-Y1#3,Y/Y1,60.0,189.008,315.083,1.159,24.084
3,S-Y1#3,Y/Y1,60.0,132.187,67.825,10.805,17.962
3,S-Y1#3,Y/Y1,60.0,143.674,147.183,10.681,19.929
3,S-Y1#3,Y/Y1,60.0,110.974,616.45,19.717,15.61
3,S-Y1#3,Y/Y1,60.0,68.911,887.628,29.597,10.137
3,S-Y1#3,Y/Y1,60.0,103.146,999.121,21.261,17.477
3,S-Y1#3,Y/Y1,60.0,94.241,500.25,5.146,16.153
3,S-Y1#3,Y/Y1,60.0,122.918,542.944,9.463,21.498
3,S-Y1#3,Y/Y1,60.0,109.181,660.063,10.629,21.652
3,S-Y1#3,Y/Y1,60.0,127.179,801.374,8.255,28.267
3,S-Y1#3,Y/Y1,60.0,120.78,443.182,14.639,28.896
3,S-Y1#3,Y/Y1,60.0,154.016,355.579,14.263,34.308
3,S-Y1#3,Y/Y1,60.0,114.555,291.241,13.055,25.752
3,S-Y1#3,Y/Y1,60.0,70.029,207.91,8.523,15.421
3,S-Y1#3,Y/Y1,60.0,18.129,36.748,10.389,3.761
3,S-Y1#3,Y/Y1,60.0,54.811,491.098,15.278,11.199
3,S-Y1#3,Y/Y1,60.0,137.198,512.649,11.304,29.7
3,S-Y1#3,Y/Y1,60.0,187.595,663.649,10.664,38.303
3,S-Y1#3,Y/Y1,60.0,264.437,382.984,17.566,49.171
3,S-Y1#3,Y/Y1,60.0,349.891,665.783,53.049,58.199
3,S-Y1#3,Y/Y1,60.0,310.251,937.985,21.627,52.27
3,S-Y1#3,Y/Y1,60.0,187.832,573.225,15.623,36.246
3,S-Y1#3,Y/Y1,60.0,104.104,403.668,7.138,22.342
3,S-Y1#3,Y/Y1,60.0,157.054,430.779,1.551,44.114
3,S-Y1#3,Y/Y1,60.0,203.483,631.583,1.948,91.711
3,S-Y1#3,Y/Y1,60.0,189.258,633.193,1.772,230.633
3,S-Y1#3,Y/Y1,60.0,96.513,124.669,1.108,1153.732
3,S-Y1#3,Y/Y1,60.0,44.718,41.067,1.475,85.115
3,S-Y1#3,Y/Y1,60.0,24.257,143.034,0.58,15.203
3,S-Y1#3,Y/Y1,60.0,55.485,263.744,1.363,19.34
3,S-Y1#3,Y/Y1,60.0,75.649,380.289,2.549,18.667
3,S-Y1#3,Y/Y1,60.0,55.032,400.217,3.906,12.919
3,S-Y1#3,Y/Y1,60.0,45.21,448.534,4.222,10.613
3,S-Y1#3,Y/Y1,60.0,26.445,367.271,4.209,7.067
3,S-Y1#3,Y/Y1,60.0,39.241,491.14,2.533,14.587
3,S-Y1#3,Y/Y1,60.0,64.251,617.2,1.741,34.271
3,S-Y1#3,Y/Y1,60.0,52.839,223.998,0.424,33.754
3,S-Y1#3,Y/Y1,60.0,87.479,226.14,8.5,38.196
3,S-Y1#3,Y/Y1,60.0,82.308,238.577,9.647,34.055
3,S-Y1#3,Y/Y1,60.0,78.596,245.521,9.462,31.402
3,S-Y1#3,Y/Y1,60.0,39.069,113.126,6.919,11.536
3,S-Y1#3,Y/Y1,60.0,39.951,458.511,12.417,9.485
3,S-Y1#3,Y/Y1,60.0,148.709,717.228,19.842,31.701
3,S-Y1#3,Y/Y1,60.0,167.017,575.459,14.459,33.705
3,S-Y1#3,Y/Y1,60.0,165.362,582.874,18.351,27.726
3,S-Y1#3,Y/Y1,60.0,195.443,970.848,30.087,27.515
3,S-Y1#3,Y/Y1,60.0,183.902,506.872,19.055,27.744
3,S-Y1#3,Y/Y1,60.0,118.196,180.255,5.983,19.063
3,S-Y1#3,Y/Y1,60.0,105.972,432.355,10.485,17.915
3,S-Y1#3,Y/Y1,60.0,112.293,613.691,19.362,19.013
3,S-Y1#3,Y/Y1,60.0,122.136,661.435,27.77,20.07
3,S-Y1#3,Y/Y1,60.0,178.464,670.631,40.326,29.405
3,S-Y1#3,Y/Y1,60.0,103.687,672.467,13.721,15.204
3,S-Y1#3,Y/Y1,60.0,82.333,391.261,25.754,11.421
3,S-Y1#3,Y/Y1,60.0,37.728,161.366,19.009,5.164
3,S-Y1#3,Y/Y1,60.0,40.366,721.293,17.002,5.773
3,S-Y1#3,Y/Y1,60.0,100.261,967.009,13.75,14.458
3,S-Y1#3,Y/Y1,60.0,89.863,186.369,18.773,13.709
3,S-Y1#3,Y/Y1,60.0,52.199,714.102,23.482,8.203
3,S-Y1#3,Y/Y1,60.0,55.295,558.046,16.502,9.211
3,S-Y1#3,Y/Y1,60.0,24.04,490.259,17.016,3.906
3,S-Y1#3,Y/Y1,60.0,75.596,624.531,19.231,10.513
3,S-Y1#3,Y/Y1,60.0,196.184,827.715,27.255,24.269
3,S-Y1#3,Y/Y1,60.0,315.598,973.798,27.543,34.777
3,S-Y1#3,Y/Y1,60.0,277.62,990.868,22.86,32.272
3,S-Y1#3,Y/Y1,60.0,153.944,120.246,17.362,19.702
3,S-Y1#3,Y/Y1,60.0,124.513,476.289,11.87,18.18
3,S-Y1#3,Y/Y1,60.0,99.802,717.356,10.15,18.087
3,S-Y1#3,Y/Y1,60.0,107.005,767.65,17.78,23.018
3,S-Y1#3,Y/Y1,60.0,43.444,227.593,35.017,8.913
3,S-Y1#3,Y/Y1,60.0,118.317,581.996,34.499,18.927
3,S-Y1#3,Y/Y1,60.0,126.861,717.297,47.181,16.137
3,S-Y1#3,Y/Y1,60.0,144.919,946.071,25.669,16.515
3,S-Y1#3,Y/Y1,60.0,139.584,300.19,19.05,16.147
3,S-Y1#3,Y/Y1,60.0,172.245,547.176,7.094,20.826
3,S-Y1#3,Y/Y1,60.0,93.803,218.811,5.974,13.275
3,S-Y1#3,Y/Y1,60.0,97.506,327.89,4.807,15.952
3,S-Y1#3,Y/Y1,60.0,121.588,504.982,7.971,23.514
3,S-Y1#3,Y/Y1,60.0,49.696,420.171,5.888,10.677
3,S-Y1#3,Y/Y1,60.0,37.479,531.532,5.693,7.687
3,S-Y1#3,Y/Y1,60.0,84.616,464.405,1.292,17.746
3,S-Y1#3,Y/Y1,60.0,89.971,315.159,7.294,18.983
3,S-Y1#3,Y/Y1,60.0,140.279,614.121,13.105,30.551
3,S-Y1#3,Y/Y1,60.0,109.001,534.981,11.023,24.74
3,S-Y1#3,Y/Y1,60.0,120.491,640.9,16.329,26.967
3,S-Y1#3,Y/Y1,60.0,120.535,671.182,26.182,24.716
3,S-Y1#3,Y/Y1,60.0,122.242,655.24,18.774,25.79
3,S-Y1#3,Y/Y1,60.0,137.773,724.062,21.822,30.03
3,S-Y1#3,Y/Y1,60.0,151.251,467.621,12.677,37.963
3,S-Y1#3,Y/Y1,60.0,125.694,234.433,8.714,31.74
3,S-Y1#3,Y/Y1,60.0,135.959,210.486,1.784,31.102
3,S-Y1#3,Y/Y1,60.0,153.382,256.617,5.366,32.832
3,S-Y1#3,Y/Y1,60.0,155.986,307.635,6.348,30.335
3,S-Y1#3,Y/Y1,60.0,122.386,422.654,7.688,22.566
3,S-Y1#3,Y/Y1,60.0,76.643,445.554,14.998,14.55
3,S-Y1#3,Y/Y1,60.0,11.535,169.235,4.363,2.324
3,S-Y1#3,Y/Y1,60.0,26.976,354.097,4.702,5.542
3,S-Y1#3,Y/Y1,60.0,68.768,277.43,2.756,15.521
3,S-Y1#3,Y/Y1,60.0,125.019,737.505,2.128,28.105
3,S-Y1#3,Y/Y1,60.0,91.73,480.954,5.135,18.988
3,S-Y1#3,Y/Y1,60.0,113.716,605.76,58.501,18.476
3,S-Y1#3,Y/Y1,60.0,178.551,176.233,8.482,26.607
3,S-Y1#3,Y/Y1,60.0,205.683,118.985,12.385,32.048
3,S-Y1#3,Y/Y1,60.0,211.979,17.034,1.717,35.206
3,S-Y1#3,Y/Y1,60.0,202.548,319.941,4.033,41.513
3,S-Y1#3,Y/Y1,60.0,173.7,422.327,9.221,45.929
3,S-Y1#3,Y/Y1,60.0,151.431,395.551,1.395,46.629
3,S-Y1#3,Y/Y1,60.0,100.152,226.297,3.759,30.507
3,S-Y1#3,Y/Y1,60.0,81.982,429.452,6.101,29.131
3,S-Y1#3,Y/Y1,60.0,225.98,270.225,235.582,76.621
3,S-Y1#3,Y/Y1,60.0,271.625,304.397,266.249,76.669
3,S-Y1#3,Y/Y1,60.0,56.635,424.65,18.006,13.115
3,S-Y1#3,Y/Y1,60.0,66.686,150.943,24.588,13.722
3,S-Y1#3,Y/Y1,60.0,132.869,316.683,43.637,23.974
3,S-Y1#3,Y/Y1,60.0,164.809,286.683,46.55,23.804
3,S-Y1#3,Y/Y1,60.0,170.545,982.883,51.872,21.659
3,S-Y1#3,Y/Y1,60.0,227.552,1144.255,82.707,25.308
3,S-Y1#3,Y/Y1,60.0,229.822,406.344,77.776,23.681
3,S-Y1#3,Y/Y1,60.0,297.01,1126.574,111.359,29.124
3,S-Y1#3,Y/Y1,60.0,329.559,1425.505,135.621,31.157
3,S-Y1#3,Y/Y1,60.0,331.063,1395.265,148.985,31.052
3,S-Y1#3,Y/Y1,60.0,365.808,1719.892,177.958,33.561
3,S-Y1#3,Y/Y1,60.0,339.531,1270.776,162.878,30.609
3,S-Y1#3,Y/Y1,60.0,261.469,230.205,129.668,23.491
3,S-Y1#3,Y/Y1,60.0,265.013,1646.348,137.65,23.656
3,S-Y1#3,Y/Y1,60.0,275.876,1691.846,148.968,24.562
3,S-Y1#3,Y/Y1,60.0,206.311,1678.484,130.563,18.552
3,S-Y1#3,Y/Y1,60.0,168.585,1328.491,201.593,14.956
3,S-Y1#3,Y/Y1,60.0,204.616,1430.929,224.882,18.201
3,S-Y1#3,Y/Y1,60.0,229.411,1781.739,243.401,20.8
3,S-Y1#3,Y/Y1,60.0,211.389,1558.76,201.217,21.968
3,S-Y1#3,Y/Y1,60.0,134.383,1145.702,138.081,17.463
3,S-Y1#3,Y/Y1,60.0,119.153,495.865,124.543,19.533
3,S-Y1#3,Y/Y1,60.0,87.243,714.443,57.115,19.599
3,S-Y1#3,Y/Y1,60.0,139.042,755.893,25.104,53.253
3,S-Y1#3,Y/Y1,60.0,90.468,480.093,21.794,68.346
3,S-Y1#3,Y/Y1,60.0,7.357,118.995,16.727,4.496
3,S-Y1#3,Y/Y1,60.0,53.483,215.721,74.495,18.635
3,S-Y1#3,Y/Y1,60.0,66.293,350.695,88.888,15.752
3,S-Y1#3,Y/Y1,60.0,92.598,517.309,106.391,17.337
3,S-Y1#3,Y/Y1,60.0,121.661,646.559,108.267,17.501
3,S-Y1#3,Y/Y1,60.0,155.427,1186.959,158.46,18.125
3,S-Y1#3,Y/Y1,60.0,120.596,212.736,149.019,12.916
3,S-Y1#3,Y/Y1,60.0,122.126,545.153,154.188,13.137
3,S-Y1#3,Y/Y1,60.0,157.212,726.011,145.376,18.764
3,S-Y1#3,Y/Y1,60.0,188.119,714.175,125.699,26.669
3,S-Y1#3,Y/Y1,60.0,55.975,408.831,72.939,9.099
3,S-Y1#3,Y/Y1,60.0,83.911,787.482,58.708,16.31
3,S-Y1#3,Y/Y1,60.0,106.133,859.621,81.329,22.919
3,S-Y1#3,Y/Y1,60.0,88.382,606.604,98.942,18.977
3,S-Y1#3,Y/Y1,60.0,72.94,783.864,104.671,13.722
3,S-Y1#3,Y/Y1,60.0,48.027,648.866,92.584,7.512
3,S-Y1#3,Y/Y1,60.0,125.012,27.091,8.016,19.235
3,S-Y1#3,Y/Y1,60.0,52.978,205.622,71.213,8.065
3,S-Y1#3,Y/Y1,60.0,63.241,108.875,63.052,9.544
3,S-Y1#3,Y/Y1,60.0,38.388,65.064,48.737,6.167
3,S-Y1#3,Y/Y1,60.0,46.524,240.304,34.871,7.693
3,S-Y1#3,Y/Y1,60.0,80.573,556.587,32.47,13.494
3,S-Y1#3,Y/Y1,60.0,147.234,789.554,47.509,22.395
3,S-Y1#3,Y/Y1,60.0,150.116,997.796,55.101,21.529
3,S-Y1#3,Y/Y1,60.0,153.502,833.607,52.179,21.878
3,S-Y1#3,Y/Y1,60.0,194.655,1204.861,66.319,25.73
3,S-Y1#3,Y/Y1,60.0,121.665,333.001,52.167,16.81
3,S-Y1#3,Y/Y1,60.0,73.614,526.738,41.591,10.788
3,S-Y1#3,Y/Y1,60.0,62.72,446.429,31.883,9.795
3,S-Y1#3,Y/Y1,60.0,67.066,279.097,25.376,12.615
3,S-Y1#3,Y/Y1,60.0,52.902,521.594,26.936,10.534
3,S-Y1#3,Y/Y1,60.0,65.032,708.527,25.577,14.739
3,S-Y1#3,Y/Y1,60.0,46.791,358.529,29.677,10.938
3,S-Y1#3,Y/Y1,60.0,55.574,454.526,20.511,14.545
3,S-Y1#3,Y/Y1,60.0,38.223,75.249,8.204,13.472
3,S-Y1#3,Y/Y1,60.0,14.415,88.62,3.936,5.021
3,S-Y1#3,Y/Y1,60.0,14.148,134.77,2.634,5.351
3,S-Y1#3,Y/Y1,60.0,81.274,137.947,9.951,27.621
3,S-Y1#3,Y/Y1,60.0,84.876,83.837,14.404,27.074
3,S-Y1#3,Y/Y1,60.0,390.521,225.842,416.029,127.223
3,S-Y1#3,Y/Y1,60.0,14.398,289.985,19.144,4.175
3,S-Y1#3,Y/Y1,60.0,34.074,504.131,14.379,10.095
3,S-Y1#3,Y/Y1,60.0,42.168,554.856,3.026,14.967
3,S-Y1#3,Y/Y1,60.0,57.801,232.89,8.375,23.219
3,S-Y1#3,Y/Y1,60.0,88.02,426.092,6.633,33.709
3,S-Y1#3,Y/Y1,60.0,114.677,114.83,7.714,37.809
3,S-Y1#3,Y/Y1,60.0,96.817,57.533,4.646,26.945
3,S-Y1#3,Y/Y1,60.0,92.148,392.518,32.55,22.49
3,S-Y1#3,Y/Y1,60.0,131.297,194.306,9.531,28.763
3,S-Y1#3,Y/Y1,60.0,157.578,445.254,10.284,34.836
3,S-Y1#3,Y/Y1,60.0,148.771,561.036,7.26,34.905
3,S-Y1#3,Y/Y1,60.0,112.901,604.363,8.78,25.307
3,S-Y1#3,Y/Y1,60.0,51.073,171.947,4.584,11.612
3,S-Y1#3,Y/Y1,60.0,88.806,409.332,5.698,18.951
3,S-Y1#3,Y/Y1,60.0,76.023,548.418,9.575,15.055
3,S-Y1#3,Y/Y1,60.0,50.694,563.607,16.561,9.485
3,S-Y1#3,Y/Y1,60.0,42.891,413.356,28.087,7.67
3,S-Y1#3,Y/Y1,60.0,71.88,638.609,32.281,13.602
3,S-Y1#3,Y/Y1,60.0,79.383,584.806,33.643,15.822
3,S-Y1#3,Y/Y1,60.0,78.535,543.822,34.086,16.697
3,S-Y1#3,Y/Y1,60.0,123.925,717.254,45.971,26.664
3,S-Y1#3,Y/Y1,60.0,49.331,378.033,17.016,11.374
3,S-Y1#3,Y/Y1,60.0,95.74,184.643,24.25,22.538
3,S-Y1#3,Y/Y1,60.0,144.38,16.541,39.953,31.641
3,S-Y1#3,Y/Y1,60.0,266.83,462.115,59.928,52.979
3,S-Y1#3,Y/Y1,60.0,196.07,129.217,78.997,35.534
3,S-Y1#3,Y/Y1,60.0,182.423,542.141,84.85,31.192
3,S-Y1#3,Y/Y1,60.0,61.222,593.143,94.097,9.846
3,S-Y1#3,Y/Y1,60.0,36.664,245.921,86.449,5.797
3,S-Y1#3,Y/Y1,60.0,10.682,165.462,78.193,1.651
3,S-Y1#3,Y/Y1,60.0,20.204,41.391,54.565,3.377
3,S-Y1#3,Y/Y1,60.0,55.472,500.815,31.867,9.984
3,S-Y1#3,Y/Y1,60.0,37.819,562.662,38.449,7.565
3,S-Y1#3,Y/Y1,60.0,97.563,194.884,35.084,19.485
3,S-Y1#3,Y/Y1,60.0,165.824,479.131,66.326,30.699
3,S-Y1#3,Y/Y1,60.0,167.152,425.329,62.797,31.83
3,S-Y1#3,Y/Y1,60.0,170.629,319.551,53.679,30.116
3,S-Y1#3,Y/Y1,60.0,112.45,725.087,64.891,18.27
3,S-Y1#3,Y/Y1,60.0,50.555,664.73,54.736,7.689
3,S-Y1#3,Y/Y1,60.0,21.144,226.055,45.597,3.197
3,S-Y1#3,Y/Y1,60.0,71.952,1035.273,45.465,10.693
3,S-Y1#3,Y/Y1,60.0,103.145,773.295,26.186,15.908
3,S-Y1#3,Y/Y1,60.0,56.065,475.428,19.544,10.069
3,S-Y1#3,Y/Y1,60.0,35.468,429.894,19.723,7.113
3,S-Y1#3,Y/Y1,60.0,24.492,223.016,17.854,5.151
3,S-Y1#3,Y/Y1,60.0,34.014,406.926,8.56,7.306
3,S-Y1#3,Y/Y1,60.0,66.584,234.785,11.027,15.397
3,S-Y1#3,Y/Y1,60.0,16.446,187.2,16.289,3.256
3,S-Y1#3,Y/Y1,60.0,83.413,437.168,26.774,13.168
3,S-Y1#3,Y/Y1,60.0,115.677,405.306,32.508,17.676
3,S-Y1#3,Y/Y1,60.0,137.04,990.807,31.727,22.149
3,S-Y1#3,Y/Y1,60.0,78.24,241.69,11.684,13.402
3,S-Y1#3,Y/Y1,60.0,137.679,186.753,2.838,25.249
3,S-Y1#3,Y/Y1,60.0,193.042,727.019,1.757,41.348
3,S-Y1#3,Y/Y1,60.0,249.296,973.287,3.085,61.182
3,S-Y1#3,Y/Y1,60.0,213.764,423.953,6.065,55.203
3,S-Y1#3,Y/Y1,60.0,195.762,203.225,8.775,47.005
3,S-Y1#3,Y/Y1,60.0,142.722,389.879,11.471,31.826
3,S-Y1#3,Y/Y1,60.0,55.194,461.711,10.902,11.484
3,S-Y1#3,Y/Y1,60.0,47.698,726.094,9.274,9.194
3,S-Y1#3,Y/Y1,60.0,62.412,721.737,4.28,13.584
3,S-Y1#3,Y/Y1,60.0,82.23,365.702,3.403,20.33
3,S-Y1#3,Y/Y1,60.0,81.884,323.77,4.263,21.297
3,S-Y1#3,Y/Y1,60.0,84.632,467.542,7.141,20.441
3,S-Y1#3,Y/Y1,60.0,53.355,572.759,12.898,11.824
3,S-Y1#3,Y/Y1,60.0,30.083,572.33,12.176,6.75
3,S-Y1#3,Y/Y1,60.0,80.485,465.927,25.554,15.352
3,S-Y1#3,Y/Y1,60.0,75.671,650.615,11.02,12.193
3,S-Y1#3,Y/Y1,60.0,82.641,612.831,24.004,13.093
3,S-Y1#3,Y/Y1,60.0,49.945,987.184,7.165,9.323
3,S-Y1#3,Y/Y1,60.0,85.571,395.152,6.431,21.112
3,S-Y1#3,Y/Y1,60.0,73.919,442.741,7.375,21.181
3,S-Y1#3,Y/Y1,60.0,101.706,407.297,7.146,29.917
3,S-Y1#3,Y/Y1,60.0,73.03,164.223,11.253,20.737
3,S-Y1#3,Y/Y1,60.0,64.679,390.038,10.96,15.095
3,S-Y1#3,Y/Y1,60.0,35.767,475.496,31.771,7.066
3,S-Y1#3,Y/Y1,60.0,9.732,546.626,7.423,1.633
3,S-Y1#3,Y/Y1,60.0,44.863,781.381,18.663,6.631
3,S-Y1#3,Y/Y1,60.0,24.134,397.748,21.804,3.311
3,S-Y1#3,Y/Y1,60.0,51.897,340.312,14.549,6.619
3,S-Y1#3,Y/Y1,60.0,138.569,418.988,18.257,17.034
3,S-Y1#3,Y/Y1,60.0,221.37,421.917,33.636,24.927
3,S-Y1#3,Y/Y1,60.0,256.941,1054.773,80.135,26.042
3,S-Y1#3,Y/Y1,60.0,312.89,785.279,58.656,29.586
3,S-Y1#3,Y/Y1,60.0,306.028,1493.813,51.873,29.424
3,S-Y1#3,Y/Y1,60.0,337.059,1759.757,110.129,29.795
3,S-Y1#3,Y/Y1,60.0,247.312,135.312,91.659,21.705
3,S-Y1#3,Y/Y1,60.0,199.962,1285.08,58.999,17.368
3,S-Y1#3,Y/Y1,60.0,213.791,1767.684,64.031,18.973
3,S-Y1#3,Y/Y1,60.0,211.05,1507.826,56.764,19.708
3,S-Y1#3,Y/Y1,60.0,630.967,1011.175,544.397,61.307
3,S-Y1#3,Y/Y1,60.0,132.166,364.245,64.926,15.162
3,S-Y1#3,Y/Y1,60.0,146.248,355.104,69.844,17.979
3,S-Y1#3,Y/Y1,60.0,110.934,665.497,85.51,14.94
3,S-Y1#3,Y/Y1,60.0,60.096,1263.116,76.865,8.578
3,S-Y1#3,Y/Y1,60.0,28.699,923.289,45.474,4.306
3,S-Y1#3,Y/Y1,60.0,48.01,69.983,71.488,6.692
3,S-Y1#3,Y/Y1,60.0,72.421,57.028,59.937,9.761
3,S-Y1#3,Y/Y1,60.0,83.049,95.291,38.43,12.018
3,S-Y1#3,Y/Y1,60.0,105.134,155.103,29.5,16.568
3,S-Y1#3,Y/Y1,60.0,84.389,429.866,16.516,13.342
3,S-Y1#3,Y/Y1,60.0,116.474,148.001,11.68,17.377
3,S-Y1#3,Y/Y1,60.0,117.242,884.979,11.743,19.304
3,S-Y1#3,Y/Y1,60.0,112.377,891.157,7.653,20.833
3,S-Y1#3,Y/Y1,60.0,93.11,633.736,7.232,19.68
3,S-Y1#3,Y/Y1,60.0,32.886,426.844,9.745,7.22
3,S-Y1#3,Y/Y1,60.0,75.558,697.053,3.094,19.894
3,S-Y1#3,Y/Y1,60.0,114.691,571.139,3.247,37.997
3,S-Y1#3,Y/Y1,60.0,128.541,441.025,24.077,54.348
3,S-Y1#3,Y/Y1,60.0,112.146,54.209,4.649,60.863
3,S-Y1#3,Y/Y1,60.0,101.033,181.084,4.467,40.928
3,S-Y1#3,Y/Y1,60.0,90.642,290.769,7.366,35.073
3,S-Y1#3,Y/Y1,60.0,33.653,413.255,9.833,12.193
3,S-Y1#3,Y/Y1,60.0,51.495,287.34,7.341,17.624
3,S-Y1#3,Y/Y1,60.0,119.506,259.489,21.007,35.272
3,S-Y1#3,Y/Y1,60.0,140.725,422.154,6.259,38.264
3,S-Y1#3,Y/Y1,60.0,121.933,44.248,2.81,34.751
3,S-Y1#3,Y/Y1,60.0,114.979,116.879,6.492,31.091
3,S-Y1#3,Y/Y1,60.0,102.008,111.556,2.705,28.051
3,S-Y1#3,Y/Y1,60.0,71.967,40.221,3.721,19.631
3,S-Y1#3,Y/Y1,60.0,100.32,3.427,1.862,25.125
3,S-Y1#3,Y/Y1,60.0,122.733,63.785,0.534,29.436
3,S-Y1#3,Y/Y1,60.0,157.276,425.718,1.301,40.018
3,S-Y1#3,Y/Y1,60.0,130.365,220.343,5.429,38.165
3,S-Y1#3,Y/Y1,60.0,110.118,310.111,6.82,32.618
3,S-Y1#3,Y/Y1,60.0,91.731,53.651,3.78,26.555
3,S-Y1#3,Y/Y1,60.0,114.436,94.984,2.712,34.26
3,S-Y1#3,Y/Y1,60.0,113.278,163.777,5.596,33.898
3,S-Y1#3,Y/Y1,60.0,66.681,180.269,13.006,17.341
3,S-Y1#3,Y/Y1,60.0,11.305,52.029,1.845,2.786
3,S-Y1#3,Y/Y1,60.0,71.2,55.999,2.827,17.944
3,S-Y1#3,Y/Y1,60.0,84.408,406.106,6.065,21.576
3,S-Y1#3,Y/Y1,60.0,64.695,280.227,15.185,16.492
3,S-Y1#3,Y/Y1,60.0,98.151,158.212,11.728,23.084
3,S-Y1#3,Y/Y1,60.0,108.012,537.708,12.953,26.459
3,S-Y1#3,Y/Y1,60.0,60.131,370.895,12.63,13.093
3,S-Y1#3,Y/Y1,60.0,70.763,494.915,13.518,15.195
3,S-Y1#3,Y/Y1,60.0,167.168,616.104,8.544,34.906
3,S-Y1#3,Y/Y1,60.0,126.519,438.924,7.205,27.77
3,S-Y1#3,Y/Y1,60.0,132.057,332.608,7.173,34.04
3,S-Y1#3,Y/Y1,60.0,158.892,705.64,5.954,40.252
3,S-Y1#3,Y/Y1,60.0,122.83,538.011,0.926,35.226
3,S-Y1#3,Y/Y1,60.0,145.077,423.347,3.403,38.295
3,S-Y1#3,Y/Y1,60.0,188.897,496.68,10.59,51.067
3,S-Y1#3,Y/Y1,60.0,163.574,238.067,13.282,42.442
3,S-Y1#3,Y/Y1,60.0,171.725,478.187,6.568,46.299
3,S-Y1#3,Y/Y1,60.0,180.81,436.839,10.808,51.68
3,S-Y1#3,Y/Y1,60.0,130.861,364.053,11.379,37.157
3,S-Y1#3,Y/Y1,60.0,134.702,335.783,13.982,39.029
3,S-Y1#3,Y/Y1,60.0,134.862,273.76,11.517,48.896
3,S-Y1#3,Y/Y1,60.0,95.754,234.628,8.3,34.661
3,S-Y1#3,Y/Y1,60.0,118.169,406.768,6.203,36.959
3,S-Y1#3,Y/Y1,60.0,118.293,352.881,13.579,38.317
3,S-Y1#3,Y/Y1,60.0,80.554,50.735,2.107,31.076
3,S-Y1#3,Y/Y1,60.0,28.689,67.526,2.97,14.883
3,S-Y1#3,Y/Y1,60.0,20.632,110.532,6.142,9.663
3,S-Y1#3,Y/Y1,60.0,14.344,81.375,6.764,7.324
3,S-Y1#3,Y/Y1,60.0,44.918,69.788,8.19,28.128
3,S-Y1#3,Y/Y1,60.0,54.065,171.857,7.601,32.667
3,S-Y1#3,Y/Y1,60.0,436.79,192.739,382.33,189.28
3,S-Y1#3,Y/Y1,60.0,93.55,345.559,1.171,37.002
3,S-Y1#3,Y/Y1,60.0,116.603,152.752,2.282,43.506
3,S-Y1#3,Y/Y1,60.0,115.497,54.445,2.787,48.78
3,S-Y1#3,Y/Y1,60.0,118.08,296.552,16.781,40.831
3,S-Y1#3,Y/Y1,60.0,155.307,139.303,1.347,47.322
3,S-Y1#3,Y/Y1,60.0,179.862,75.758,2.261,61.17
3,S-Y1#3,Y/Y1,60.0,155.811,167.532,8.138,46.5
3,S-Y1#3,Y/Y1,60.0,107.268,274.099,12.407,28.962
3,S-Y1#3,Y/Y1,60.0,179.177,245.588,3.879,43.449
3,S-Y1#3,Y/Y1,60.0,171.033,337.553,4.877,50.351
3,S-Y1#3,Y/Y1,60.0,101.341,235.604,6.516,33.17
3,S-Y1#3,Y/Y1,60.0,99.864,677.737,5.428,29.891
3,S-Y1#3,Y/Y1,60.0,80.207,385.076,10.37,23.729
3,S-Y1#3,Y/Y1,60.0,70.375,541.404,10.957,19.991
3,S-Y1#3,Y/Y1,60.0,119.861,298.879,17.666,31.833
3,S-Y1#3,Y/Y1,60.0,145.882,370.157,9.673,37.545
3,S-Y1#3,Y/Y1,60.0,108.833,467.154,8.667,30.208
3,S-Y1#3,Y/Y1,60.0,73.695,249.286,13.046,20.386
3,S-Y1#3,Y/Y1,60.0,31.38,120.003,2.861,8.476
3,S-Y1#3,Y/Y1,60.0,109.964,170.257,1.626,37.329
3,S-Y1#3,Y/Y1,60.0,160.908,27.884,2.936,75.042
3,S-Y1#3,Y/Y1,60.0,696.464,198.637,512.711,267.223
3,S-Y1#3,Y/Y1,60.0,236.209,106.408,6.915,84.976
3,S-Y1#3,Y/Y1,60.0,214.943,284.557,2.658,80.02
3,S-Y1#3,Y/Y1,60.0,157.26,223.424,2.132,69.911
3,S-Y1#3,Y/Y1,60.0,74.681,254.938,27.085,22.434
3,S-Y1#3,Y/Y1,60.0,57.485,183.004,6.038,12.426
3,S-Y1#3,Y/Y1,60.0,56.613,253.415,21.224,11.52
3,S-Y1#3,Y/Y1,60.0,67.197,791.059,12.017,13.686
3,S-Y1#3,Y/Y1,60.0,9.35,486.381,10.34,1.953
3,S-Y1#3,Y/Y1,60.0,34.081,197.365,6.017,6.798
3,S-Y1#3,Y/Y1,60.0,34.579,425.311,9.74,7.829
3,S-Y1#3,Y/Y1,60.0,58.227,581.883,11.075,14.722
3,S-Y1#3,Y/Y1,60.0,47.842,328.753,32.199,12.187
3,S-Y1#3,Y/Y1,60.0,54.934,285.873,34.375,13.424
3,S-Y1#3,Y/Y1,60.0,70.302,449.115,16.784,16.873
3,S-Y1#3,Y/Y1,60.0,78.32,557.015,12.051,17.234
3,S-Y1#3,Y/Y1,60.0,148.726,51.883,11.088,31.828
3,S-Y1#3,Y/Y1,60.0,137.729,183.029,4.724,31.098
3,S-Y1#3,Y/Y1,60.0,111.633,216.474,6.667,26.545
3,S-Y1#3,Y/Y1,60.0,66.232,283.68,6.634,14.732
3,S-Y1#3,Y/Y1,60.0,80.195,541.551,9.564,16.606
3,S-Y1#3,Y/Y1,60.0,95.087,706.489,12.082,21.467
3,S-Y1#3,Y/Y1,60.0,93.194,379.575,8.354,21.303
3,S-Y1#3,Y/Y1,60.0,103.557,606.847,16.749,23.231
3,S-Y1#3,Y/Y1,60.0,113.619,226.665,2.044,25.199
3,S-Y1#3,Y/Y1,60.0,121.636,479.959,5.773,31.105
3,S-Y1#3,Y/Y1,60.0,109.118,386.214,9.582,34.576
3,S-Y1#3,Y/Y1,60.0,69.777,164.78,9.497,22.236
3,S-Y1#3,Y/Y1,60.0,20.251,60.763,7.753,6.596
3,S-Y1#3,Y/Y1,60.0,55.755,59.218,8.531,20.032
3,S-Y1#3,Y/Y1,60.0,71.024,59.489,8.141,25.182
3,S-Y1#3,Y/Y1,60.0,392.835,151.307,333.124,128.133
3,S-Y1#3,Y/Y1,60.0,47.127,173.026,1.768,13.01
3,S-Y1#3,Y/Y1,60.0,83.483,157.112,3.513,22.435
3,S-Y1#3,Y/Y1,60.0,107.841,225.941,0.698,28.068
3,S-Y1#3,Y/Y1,60.0,145.014,598.428,3.467,33.098
3,S-Y1#3,Y/Y1,60.0,122.481,414.102,11.466,28.617
3,S-Y1#3,Y/Y1,60.0,100.519,250.462,8.474,21.126
3,S-Y1#3,Y/Y1,60.0,48.304,372.872,17.179,10.353
3,S-Y1#3,Y/Y1,60.0,26.729,139.809,3.643,5.376
3,S-Y1#3,Y/Y1,60.0,21.782,452.336,3.186,4.27
3,S-Y1#3,Y/Y1,60.0,31.739,511.534,3.854,6.335
3,S-Y1#3,Y/Y1,60.0,36.714,138.788,3.947,6.731
3,S-Y1#3,Y/Y1,60.0,50.478,155.964,6.302,10.023
3,S-Y1#3,Y/Y1,60.0,55.077,183.51,3.759,10.132
3,S-Y1#3,Y/Y1,60.0,72.822,131.303,1.159,14.012
3,S-Y1#3,Y/Y1,60.0,118.252,496.238,1.643,23.79
3,S-Y1#3,Y/Y1,60.0,140.248,683.356,4.251,31.581
3,S-Y1#3,Y/Y1,60.0,182.642,837.922,1.252,41.505
3,S-Y1#3,Y/Y1,60.0,223.301,190.56,9.721,50.296
3,S-Y1#3,Y/Y1,60.0,311.212,372.212,7.776,85.594
3,S-Y1#3,Y/Y1,60.0,330.346,378.352,5.261,109.049
3,S-Y1#3,Y/Y1,60.0,320.676,81.595,1.233,129.333
3,S-Y1#3,Y/Y1,60.0,319.416,222.202,0.87,106.131
3,S-Y1#3,Y/Y1,60.0,344.069,99.712,1.253,137.435
3,S-Y1#3,Y/Y1,60.0,273.585,77.357,7.197,108.89
3,S-Y1#3,Y/Y1,60.0,198.338,155.721,3.854,77.357
3,S-Y1#3,Y/Y1,60.0,138.596,175.668,4.754,54.199
3,S-Y1#3,Y/Y1,60.0,140.317,200.563,8.99,42.606
3,S-Y1#3,Y/Y1,60.0,128.544,287.598,11.06,40.47
3,S-Y1#3,Y/Y1,60.0,133.588,301.411,8.462,44.911
3,S-Y1#3,Y/Y1,60.0,168.15,478.056,14.461,59.438
3,S-Y1#3,Y/Y1,60.0,187.916,324.931,28.719,59.105
3,S-Y1#3,Y/Y1,60.0,257.151,150.369,14.266,77.215
3,S-Y1#3,Y/Y1,60.0,280.1,231.54,2.674,84.866
3,S-Y1#3,Y/Y1,60.0,245.957,171.846,2.13,76.886
3,S-Y1#3,Y/Y1,60.0,226.159,179.937,4.016,61.892
3,S-Y1#3,Y/Y1,60.0,188.284,397.998,3.765,51.741
3,S-Y1#3,Y/Y1,60.0,94.856,358.121,10.962,24.506
3,S-Y1#3,Y/Y1,60.0,67.197,607.025,4.592,14.196
3,S-Y1#3,Y/Y1,60.0,67.201,761.563,6.004,12.941
3,S-Y1#3,Y/Y1,60.0,131.099,425.062,5.261,22.259
3,S-Y1#3,Y/Y1,60.0,188.171,327.141,12.227,32.894
3,S-Y1#3,Y/Y1,60.0,212.559,160.035,2.173,40.061
3,S-Y1#3,Y/Y1,60.0,201.339,220.378,6.163,40.539
3,S-Y1#3,Y/Y1,60.0,186.842,323.253,4.165,37.994
3,S-Y1#3,Y/Y1,60.0,168.569,350.961,18.456,34.033
3,S-Y1#3,Y/Y1,60.0,138.508,168.799,20.012,29.614
3,S-Y1#3,Y/Y1,60.0,104.538,426.291,51.224,24.068
3,S-Y1#3,Y/Y1,60.0,97.615,405.396,49.112,22.475
3,S-Y1#3,Y/Y1,60.0,148.731,282.796,1.115,38.722
3,S-Y1#3,Y/Y1,60.0,133.501,556.48,1.828,49.683
3,S-Y1#3,Y/Y1,60.0,116.385,663.154,1.571,87.531
3,S-Y1#3,Y/Y1,60.0,57.487,293.282,2.245,222.014
3,S-Y1#3,Y/Y1,60.0,5.219,2.12,2.378,127.746
3,S-Y1#3,Y/Y1,60.0,2.157,1.536,1.52,68.727
3,S-Y1#3,Y/Y1,60.0,3.111,1.134,1.138,129.367
3,S-Y1#3,Y/Y1,60.0,4.309,1.213,1.247,197.684
3,S-Y1#3,Y/Y1,60.0,3.856,1.237,1.242,181.483
3,S-Y1#3,Y/Y1,120.0,194.462,837.69,17.028,19.137
3,S-Y1#3,Y/Y1,120.0,227.496,1142.717,69.969,19.935
3,S-Y1#3,Y/Y1,120.0,148.873,1174.239,73.63,11.729
3,S-Y1#3,Y/Y1,120.0,260.725,1651.465,128.012,18.975
3,S-Y1#3,Y/Y1,120.0,154.727,1318.858,144.68,10.91
3,S-Y1#3,Y/Y1,120.0,270.667,471.158,107.342,18.796
3,S-Y1#3,Y/Y1,120.0,335.892,835.577,69.448,22.3
3,S-Y1#3,Y/Y1,120.0,502.618,1115.479,49.563,30.193
3,S-Y1#3,Y/Y1,120.0,610.505,1343.375,51.6,33.472
3,S-Y1#3,Y/Y1,120.0,667.996,1638.716,66.852,35.617
3,S-Y1#3,Y/Y1,120.0,718.864,1729.505,54.459,37.222
3,S-Y1#3,Y/Y1,120.0,761.044,1823.315,70.846,38.721
3,S-Y1#3,Y/Y1,120.0,761.934,1877.867,48.836,38.654
3,S-Y1#3,Y/Y1,120.0,701.586,2172.224,73.135,35.412
3,S-Y1#3,Y/Y1,120.0,600.378,2169.112,55.109,30.471
3,S-Y1#3,Y/Y1,120.0,600.422,2002.822,62.212,30.196
3,S-Y1#3,Y/Y1,120.0,510.948,2152.626,69.643,25.448
3,S-Y1#3,Y/Y1,120.0,586.142,1607.048,83.149,28.954
3,S-Y1#3,Y/Y1,120.0,700.509,1799.628,136.744,35.158
3,S-Y1#3,Y/Y1,120.0,914.139,1708.647,150.81,49.414
3,S-Y1#3,Y/Y1,120.0,831.486,2160.741,118.648,49.187
3,S-Y1#3,Y/Y1,120.0,364.843,2422.938,598.14,23.649
3,S-Y1#3,Y/Y1,120.0,501.187,2118.524,90.216,36.377
3,S-Y1#3,Y/Y1,120.0,513.176,2366.418,96.509,41.182
3,S-Y1#3,Y/Y1,120.0,511.731,2682.342,99.648,46.305
3,S-Y1#3,Y/Y1,120.0,433.725,2284.312,80.308,45.44
3,S-Y1#3,Y/Y1,120.0,309.334,2038.929,53.402,38.677
3,S-Y1#3,Y/Y1,120.0,130.741,1925.76,37.864,20.666
3,S-Y1#3,Y/Y1,120.0,103.937,1841.998,13.122,21.66
3,S-Y1#3,Y/Y1,120.0,100.158,1642.716,8.033,29.485
3,S-Y1#3,Y/Y1,120.0,25.57,373.981,4.914,10.185
3,S-Y1#3,Y/Y1,120.0,13.417,68.301,8.186,5.918
3,S-Y1#3,Y/Y1,120.0,12.733,113.185,12.867,6.013
3,S-Y1#3,Y/Y1,120.0,10.226,107.984,17.467,4.185
3,S-Y1#3,Y/Y1,120.0,30.349,93.48,6.438,12.01
3,S-Y1#3,Y/Y1,120.0,16.723,67.576,15.14,7.296
3,S-Y1#3,Y/Y1,120.0,41.196,85.538,11.382,19.783
3,S-Y1#3,Y/Y1,120.0,20.971,37.038,4.761,10.565
3,S-Y1#3,Y/Y1,120.0,21.197,113.658,20.254,7.473
3,S-Y1#3,Y/Y1,120.0,43.732,390.55,26.386,11.049
3,S-Y1#3,Y/Y1,120.0,114.391,340.59,27.515,23.061
3,S-Y1#3,Y/Y1,120.0,112.839,647.134,64.399,18.855
3,S-Y1#3,Y/Y1,120.0,82.803,607.137,6.11,12.318
3,S-Y1#3,Y/Y1,120.0,245.218,715.121,178.582,31.333
3,S-Y1#3,Y/Y1,120.0,270.035,785.961,201.373,31.607
3,S-Y1#3,Y/Y1,120.0,232.046,1388.079,80.122,27.073
3,S-Y1#3,Y/Y1,120.0,220.923,838.791,57.575,25.674
3,S-Y1#3,Y/Y1,120.0,220.814,925.931,68.877,23.355
3,S-Y1#3,Y/Y1,120.0,229.048,1048.264,83.574,21.4
3,S-Y1#3,Y/Y1,120.0,286.879,994.184,23.677,23.971
3,S-Y1#3,Y/Y1,120.0,497.926,1556.918,22.742,40.75
3,S-Y1#3,Y/Y1,120.0,457.171,1061.605,7.951,37.958
3,S-Y1#3,Y/Y1,120.0,454.897,671.65,32.458,41.61
3,S-Y1#3,Y/Y1,120.0,372.153,587.493,45.934,39.017
3,S-Y1#3,Y/Y1,120.0,295.901,545.143,50.445,35.531
3,S-Y1#3,Y/Y1,120.0,242.929,282.837,48.411,32.982
3,S-Y1#3,Y/Y1,120.0,199.558,99.586,55.184,26.274
3,S-Y1#3,Y/Y1,120.0,214.123,734.795,59.415,25.411
3,S-Y1#3,Y/Y1,120.0,251.316,329.644,108.005,26.31
3,S-Y1#3,Y/Y1,120.0,258.74,603.315,101.429,25.789
3,S-Y1#3,Y/Y1,120.0,282.602,1206.584,120.17,28.227
3,S-Y1#3,Y/Y1,120.0,300.468,1225.311,135.007,30.195
3,S-Y1#3,Y/Y1,120.0,263.075,1369.795,144.883,26.066
3,S-Y1#3,Y/Y1,120.0,238.636,646.243,195.775,22.966
3,S-Y1#3,Y/Y1,120.0,1034.044,1107.794,1015.972,91.66
3,S-Y1#3,Y/Y1,120.0,439.981,1171.539,343.744,36.733
3,S-Y1#3,Y/Y1,120.0,514.594,1249.324,371.687,40.422
3,S-Y1#3,Y/Y1,120.0,141.089,576.451,140.174,10.515
3,S-Y1#3,Y/Y1,120.0,103.871,426.137,170.448,7.659
3,S-Y1#3,Y/Y1,120.0,118.731,554.794,200.46,8.755
3,S-Y1#3,Y/Y1,120.0,97.67,499.962,228.202,7.239
3,S-Y1#3,Y/Y1,120.0,76.973,347.004,220.706,5.828
3,S-Y1#3,Y/Y1,120.0,68.017,158.459,258.453,5.345
3,S-Y1#3,Y/Y1,120.0,78.647,426.705,232.051,6.49
3,S-Y1#3,Y/Y1,120.0,135.839,562.894,211.037,11.689
3,S-Y1#3,Y/Y1,120.0,176.091,630.183,206.451,15.583
3,S-Y1#3,Y/Y1,120.0,147.844,372.52,226.401,13.035
3,S-Y1#3,Y/Y1,120.0,167.215,1232.766,249.748,14.178
3,S-Y1#3,Y/Y1,120.0,152.212,653.077,252.685,12.767
3,S-Y1#3,Y/Y1,120.0,169.469,1353.587,229.754,14.249
3,S-Y1#3,Y/Y1,120.0,20.649,943.494,144.642,1.744
3,S-Y1#3,Y/Y1,120.0,105.586,473.914,70.726,8.922
3,S-Y1#3,Y/Y1,120.0,113.674,439.144,30.575,9.672
3,S-Y1#3,Y/Y1,120.0,97.701,221.953,62.854,8.393
3,S-Y1#3,Y/Y1,120.0,126.594,19.8,90.752,10.924
3,S-Y1#3,Y/Y1,120.0,183.95,213.111,112.593,15.774
3,S-Y1#3,Y/Y1,120.0,171.278,100.975,114.451,15.359
3,S-Y1#3,Y/Y1,120.0,198.938,531.561,110.208,17.894
3,S-Y1#3,Y/Y1,120.0,264.617,628.65,106.01,24.526
3,S-Y1#3,Y/Y1,120.0,288.345,803.373,85.244,29.873
3,S-Y1#3,Y/Y1,120.0,287.958,1162.065,66.647,32.814
3,S-Y1#3,Y/Y1,120.0,265.422,386.115,72.931,30.386
3,S-Y1#3,Y/Y1,120.0,312.411,925.969,89.277,35.355
3,S-Y1#3,Y/Y1,120.0,306.51,1249.293,101.595,35.388
3,S-Y1#3,Y/Y1,120.0,273.888,1351.346,89.526,35.339
3,S-Y1#3,Y/Y1,120.0,258.133,635.355,88.131,37.689
3,S-Y1#3,Y/Y1,120.0,259.895,1627.49,83.07,37.606
3,S-Y1#3,Y/Y1,120.0,292.798,755.837,66.188,40.201
3,S-Y1#3,Y/Y1,120.0,280.689,72.834,73.202,33.826
3,S-Y1#3,Y/Y1,120.0,308.407,659.159,106.721,35.751
3,S-Y1#3,Y/Y1,120.0,233.431,826.995,133.975,26.049
3,S-Y1#3,Y/Y1,120.0,267.947,937.803,135.675,27.921
3,S-Y1#3,Y/Y1,120.0,287.849,517.775,107.639,30.011
3,S-Y1#3,Y/Y1,120.0,293.258,482.948,83.569,33.315
3,S-Y1#3,Y/Y1,120.0,203.595,482.267,88.235,25.402
3,S-Y1#3,Y/Y1,120.0,207.687,118.253,83.631,26.291
3,S-Y1#3,Y/Y1,120.0,230.715,803.398,71.291,26.079
3,S-Y1#3,Y/Y1,120.0,305.874,712.537,65.365,30.09
3,S-Y1#3,Y/Y1,120.0,358.345,1067.963,58.479,33.44
3,S-Y1#3,Y/Y1,120.0,333.999,1632.328,52.942,30.631
3,S-Y1#3,Y/Y1,120.0,338.936,1669.118,25.134,30.979
3,S-Y1#3,Y/Y1,120.0,261.403,1615.472,33.227,24.028
3,S-Y1#3,Y/Y1,120.0,138.427,393.25,24.132,12.485
3,S-Y1#3,Y/Y1,120.0,23.783,954.89,48.107,2.019
3,S-Y1#3,Y/Y1,120.0,126.121,1075.109,32.137,9.697
3,S-Y1#3,Y/Y1,120.0,207.721,1157.213,42.357,14.518
3,S-Y1#3,Y/Y1,120.0,196.777,1098.313,102.42,12.951
3,S-Y1#3,Y/Y1,120.0,182.829,1810.226,150.03,11.676
3,S-Y1#3,Y/Y1,120.0,209.888,2146.81,171.463,13.292
3,S-Y1#3,Y/Y1,120.0,275.979,2428.196,212.932,17.523
3,S-Y1#3,Y/Y1,120.0,344.559,2364.118,221.569,21.948
3,S-Y1#3,Y/Y1,120.0,386.704,1112.42,218.691,24.693
3,S-Y1#3,Y/Y1,120.0,346.704,123.664,191.102,22.233
3,S-Y1#3,Y/Y1,120.0,595.576,1501.953,164.622,38.163
3,S-Y1#3,Y/Y1,120.0,602.547,1850.895,171.041,38.685
3,S-Y1#3,Y/Y1,120.0,633.14,1704.843,169.774,40.762
3,S-Y1#3,Y/Y1,120.0,692.872,1921.402,160.317,44.557
3,S-Y1#3,Y/Y1,120.0,737.156,2208.984,190.674,47.258
3,S-Y1#3,Y/Y1,120.0,774.478,2460.682,196.739,49.233
3,S-Y1#3,Y/Y1,120.0,646.863,2413.421,204.666,41.533
3,S-Y1#3,Y/Y1,120.0,685.224,2444.494,158.607,46.576
3,S-Y1#3,Y/Y1,120.0,522.213,2351.853,152.243,36.791
3,S-Y1#3,Y/Y1,120.0,268.822,1507.586,80.64,19.028
3,S-Y1#3,Y/Y1,120.0,200.659,1393.309,65.62,14.081
3,S-Y1#3,Y/Y1,120.0,248.784,650.047,89.752,17.249
3,S-Y1#3,Y/Y1,120.0,258.912,707.577,122.297,18.155
3,S-Y1#3,Y/Y1,120.0,206.407,774.664,137.311,14.645
3,S-Y1#3,Y/Y1,120.0,151.36,1156.119,162.257,10.528
3,S-Y1#3,Y/Y1,120.0,155.481,1436.493,209.714,10.607
3,S-Y1#3,Y/Y1,120.0,214.812,1633.867,239.805,14.693
3,S-Y1#3,Y/Y1,120.0,570.115,2076.345,257.243,39.508
3,S-Y1#3,Y/Y1,120.0,383.346,1489.429,234.938,28.822
3,S-Y1#3,Y/Y1,120.0,218.932,444.465,263.813,16.359
3,S-Y1#3,Y/Y1,120.0,314.106,1337.826,252.18,23.054
3,S-Y1#3,Y/Y1,120.0,227.793,1973.832,238.16,17.971
3,S-Y1#3,Y/Y1,120.0,197.344,2236.802,213.273,17.427
3,S-Y1#3,Y/Y1,120.0,185.467,2429.829,168.329,18.726
3,S-Y1#3,Y/Y1,120.0,184.461,1111.177,116.045,20.959
3,S-Y1#3,Y/Y1,120.0,190.015,1432.269,85.779,23.511
3,S-Y1#3,Y/Y1,120.0,156.526,1220.0,70.569,20.901
3,S-Y1#3,Y/Y1,120.0,181.161,1075.556,89.575,25.448
3,S-Y1#3,Y/Y1,120.0,179.891,1076.078,106.527,24.791
3,S-Y1#3,Y/Y1,120.0,117.537,588.941,116.388,15.866
3,S-Y1#3,Y/Y1,120.0,147.234,681.637,92.372,17.672
3,S-Y1#3,Y/Y1,120.0,202.947,1208.457,74.369,22.856
3,S-Y1#3,Y/Y1,120.0,69.659,817.796,63.666,7.82
3,S-Y1#3,Y/Y1,120.0,92.131,415.727,73.469,9.257
3,S-Y1#3,Y/Y1,120.0,155.028,272.808,24.148,13.652
3,S-Y1#3,Y/Y1,120.0,231.03,138.734,18.255,18.215
3,S-Y1#3,Y/Y1,120.0,287.242,42.522,54.083,20.87
3,S-Y1#3,Y/Y1,120.0,314.101,94.891,60.539,22.539
3,S-Y1#3,Y/Y1,120.0,316.218,161.818,55.804,23.948
3,S-Y1#3,Y/Y1,120.0,273.675,66.131,58.818,22.64
3,S-Y1#3,Y/Y1,120.0,277.615,47.286,62.581,25.707
3,S-Y1#3,Y/Y1,120.0,286.967,397.338,27.676,30.303
3,S-Y1#3,Y/Y1,120.0,205.866,616.301,45.062,24.337
3,S-Y1#3,Y/Y1,120.0,49.559,765.185,49.199,6.741
3,S-Y1#3,Y/Y1,120.0,47.087,991.034,42.365,6.871
3,S-Y1#3,Y/Y1,120.0,92.158,443.746,12.407,14.22
3,S-Y1#3,Y/Y1,120.0,78.767,465.137,17.344,12.554
3,S-Y1#3,Y/Y1,120.0,69.984,443.465,36.298,10.98
3,S-Y1#3,Y/Y1,120.0,57.062,408.629,48.113,8.521
3,S-Y1#3,Y/Y1,120.0,88.006,632.154,33.008,12.345
3,S-Y1#3,Y/Y1,120.0,137.763,632.233,34.827,17.172
3,S-Y1#3,Y/Y1,120.0,1188.321,605.122,1198.875,129.129
3,S-Y1#3,Y/Y1,120.0,142.924,672.275,26.119,13.939
3,S-Y1#3,Y/Y1,120.0,238.445,781.13,22.575,21.035
3,S-Y1#3,Y/Y1,120.0,409.744,880.64,25.676,33.181
3,S-Y1#3,Y/Y1,120.0,542.946,713.303,37.559,41.225
3,S-Y1#3,Y/Y1,120.0,636.916,1725.818,28.983,46.753
3,S-Y1#3,Y/Y1,120.0,668.997,826.697,35.569,49.657
3,S-Y1#3,Y/Y1,120.0,655.681,778.352,44.053,50.107
3,S-Y1#3,Y/Y1,120.0,669.008,757.958,26.733,55.252
3,S-Y1#3,Y/Y1,120.0,625.135,575.187,23.953,54.941
3,S-Y1#3,Y/Y1,120.0,383.426,270.284,24.094,34.155
3,S-Y1#3,Y/Y1,120.0,181.523,1185.857,30.002,16.079
3,S-Y1#3,Y/Y1,120.0,106.353,938.249,33.328,9.798
3,S-Y1#3,Y/Y1,120.0,112.382,1461.346,22.682,10.386
3,S-Y1#3,Y/Y1,120.0,134.967,1303.919,24.149,12.274
3,S-Y1#3,Y/Y1,120.0,136.052,965.45,32.799,12.08
3,S-Y1#3,Y/Y1,120.0,170.947,1079.494,33.681,14.525
3,S-Y1#3,Y/Y1,120.0,224.739,698.896,24.412,18.514
3,S-Y1#3,Y/Y1,120.0,309.193,1056.391,4.904,24.173
3,S-Y1#3,Y/Y1,120.0,293.719,937.769,9.703,21.976
3,S-Y1#3,Y/Y1,120.0,398.658,1151.889,13.381,28.738
3,S-Y1#3,Y/Y1,120.0,285.479,1475.295,13.353,20.435
3,S-Y1#3,Y/Y1,120.0,281.756,1923.61,11.192,19.686
3,S-Y1#3,Y/Y1,120.0,146.335,1787.669,30.499,10.157
3,S-Y1#3,Y/Y1,120.0,180.248,739.463,36.677,12.235
3,S-Y1#3,Y/Y1,120.0,234.864,734.251,33.161,16.714
3,S-Y1#3,Y/Y1,120.0,312.009,693.976,29.595,22.797
3,S-Y1#3,Y/Y1,120.0,330.51,842.271,45.179,25.252
3,S-Y1#3,Y/Y1,120.0,332.487,955.673,37.241,27.11
3,S-Y1#3,Y/Y1,120.0,312.956,1485.637,50.471,26.93
3,S-Y1#3,Y/Y1,120.0,233.084,1770.049,63.158,21.228
3,S-Y1#3,Y/Y1,120.0,265.806,1893.831,57.474,25.557
3,S-Y1#3,Y/Y1,120.0,196.337,570.645,41.573,19.078
3,S-Y1#3,Y/Y1,120.0,186.615,1154.865,40.051,18.186
3,S-Y1#3,Y/Y1,120.0,112.07,1243.42,42.687,11.355
3,S-Y1#3,Y/Y1,120.0,143.177,1128.077,42.631,15.229
3,S-Y1#3,Y/Y1,120.0,224.299,633.43,45.18,25.472
3,S-Y1#3,Y/Y1,120.0,313.79,1059.314,46.611,33.399
3,S-Y1#3,Y/Y1,120.0,443.477,808.627,49.812,45.092
3,S-Y1#3,Y/Y1,120.0,589.858,541.698,54.347,55.869
3,S-Y1#3,Y/Y1,120.0,457.804,335.666,58.029,42.526
3,S-Y1#3,Y/Y1,120.0,489.887,387.492,53.544,48.606
3,S-Y1#3,Y/Y1,120.0,525.9,434.582,45.097,56.624
3,S-Y1#3,Y/Y1,120.0,487.625,872.747,40.293,57.565
3,S-Y1#3,Y/Y1,120.0,466.925,1109.008,36.006,61.349
3,S-Y1#3,Y/Y1,120.0,455.651,899.802,63.458,66.566
3,S-Y1#3,Y/Y1,120.0,354.696,1558.964,21.51,58.902
3,S-Y1#3,Y/Y1,120.0,225.387,658.98,15.923,39.489
3,S-Y1#3,Y/Y1,120.0,97.772,934.266,7.528,15.631
3,S-Y1#3,Y/Y1,120.0,141.75,963.134,7.536,22.048
3,S-Y1#3,Y/Y1,120.0,77.882,1288.648,12.173,12.419
3,S-Y1#3,Y/Y1,120.0,74.588,1180.68,11.492,14.681
3,S-Y1#3,Y/Y1,120.0,37.697,490.252,23.229,8.678
3,S-Y1#3,Y/Y1,120.0,64.649,400.836,2.774,15.118
3,S-Y1#3,Y/Y1,120.0,63.817,403.473,2.896,14.848
3,S-Y1#3,Y/Y1,120.0,93.926,447.314,2.406,19.747
3,S-Y1#3,Y/Y1,120.0,123.004,531.075,1.27,21.869
3,S-Y1#3,Y/Y1,120.0,165.066,622.579,2.913,25.2
3,S-Y1#3,Y/Y1,120.0,155.639,724.153,3.069,23.31
3,S-Y1#3,Y/Y1,120.0,123.001,846.747,15.082,19.696
3,S-Y1#3,Y/Y1,120.0,71.101,868.471,10.422,11.697
3,S-Y1#3,Y/Y1,120.0,63.078,1154.631,16.919,10.352
3,S-Y1#3,Y/Y1,120.0,70.19,409.737,21.597,11.199
3,S-Y1#3,Y/Y1,120.0,101.435,381.406,16.688,13.991
3,S-Y1#3,Y/Y1,120.0,126.851,465.24,20.561,15.135
3,S-Y1#3,Y/Y1,120.0,159.857,567.735,23.919,16.632
3,S-Y1#3,Y/Y1,120.0,230.689,759.224,54.355,23.01
3,S-Y1#3,Y/Y1,120.0,315.304,1035.939,51.779,30.242
3,S-Y1#3,Y/Y1,120.0,361.662,1548.759,47.856,34.06
3,S-Y1#3,Y/Y1,120.0,303.462,980.556,28.584,27.909
3,S-Y1#3,Y/Y1,120.0,211.579,656.805,29.828,17.542
3,S-Y1#3,Y/Y1,120.0,173.407,481.358,47.151,13.154
3,S-Y1#3,Y/Y1,120.0,142.182,564.468,42.37,10.569
3,S-Y1#3,Y/Y1,120.0,177.066,1037.715,42.881,13.195
3,S-Y1#3,Y/Y1,120.0,191.939,1275.191,55.245,14.506
3,S-Y1#3,Y/Y1,120.0,200.588,1439.273,74.211,15.537
3,S-Y1#3,Y/Y1,120.0,168.025,1579.839,87.022,12.891
3,S-Y1#3,Y/Y1,120.0,210.89,1419.541,96.168,16.689
3,S-Y1#3,Y/Y1,120.0,91.934,1010.644,52.334,6.967
3,S-Y1#3,Y/Y1,120.0,79.698,695.153,65.298,6.027
3,S-Y1#3,Y/Y1,120.0,54.511,318.44,49.141,4.047
3,S-Y1#3,Y/Y1,120.0,75.489,165.725,56.516,5.318
3,S-Y1#3,Y/Y1,120.0,178.615,298.764,72.259,11.884
3,S-Y1#3,Y/Y1,120.0,269.49,863.175,91.945,17.231
3,S-Y1#3,Y/Y1,120.0,271.172,571.143,102.804,18.108
3,S-Y1#3,Y/Y1,120.0,241.876,745.998,97.821,17.493
3,S-Y1#3,Y/Y1,120.0,328.633,1018.823,84.107,25.239
3,S-Y1#3,Y/Y1,120.0,353.726,1838.661,65.844,27.788
3,S-Y1#3,Y/Y1,120.0,432.164,1690.156,71.578,33.885
3,S-Y1#3,Y/Y1,120.0,549.517,1631.672,86.288,39.359
3,S-Y1#3,Y/Y1,120.0,515.499,1283.641,104.214,34.705
3,S-Y1#3,Y/Y1,120.0,360.567,693.69,118.167,22.996
3,S-Y1#3,Y/Y1,120.0,278.249,1850.344,120.504,17.808
3,S-Y1#3,Y/Y1,120.0,158.31,1982.563,111.957,11.17
3,S-Y1#3,Y/Y1,120.0,131.571,1835.056,111.398,10.17
3,S-Y1#3,Y/Y1,120.0,40.438,721.03,92.782,3.381
3,S-Y1#3,Y/Y1,120.0,38.024,912.216,61.421,3.071
3,S-Y1#3,Y/Y1,120.0,94.522,738.796,61.583,7.244
3,S-Y1#3,Y/Y1,120.0,152.027,945.444,33.203,11.314
3,S-Y1#3,Y/Y1,120.0,199.265,534.188,28.701,14.729
3,S-Y1#3,Y/Y1,120.0,224.695,758.749,19.11,17.22
3,S-Y1#3,Y/Y1,120.0,134.907,1283.238,19.607,11.419
3,S-Y1#3,Y/Y1,120.0,169.419,1052.259,16.588,15.814
3,S-Y1#3,Y/Y1,120.0,191.665,816.863,16.766,19.999
3,S-Y1#3,Y/Y1,120.0,177.434,238.582,13.826,19.433
3,S-Y1#3,Y/Y1,120.0,216.455,183.41,20.774,22.18
3,S-Y1#3,Y/Y1,120.0,243.947,395.707,24.5,25.641
3,S-Y1#3,Y/Y1,120.0,271.369,547.831,30.053,29.063
3,S-Y1#3,Y/Y1,120.0,301.101,345.909,43.049,35.073
3,S-Y1#3,Y/Y1,120.0,301.598,305.606,43.196,36.013
3,S-Y1#3,Y/Y1,120.0,290.854,904.381,54.371,32.872
3,S-Y1#3,Y/Y1,120.0,220.178,1272.884,66.854,23.032
3,S-Y1#3,Y/Y1,120.0,137.707,1448.675,47.73,13.933
3,S-Y1#3,Y/Y1,120.0,163.458,1649.176,48.717,16.317
3,S-Y1#3,Y/Y1,120.0,207.918,983.486,25.607,22.472
3,S-Y1#3,Y/Y1,120.0,213.439,334.623,17.518,23.888
3,S-Y1#3,Y/Y1,120.0,232.125,220.951,5.042,25.085
3,S-Y1#3,Y/Y1,120.0,248.836,444.552,11.408,27.301
3,S-Y1#3,Y/Y1,120.0,257.033,580.506,12.066,26.767
3,S-Y1#3,Y/Y1,120.0,190.94,1090.057,12.679,18.618
3,S-Y1#3,Y/Y1,120.0,110.849,1008.738,26.467,9.705
3,S-Y1#3,Y/Y1,120.0,187.923,1072.902,3.711,16.086
3,S-Y1#3,Y/Y1,120.0,294.461,887.496,14.489,26.067
3,S-Y1#3,Y/Y1,120.0,321.119,1121.91,11.111,30.696
3,S-Y1#3,Y/Y1,120.0,326.774,1843.916,5.014,34.985
3,S-Y1#3,Y/Y1,120.0,279.659,875.104,3.262,32.421
3,S-Y1#3,Y/Y1,120.0,264.526,915.07,94.035,28.098
3,S-Y1#3,Y/Y1,120.0,301.358,343.355,17.702,30.135
3,S-Y1#3,Y/Y1,120.0,287.68,277.805,21.569,31.129
3,S-Y1#3,Y/Y1,120.0,202.585,505.042,11.673,22.583
3,S-Y1#3,Y/Y1,120.0,164.511,796.541,19.682,19.534
3,S-Y1#3,Y/Y1,120.0,122.923,881.07,38.92,15.162
3,S-Y1#3,Y/Y1,120.0,131.021,921.938,36.469,16.143
3,S-Y1#3,Y/Y1,120.0,100.574,776.433,58.417,11.391
3,S-Y1#3,Y/Y1,120.0,121.006,1116.862,88.19,12.419
3,S-Y1#3,Y/Y1,120.0,802.133,966.89,920.64,74.068
3,S-Y1#3,Y/Y1,120.0,993.778,1129.601,1095.245,79.246
3,S-Y1#3,Y/Y1,120.0,313.249,1231.121,177.148,22.314
3,S-Y1#3,Y/Y1,120.0,314.161,739.118,206.949,20.846
3,S-Y1#3,Y/Y1,120.0,420.878,1049.176,276.462,26.082
3,S-Y1#3,Y/Y1,120.0,505.1,1161.664,291.484,28.695
3,S-Y1#3,Y/Y1,120.0,414.269,1119.401,335.64,22.046
3,S-Y1#3,Y/Y1,120.0,505.176,839.852,382.81,25.134
3,S-Y1#3,Y/Y1,120.0,496.026,1900.698,412.245,23.786
3,S-Y1#3,Y/Y1,120.0,527.635,1792.261,461.524,24.631
3,S-Y1#3,Y/Y1,120.0,506.162,2003.193,463.302,23.19
3,S-Y1#3,Y/Y1,120.0,381.017,1954.617,459.538,17.476
3,S-Y1#3,Y/Y1,120.0,307.699,1684.954,487.88,13.861
3,S-Y1#3,Y/Y1,120.0,200.756,1922.984,492.87,8.982
3,S-Y1#3,Y/Y1,120.0,94.54,1656.824,504.267,4.263
3,S-Y1#3,Y/Y1,120.0,113.045,1668.328,504.788,5.423
3,S-Y1#3,Y/Y1,120.0,160.786,1790.371,469.985,8.487
3,S-Y1#3,Y/Y1,120.0,158.168,2339.662,401.439,9.185
3,S-Y1#3,Y/Y1,120.0,144.086,2646.126,420.697,9.152
3,S-Y1#3,Y/Y1,120.0,134.825,2635.072,361.215,9.72
3,S-Y1#3,Y/Y1,120.0,205.872,2984.702,324.005,16.65
3,S-Y1#3,Y/Y1,120.0,259.391,2697.451,289.537,23.036
3,S-Y1#3,Y/Y1,120.0,201.526,2191.016,259.762,19.074
3,S-Y1#3,Y/Y1,120.0,179.888,1152.643,336.251,17.44
3,S-Y1#3,Y/Y1,120.0,49.917,1633.707,339.202,5.097
3,S-Y1#3,Y/Y1,120.0,84.133,1496.12,376.461,8.798
3,S-Y1#3,Y/Y1,120.0,133.14,1234.34,441.819,13.441
3,S-Y1#3,Y/Y1,120.0,171.225,944.539,363.423,15.588
3,S-Y1#3,Y/Y1,120.0,166.961,1037.919,576.189,13.708
3,S-Y1#3,Y/Y1,120.0,133.72,1474.127,475.317,10.611
3,S-Y1#3,Y/Y1,120.0,129.93,1174.16,412.278,10.47
3,S-Y1#3,Y/Y1,120.0,117.882,1133.127,322.182,8.984
3,S-Y1#3,Y/Y1,120.0,184.325,1833.34,307.238,13.417
3,S-Y1#3,Y/Y1,120.0,117.007,498.531,240.881,8.369
3,S-Y1#3,Y/Y1,120.0,193.844,388.707,254.244,13.886
3,S-Y1#3,Y/Y1,120.0,254.818,510.177,304.166,18.599
3,S-Y1#3,Y/Y1,120.0,297.878,718.993,370.653,22.151
3,S-Y1#3,Y/Y1,120.0,165.605,1835.804,376.78,13.08
3,S-Y1#3,Y/Y1,120.0,192.255,2271.689,370.853,16.404
3,S-Y1#3,Y/Y1,120.0,146.399,2192.354,376.112,12.99
3,S-Y1#3,Y/Y1,120.0,153.061,1375.787,337.659,14.05
3,S-Y1#3,Y/Y1,120.0,104.826,1462.398,293.095,9.215
3,S-Y1#3,Y/Y1,120.0,121.976,932.501,222.646,9.856
3,S-Y1#3,Y/Y1,120.0,186.441,788.355,99.475,14.252
3,S-Y1#3,Y/Y1,120.0,223.424,858.855,186.835,16.489
3,S-Y1#3,Y/Y1,120.0,248.213,1310.828,188.905,18.176
3,S-Y1#3,Y/Y1,120.0,230.222,1313.052,191.021,16.684
3,S-Y1#3,Y/Y1,120.0,215.464,1611.973,173.534,16.205
3,S-Y1#3,Y/Y1,120.0,217.588,1762.21,156.06,16.987
3,S-Y1#3,Y/Y1,120.0,271.817,1497.889,170.775,20.921
3,S-Y1#3,Y/Y1,120.0,250.34,1917.793,153.735,20.35
3,S-Y1#3,Y/Y1,120.0,277.582,1687.755,144.276,23.035
3,S-Y1#3,Y/Y1,120.0,304.678,1995.596,141.8,25.411
3,S-Y1#3,Y/Y1,120.0,225.428,1065.155,117.763,19.571
3,S-Y1#3,Y/Y1,120.0,139.745,620.022,103.07,13.114
3,S-Y1#3,Y/Y1,120.0,65.765,813.21,67.23,7.112
3,S-Y1#3,Y/Y1,120.0,33.099,371.745,44.518,4.039
3,S-Y1#3,Y/Y1,120.0,30.629,654.62,35.665,3.99
3,S-Y1#3,Y/Y1,120.0,57.231,881.934,45.572,7.78
3,S-Y1#3,Y/Y1,120.0,116.694,511.548,46.779,15.726
3,S-Y1#3,Y/Y1,120.0,107.802,116.872,37.673,15.645
3,S-Y1#3,Y/Y1,120.0,148.406,429.738,37.277,23.606
3,S-Y1#3,Y/Y1,120.0,148.189,672.611,32.887,23.708
3,S-Y1#3,Y/Y1,120.0,134.301,846.159,25.872,24.547
3,S-Y1#3,Y/Y1,120.0,176.022,184.967,35.119,32.361
3,S-Y1#3,Y/Y1,120.0,155.382,506.981,39.783,27.016
3,S-Y1#3,Y/Y1,120.0,1049.85,558.421,999.033,171.857
3,S-Y1#3,Y/Y1,120.0,81.41,651.863,35.83,11.554
3,S-Y1#3,Y/Y1,120.0,130.924,1173.556,40.596,17.521
3,S-Y1#3,Y/Y1,120.0,166.661,773.408,17.591,22.561
3,S-Y1#3,Y/Y1,120.0,224.053,159.196,26.518,31.906
3,S-Y1#3,Y/Y1,120.0,226.772,781.694,17.328,32.961
3,S-Y1#3,Y/Y1,120.0,168.438,538.913,20.492,22.447
3,S-Y1#3,Y/Y1,120.0,162.946,516.657,11.892,20.366
3,S-Y1#3,Y/Y1,120.0,188.328,707.539,64.281,21.43
3,S-Y1#3,Y/Y1,120.0,276.89,728.77,27.499,28.776
3,S-Y1#3,Y/Y1,120.0,323.267,1190.52,35.379,32.728
3,S-Y1#3,Y/Y1,120.0,296.343,1153.73,35.814,30.056
3,S-Y1#3,Y/Y1,120.0,215.21,1220.737,42.26,22.059
3,S-Y1#3,Y/Y1,120.0,96.757,721.305,39.254,10.266
3,S-Y1#3,Y/Y1,120.0,77.279,697.361,46.492,8.222
3,S-Y1#3,Y/Y1,120.0,67.305,28.267,65.089,6.933
3,S-Y1#3,Y/Y1,120.0,54.852,112.897,41.952,5.66
3,S-Y1#3,Y/Y1,120.0,105.717,440.282,71.361,10.74
3,S-Y1#3,Y/Y1,120.0,269.283,536.039,112.029,27.32
3,S-Y1#3,Y/Y1,120.0,439.853,620.713,166.008,43.726
3,S-Y1#3,Y/Y1,120.0,560.397,872.908,214.287,54.769
3,S-Y1#3,Y/Y1,120.0,689.896,1438.15,266.217,65.697
3,S-Y1#3,Y/Y1,120.0,744.276,1468.516,291.64,70.48
3,S-Y1#3,Y/Y1,120.0,751.668,797.92,281.931,71.042
3,S-Y1#3,Y/Y1,120.0,785.806,182.576,295.617,71.153
3,S-Y1#3,Y/Y1,120.0,793.245,1252.04,256.071,71.911
3,S-Y1#3,Y/Y1,120.0,450.031,449.16,256.77,40.594
3,S-Y1#3,Y/Y1,120.0,346.035,1185.225,226.541,31.858
3,S-Y1#3,Y/Y1,120.0,178.986,1025.869,217.806,15.938
3,S-Y1#3,Y/Y1,120.0,93.032,398.86,237.71,7.926
3,S-Y1#3,Y/Y1,120.0,163.535,323.503,225.048,13.943
3,S-Y1#3,Y/Y1,120.0,193.359,216.195,216.512,16.591
3,S-Y1#3,Y/Y1,120.0,168.086,317.625,186.553,14.342
3,S-Y1#3,Y/Y1,120.0,309.352,439.062,211.474,26.708
3,S-Y1#3,Y/Y1,120.0,296.552,477.56,219.947,25.489
3,S-Y1#3,Y/Y1,120.0,440.399,1688.358,271.946,36.266
3,S-Y1#3,Y/Y1,120.0,399.593,1441.326,243.924,34.029
3,S-Y1#3,Y/Y1,120.0,263.472,348.214,176.045,23.425
3,S-Y1#3,Y/Y1,120.0,102.092,1595.068,170.462,9.154
3,S-Y1#3,Y/Y1,120.0,37.02,1137.042,133.767,3.264
3,S-Y1#3,Y/Y1,120.0,52.281,524.104,99.954,4.634
3,S-Y1#3,Y/Y1,120.0,108.039,1435.426,62.46,9.763
3,S-Y1#3,Y/Y1,120.0,131.275,1048.544,43.105,11.381
3,S-Y1#3,Y/Y1,120.0,85.134,276.607,54.485,7.149
3,S-Y1#3,Y/Y1,120.0,91.792,429.535,60.225,7.957
3,S-Y1#3,Y/Y1,120.0,111.471,844.651,55.956,10.178
3,S-Y1#3,Y/Y1,120.0,70.033,791.012,46.593,6.667
3,S-Y1#3,Y/Y1,120.0,78.146,863.187,44.494,7.983
3,S-Y1#3,Y/Y1,120.0,173.623,478.839,36.723,17.838
3,S-Y1#3,Y/Y1,120.0,207.563,375.966,46.16,19.913
3,S-Y1#3,Y/Y1,120.0,249.392,238.706,45.83,23.938
3,S-Y1#3,Y/Y1,120.0,243.282,800.976,38.568,23.488
3,S-Y1#3,Y/Y1,120.0,254.836,590.311,12.195,24.68
3,S-Y1#3,Y/Y1,120.0,254.24,939.728,0.964,24.771
3,S-Y1#3,Y/Y1,120.0,269.868,1160.223,0.43,27.363
3,S-Y1#3,Y/Y1,120.0,261.842,1144.371,0.495,30.183
3,S-Y1#3,Y/Y1,120.0,225.493,515.01,5.756,28.453
3,S-Y1#3,Y/Y1,120.0,190.215,828.64,13.558,23.722
3,S-Y1#3,Y/Y1,120.0,182.648,673.767,20.987,21.152
3,S-Y1#3,Y/Y1,120.0,98.945,710.143,27.796,10.607
3,S-Y1#3,Y/Y1,120.0,100.018,1005.143,29.199,10.362
3,S-Y1#3,Y/Y1,120.0,55.493,999.374,30.218,5.641
3,S-Y1#3,Y/Y1,120.0,95.581,1323.321,35.657,9.32
3,S-Y1#3,Y/Y1,120.0,178.574,1216.73,35.654,17.565
3,S-Y1#3,Y/Y1,120.0,170.07,1183.019,31.236,17.88
3,S-Y1#3,Y/Y1,120.0,105.01,1039.796,33.558,12.242
3,S-Y1#3,Y/Y1,120.0,78.994,954.737,31.318,9.928
3,S-Y1#3,Y/Y1,120.0,33.081,754.173,30.026,3.823
3,S-Y1#3,Y/Y1,120.0,114.002,768.476,30.456,11.709
3,S-Y1#3,Y/Y1,120.0,137.791,1547.094,57.472,12.998
3,S-Y1#3,Y/Y1,120.0,98.746,2159.514,38.543,9.476
3,S-Y1#3,Y/Y1,120.0,162.937,1323.184,45.659,16.272
3,S-Y1#3,Y/Y1,120.0,158.211,162.049,57.826,15.415
3,S-Y1#3,Y/Y1,120.0,128.9,957.455,55.327,12.046
3,S-Y1#3,Y/Y1,120.0,149.921,995.024,58.999,13.18
3,S-Y1#3,Y/Y1,120.0,241.861,1205.841,56.987,19.451
3,S-Y1#3,Y/Y1,120.0,216.587,1197.366,122.056,15.524
3,S-Y1#3,Y/Y1,120.0,276.847,1311.337,81.368,17.482
3,S-Y1#3,Y/Y1,120.0,328.703,2066.366,114.403,18.94
3,S-Y1#3,Y/Y1,120.0,340.598,1108.126,124.17,19.236
3,S-Y1#3,Y/Y1,120.0,404.871,228.127,170.192,21.119
3,S-Y1#3,Y/Y1,120.0,374.38,323.891,167.554,19.153
3,S-Y1#3,Y/Y1,120.0,394.563,1629.847,178.111,19.329
3,S-Y1#3,Y/Y1,120.0,322.719,729.261,226.557,15.256
3,S-Y1#3,Y/Y1,120.0,274.476,742.264,37.392,12.885
3,S-Y1#3,Y/Y1,120.0,237.274,2355.375,167.692,11.466
3,S-Y1#3,Y/Y1,120.0,295.577,2931.93,189.694,14.744
3,S-Y1#3,Y/Y1,120.0,224.582,1437.837,187.526,11.489
3,S-Y1#3,Y/Y1,120.0,280.638,2781.061,145.102,14.802
3,S-Y1#3,Y/Y1,120.0,533.897,3271.26,246.797,29.19
3,S-Y1#3,Y/Y1,120.0,602.876,2181.924,274.11,34.69
3,S-Y1#3,Y/Y1,120.0,1369.836,1483.213,1117.714,78.374
3,S-Y1#3,Y/Y1,120.0,481.801,550.367,280.261,29.836
3,S-Y1#3,Y/Y1,120.0,485.303,866.277,264.194,32.23
3,S-Y1#3,Y/Y1,120.0,386.194,1791.454,247.436,28.02
3,S-Y1#3,Y/Y1,120.0,222.544,2168.164,167.705,16.681
3,S-Y1#3,Y/Y1,120.0,167.592,1205.579,101.255,12.527
3,S-Y1#3,Y/Y1,120.0,181.693,903.693,118.471,13.701
3,S-Y1#3,Y/Y1,120.0,196.255,860.639,88.467,15.301
3,S-Y1#3,Y/Y1,120.0,215.78,983.563,57.041,18.528
3,S-Y1#3,Y/Y1,120.0,216.799,1107.033,50.812,19.87
3,S-Y1#3,Y/Y1,120.0,205.908,1133.6,35.261,20.313
3,S-Y1#3,Y/Y1,120.0,256.223,436.069,18.402,26.329
3,S-Y1#3,Y/Y1,120.0,265.336,1142.179,13.711,31.423
3,S-Y1#3,Y/Y1,120.0,249.322,931.734,9.165,34.433
3,S-Y1#3,Y/Y1,120.0,199.107,515.795,8.123,27.645
3,S-Y1#3,Y/Y1,120.0,124.388,549.025,10.644,17.408
3,S-Y1#3,Y/Y1,120.0,98.698,505.514,7.335,15.035
3,S-Y1#3,Y/Y1,120.0,87.961,333.523,9.325,14.8
3,S-Y1#3,Y/Y1,120.0,125.058,382.52,32.915,21.737
3,S-Y1#3,Y/Y1,120.0,141.031,309.661,14.713,25.523
3,S-Y1#3,Y/Y1,120.0,163.212,352.334,12.55,27.273
3,S-Y1#3,Y/Y1,120.0,174.537,394.973,7.062,27.744
3,S-Y1#3,Y/Y1,120.0,142.834,384.793,9.918,22.305
3,S-Y1#3,Y/Y1,120.0,19.543,248.288,9.988,2.963
3,S-Y1#3,Y/Y1,120.0,130.663,256.326,22.619,17.699
3,S-Y1#3,Y/Y1,120.0,176.844,469.738,6.95,22.519
3,S-Y1#3,Y/Y1,120.0,153.579,339.162,9.265,20.622
3,S-Y1#3,Y/Y1,120.0,159.053,418.902,7.011,22.346
3,S-Y1#3,Y/Y1,120.0,106.349,60.111,5.32,15.145
3,S-Y1#3,Y/Y1,120.0,42.512,8.575,4.341,5.963
3,S-Y1#3,Y/Y1,120.0,108.824,119.255,2.55,14.831
3,S-Y1#3,Y/Y1,120.0,128.521,155.926,4.8,17.095
3,S-Y1#3,Y/Y1,120.0,70.928,40.916,1.289,9.122
3,S-Y1#3,Y/Y1,120.0,187.677,53.36,5.433,25.094
3,S-Y1#3,Y/Y1,120.0,261.57,141.748,9.6,35.584
3,S-Y1#3,Y/Y1,120.0,235.309,395.678,10.826,31.906
3,S-Y1#3,Y/Y1,120.0,205.276,298.063,14.774,28.254
3,S-Y1#3,Y/Y1,120.0,284.693,258.748,7.899,37.462
3,S-Y1#3,Y/Y1,120.0,254.86,382.671,17.401,32.118
3,S-Y1#3,Y/Y1,120.0,86.641,395.071,13.964,10.005
3,S-Y1#3,Y/Y1,120.0,127.165,586.788,16.354,14.732
3,S-Y1#3,Y/Y1,120.0,128.629,1026.366,15.99,14.767
3,S-Y1#3,Y/Y1,120.0,228.984,652.077,24.253,26.978
3,S-Y1#3,Y/Y1,120.0,255.216,343.488,15.333,31.359
3,S-Y1#3,Y/Y1,120.0,293.488,1127.235,9.367,36.502
3,S-Y1#3,Y/Y1,120.0,221.486,475.206,10.717,27.386
3,S-Y1#3,Y/Y1,120.0,234.252,368.226,5.734,27.708
3,S-Y1#3,Y/Y1,120.0,343.764,1041.672,10.173,40.452
3,S-Y1#3,Y/Y1,120.0,245.204,200.052,12.156,29.156
3,S-Y1#3,Y/Y1,120.0,179.661,39.58,12.745,23.648
3,S-Y1#3,Y/Y1,120.0,151.933,418.944,11.283,20.388
3,S-Y1#3,Y/Y1,120.0,179.772,230.931,19.183,25.622
3,S-Y1#3,Y/Y1,120.0,246.481,800.868,23.568,34.005
3,S-Y1#3,Y/Y1,120.0,281.203,855.868,26.637,43.515
3,S-Y1#3,Y/Y1,120.0,265.182,376.427,31.905,40.065
3,S-Y1#3,Y/Y1,120.0,293.747,1056.552,27.584,42.509
3,S-Y1#3,Y/Y1,120.0,297.694,717.533,35.183,45.179
3,S-Y1#3,Y/Y1,120.0,189.291,294.117,23.01,30.922
3,S-Y1#3,Y/Y1,120.0,149.049,370.43,17.839,27.683
3,S-Y1#3,Y/Y1,120.0,135.23,388.698,14.858,27.622
3,S-Y1#3,Y/Y1,120.0,108.723,220.209,10.394,23.007
3,S-Y1#3,Y/Y1,120.0,95.725,316.456,6.177,19.945
3,S-Y1#3,Y/Y1,120.0,84.311,150.612,12.879,17.772
3,S-Y1#3,Y/Y1,120.0,45.435,247.446,3.168,9.273
3,S-Y1#3,Y/Y1,120.0,72.018,121.234,5.025,16.155
3,S-Y1#3,Y/Y1,120.0,112.45,232.302,12.887,23.334
3,S-Y1#3,Y/Y1,120.0,127.86,280.948,9.295,29.528
3,S-Y1#3,Y/Y1,120.0,228.781,281.533,11.593,50.961
3,S-Y1#3,Y/Y1,120.0,280.806,594.539,8.43,56.799
3,S-Y1#3,Y/Y1,120.0,1167.157,456.169,907.396,222.116
3,S-Y1#3,Y/Y1,120.0,257.171,732.299,6.24,43.705
3,S-Y1#3,Y/Y1,120.0,253.874,335.055,4.063,39.763
3,S-Y1#3,Y/Y1,120.0,344.544,237.315,8.052,53.029
3,S-Y1#3,Y/Y1,120.0,326.848,578.738,30.299,51.908
3,S-Y1#3,Y/Y1,120.0,267.691,305.4,6.408,42.21
3,S-Y1#3,Y/Y1,120.0,255.045,188.656,8.118,40.552
3,S-Y1#3,Y/Y1,120.0,201.371,487.495,16.868,29.887
3,S-Y1#3,Y/Y1,120.0,146.585,466.532,17.797,20.265
3,S-Y1#3,Y/Y1,120.0,137.526,828.191,13.547,17.432
3,S-Y1#3,Y/Y1,120.0,161.446,974.462,8.371,22.165
3,S-Y1#3,Y/Y1,120.0,159.744,616.154,4.774,23.969
3,S-Y1#3,Y/Y1,120.0,104.823,479.245,4.7,15.058
3,S-Y1#3,Y/Y1,120.0,109.778,343.992,8.221,15.482
3,S-Y1#3,Y/Y1,120.0,131.047,223.394,7.673,20.234
3,S-Y1#3,Y/Y1,120.0,62.213,138.644,10.224,10.519
3,S-Y1#3,Y/Y1,120.0,112.707,95.254,9.332,17.36
3,S-Y1#3,Y/Y1,120.0,192.509,201.261,7.781,30.135
3,S-Y1#3,Y/Y1,120.0,220.676,191.338,10.777,34.976
3,S-Y1#3,Y/Y1,120.0,257.509,432.407,7.585,43.215
3,S-Y1#3,Y/Y1,120.0,263.373,481.76,15.012,41.973
3,S-Y1#3,Y/Y1,120.0,313.281,224.475,6.383,46.251
3,S-Y1#3,Y/Y1,120.0,1576.998,547.78,1314.331,209.562
3,S-Y1#3,Y/Y1,120.0,337.396,24.514,9.022,43.832
3,S-Y1#3,Y/Y1,120.0,263.707,230.784,15.827,35.285
3,S-Y1#3,Y/Y1,120.0,180.736,169.036,14.037,24.85
3,S-Y1#3,Y/Y1,120.0,92.234,634.736,79.396,11.888
3,S-Y1#3,Y/Y1,120.0,117.311,312.508,9.863,13.65
3,S-Y1#3,Y/Y1,120.0,110.398,495.462,58.56,12.485
3,S-Y1#3,Y/Y1,120.0,118.386,1528.338,43.955,13.147
3,S-Y1#3,Y/Y1,120.0,46.538,816.079,40.515,5.193
3,S-Y1#3,Y/Y1,120.0,98.604,738.371,37.81,10.309
3,S-Y1#3,Y/Y1,120.0,155.681,1083.529,43.618,17.111
3,S-Y1#3,Y/Y1,120.0,189.354,1213.777,33.936,22.559
3,S-Y1#3,Y/Y1,120.0,116.431,629.979,63.832,14.309
3,S-Y1#3,Y/Y1,120.0,116.462,593.141,58.257,13.555
3,S-Y1#3,Y/Y1,120.0,202.34,1001.624,29.105,22.469
3,S-Y1#3,Y/Y1,120.0,200.749,162.812,20.358,22.345
3,S-Y1#3,Y/Y1,120.0,258.664,682.511,17.292,28.561
3,S-Y1#3,Y/Y1,120.0,271.59,886.379,13.816,30.537
3,S-Y1#3,Y/Y1,120.0,257.61,775.532,18.724,29.539
3,S-Y1#3,Y/Y1,120.0,220.533,421.365,12.907,26.207
3,S-Y1#3,Y/Y1,120.0,180.631,962.39,21.521,22.595
3,S-Y1#3,Y/Y1,120.0,151.339,928.551,21.536,19.978
3,S-Y1#3,Y/Y1,120.0,82.893,470.636,14.452,11.127
3,S-Y1#3,Y/Y1,120.0,73.669,396.449,19.62,10.165
3,S-Y1#3,Y/Y1,120.0,74.3,106.266,5.959,10.13
3,S-Y1#3,Y/Y1,120.0,72.241,130.931,7.678,10.354
3,S-Y1#3,Y/Y1,120.0,105.094,121.021,8.765,15.493
3,S-Y1#3,Y/Y1,120.0,130.268,327.561,11.871,18.974
3,S-Y1#3,Y/Y1,120.0,126.041,386.342,8.777,18.223
3,S-Y1#3,Y/Y1,120.0,137.579,364.583,11.156,19.179
3,S-Y1#3,Y/Y1,120.0,121.334,416.757,10.398,17.082
3,S-Y1#3,Y/Y1,120.0,698.735,339.226,627.12,89.22
3,S-Y1#3,Y/Y1,120.0,123.42,515.616,21.77,14.879
3,S-Y1#3,Y/Y1,120.0,103.354,231.611,3.837,11.882
3,S-Y1#3,Y/Y1,120.0,124.114,175.751,3.654,13.863
3,S-Y1#3,Y/Y1,120.0,114.99,1042.359,4.962,12.233
3,S-Y1#3,Y/Y1,120.0,82.275,734.02,21.89,8.444
3,S-Y1#3,Y/Y1,120.0,111.621,127.943,16.081,11.387
3,S-Y1#3,Y/Y1,120.0,94.211,485.5,24.123,9.32
3,S-Y1#3,Y/Y1,120.0,113.541,486.245,8.593,11.153
3,S-Y1#3,Y/Y1,120.0,155.41,297.952,12.879,15.419
3,S-Y1#3,Y/Y1,120.0,146.503,178.499,5.991,15.485
3,S-Y1#3,Y/Y1,120.0,184.385,427.532,5.331,18.693
3,S-Y1#3,Y/Y1,120.0,254.405,494.495,4.627,26.826
3,S-Y1#3,Y/Y1,120.0,352.012,575.03,2.843,38.757
3,S-Y1#3,Y/Y1,120.0,432.807,853.541,8.007,52.577
3,S-Y1#3,Y/Y1,120.0,487.663,427.287,6.041,65.413
3,S-Y1#3,Y/Y1,120.0,514.211,1534.059,2.447,68.962
3,S-Y1#3,Y/Y1,120.0,614.949,1547.528,4.81,88.992
3,S-Y1#3,Y/Y1,120.0,592.168,646.403,16.412,85.119
3,S-Y1#3,Y/Y1,120.0,618.535,963.062,13.371,99.738
3,S-Y1#3,Y/Y1,120.0,557.828,817.666,11.317,99.818
3,S-Y1#3,Y/Y1,120.0,492.835,279.954,8.872,85.318
3,S-Y1#3,Y/Y1,120.0,450.134,484.37,11.19,72.667
3,S-Y1#3,Y/Y1,120.0,381.351,303.46,13.679,69.557
3,S-Y1#3,Y/Y1,120.0,290.143,222.265,17.156,54.257
3,S-Y1#3,Y/Y1,120.0,255.848,181.685,19.289,44.547
3,S-Y1#3,Y/Y1,120.0,283.84,177.147,20.857,48.151
3,S-Y1#3,Y/Y1,120.0,370.258,245.46,37.776,56.07
3,S-Y1#3,Y/Y1,120.0,421.452,267.089,24.659,66.067
3,S-Y1#3,Y/Y1,120.0,460.814,325.453,15.052,69.468
3,S-Y1#3,Y/Y1,120.0,452.128,761.814,24.72,69.831
3,S-Y1#3,Y/Y1,120.0,377.068,575.084,55.463,53.459
3,S-Y1#3,Y/Y1,120.0,426.069,680.373,23.601,52.796
3,S-Y1#3,Y/Y1,120.0,433.843,1021.528,1.596,51.028
3,S-Y1#3,Y/Y1,120.0,403.191,912.577,1.93,44.332
3,S-Y1#3,Y/Y1,120.0,438.754,1009.886,14.169,46.781
3,S-Y1#3,Y/Y1,120.0,415.26,1338.14,13.285,46.391
3,S-Y1#3,Y/Y1,120.0,293.217,1031.903,35.208,33.136
3,S-Y1#3,Y/Y1,120.0,281.425,1517.514,23.404,29.12
3,S-Y1#3,Y/Y1,120.0,270.144,1703.694,8.205,26.589
3,S-Y1#3,Y/Y1,120.0,347.158,871.84,35.328,32.817
3,S-Y1#3,Y/Y1,120.0,402.197,534.794,46.253,39.964
3,S-Y1#3,Y/Y1,120.0,428.251,318.036,25.489,44.382
3,S-Y1#3,Y/Y1,120.0,423.652,630.536,32.426,48.05
3,S-Y1#3,Y/Y1,120.0,365.692,927.814,16.618,48.005
3,S-Y1#3,Y/Y1,120.0,291.548,1075.994,26.523,46.306
3,S-Y1#3,Y/Y1,120.0,212.06,774.407,20.908,42.905
3,S-Y1#3,Y/Y1,120.0,117.067,428.716,51.481,26.701
3,S-Y1#3,Y/Y1,120.0,99.886,384.813,49.939,22.832
3,S-Y1#3,Y/Y1,120.0,150.827,851.219,2.022,39.022
3,S-Y1#3,Y/Y1,120.0,137.294,1346.402,1.532,50.684
3,S-Y1#3,Y/Y1,120.0,121.547,1457.628,1.374,89.973
3,S-S3a#0,S/S3a,10.0,7.313,15.065,2.436,9.992
3,S-S3a#0,S/S3a,10.0,11.911,6.723,3.246,15.166
3,S-S3a#0,S/S3a,10.0,12.666,40.481,3.574,16.579
3,S-S3a#0,S/S3a,10.0,3.195,38.892,0.779,3.468
3,S-S3a#0,S/S3a,10.0,23.558,21.964,0.917,40.212
3,S-S3a#0,S/S3a,10.0,14.403,41.706,1.419,24.075
3,S-S3a#0,S/S3a,10.0,9.15,33.579,3.964,8.183
3,S-S3a#0,S/S3a,10.0,1.422,46.37,0.407,2.288
3,S-S3a#0,S/S3a,10.0,7.778,115.014,2.949,7.636
3,S-S3a#0,S/S3a,10.0,3.313,91.028,1.315,2.74
3,S-S3a#0,S/S3a,10.0,2.937,28.869,1.269,2.418
3,S-S3a#0,S/S3a,10.0,1.967,4.504,0.336,1.589
3,S-S3a#0,S/S3a,10.0,12.799,2.029,1.436,11.524
3,S-S3a#0,S/S3a,10.0,13.339,4.209,0.838,10.85
3,S-S3a#0,S/S3a,10.0,9.323,11.597,1.372,7.48
3,S-S3a#0,S/S3a,10.0,6.32,58.993,2.52,4.938
3,S-S3a#0,S/S3a,10.0,2.455,31.799,2.043,2.026
3,S-S3a#0,S/S3a,10.0,22.451,51.696,1.33,63.407
3,S-S3a#0,S/S3a,10.0,0.156,3.75,0.501,4.185
3,S-S3a#0,S/S3a,10.0,10.431,43.129,1.788,12.089
3,S-S3a#0,S/S3a,10.0,23.635,58.131,1.973,15.918
3,S-S3a#0,S/S3a,10.0,18.095,11.607,2.523,11.104
3,S-S3a#0,S/S3a,10.0,7.664,15.467,2.371,4.782
3,S-S3a#0,S/S3a,10.0,7.482,5.97,2.822,4.608
3,S-S3a#0,S/S3a,10.0,14.79,30.35,1.957,13.474
3,S-S3a#0,S/S3a,10.0,14.337,34.996,0.583,84.774
3,S-S3a#0,S/S3a,10.0,17.044,42.522,2.322,40.848
3,S-S3a#0,S/S3a,10.0,24.929,39.141,0.667,18.84
3,S-S3a#0,S/S3a,10.0,19.925,19.912,2.496,13.577
3,S-S3a#0,S/S3a,10.0,17.177,61.12,0.106,12.485
3,S-S3a#0,S/S3a,10.0,8.109,16.539,0.548,5.916
3,S-S3a#0,S/S3a,10.0,11.653,21.957,1.426,8.255
3,S-S3a#0,S/S3a,10.0,2.939,10.865,0.646,2.205
3,S-S3a#0,S/S3a,10.0,12.015,40.205,1.258,16.681
3,S-S3a#0,S/S3a,10.0,5.731,7.319,0.107,208.743
3,S-S3a#0,S/S3a,10.0,22.085,43.315,2.458,46.556
3,S-S3a#0,S/S3a,10.0,12.404,93.459,0.776,13.75
3,S-S3a#0,S/S3a,10.0,2.826,33.121,0.717,2.651
3,S-S3a#0,S/S3a,10.0,3.458,11.088,0.133,2.715
3,S-S3a#0,S/S3a,10.0,5.061,16.401,0.912,4.233
3,S-S3a#0,S/S3a,10.0,3.64,38.88,1.206,3.854
3,S-S3a#0,S/S3a,10.0,7.053,18.1,2.214,5.968
3,S-S3a#0,S/S3a,10.0,12.547,51.34,1.092,12.02
3,S-S3a#0,S/S3a,10.0,7.082,42.908,1.506,9.424
3,S-S3a#0,S/S3a,10.0,7.367,105.799,1.018,5.765
3,S-S3a#0,S/S3a,10.0,4.242,28.85,1.294,3.284
3,S-S3a#0,S/S3a,10.0,20.665,52.838,2.137,19.937
3,S-S3a#0,S/S3a,10.0,9.024,47.517,1.32,12.229
3,S-S3a#0,S/S3a,10.0,9.253,10.731,0.335,281.026
3,S-S3a#0,S/S3a,10.0,10.417,44.599,0.849,22.875
3,S-S3a#0,S/S3a,10.0,17.228,54.333,1.042,83.92
3,S-S3a#0,S/S3a,10.0,2.892,6.075,0.361,48.016
3,S-S3a#0,S/S3a,10.0,17.559,65.791,0.79,18.504
3,S-S3a#0,S/S3a,10.0,10.306,74.1,2.665,7.474
3,S-S3a#0,S/S3a,10.0,32.557,1.223,0.977,23.011
3,S-S3a#0,S/S3a,10.0,26.527,2.39,0.797,18.488
3,S-S3a#0,S/S3a,10.0,25.71,2.586,0.474,18.223
3,S-S3a#0,S/S3a,10.0,26.221,3.101,0.263,19.383
3,S-S3a#0,S/S3a,10.0,15.641,5.499,0.57,11.316
3,S-S3a#0,S/S3a,10.0,17.077,14.871,0.35,12.507
3,S-S3a#0,S/S3a,10.0,36.618,2.804,1.239,26.504
3,S-S3a#0,S/S3a,10.0,26.043,6.925,1.145,17.709
3,S-S3a#0,S/S3a,10.0,10.334,1.64,0.642,7.131
3,S-S3a#0,S/S3a,10.0,21.407,47.338,2.839,15.192
3,S-S3a#0,S/S3a,10.0,28.741,15.396,0.465,18.379
3,S-S3a#0,S/S3a,10.0,20.502,22.124,1.446,12.517
3,S-S3a#0,S/S3a,10.0,20.284,76.395,3.269,11.667
3,S-S3a#0,S/S3a,10.0,16.584,4.921,1.508,9.293
3,S-S3a#0,S/S3a,10.0,6.7,14.663,2.954,3.97
3,S-S3a#0,S/S3a,10.0,2.932,20.891,3.274,2.033
3,S-S3a#0,S/S3a,10.0,13.153,81.69,0.333,10.564
3,S-S3a#0,S/S3a,10.0,15.551,165.729,5.755,14.381
3,S-S3a#0,S/S3a,10.0,34.169,37.546,0.274,18.975
3,S-S3a#0,S/S3a,10.0,20.765,196.755,4.187,14.792
3,S-S3a#0,S/S3a,10.0,3.027,81.358,1.367,1.996
3,S-S3a#0,S/S3a,10.0,35.948,47.881,1.991,18.427
3,S-S3a#0,S/S3a,10.0,36.57,52.254,1.706,17.09
3,S-S3a#0,S/S3a,10.0,23.329,3.357,1.077,11.418
3,S-S3a#0,S/S3a,10.0,16.96,22.263,3.623,7.769
3,S-S3a#0,S/S3a,10.0,36.321,51.601,0.453,15.824
3,S-S3a#0,S/S3a,10.0,29.911,4.653,0.598,14.303
3,S-S3a#0,S/S3a,10.0,35.834,5.028,2.582,16.086
3,S-S3a#0,S/S3a,10.0,24.951,88.93,2.452,20.577
3,S-S3a#0,S/S3a,10.0,5.684,18.771,1.908,23.494
3,S-S3a#0,S/S3a,10.0,13.347,34.62,1.594,10.885
3,S-S3a#0,S/S3a,10.0,22.003,58.181,0.581,16.66
3,S-S3a#0,S/S3a,10.0,12.872,64.075,2.981,8.418
3,S-S3a#0,S/S3a,10.0,15.461,188.673,3.27,11.866
3,S-S3a#0,S/S3a,10.0,36.105,137.822,3.402,16.947
3,S-S3a#0,S/S3a,10.0,34.99,16.672,3.066,13.976
3,S-S3a#0,S/S3a,10.0,23.157,18.696,5.821,9.573
3,S-S3a#0,S/S3a,10.0,43.246,48.077,1.121,17.617
3,S-S3a#0,S/S3a,10.0,55.23,54.008,3.007,21.122
3,S-S3a#0,S/S3a,10.0,17.598,10.036,2.221,6.989
3,S-S3a#0,S/S3a,10.0,20.983,11.813,4.744,8.705
3,S-S3a#0,S/S3a,10.0,27.083,40.962,1.373,16.4
3,S-S3a#0,S/S3a,10.0,7.253,11.218,0.432,4.491
3,S-S3a#0,S/S3a,10.0,29.102,53.922,4.03,16.404
3,S-S3a#0,S/S3a,10.0,7.136,21.246,3.15,4.075
3,S-S3a#0,S/S3a,10.0,53.045,167.485,33.236,27.781
3,S-S3a#0,S/S3a,10.0,19.268,27.045,2.169,8.538
3,S-S3a#0,S/S3a,10.0,6.561,14.941,1.501,3.023
3,S-S3a#0,S/S3a,10.0,17.465,6.879,0.848,7.641
3,S-S3a#0,S/S3a,10.0,10.631,35.678,0.648,5.243
3,S-S3a#0,S/S3a,10.0,13.726,56.951,2.943,7.681
3,S-S3a#0,S/S3a,10.0,11.768,5.541,2.285,6.724
3,S-S3a#0,S/S3a,10.0,19.468,29.112,0.752,11.057
3,S-S3a#0,S/S3a,10.0,11.178,15.415,2.903,6.666
3,S-S3a#0,S/S3a,10.0,10.226,9.584,1.319,5.903
3,S-S3a#0,S/S3a,10.0,19.124,66.036,0.553,11.104
3,S-S3a#0,S/S3a,10.0,11.25,20.474,3.205,6.922
3,S-S3a#0,S/S3a,10.0,4.259,25.403,1.973,2.705
3,S-S3a#0,S/S3a,10.0,13.179,23.157,0.796,7.683
3,S-S3a#0,S/S3a,10.0,15.879,35.35,0.463,8.895
3,S-S3a#0,S/S3a,10.0,14.984,12.531,0.709,8.58
3,S-S3a#0,S/S3a,10.0,11.624,31.715,2.02,6.751
3,S-S3a#0,S/S3a,10.0,17.159,10.878,1.038,11.438
3,S-S3a#0,S/S3a,10.0,4.504,20.225,0.544,3.489
3,S-S3a#0,S/S3a,10.0,7.315,19.929,1.914,6.148
3,S-S3a#0,S/S3a,10.0,5.223,9.17,0.188,3.855
3,S-S3a#0,S/S3a,10.0,34.254,24.582,1.333,32.589
3,S-S3a#0,S/S3a,10.0,2.653,37.581,1.676,2.185
3,S-S3a#0,S/S3a,10.0,24.987,18.251,0.396,25.375
3,S-S3a#0,S/S3a,10.0,5.71,19.126,2.366,5.028
3,S-S3a#0,S/S3a,10.0,19.99,63.072,1.658,45.841
3,S-S3a#0,S/S3a,10.0,9.306,4.922,8.379,212.308
3,S-S3a#0,S/S3a,10.0,2.026,1.5,2.504,149.416
3,S-S3a#0,S/S3a,10.0,16.341,43.602,2.899,24.376
3,S-S3a#0,S/S3a,10.0,7.16,52.88,3.975,6.202
3,S-S3a#0,S/S3a,10.0,13.268,19.84,0.417,10.713
3,S-S3a#0,S/S3a,10.0,13.063,28.223,1.651,12.942
3,S-S3a#0,S/S3a,10.0,1.501,4.721,0.437,30.242
3,S-S3a#0,S/S3a,10.0,4.37,33.862,1.02,5.064
3,S-S3a#0,S/S3a,10.0,5.984,30.492,0.739,4.937
3,S-S3a#0,S/S3a,10.0,26.793,36.685,1.486,31.076
3,S-S3a#0,S/S3a,10.0,3.918,18.941,0.999,76.519
3,S-S3a#0,S/S3a,10.0,0.268,0.857,0.253,22.338
3,S-S3a#0,S/S3a,10.0,32.946,48.925,31.034,41.786
3,S-S3a#0,S/S3a,10.0,4.442,70.036,3.474,5.359
3,S-S3a#0,S/S3a,10.0,2.847,104.828,2.859,3.552
3,S-S3a#0,S/S3a,10.0,12.197,14.06,0.377,12.191
3,S-S3a#0,S/S3a,10.0,12.796,20.865,0.282,11.112
3,S-S3a#0,S/S3a,10.0,2.844,8.277,0.762,2.243
3,S-S3a#0,S/S3a,10.0,2.307,9.738,0.356,1.891
3,S-S3a#0,S/S3a,10.0,3.945,8.614,1.587,3.637
3,S-S3a#0,S/S3a,10.0,14.26,16.843,1.795,18.524
3,S-S3a#0,S/S3a,10.0,10.904,14.726,4.053,9.161
3,S-S3a#0,S/S3a,10.0,9.392,9.191,1.806,8.205
3,S-S3a#0,S/S3a,10.0,15.824,9.529,0.722,13.452
3,S-S3a#0,S/S3a,10.0,12.801,29.41,1.307,12.758
3,S-S3a#0,S/S3a,10.0,8.525,15.155,0.516,8.326
3,S-S3a#0,S/S3a,10.0,8.451,6.383,1.358,7.559
3,S-S3a#0,S/S3a,10.0,3.255,17.422,0.787,2.889
3,S-S3a#0,S/S3a,10.0,5.837,17.838,2.501,5.596
3,S-S3a#0,S/S3a,10.0,13.101,13.334,0.968,13.536
3,S-S3a#0,S/S3a,10.0,6.483,10.355,0.504,6.264
3,S-S3a#0,S/S3a,10.0,5.556,12.379,3.147,4.603
3,S-S3a#0,S/S3a,10.0,5.059,2.539,0.715,4.341
3,S-S3a#0,S/S3a,10.0,12.53,18.884,2.013,12.607
3,S-S3a#0,S/S3a,10.0,10.335,122.176,3.738,12.208
3,S-S3a#0,S/S3a,10.0,16.717,7.745,2.136,16.832
3,S-S3a#0,S/S3a,10.0,27.506,10.332,2.847,32.502
3,S-S3a#0,S/S3a,10.0,18.266,57.043,0.668,23.249
3,S-S3a#0,S/S3a,10.0,2.448,92.396,0.349,3.016
3,S-S3a#0,S/S3a,10.0,12.425,11.889,1.67,15.513
3,S-S3a#0,S/S3a,10.0,3.489,17.481,1.272,34.193
3,S-S3a#0,S/S3a,10.0,15.066,5.853,15.018,140.239
3,S-S3a#0,S/S3a,10.0,2.059,33.039,0.309,3.329
3,S-S3a#0,S/S3a,10.0,1.986,18.104,2.627,8.011
3,S-S3a#0,S/S3a,10.0,11.016,28.171,1.877,10.192
3,S-S3a#0,S/S3a,10.0,7.415,6.446,5.042,5.856
3,S-S3a#0,S/S3a,10.0,6.09,87.695,1.593,9.352
3,S-S3a#0,S/S3a,10.0,7.782,12.462,0.595,7.353
3,S-S3a#0,S/S3a,10.0,4.008,4.323,0.552,3.663
3,S-S3a#0,S/S3a,10.0,4.63,67.462,2.772,6.217
3,S-S3a#0,S/S3a,10.0,16.606,32.017,1.484,30.786
3,S-S3a#0,S/S3a,10.0,14.125,76.95,2.896,24.599
3,S-S3a#0,S/S3a,10.0,22.851,28.321,1.516,34.162
3,S-S3a#0,S/S3a,10.0,10.058,16.314,12.669,98.391
3,S-S3a#0,S/S3a,10.0,67.156,39.442,80.384,159.852
3,S-S3a#0,S/S3a,10.0,7.457,14.801,1.971,9.851
3,S-S3a#0,S/S3a,10.0,16.167,111.993,0.492,21.889
3,S-S3a#0,S/S3a,10.0,9.936,65.224,2.351,19.693
3,S-S3a#0,S/S3a,10.0,5.891,11.86,0.985,5.409
3,S-S3a#0,S/S3a,10.0,3.358,8.742,2.05,2.796
3,S-S3a#0,S/S3a,10.0,26.88,52.617,1.148,81.537
3,S-S3a#0,S/S3a,10.0,7.305,101.332,1.478,8.1
3,S-S3a#0,S/S3a,10.0,2.185,1.636,0.989,1.653
3,S-S3a#0,S/S3a,10.0,6.499,16.428,1.25,8.264
3,S-S3a#0,S/S3a,10.0,3.361,12.499,1.16,3.6
3,S-S3a#0,S/S3a,10.0,11.059,57.899,5.964,12.015
3,S-S3a#0,S/S3a,10.0,2.257,7.978,1.852,2.537
3,S-S3a#0,S/S3a,10.0,8.556,1.875,0.44,10.762
3,S-S3a#0,S/S3a,10.0,12.585,96.852,3.473,17.718
3,S-S3a#0,S/S3a,10.0,6.031,29.484,1.279,7.342
3,S-S3a#0,S/S3a,10.0,2.074,83.102,1.986,3.656
3,S-S3a#0,S/S3a,10.0,2.503,37.356,2.862,5.029
3,S-S3a#0,S/S3a,10.0,6.865,31.515,0.953,14.234
3,S-S3a#0,S/S3a,10.0,1.546,86.473,0.519,2.921
3,S-S3a#0,S/S3a,10.0,10.213,52.472,3.054,26.484
3,S-S3a#0,S/S3a,10.0,5.398,15.732,0.806,7.973
3,S-S3a#0,S/S3a,10.0,28.515,39.273,0.296,45.409
3,S-S3a#0,S/S3a,10.0,13.337,57.964,1.448,36.074
3,S-S3a#0,S/S3a,10.0,4.02,90.785,0.585,6.551
3,S-S3a#0,S/S3a,10.0,13.672,82.845,1.885,28.512
3,S-S3a#0,S/S3a,10.0,8.409,31.282,0.92,10.066
3,S-S3a#0,S/S3a,10.0,14.12,12.674,1.458,15.348
3,S-S3a#0,S/S3a,10.0,6.427,71.728,3.707,11.605
3,S-S3a#0,S/S3a,10.0,7.985,10.9,0.662,8.47
3,S-S3a#0,S/S3a,10.0,8.916,45.815,0.956,9.451
3,S-S3a#0,S/S3a,10.0,17.178,70.636,1.363,23.498
3,S-S3a#0,S/S3a,10.0,14.483,64.789,0.748,24.996
3,S-S3a#0,S/S3a,10.0,11.744,27.542,2.935,15.923
3,S-S3a#0,S/S3a,10.0,21.657,30.734,1.644,32.714
3,S-S3a#0,S/S3a,10.0,9.845,59.87,2.782,20.107
3,S-S3a#0,S/S3a,10.0,4.373,60.61,1.757,8.339
3,S-S3a#0,S/S3a,10.0,11.426,60.644,0.894,23.32
3,S-S3a#0,S/S3a,10.0,2.451,78.401,1.887,4.869
3,S-S3a#0,S/S3a,10.0,16.764,47.133,0.29,32.15
3,S-S3a#0,S/S3a,10.0,2.004,82.839,1.261,3.24
3,S-S3a#0,S/S3a,10.0,3.819,8.95,0.285,4.151
3,S-S3a#0,S/S3a,10.0,17.895,43.509,0.957,42.001
3,S-S3a#0,S/S3a,10.0,15.934,46.3,0.91,16.145
3,S-S3a#0,S/S3a,10.0,2.036,5.356,1.885,1.589
3,S-S3a#0,S/S3a,10.0,8.898,2.77,1.125,6.94
3,S-S3a#0,S/S3a,10.0,6.795,12.511,2.051,5.424
3,S-S3a#0,S/S3a,10.0,7.963,14.38,1.566,6.604
3,S-S3a#0,S/S3a,10.0,8.778,21.668,1.012,7.686
3,S-S3a#0,S/S3a,10.0,5.484,6.088,3.158,8.18
3,S-S3a#0,S/S3a,10.0,1.6,39.079,3.15,2.339
3,S-S3a#0,S/S3a,10.0,2.009,44.798,1.772,3.068
3,S-S3a#0,S/S3a,30.0,11.654,37.31,13.15,5.084
3,S-S3a#0,S/S3a,30.0,35.94,52.952,13.52,14.459
3,S-S3a#0,S/S3a,30.0,45.031,148.861,9.072,19.664
3,S-S3a#0,S/S3a,30.0,24.583,215.138,3.996,11.61
3,S-S3a#0,S/S3a,30.0,42.354,232.625,9.326,18.29
3,S-S3a#0,S/S3a,30.0,32.222,306.119,8.538,13.673
3,S-S3a#0,S/S3a,30.0,22.76,31.827,11.944,8.198
3,S-S3a#0,S/S3a,30.0,12.115,46.502,8.849,4.222
3,S-S3a#0,S/S3a,30.0,23.284,345.873,13.887,6.717
3,S-S3a#0,S/S3a,30.0,9.367,446.51,6.271,2.541
3,S-S3a#0,S/S3a,30.0,23.019,136.822,3.078,6.416
3,S-S3a#0,S/S3a,30.0,63.461,25.284,1.596,17.619
3,S-S3a#0,S/S3a,30.0,43.862,35.488,10.095,12.145
3,S-S3a#0,S/S3a,30.0,7.568,127.735,9.002,2.001
3,S-S3a#0,S/S3a,30.0,18.243,217.949,11.735,4.848
3,S-S3a#0,S/S3a,30.0,30.883,151.714,12.261,10.766
3,S-S3a#0,S/S3a,30.0,48.475,240.977,4.469,30.049
3,S-S3a#0,S/S3a,30.0,17.989,136.962,9.64,14.297
3,S-S3a#0,S/S3a,30.0,59.617,234.518,13.853,24.822
3,S-S3a#0,S/S3a,30.0,102.025,353.091,19.46,25.461
3,S-S3a#0,S/S3a,30.0,85.693,242.42,25.124,18.042
3,S-S3a#0,S/S3a,30.0,62.33,66.356,26.483,12.75
3,S-S3a#0,S/S3a,30.0,40.429,69.661,17.328,9.283
3,S-S3a#0,S/S3a,30.0,30.991,218.272,9.264,10.646
3,S-S3a#0,S/S3a,30.0,43.656,294.744,2.577,34.188
3,S-S3a#0,S/S3a,30.0,23.148,138.246,0.932,129.228
3,S-S3a#0,S/S3a,30.0,1.606,1.401,1.398,90.973
3,S-S3a#0,S/S3a,30.0,18.355,42.617,1.938,42.603
3,S-S3a#0,S/S3a,30.0,56.566,174.865,8.255,32.166
3,S-S3a#0,S/S3a,30.0,98.466,319.346,13.328,30.449
3,S-S3a#0,S/S3a,30.0,98.369,93.938,3.181,23.446
3,S-S3a#0,S/S3a,30.0,72.013,343.419,6.394,16.978
3,S-S3a#0,S/S3a,30.0,63.772,162.557,3.169,15.235
3,S-S3a#0,S/S3a,30.0,57.919,33.43,1.225,13.978
3,S-S3a#0,S/S3a,30.0,23.683,117.033,3.253,6.784
3,S-S3a#0,S/S3a,30.0,18.565,216.017,1.579,8.864
3,S-S3a#0,S/S3a,30.0,3.038,213.829,1.16,2.482
3,S-S3a#0,S/S3a,30.0,50.654,110.58,3.022,35.87
3,S-S3a#0,S/S3a,30.0,58.428,226.255,6.454,23.735
3,S-S3a#0,S/S3a,30.0,28.262,345.793,3.059,8.656
3,S-S3a#0,S/S3a,30.0,3.915,159.555,0.168,1.1
3,S-S3a#0,S/S3a,30.0,6.598,51.795,2.995,1.919
3,S-S3a#0,S/S3a,30.0,16.179,68.695,6.799,4.84
3,S-S3a#0,S/S3a,30.0,26.115,132.152,2.936,8.18
3,S-S3a#0,S/S3a,30.0,32.118,184.207,5.226,10.724
3,S-S3a#0,S/S3a,30.0,9.674,70.756,2.315,3.131
3,S-S3a#0,S/S3a,30.0,28.986,277.672,4.545,8.663
3,S-S3a#0,S/S3a,30.0,26.511,488.935,7.396,7.303
3,S-S3a#0,S/S3a,30.0,22.381,247.06,5.692,7.245
3,S-S3a#0,S/S3a,30.0,18.926,163.442,3.73,10.39
3,S-S3a#0,S/S3a,30.0,10.549,233.205,1.888,8.588
3,S-S3a#0,S/S3a,30.0,18.946,34.988,2.174,27.009
3,S-S3a#0,S/S3a,30.0,11.058,62.707,0.78,16.467
3,S-S3a#0,S/S3a,30.0,19.163,192.066,0.95,71.366
3,S-S3a#0,S/S3a,30.0,33.486,100.773,3.505,32.933
3,S-S3a#0,S/S3a,30.0,53.685,234.093,10.744,22.314
3,S-S3a#0,S/S3a,30.0,109.002,196.27,6.176,28.913
3,S-S3a#0,S/S3a,30.0,149.756,283.235,10.742,35.176
3,S-S3a#0,S/S3a,30.0,176.393,1.633,6.495,41.125
3,S-S3a#0,S/S3a,30.0,162.529,13.796,5.459,38.455
3,S-S3a#0,S/S3a,30.0,127.025,35.183,4.69,30.438
3,S-S3a#0,S/S3a,30.0,117.508,30.048,5.822,28.468
3,S-S3a#0,S/S3a,30.0,152.976,62.832,5.362,36.803
3,S-S3a#0,S/S3a,30.0,178.108,58.143,7.561,41.949
3,S-S3a#0,S/S3a,30.0,154.243,30.009,10.284,35.619
3,S-S3a#0,S/S3a,30.0,103.593,16.549,4.818,23.774
3,S-S3a#0,S/S3a,30.0,105.411,118.194,3.024,23.686
3,S-S3a#0,S/S3a,30.0,131.152,239.899,8.351,28.254
3,S-S3a#0,S/S3a,30.0,120.761,192.561,5.632,24.277
3,S-S3a#0,S/S3a,30.0,98.762,366.475,16.099,19.008
3,S-S3a#0,S/S3a,30.0,93.957,326.782,17.342,17.908
3,S-S3a#0,S/S3a,30.0,64.189,61.709,9.684,12.97
3,S-S3a#0,S/S3a,30.0,34.75,206.0,7.371,7.892
3,S-S3a#0,S/S3a,30.0,35.225,349.828,8.218,9.29
3,S-S3a#0,S/S3a,30.0,88.816,545.251,2.839,21.375
3,S-S3a#0,S/S3a,30.0,77.548,539.344,7.019,17.977
3,S-S3a#0,S/S3a,30.0,40.096,631.846,8.728,8.44
3,S-S3a#0,S/S3a,30.0,66.577,443.023,7.964,13.574
3,S-S3a#0,S/S3a,30.0,128.855,773.811,0.804,22.833
3,S-S3a#0,S/S3a,30.0,170.308,275.267,0.374,27.58
3,S-S3a#0,S/S3a,30.0,135.039,56.825,9.462,21.078
3,S-S3a#0,S/S3a,30.0,159.075,249.43,7.763,24.233
3,S-S3a#0,S/S3a,30.0,179.433,197.618,12.637,27.131
3,S-S3a#0,S/S3a,30.0,201.033,191.183,8.294,30.194
3,S-S3a#0,S/S3a,30.0,135.56,77.0,8.173,24.316
3,S-S3a#0,S/S3a,30.0,32.449,334.918,8.412,8.759
3,S-S3a#0,S/S3a,30.0,78.52,522.86,12.859,29.186
3,S-S3a#0,S/S3a,30.0,56.473,289.786,9.682,20.094
3,S-S3a#0,S/S3a,30.0,66.466,132.139,10.978,16.189
3,S-S3a#0,S/S3a,30.0,76.413,240.012,7.609,18.273
3,S-S3a#0,S/S3a,30.0,68.744,482.449,11.282,13.771
3,S-S3a#0,S/S3a,30.0,165.818,888.401,10.539,27.735
3,S-S3a#0,S/S3a,30.0,197.257,610.311,26.67,27.77
3,S-S3a#0,S/S3a,30.0,186.075,81.568,18.404,25.058
3,S-S3a#0,S/S3a,30.0,216.429,268.542,23.34,28.713
3,S-S3a#0,S/S3a,30.0,211.219,56.537,9.316,27.647
3,S-S3a#0,S/S3a,30.0,180.11,157.271,15.694,23.715
3,S-S3a#0,S/S3a,30.0,134.412,119.452,13.208,20.281
3,S-S3a#0,S/S3a,30.0,99.043,183.959,14.422,17.329
3,S-S3a#0,S/S3a,30.0,100.768,157.835,5.667,19.864
3,S-S3a#0,S/S3a,30.0,89.504,237.616,8.729,17.294
3,S-S3a#0,S/S3a,30.0,105.804,102.586,13.042,19.343
3,S-S3a#0,S/S3a,30.0,102.899,288.068,2.639,17.278
3,S-S3a#0,S/S3a,30.0,179.856,683.96,112.046,28.184
3,S-S3a#0,S/S3a,30.0,76.019,78.178,8.0,11.248
3,S-S3a#0,S/S3a,30.0,94.714,70.013,6.847,14.507
3,S-S3a#0,S/S3a,30.0,89.856,70.257,6.148,14.631
3,S-S3a#0,S/S3a,30.0,61.199,123.659,9.035,10.927
3,S-S3a#0,S/S3a,30.0,83.706,201.44,13.75,15.696
3,S-S3a#0,S/S3a,30.0,87.349,65.96,6.957,16.724
3,S-S3a#0,S/S3a,30.0,74.103,64.114,3.618,14.24
3,S-S3a#0,S/S3a,30.0,71.172,87.452,18.729,13.778
3,S-S3a#0,S/S3a,30.0,73.122,152.907,9.476,14.298
3,S-S3a#0,S/S3a,30.0,61.906,312.538,6.208,12.496
3,S-S3a#0,S/S3a,30.0,45.147,100.211,21.433,9.126
3,S-S3a#0,S/S3a,30.0,57.215,57.71,12.203,11.198
3,S-S3a#0,S/S3a,30.0,85.079,222.646,0.931,16.105
3,S-S3a#0,S/S3a,30.0,64.9,140.505,3.441,12.27
3,S-S3a#0,S/S3a,30.0,58.038,244.945,6.519,11.603
3,S-S3a#0,S/S3a,30.0,32.977,129.773,8.62,7.26
3,S-S3a#0,S/S3a,30.0,33.231,105.646,4.21,8.293
3,S-S3a#0,S/S3a,30.0,18.577,49.292,6.991,4.81
3,S-S3a#0,S/S3a,30.0,52.826,80.315,8.481,14.576
3,S-S3a#0,S/S3a,30.0,49.772,105.906,5.632,13.644
3,S-S3a#0,S/S3a,30.0,85.36,226.329,10.819,26.087
3,S-S3a#0,S/S3a,30.0,51.008,166.03,12.772,15.199
3,S-S3a#0,S/S3a,30.0,34.411,47.093,7.583,13.338
3,S-S3a#0,S/S3a,30.0,26.474,202.247,10.735,16.271
3,S-S3a#0,S/S3a,30.0,41.448,275.706,9.687,85.605
3,S-S3a#0,S/S3a,30.0,11.9,6.109,8.088,226.582
3,S-S3a#0,S/S3a,30.0,2.54,1.341,1.356,193.035
3,S-S3a#0,S/S3a,30.0,2.752,1.402,1.417,193.802
3,S-S3a#0,S/S3a,30.0,3.824,2.393,3.462,164.044
3,S-S3a#0,S/S3a,30.0,112.398,69.955,137.642,162.783
3,S-S3a#0,S/S3a,30.0,331.383,182.03,362.746,179.057
3,S-S3a#0,S/S3a,30.0,55.358,260.079,14.856,17.937
3,S-S3a#0,S/S3a,30.0,26.687,227.742,11.453,7.787
3,S-S3a#0,S/S3a,30.0,13.83,145.842,1.959,6.104
3,S-S3a#0,S/S3a,30.0,30.363,281.35,1.683,28.531
3,S-S3a#0,S/S3a,30.0,12.086,91.764,5.893,13.112
3,S-S3a#0,S/S3a,30.0,31.338,213.101,13.534,14.64
3,S-S3a#0,S/S3a,30.0,19.212,140.923,3.618,6.488
3,S-S3a#0,S/S3a,30.0,42.259,155.271,2.076,19.732
3,S-S3a#0,S/S3a,30.0,57.602,272.165,2.411,62.363
3,S-S3a#0,S/S3a,30.0,6.514,65.576,1.16,100.897
3,S-S3a#0,S/S3a,30.0,0.412,0.759,0.419,16.268
3,S-S3a#0,S/S3a,30.0,34.464,80.353,15.97,42.607
3,S-S3a#0,S/S3a,30.0,40.332,151.883,29.716,24.564
3,S-S3a#0,S/S3a,30.0,81.007,176.346,83.054,33.241
3,S-S3a#0,S/S3a,30.0,28.799,119.644,17.837,10.877
3,S-S3a#0,S/S3a,30.0,35.628,401.781,10.886,11.982
3,S-S3a#0,S/S3a,30.0,40.666,57.446,3.213,11.813
3,S-S3a#0,S/S3a,30.0,23.844,88.628,0.202,6.506
3,S-S3a#0,S/S3a,30.0,18.363,20.309,2.321,5.105
3,S-S3a#0,S/S3a,30.0,18.112,84.924,1.399,5.856
3,S-S3a#0,S/S3a,30.0,11.847,76.677,4.865,3.868
3,S-S3a#0,S/S3a,30.0,32.556,137.011,0.959,10.41
3,S-S3a#0,S/S3a,30.0,76.76,71.413,17.025,21.713
3,S-S3a#0,S/S3a,30.0,75.312,11.227,7.723,22.498
3,S-S3a#0,S/S3a,30.0,75.687,131.134,3.511,23.472
3,S-S3a#0,S/S3a,30.0,59.088,81.835,8.849,18.662
3,S-S3a#0,S/S3a,30.0,45.348,43.397,5.789,13.781
3,S-S3a#0,S/S3a,30.0,38.104,95.109,6.149,11.514
3,S-S3a#0,S/S3a,30.0,52.251,133.245,4.875,16.548
3,S-S3a#0,S/S3a,30.0,42.099,8.775,0.125,13.734
3,S-S3a#0,S/S3a,30.0,30.264,104.978,10.008,9.365
3,S-S3a#0,S/S3a,30.0,27.316,67.439,5.578,7.962
3,S-S3a#0,S/S3a,30.0,43.728,51.449,10.756,12.9
3,S-S3a#0,S/S3a,30.0,23.721,194.81,2.971,7.844
3,S-S3a#0,S/S3a,30.0,20.187,415.712,1.939,7.082
3,S-S3a#0,S/S3a,30.0,73.553,418.797,5.552,27.188
3,S-S3a#0,S/S3a,30.0,122.312,148.068,5.354,46.291
3,S-S3a#0,S/S3a,30.0,76.34,246.8,6.04,31.045
3,S-S3a#0,S/S3a,30.0,54.765,367.895,4.087,22.683
3,S-S3a#0,S/S3a,30.0,46.932,299.167,2.802,27.177
3,S-S3a#0,S/S3a,30.0,37.106,170.718,7.828,36.593
3,S-S3a#0,S/S3a,30.0,26.409,82.278,9.17,31.716
3,S-S3a#0,S/S3a,30.0,149.137,71.718,160.237,152.093
3,S-S3a#0,S/S3a,30.0,24.679,226.865,1.456,12.613
3,S-S3a#0,S/S3a,30.0,32.022,276.429,5.473,12.246
3,S-S3a#0,S/S3a,30.0,19.306,85.41,3.735,6.391
3,S-S3a#0,S/S3a,30.0,23.443,310.554,9.506,7.829
3,S-S3a#0,S/S3a,30.0,24.759,386.767,2.617,8.768
3,S-S3a#0,S/S3a,30.0,12.838,88.975,3.909,4.398
3,S-S3a#0,S/S3a,30.0,31.187,224.318,2.869,13.007
3,S-S3a#0,S/S3a,30.0,34.634,172.298,4.371,18.515
3,S-S3a#0,S/S3a,30.0,35.408,271.289,3.815,19.73
3,S-S3a#0,S/S3a,30.0,30.066,199.519,9.785,22.161
3,S-S3a#0,S/S3a,30.0,58.898,101.429,16.853,49.319
3,S-S3a#0,S/S3a,30.0,29.647,108.364,16.029,23.021
3,S-S3a#0,S/S3a,30.0,212.558,120.765,241.885,110.175
3,S-S3a#0,S/S3a,30.0,45.43,234.942,5.395,22.577
3,S-S3a#0,S/S3a,30.0,66.119,155.865,9.966,28.149
3,S-S3a#0,S/S3a,30.0,4.522,390.111,6.985,1.606
3,S-S3a#0,S/S3a,30.0,40.799,37.079,1.474,15.446
3,S-S3a#0,S/S3a,30.0,28.312,140.384,1.993,11.58
3,S-S3a#0,S/S3a,30.0,26.314,261.468,4.744,10.241
3,S-S3a#0,S/S3a,30.0,41.26,342.644,0.514,13.595
3,S-S3a#0,S/S3a,30.0,16.099,91.872,4.952,5.253
3,S-S3a#0,S/S3a,30.0,13.778,84.723,1.616,5.178
3,S-S3a#0,S/S3a,30.0,22.537,219.244,9.018,8.157
3,S-S3a#0,S/S3a,30.0,48.84,202.435,16.498,18.618
3,S-S3a#0,S/S3a,30.0,43.796,114.094,3.495,18.178
3,S-S3a#0,S/S3a,30.0,37.443,276.312,4.478,15.987
3,S-S3a#0,S/S3a,30.0,18.818,321.801,8.373,8.902
3,S-S3a#0,S/S3a,30.0,26.013,74.762,3.624,13.709
3,S-S3a#0,S/S3a,30.0,15.94,122.498,3.067,10.228
3,S-S3a#0,S/S3a,30.0,6.475,17.234,4.35,4.264
3,S-S3a#0,S/S3a,30.0,19.973,10.257,3.599,14.194
3,S-S3a#0,S/S3a,30.0,26.634,165.479,1.516,16.594
3,S-S3a#0,S/S3a,30.0,46.959,266.534,6.515,27.56
3,S-S3a#0,S/S3a,30.0,49.705,193.888,1.824,29.51
3,S-S3a#0,S/S3a,30.0,54.567,123.373,2.659,33.716
3,S-S3a#0,S/S3a,30.0,11.457,69.069,3.566,7.786
3,S-S3a#0,S/S3a,30.0,56.841,236.099,2.232,29.311
3,S-S3a#0,S/S3a,30.0,71.387,267.219,2.083,31.718
3,S-S3a#0,S/S3a,30.0,51.203,154.566,3.518,22.016
3,S-S3a#0,S/S3a,30.0,24.041,309.497,1.626,9.892
3,S-S3a#0,S/S3a,30.0,14.404,359.621,9.348,5.861
3,S-S3a#0,S/S3a,30.0,21.951,169.741,2.068,8.326
3,S-S3a#0,S/S3a,30.0,38.565,287.177,4.432,17.022
3,S-S3a#0,S/S3a,30.0,23.8,329.557,6.437,11.552
3,S-S3a#0,S/S3a,30.0,45.14,193.07,1.609,22.615
3,S-S3a#0,S/S3a,30.0,42.366,183.73,5.062,22.263
3,S-S3a#0,S/S3a,30.0,34.563,25.976,1.266,20.468
3,S-S3a#0,S/S3a,30.0,18.46,50.275,1.727,12.187
3,S-S3a#0,S/S3a,30.0,9.142,31.268,1.945,5.99
3,S-S3a#0,S/S3a,30.0,14.873,13.674,1.618,9.765
3,S-S3a#0,S/S3a,30.0,25.396,238.95,5.043,15.391
3,S-S3a#0,S/S3a,30.0,34.528,138.468,9.592,16.673
3,S-S3a#0,S/S3a,30.0,46.503,249.236,1.633,23.462
3,S-S3a#0,S/S3a,30.0,29.279,213.581,0.85,12.479
3,S-S3a#0,S/S3a,30.0,32.183,412.306,7.318,11.868
3,S-S3a#0,S/S3a,30.0,35.805,175.312,15.07,10.013
3,S-S3a#0,S/S3a,30.0,47.056,50.152,13.446,12.248
3,S-S3a#0,S/S3a,30.0,53.335,93.084,14.535,14.164
3,S-S3a#0,S/S3a,30.0,36.695,36.037,11.632,10.122
3,S-S3a#0,S/S3a,30.0,34.982,164.271,5.815,11.512
3,S-S3a#0,S/S3a,30.0,27.027,64.396,0.837,10.763
3,S-S3a#0,S/S3a,30.0,6.361,39.562,3.934,3.145
3,S-S3a#0,S/S3a,60.0,52.428,247.266,30.249,11.86
3,S-S3a#0,S/S3a,60.0,92.668,68.596,32.234,19.27
3,S-S3a#0,S/S3a,60.0,92.18,204.977,26.471,19.819
3,S-S3a#0,S/S3a,60.0,60.313,265.973,23.923,12.302
3,S-S3a#0,S/S3a,60.0,51.516,722.181,33.303,9.917
3,S-S3a#0,S/S3a,60.0,33.74,772.6,37.942,5.786
3,S-S3a#0,S/S3a,60.0,39.937,93.044,42.265,6.168
3,S-S3a#0,S/S3a,60.0,29.128,313.834,27.844,4.502
3,S-S3a#0,S/S3a,60.0,59.698,541.092,29.479,8.431
3,S-S3a#0,S/S3a,60.0,43.698,1015.46,6.56,5.978
3,S-S3a#0,S/S3a,60.0,58.409,429.415,10.565,7.913
3,S-S3a#0,S/S3a,60.0,52.608,274.239,30.023,7.13
3,S-S3a#0,S/S3a,60.0,13.455,289.881,42.482,2.072
3,S-S3a#0,S/S3a,60.0,33.825,358.112,26.037,6.255
3,S-S3a#0,S/S3a,60.0,48.485,423.753,30.927,9.636
3,S-S3a#0,S/S3a,60.0,47.161,210.84,51.503,8.948
3,S-S3a#0,S/S3a,60.0,82.074,674.074,65.751,14.593
3,S-S3a#0,S/S3a,60.0,98.507,479.763,84.328,16.361
3,S-S3a#0,S/S3a,60.0,147.507,720.62,81.943,20.186
3,S-S3a#0,S/S3a,60.0,153.923,794.809,81.734,18.372
3,S-S3a#0,S/S3a,60.0,101.752,433.857,64.603,13.253
3,S-S3a#0,S/S3a,60.0,41.825,410.992,41.593,6.768
3,S-S3a#0,S/S3a,60.0,37.507,495.781,18.238,8.26
3,S-S3a#0,S/S3a,60.0,35.25,726.625,7.889,12.036
3,S-S3a#0,S/S3a,60.0,27.554,673.775,4.946,16.134
3,S-S3a#0,S/S3a,60.0,30.718,121.023,8.657,15.852
3,S-S3a#0,S/S3a,60.0,90.082,319.806,20.417,27.706
3,S-S3a#0,S/S3a,60.0,120.679,447.61,23.301,26.026
3,S-S3a#0,S/S3a,60.0,129.793,582.371,24.57,21.577
3,S-S3a#0,S/S3a,60.0,169.92,721.6,27.409,22.859
3,S-S3a#0,S/S3a,60.0,155.527,186.768,10.245,18.62
3,S-S3a#0,S/S3a,60.0,126.383,815.439,13.575,16.315
3,S-S3a#0,S/S3a,60.0,69.06,380.684,5.938,10.972
3,S-S3a#0,S/S3a,60.0,70.632,267.868,1.625,13.13
3,S-S3a#0,S/S3a,60.0,65.313,366.664,2.396,13.316
3,S-S3a#0,S/S3a,60.0,48.331,440.746,7.441,10.607
3,S-S3a#0,S/S3a,60.0,41.661,477.537,6.571,9.264
3,S-S3a#0,S/S3a,60.0,52.088,463.87,17.317,10.452
3,S-S3a#0,S/S3a,60.0,62.01,565.244,9.545,10.489
3,S-S3a#0,S/S3a,60.0,53.485,686.801,14.441,8.078
3,S-S3a#0,S/S3a,60.0,20.42,394.793,9.296,3.019
3,S-S3a#0,S/S3a,60.0,38.219,211.499,13.242,5.932
3,S-S3a#0,S/S3a,60.0,20.009,136.841,13.81,3.104
3,S-S3a#0,S/S3a,60.0,82.069,319.687,4.734,12.542
3,S-S3a#0,S/S3a,60.0,78.449,460.866,5.871,11.821
3,S-S3a#0,S/S3a,60.0,23.52,317.039,12.085,3.798
3,S-S3a#0,S/S3a,60.0,48.003,310.262,11.77,9.271
3,S-S3a#0,S/S3a,60.0,42.475,945.969,12.806,8.721
3,S-S3a#0,S/S3a,60.0,13.121,624.37,9.614,3.46
3,S-S3a#0,S/S3a,60.0,14.162,418.216,7.082,5.681
3,S-S3a#0,S/S3a,60.0,26.716,562.831,2.994,17.755
3,S-S3a#0,S/S3a,60.0,18.274,79.804,1.334,10.635
3,S-S3a#0,S/S3a,60.0,31.146,283.854,7.861,10.121
3,S-S3a#0,S/S3a,60.0,93.358,487.568,1.661,23.09
3,S-S3a#0,S/S3a,60.0,211.706,516.543,29.55,40.041
3,S-S3a#0,S/S3a,60.0,287.112,657.67,40.395,42.793
3,S-S3a#0,S/S3a,60.0,339.906,446.502,23.907,42.43
3,S-S3a#0,S/S3a,60.0,329.712,580.656,31.4,39.043
3,S-S3a#0,S/S3a,60.0,341.466,49.788,23.493,40.502
3,S-S3a#0,S/S3a,60.0,340.471,71.829,23.51,40.548
3,S-S3a#0,S/S3a,60.0,354.786,154.575,24.043,42.072
3,S-S3a#0,S/S3a,60.0,317.329,113.979,28.198,37.457
3,S-S3a#0,S/S3a,60.0,313.089,181.598,25.734,36.71
3,S-S3a#0,S/S3a,60.0,307.983,221.865,25.96,35.357
3,S-S3a#0,S/S3a,60.0,303.246,183.488,26.818,33.745
3,S-S3a#0,S/S3a,60.0,243.661,375.364,8.03,26.072
3,S-S3a#0,S/S3a,60.0,222.825,678.994,5.664,23.059
3,S-S3a#0,S/S3a,60.0,226.776,945.595,38.338,22.894
3,S-S3a#0,S/S3a,60.0,203.803,704.422,32.56,20.501
3,S-S3a#0,S/S3a,60.0,196.274,726.738,44.386,20.409
3,S-S3a#0,S/S3a,60.0,172.61,179.406,32.885,19.062
3,S-S3a#0,S/S3a,60.0,146.397,753.784,14.102,16.06
3,S-S3a#0,S/S3a,60.0,137.228,970.283,16.723,15.722
3,S-S3a#0,S/S3a,60.0,159.089,1042.178,23.793,18.587
3,S-S3a#0,S/S3a,60.0,201.315,1149.49,14.861,22.192
3,S-S3a#0,S/S3a,60.0,215.64,1246.548,8.24,21.617
3,S-S3a#0,S/S3a,60.0,209.644,1041.788,20.894,19.161
3,S-S3a#0,S/S3a,60.0,237.172,631.238,27.017,20.929
3,S-S3a#0,S/S3a,60.0,321.364,1822.013,14.795,26.281
3,S-S3a#0,S/S3a,60.0,383.185,461.821,20.971,29.915
3,S-S3a#0,S/S3a,60.0,395.426,188.548,36.65,30.214
3,S-S3a#0,S/S3a,60.0,346.251,428.869,30.797,28.473
3,S-S3a#0,S/S3a,60.0,276.449,300.358,29.982,26.735
3,S-S3a#0,S/S3a,60.0,181.108,399.74,20.035,19.33
3,S-S3a#0,S/S3a,60.0,72.696,820.626,28.985,8.668
3,S-S3a#0,S/S3a,60.0,78.804,1197.175,44.687,10.079
3,S-S3a#0,S/S3a,60.0,175.936,1364.67,44.867,25.552
3,S-S3a#0,S/S3a,60.0,174.877,616.37,36.475,22.367
3,S-S3a#0,S/S3a,60.0,239.384,753.103,50.418,23.708
3,S-S3a#0,S/S3a,60.0,324.173,1294.4,63.501,28.683
3,S-S3a#0,S/S3a,60.0,337.432,1598.485,72.954,27.118
3,S-S3a#0,S/S3a,60.0,446.583,2000.923,59.905,32.979
3,S-S3a#0,S/S3a,60.0,450.063,1139.524,82.711,30.479
3,S-S3a#0,S/S3a,60.0,412.95,246.477,65.22,27.445
3,S-S3a#0,S/S3a,60.0,397.765,547.804,65.392,28.028
3,S-S3a#0,S/S3a,60.0,355.506,85.079,33.867,26.569
3,S-S3a#0,S/S3a,60.0,307.612,473.591,40.406,24.24
3,S-S3a#0,S/S3a,60.0,243.437,444.327,38.025,20.598
3,S-S3a#0,S/S3a,60.0,239.732,516.65,40.962,21.402
3,S-S3a#0,S/S3a,60.0,233.141,215.933,17.18,21.104
3,S-S3a#0,S/S3a,60.0,208.619,210.492,14.152,18.026
3,S-S3a#0,S/S3a,60.0,204.691,363.844,22.038,16.71
3,S-S3a#0,S/S3a,60.0,207.323,882.465,3.78,16.577
3,S-S3a#0,S/S3a,60.0,337.011,1373.694,214.14,26.864
3,S-S3a#0,S/S3a,60.0,183.606,113.673,26.673,14.829
3,S-S3a#0,S/S3a,60.0,215.823,347.803,28.879,18.166
3,S-S3a#0,S/S3a,60.0,196.237,242.849,26.614,17.241
3,S-S3a#0,S/S3a,60.0,161.523,302.402,30.672,14.925
3,S-S3a#0,S/S3a,60.0,177.46,378.282,41.337,16.875
3,S-S3a#0,S/S3a,60.0,174.222,239.366,31.199,16.827
3,S-S3a#0,S/S3a,60.0,149.515,292.855,27.692,14.693
3,S-S3a#0,S/S3a,60.0,135.262,33.157,58.926,13.353
3,S-S3a#0,S/S3a,60.0,136.954,362.945,43.703,13.376
3,S-S3a#0,S/S3a,60.0,154.384,736.828,32.249,15.057
3,S-S3a#0,S/S3a,60.0,118.059,101.487,58.885,11.513
3,S-S3a#0,S/S3a,60.0,132.061,99.811,34.464,13.038
3,S-S3a#0,S/S3a,60.0,133.083,329.962,10.561,13.52
3,S-S3a#0,S/S3a,60.0,103.557,185.49,17.37,11.121
3,S-S3a#0,S/S3a,60.0,86.93,569.513,22.31,9.792
3,S-S3a#0,S/S3a,60.0,89.642,387.34,27.013,10.96
3,S-S3a#0,S/S3a,60.0,78.737,172.612,20.325,10.267
3,S-S3a#0,S/S3a,60.0,98.66,366.868,27.304,13.801
3,S-S3a#0,S/S3a,60.0,123.025,452.268,35.171,17.593
3,S-S3a#0,S/S3a,60.0,89.578,459.263,26.6,14.363
3,S-S3a#0,S/S3a,60.0,79.404,568.55,26.58,16.168
3,S-S3a#0,S/S3a,60.0,20.367,492.636,18.84,5.288
3,S-S3a#0,S/S3a,60.0,18.697,262.555,11.516,7.102
3,S-S3a#0,S/S3a,60.0,29.025,551.748,10.408,17.696
3,S-S3a#0,S/S3a,60.0,43.243,592.443,9.283,86.77
3,S-S3a#0,S/S3a,60.0,13.221,6.889,7.661,174.339
3,S-S3a#0,S/S3a,60.0,116.741,71.148,138.934,165.896
3,S-S3a#0,S/S3a,60.0,341.142,183.192,363.929,182.921
3,S-S3a#0,S/S3a,60.0,566.358,304.636,607.462,182.062
3,S-S3a#0,S/S3a,60.0,776.649,404.13,807.991,188.123
3,S-S3a#0,S/S3a,60.0,783.496,403.988,808.053,189.787
3,S-S3a#0,S/S3a,60.0,55.431,359.393,19.784,13.315
3,S-S3a#0,S/S3a,60.0,33.908,467.971,13.738,7.797
3,S-S3a#0,S/S3a,60.0,16.253,298.467,3.729,3.689
3,S-S3a#0,S/S3a,60.0,41.78,372.944,4.548,10.368
3,S-S3a#0,S/S3a,60.0,38.33,303.047,19.545,12.465
3,S-S3a#0,S/S3a,60.0,40.371,303.405,18.827,13.122
3,S-S3a#0,S/S3a,60.0,36.761,66.073,4.327,12.134
3,S-S3a#0,S/S3a,60.0,43.683,499.921,2.413,20.157
3,S-S3a#0,S/S3a,60.0,28.474,553.796,1.189,16.435
3,S-S3a#0,S/S3a,60.0,23.695,44.428,2.812,13.884
3,S-S3a#0,S/S3a,60.0,54.856,229.644,39.457,22.264
3,S-S3a#0,S/S3a,60.0,79.016,329.356,54.413,22.787
3,S-S3a#0,S/S3a,60.0,107.854,446.013,72.26,23.331
3,S-S3a#0,S/S3a,60.0,215.56,439.051,195.474,36.603
3,S-S3a#0,S/S3a,60.0,58.631,205.906,50.448,9.273
3,S-S3a#0,S/S3a,60.0,51.32,847.494,25.652,7.796
3,S-S3a#0,S/S3a,60.0,65.476,90.34,7.219,9.998
3,S-S3a#0,S/S3a,60.0,30.455,92.885,2.105,4.519
3,S-S3a#0,S/S3a,60.0,56.283,108.009,9.05,8.361
3,S-S3a#0,S/S3a,60.0,81.439,199.02,10.153,12.266
3,S-S3a#0,S/S3a,60.0,118.036,209.017,20.678,18.381
3,S-S3a#0,S/S3a,60.0,138.366,312.292,10.782,21.741
3,S-S3a#0,S/S3a,60.0,175.866,40.601,40.982,26.202
3,S-S3a#0,S/S3a,60.0,152.386,125.087,25.847,22.921
3,S-S3a#0,S/S3a,60.0,148.062,375.692,17.307,22.624
3,S-S3a#0,S/S3a,60.0,124.48,281.147,27.436,19.649
3,S-S3a#0,S/S3a,60.0,98.822,35.3,22.244,15.523
3,S-S3a#0,S/S3a,60.0,72.739,194.332,27.924,11.104
3,S-S3a#0,S/S3a,60.0,73.123,184.76,28.54,11.082
3,S-S3a#0,S/S3a,60.0,93.191,116.63,13.41,14.41
3,S-S3a#0,S/S3a,60.0,88.926,378.591,23.997,14.189
3,S-S3a#0,S/S3a,60.0,31.814,428.976,9.818,5.055
3,S-S3a#0,S/S3a,60.0,63.999,663.079,15.481,10.489
3,S-S3a#0,S/S3a,60.0,118.319,766.826,0.749,20.842
3,S-S3a#0,S/S3a,60.0,126.359,705.535,4.293,23.759
3,S-S3a#0,S/S3a,60.0,124.578,509.482,4.86,24.293
3,S-S3a#0,S/S3a,60.0,132.158,505.848,6.437,30.199
3,S-S3a#0,S/S3a,60.0,86.917,522.652,14.269,24.961
3,S-S3a#0,S/S3a,60.0,61.615,587.425,6.963,18.957
3,S-S3a#0,S/S3a,60.0,70.572,266.854,10.268,26.062
3,S-S3a#0,S/S3a,60.0,65.161,255.656,8.233,21.902
3,S-S3a#0,S/S3a,60.0,46.611,232.289,8.487,13.51
3,S-S3a#0,S/S3a,60.0,510.421,284.876,539.201,127.332
3,S-S3a#0,S/S3a,60.0,50.611,466.65,4.909,10.195
3,S-S3a#0,S/S3a,60.0,51.308,492.198,4.781,9.417
3,S-S3a#0,S/S3a,60.0,15.364,389.656,2.822,2.583
3,S-S3a#0,S/S3a,60.0,17.11,504.013,13.864,3.167
3,S-S3a#0,S/S3a,60.0,15.475,499.041,5.548,3.289
3,S-S3a#0,S/S3a,60.0,57.766,130.612,3.894,12.233
3,S-S3a#0,S/S3a,60.0,58.802,108.579,12.197,15.647
3,S-S3a#0,S/S3a,60.0,52.145,48.524,14.103,16.967
3,S-S3a#0,S/S3a,60.0,48.684,75.547,17.386,15.779
3,S-S3a#0,S/S3a,60.0,70.309,86.237,19.56,21.396
3,S-S3a#0,S/S3a,60.0,117.695,347.682,25.407,36.609
3,S-S3a#0,S/S3a,60.0,129.851,311.11,25.776,35.655
3,S-S3a#0,S/S3a,60.0,740.732,391.842,781.065,155.86
3,S-S3a#0,S/S3a,60.0,140.632,451.099,22.144,30.158
3,S-S3a#0,S/S3a,60.0,127.708,256.938,25.127,26.575
3,S-S3a#0,S/S3a,60.0,20.817,642.689,12.132,3.858
3,S-S3a#0,S/S3a,60.0,33.766,445.526,5.082,5.946
3,S-S3a#0,S/S3a,60.0,27.776,600.603,9.506,5.03
3,S-S3a#0,S/S3a,60.0,17.406,581.801,0.778,3.32
3,S-S3a#0,S/S3a,60.0,103.106,559.176,8.683,17.751
3,S-S3a#0,S/S3a,60.0,57.481,409.97,18.557,10.089
3,S-S3a#0,S/S3a,60.0,36.433,414.524,3.382,7.172
3,S-S3a#0,S/S3a,60.0,70.156,623.174,13.822,13.719
3,S-S3a#0,S/S3a,60.0,96.826,581.192,19.988,20.416
3,S-S3a#0,S/S3a,60.0,60.941,365.137,5.811,14.118
3,S-S3a#0,S/S3a,60.0,44.998,397.833,6.832,11.521
3,S-S3a#0,S/S3a,60.0,12.958,266.709,2.894,3.561
3,S-S3a#0,S/S3a,60.0,3.853,99.253,5.727,1.164
3,S-S3a#0,S/S3a,60.0,22.228,67.478,10.547,7.017
3,S-S3a#0,S/S3a,60.0,53.507,269.284,14.941,16.575
3,S-S3a#0,S/S3a,60.0,70.726,99.028,7.504,22.822
3,S-S3a#0,S/S3a,60.0,88.181,331.486,3.472,27.306
3,S-S3a#0,S/S3a,60.0,62.779,355.178,9.744,19.747
3,S-S3a#0,S/S3a,60.0,94.342,48.155,9.636,26.012
3,S-S3a#0,S/S3a,60.0,127.817,273.014,12.062,32.991
3,S-S3a#0,S/S3a,60.0,111.944,382.401,9.163,29.44
3,S-S3a#0,S/S3a,60.0,77.945,489.286,3.686,17.796
3,S-S3a#0,S/S3a,60.0,44.876,115.981,1.567,9.519
3,S-S3a#0,S/S3a,60.0,16.349,451.57,8.308,3.29
3,S-S3a#0,S/S3a,60.0,14.335,400.001,6.523,3.046
3,S-S3a#0,S/S3a,60.0,29.679,196.268,4.068,6.556
3,S-S3a#0,S/S3a,60.0,11.625,172.938,6.28,2.508
3,S-S3a#0,S/S3a,60.0,4.305,227.391,6.815,1.03
3,S-S3a#0,S/S3a,60.0,25.319,288.44,6.455,6.741
3,S-S3a#0,S/S3a,60.0,66.714,235.618,3.803,18.967
3,S-S3a#0,S/S3a,60.0,53.912,102.231,5.888,15.694
3,S-S3a#0,S/S3a,60.0,27.995,26.477,5.099,8.703
3,S-S3a#0,S/S3a,60.0,28.985,85.266,9.423,9.148
3,S-S3a#0,S/S3a,60.0,29.589,312.824,16.553,8.215
3,S-S3a#0,S/S3a,60.0,49.436,365.204,10.956,14.095
3,S-S3a#0,S/S3a,60.0,28.592,512.404,11.433,7.139
3,S-S3a#0,S/S3a,60.0,30.294,96.832,24.629,6.323
3,S-S3a#0,S/S3a,60.0,23.084,301.739,17.288,4.15
3,S-S3a#0,S/S3a,60.0,84.751,828.633,30.477,13.668
3,S-S3a#0,S/S3a,60.0,152.666,1001.722,43.901,23.524
3,S-S3a#0,S/S3a,60.0,110.101,348.553,55.146,15.263
3,S-S3a#0,S/S3a,60.0,85.706,81.183,39.206,12.434
3,S-S3a#0,S/S3a,60.0,82.398,66.31,22.783,13.102
3,S-S3a#0,S/S3a,60.0,43.833,45.442,12.776,7.75
3,S-S3a#0,S/S3a,120.0,173.064,313.178,127.53,15.87
3,S-S3a#0,S/S3a,120.0,209.861,461.621,131.62,18.591
3,S-S3a#0,S/S3a,120.0,240.667,741.087,123.471,20.499
3,S-S3a#0,S/S3a,120.0,136.606,832.196,101.78,11.174
3,S-S3a#0,S/S3a,120.0,96.29,1695.874,96.756,7.649
3,S-S3a#0,S/S3a,120.0,84.813,1615.251,77.357,6.414
3,S-S3a#0,S/S3a,120.0,94.486,753.92,62.514,7.28
3,S-S3a#0,S/S3a,120.0,34.337,996.82,23.677,2.888
3,S-S3a#0,S/S3a,120.0,45.85,520.372,9.793,3.781
3,S-S3a#0,S/S3a,120.0,53.909,2080.824,66.172,4.281
3,S-S3a#0,S/S3a,120.0,97.268,751.467,120.722,7.472
3,S-S3a#0,S/S3a,120.0,118.629,202.672,181.836,8.847
3,S-S3a#0,S/S3a,120.0,153.262,46.302,252.727,11.106
3,S-S3a#0,S/S3a,120.0,154.212,143.133,256.355,11.183
3,S-S3a#0,S/S3a,120.0,198.91,360.558,233.133,15.635
3,S-S3a#0,S/S3a,120.0,150.396,830.122,217.41,13.115
3,S-S3a#0,S/S3a,120.0,136.049,1674.11,180.823,13.364
3,S-S3a#0,S/S3a,120.0,132.251,1013.005,153.416,14.749
3,S-S3a#0,S/S3a,120.0,167.051,890.535,118.64,18.5
3,S-S3a#0,S/S3a,120.0,200.283,1070.44,127.658,19.403
3,S-S3a#0,S/S3a,120.0,191.742,987.117,134.461,17.544
3,S-S3a#0,S/S3a,120.0,157.719,958.127,126.832,14.581
3,S-S3a#0,S/S3a,120.0,174.191,848.003,102.625,16.502
3,S-S3a#0,S/S3a,120.0,173.095,1010.94,94.215,16.705
3,S-S3a#0,S/S3a,120.0,132.005,700.732,75.359,13.107
3,S-S3a#0,S/S3a,120.0,157.769,351.908,42.914,16.266
3,S-S3a#0,S/S3a,120.0,173.514,926.246,56.417,18.151
3,S-S3a#0,S/S3a,120.0,197.917,973.267,46.256,19.732
3,S-S3a#0,S/S3a,120.0,225.131,1051.064,38.773,20.59
3,S-S3a#0,S/S3a,120.0,226.316,1140.751,35.134,18.854
3,S-S3a#0,S/S3a,120.0,191.233,79.783,27.348,14.869
3,S-S3a#0,S/S3a,120.0,165.389,1071.923,38.034,12.99
3,S-S3a#0,S/S3a,120.0,110.311,482.366,32.378,9.037
3,S-S3a#0,S/S3a,120.0,113.503,1007.015,32.261,9.452
3,S-S3a#0,S/S3a,120.0,51.637,902.738,27.689,4.421
3,S-S3a#0,S/S3a,120.0,77.57,1078.919,43.475,7.045
3,S-S3a#0,S/S3a,120.0,54.088,1139.387,36.944,4.937
3,S-S3a#0,S/S3a,120.0,59.24,1062.709,55.738,5.134
3,S-S3a#0,S/S3a,120.0,87.023,1166.227,10.633,6.93
3,S-S3a#0,S/S3a,120.0,36.693,951.661,28.727,2.861
3,S-S3a#0,S/S3a,120.0,97.681,1108.78,14.07,8.176
3,S-S3a#0,S/S3a,120.0,114.883,832.111,14.959,10.145
3,S-S3a#0,S/S3a,120.0,53.065,825.259,14.557,5.177
3,S-S3a#0,S/S3a,120.0,112.581,1040.084,15.887,12.444
3,S-S3a#0,S/S3a,120.0,84.053,1080.743,12.509,10.309
3,S-S3a#0,S/S3a,120.0,42.633,912.434,19.36,5.388
3,S-S3a#0,S/S3a,120.0,87.694,395.834,27.094,10.623
3,S-S3a#0,S/S3a,120.0,134.003,1892.799,33.009,15.02
3,S-S3a#0,S/S3a,120.0,195.421,1125.116,32.765,21.523
3,S-S3a#0,S/S3a,120.0,266.137,486.715,35.276,28.921
3,S-S3a#0,S/S3a,120.0,302.441,546.966,27.306,31.768
3,S-S3a#0,S/S3a,120.0,351.787,836.585,33.427,34.57
3,S-S3a#0,S/S3a,120.0,414.135,1119.709,3.219,35.942
3,S-S3a#0,S/S3a,120.0,512.307,1231.378,32.658,41.135
3,S-S3a#0,S/S3a,120.0,655.578,1358.652,117.661,47.733
3,S-S3a#0,S/S3a,120.0,699.557,1504.336,137.927,46.039
3,S-S3a#0,S/S3a,120.0,711.544,945.542,100.206,42.985
3,S-S3a#0,S/S3a,120.0,694.258,931.052,114.043,40.436
3,S-S3a#0,S/S3a,120.0,687.328,458.044,98.676,39.431
3,S-S3a#0,S/S3a,120.0,622.151,648.542,90.756,35.037
3,S-S3a#0,S/S3a,120.0,565.75,1022.821,75.953,31.239
3,S-S3a#0,S/S3a,120.0,512.84,1129.374,66.759,27.884
3,S-S3a#0,S/S3a,120.0,479.648,1348.514,45.302,25.949
3,S-S3a#0,S/S3a,120.0,456.061,1359.894,29.849,24.861
3,S-S3a#0,S/S3a,120.0,438.064,951.146,19.826,24.258
3,S-S3a#0,S/S3a,120.0,444.035,679.557,16.973,24.029
3,S-S3a#0,S/S3a,120.0,471.502,802.867,41.066,25.612
3,S-S3a#0,S/S3a,120.0,509.21,890.105,92.671,27.553
3,S-S3a#0,S/S3a,120.0,520.578,164.575,78.333,27.364
3,S-S3a#0,S/S3a,120.0,542.231,546.689,99.749,27.659
3,S-S3a#0,S/S3a,120.0,532.209,1503.848,89.414,26.594
3,S-S3a#0,S/S3a,120.0,514.363,2690.004,74.54,25.141
3,S-S3a#0,S/S3a,120.0,541.112,3143.601,78.491,25.798
3,S-S3a#0,S/S3a,120.0,601.567,3263.316,102.023,28.133
3,S-S3a#0,S/S3a,120.0,666.457,3119.28,88.887,30.048
3,S-S3a#0,S/S3a,120.0,599.412,2996.018,61.385,27.054
3,S-S3a#0,S/S3a,120.0,522.456,2058.405,86.738,24.526
3,S-S3a#0,S/S3a,120.0,492.59,1047.681,75.563,23.769
3,S-S3a#0,S/S3a,120.0,471.187,2420.273,53.573,22.833
3,S-S3a#0,S/S3a,120.0,402.485,540.31,64.053,19.491
3,S-S3a#0,S/S3a,120.0,307.79,1201.299,82.055,15.394
3,S-S3a#0,S/S3a,120.0,258.498,2023.155,105.69,12.937
3,S-S3a#0,S/S3a,120.0,292.641,1434.228,151.925,14.313
3,S-S3a#0,S/S3a,120.0,365.242,2168.536,181.02,17.658
3,S-S3a#0,S/S3a,120.0,485.38,2618.548,213.492,23.284
3,S-S3a#0,S/S3a,120.0,664.502,3159.543,259.672,31.091
3,S-S3a#0,S/S3a,120.0,740.793,3222.058,279.051,34.188
3,S-S3a#0,S/S3a,120.0,803.71,1936.734,252.629,35.112
3,S-S3a#0,S/S3a,120.0,806.262,2631.623,249.454,33.161
3,S-S3a#0,S/S3a,120.0,825.371,3383.176,241.338,33.409
3,S-S3a#0,S/S3a,120.0,756.089,3659.427,239.625,30.053
3,S-S3a#0,S/S3a,120.0,808.462,3865.907,189.3,31.846
3,S-S3a#0,S/S3a,120.0,767.051,2173.044,211.231,29.51
3,S-S3a#0,S/S3a,120.0,660.82,537.667,167.885,25.303
3,S-S3a#0,S/S3a,120.0,596.318,1060.577,164.424,23.13
3,S-S3a#0,S/S3a,120.0,564.803,285.756,107.088,22.023
3,S-S3a#0,S/S3a,120.0,609.808,686.774,108.467,24.183
3,S-S3a#0,S/S3a,120.0,578.358,711.9,94.233,23.722
3,S-S3a#0,S/S3a,120.0,545.79,642.71,100.194,23.122
3,S-S3a#0,S/S3a,120.0,508.034,240.268,52.147,22.136
3,S-S3a#0,S/S3a,120.0,495.626,350.696,51.543,21.57
3,S-S3a#0,S/S3a,120.0,435.413,784.271,73.671,18.853
3,S-S3a#0,S/S3a,120.0,390.742,1649.019,43.594,16.958
3,S-S3a#0,S/S3a,120.0,559.507,2538.198,336.676,24.415
3,S-S3a#0,S/S3a,120.0,389.322,437.5,106.982,17.246
3,S-S3a#0,S/S3a,120.0,420.282,714.944,120.399,19.08
3,S-S3a#0,S/S3a,120.0,360.766,567.173,126.003,16.673
3,S-S3a#0,S/S3a,120.0,321.277,559.905,134.622,15.231
3,S-S3a#0,S/S3a,120.0,309.581,267.154,155.697,14.893
3,S-S3a#0,S/S3a,120.0,307.184,768.009,138.449,14.986
3,S-S3a#0,S/S3a,120.0,284.777,858.413,124.142,14.214
3,S-S3a#0,S/S3a,120.0,236.468,292.279,172.0,12.152
3,S-S3a#0,S/S3a,120.0,224.411,805.541,132.434,11.728
3,S-S3a#0,S/S3a,120.0,247.122,1241.893,105.454,13.394
3,S-S3a#0,S/S3a,120.0,203.014,600.845,146.883,11.317
3,S-S3a#0,S/S3a,120.0,218.793,351.711,100.138,12.653
3,S-S3a#0,S/S3a,120.0,227.839,301.188,67.933,13.523
3,S-S3a#0,S/S3a,120.0,175.209,756.108,76.242,11.258
3,S-S3a#0,S/S3a,120.0,165.753,1752.511,70.799,12.008
3,S-S3a#0,S/S3a,120.0,137.235,1475.401,67.482,11.395
3,S-S3a#0,S/S3a,120.0,103.235,995.323,47.572,10.013
3,S-S3a#0,S/S3a,120.0,90.34,1192.334,46.115,10.265
3,S-S3a#0,S/S3a,120.0,90.688,1079.077,40.833,12.087
3,S-S3a#0,S/S3a,120.0,73.659,1267.146,27.781,11.669
3,S-S3a#0,S/S3a,120.0,102.316,1304.428,39.003,18.222
3,S-S3a#0,S/S3a,120.0,48.075,1114.44,44.238,8.41
3,S-S3a#0,S/S3a,120.0,75.039,436.158,42.03,13.065
3,S-S3a#0,S/S3a,120.0,80.569,802.249,44.674,13.967
3,S-S3a#0,S/S3a,120.0,111.768,847.746,26.834,24.157
3,S-S3a#0,S/S3a,120.0,97.348,397.541,19.236,22.958
3,S-S3a#0,S/S3a,120.0,959.741,496.943,991.227,189.54
3,S-S3a#0,S/S3a,120.0,1200.584,618.265,1234.532,191.079
3,S-S3a#0,S/S3a,120.0,1394.021,704.349,1407.89,194.878
3,S-S3a#0,S/S3a,120.0,1419.24,708.861,1417.437,197.017
3,S-S3a#0,S/S3a,120.0,1417.68,708.458,1417.363,196.763
3,S-S3a#0,S/S3a,120.0,96.293,638.917,32.904,13.38
3,S-S3a#0,S/S3a,120.0,53.826,955.376,18.521,8.246
3,S-S3a#0,S/S3a,120.0,20.663,833.269,6.962,3.359
3,S-S3a#0,S/S3a,120.0,35.682,968.357,10.556,6.216
3,S-S3a#0,S/S3a,120.0,39.82,530.724,44.551,7.189
3,S-S3a#0,S/S3a,120.0,64.982,632.115,56.864,9.93
3,S-S3a#0,S/S3a,120.0,33.309,128.908,35.893,4.353
3,S-S3a#0,S/S3a,120.0,28.004,598.083,37.229,3.475
3,S-S3a#0,S/S3a,120.0,61.842,748.877,38.378,7.667
3,S-S3a#0,S/S3a,120.0,108.237,554.351,22.273,13.045
3,S-S3a#0,S/S3a,120.0,232.859,876.977,128.089,25.81
3,S-S3a#0,S/S3a,120.0,233.785,995.237,147.577,22.882
3,S-S3a#0,S/S3a,120.0,225.293,1110.6,170.668,19.821
3,S-S3a#0,S/S3a,120.0,431.718,925.453,418.042,34.423
3,S-S3a#0,S/S3a,120.0,146.892,203.147,91.413,11.515
3,S-S3a#0,S/S3a,120.0,111.292,1776.824,31.492,8.591
3,S-S3a#0,S/S3a,120.0,132.703,208.446,13.747,9.999
3,S-S3a#0,S/S3a,120.0,204.419,146.127,37.915,15.256
3,S-S3a#0,S/S3a,120.0,301.776,573.404,52.955,22.71
3,S-S3a#0,S/S3a,120.0,312.997,817.778,55.59,24.104
3,S-S3a#0,S/S3a,120.0,319.661,786.553,81.549,24.977
3,S-S3a#0,S/S3a,120.0,303.255,794.441,67.949,23.462
3,S-S3a#0,S/S3a,120.0,305.475,283.702,129.662,22.931
3,S-S3a#0,S/S3a,120.0,271.764,482.597,98.107,20.705
3,S-S3a#0,S/S3a,120.0,223.407,597.464,73.906,17.425
3,S-S3a#0,S/S3a,120.0,157.438,69.678,81.506,12.457
3,S-S3a#0,S/S3a,120.0,132.293,562.244,59.413,10.601
3,S-S3a#0,S/S3a,120.0,123.413,506.469,51.822,10.083
3,S-S3a#0,S/S3a,120.0,107.427,517.006,33.275,9.006
3,S-S3a#0,S/S3a,120.0,62.882,592.167,10.991,5.42
3,S-S3a#0,S/S3a,120.0,49.439,525.7,15.713,4.641
3,S-S3a#0,S/S3a,120.0,78.7,415.579,8.866,8.044
3,S-S3a#0,S/S3a,120.0,71.188,555.832,10.156,7.606
3,S-S3a#0,S/S3a,120.0,104.67,669.623,7.708,12.473
3,S-S3a#0,S/S3a,120.0,142.197,786.311,12.191,17.127
3,S-S3a#0,S/S3a,120.0,150.014,732.934,6.455,17.481
3,S-S3a#0,S/S3a,120.0,112.382,249.164,7.947,13.402
3,S-S3a#0,S/S3a,120.0,130.625,54.394,14.142,15.457
3,S-S3a#0,S/S3a,120.0,100.759,245.186,16.249,11.58
3,S-S3a#0,S/S3a,120.0,64.482,281.184,11.643,7.443
3,S-S3a#0,S/S3a,120.0,45.512,231.948,21.898,5.424
3,S-S3a#0,S/S3a,120.0,37.081,492.005,6.552,4.541
3,S-S3a#0,S/S3a,120.0,1185.662,554.63,1170.215,135.662
3,S-S3a#0,S/S3a,120.0,73.128,579.098,24.883,8.374
3,S-S3a#0,S/S3a,120.0,76.938,622.779,11.223,9.017
3,S-S3a#0,S/S3a,120.0,34.393,404.135,14.765,3.803
3,S-S3a#0,S/S3a,120.0,76.016,645.545,5.912,8.745
3,S-S3a#0,S/S3a,120.0,116.637,463.013,27.579,14.711
3,S-S3a#0,S/S3a,120.0,171.522,102.781,35.928,20.5
3,S-S3a#0,S/S3a,120.0,244.668,115.371,49.183,28.748
3,S-S3a#0,S/S3a,120.0,246.499,90.231,53.09,31.827
3,S-S3a#0,S/S3a,120.0,251.682,693.921,60.526,31.874
3,S-S3a#0,S/S3a,120.0,336.062,332.367,78.863,38.68
3,S-S3a#0,S/S3a,120.0,375.117,1183.164,72.141,42.131
3,S-S3a#0,S/S3a,120.0,378.519,893.843,61.492,41.251
3,S-S3a#0,S/S3a,120.0,1611.27,861.703,1677.338,161.061
3,S-S3a#0,S/S3a,120.0,384.712,1425.878,69.265,36.729
3,S-S3a#0,S/S3a,120.0,383.613,749.977,80.227,36.478
3,S-S3a#0,S/S3a,120.0,83.702,1207.989,40.403,7.982
3,S-S3a#0,S/S3a,120.0,121.194,532.228,23.987,11.218
3,S-S3a#0,S/S3a,120.0,128.407,420.096,24.643,12.497
3,S-S3a#0,S/S3a,120.0,95.328,335.807,7.747,9.963
3,S-S3a#0,S/S3a,120.0,116.516,350.412,10.721,11.983
3,S-S3a#0,S/S3a,120.0,72.222,752.08,19.112,7.731
3,S-S3a#0,S/S3a,120.0,52.715,643.543,7.383,6.276
3,S-S3a#0,S/S3a,120.0,103.949,870.976,29.641,12.544
3,S-S3a#0,S/S3a,120.0,187.122,805.873,48.026,23.458
3,S-S3a#0,S/S3a,120.0,132.236,375.9,13.376,17.82
3,S-S3a#0,S/S3a,120.0,127.856,464.042,31.576,17.909
3,S-S3a#0,S/S3a,120.0,96.696,454.736,30.441,14.171
3,S-S3a#0,S/S3a,120.0,131.216,455.326,25.809,18.896
3,S-S3a#0,S/S3a,120.0,155.648,127.286,39.195,22.084
3,S-S3a#0,S/S3a,120.0,174.199,612.444,38.626,24.763
3,S-S3a#0,S/S3a,120.0,164.201,618.853,27.877,21.945
3,S-S3a#0,S/S3a,120.0,171.887,347.591,14.738,21.624
3,S-S3a#0,S/S3a,120.0,141.636,752.007,32.52,17.369
3,S-S3a#0,S/S3a,120.0,98.182,209.399,19.859,11.768
3,S-S3a#0,S/S3a,120.0,56.974,41.23,12.507,6.777
3,S-S3a#0,S/S3a,120.0,61.847,282.959,8.051,7.323
3,S-S3a#0,S/S3a,120.0,87.377,315.927,5.659,10.198
3,S-S3a#0,S/S3a,120.0,62.55,117.686,6.012,7.376
3,S-S3a#0,S/S3a,120.0,61.76,116.134,5.849,7.275
3,S-S3a#0,S/S3a,120.0,43.105,171.402,9.659,5.288
3,S-S3a#0,S/S3a,120.0,34.922,211.16,1.842,4.506
3,S-S3a#0,S/S3a,120.0,53.301,279.753,14.292,6.825
3,S-S3a#0,S/S3a,120.0,60.896,254.633,20.183,7.821
3,S-S3a#0,S/S3a,120.0,79.108,95.911,21.188,10.884
3,S-S3a#0,S/S3a,120.0,31.599,165.585,29.636,4.198
3,S-S3a#0,S/S3a,120.0,98.307,488.968,44.778,11.943
3,S-S3a#0,S/S3a,120.0,101.619,263.569,60.252,11.572
3,S-S3a#0,S/S3a,120.0,148.708,286.289,79.985,15.857
3,S-S3a#0,S/S3a,120.0,189.263,441.753,102.796,18.738
3,S-S3a#0,S/S3a,120.0,219.516,611.674,94.443,20.466
3,S-S3a#0,S/S3a,120.0,253.71,1274.685,98.687,23.254
3,S-S3a#0,S/S3a,120.0,226.852,570.369,103.451,20.45
3,S-S3a#0,S/S3a,120.0,148.445,554.119,63.489,13.217
4,S-S1#0,S/S1,10.0,4.083,28.833,0.632,12.188
4,S-S1#0,S/S1,10.0,3.987,18.268,3.268,3.901
4,S-S1#0,S/S1,10.0,5.206,23.073,3.993,7.553
4,S-S1#0,S/S1,10.0,22.786,44.537,1.895,76.065
4,S-S1#0,S/S1,10.0,10.322,25.575,1.121,39.33
4,S-S1#0,S/S1,10.0,4.201,14.417,2.603,4.32
4,S-S1#0,S/S1,10.0,20.25,150.604,2.0,12.409
4,S-S1#0,S/S1,10.0,70.595,70.306,58.019,39.451
4,S-S1#0,S/S1,10.0,149.638,62.492,162.446,72.933
4,S-S1#0,S/S1,10.0,20.579,22.341,10.431,15.182
4,S-S1#0,S/S1,10.0,8.589,28.18,1.005,8.14
4,S-S1#0,S/S1,10.0,9.703,99.545,0.467,9.637
4,S-S1#0,S/S1,10.0,24.604,53.387,0.799,22.243
4,S-S1#0,S/S1,10.0,21.694,43.1,0.88,81.04
4,S-S1#0,S/S1,10.0,2.086,21.731,1.825,9.72
4,S-S1#0,S/S1,10.0,12.095,54.586,2.26,11.308
4,S-S1#0,S/S1,10.0,5.463,9.861,2.894,4.149
4,S-S1#0,S/S1,10.0,5.503,20.319,1.256,4.276
4,S-S1#0,S/S1,10.0,0.755,8.869,4.292,0.556
4,S-S1#0,S/S1,10.0,5.066,23.153,0.841,4.445
4,S-S1#0,S/S1,10.0,9.606,98.045,4.248,8.539
4,S-S1#0,S/S1,10.0,5.642,51.932,0.528,4.179
4,S-S1#0,S/S1,10.0,19.918,19.964,0.739,14.932
4,S-S1#0,S/S1,10.0,14.484,54.105,0.908,12.692
4,S-S1#0,S/S1,10.0,12.034,12.135,1.868,17.558
4,S-S1#0,S/S1,10.0,38.446,61.245,1.389,29.717
4,S-S1#0,S/S1,10.0,6.776,29.621,2.992,4.306
4,S-S1#0,S/S1,10.0,1.577,1.852,0.403,1.037
4,S-S1#0,S/S1,10.0,14.661,58.684,3.408,9.626
4,S-S1#0,S/S1,10.0,7.082,45.497,3.305,5.146
4,S-S1#0,S/S1,10.0,11.58,58.559,3.719,12.422
4,S-S1#0,S/S1,10.0,11.03,132.655,0.404,8.755
4,S-S1#0,S/S1,10.0,9.923,30.674,1.293,7.409
4,S-S1#0,S/S1,10.0,15.341,20.213,2.16,14.421
4,S-S1#0,S/S1,10.0,17.53,28.999,1.475,17.417
4,S-S1#0,S/S1,10.0,13.975,7.972,1.219,10.229
4,S-S1#0,S/S1,10.0,11.448,16.635,1.08,8.69
4,S-S1#0,S/S1,10.0,5.879,20.631,0.241,5.234
4,S-S1#0,S/S1,10.0,0.737,43.62,0.717,1.66
4,S-S1#0,S/S1,10.0,43.42,37.018,1.132,226.464
4,S-S1#0,S/S1,10.0,33.27,53.025,4.929,59.017
4,S-S1#0,S/S1,10.0,15.561,23.506,0.692,12.812
4,S-S1#0,S/S1,10.0,4.606,4.477,0.911,3.263
4,S-S1#0,S/S1,10.0,12.336,18.915,1.327,8.925
4,S-S1#0,S/S1,10.0,10.61,5.014,1.276,7.384
4,S-S1#0,S/S1,10.0,30.638,11.277,1.799,22.157
4,S-S1#0,S/S1,10.0,9.158,11.214,1.066,6.499
4,S-S1#0,S/S1,10.0,5.821,10.588,0.6,4.354
4,S-S1#0,S/S1,10.0,10.579,11.022,0.4,7.88
4,S-S1#0,S/S1,10.0,10.023,10.654,0.659,7.003
4,S-S1#0,S/S1,10.0,13.009,29.325,1.373,11.815
4,S-S1#0,S/S1,10.0,8.668,47.503,3.198,20.396
4,S-S1#0,S/S1,10.0,6.237,9.871,1.219,6.011
4,S-S1#0,S/S1,10.0,8.995,26.986,0.827,7.551
4,S-S1#0,S/S1,10.0,7.013,23.09,0.815,5.753
4,S-S1#0,S/S1,10.0,4.988,67.133,1.361,4.547
4,S-S1#0,S/S1,10.0,17.155,86.338,2.592,20.509
4,S-S1#0,S/S1,10.0,5.861,16.229,0.835,31.765
4,S-S1#0,S/S1,10.0,4.635,16.076,2.456,25.192
4,S-S1#0,S/S1,10.0,1.872,40.2,3.269,1.782
4,S-S1#0,S/S1,10.0,7.2,73.773,1.814,5.761
4,S-S1#0,S/S1,10.0,10.334,23.452,1.827,7.864
4,S-S1#0,S/S1,10.0,7.601,64.774,0.862,6.102
4,S-S1#0,S/S1,10.0,28.191,27.946,0.464,23.543
4,S-S1#0,S/S1,10.0,18.831,55.687,2.267,20.365
4,S-S1#0,S/S1,10.0,19.555,10.747,0.701,29.333
4,S-S1#0,S/S1,10.0,12.72,25.148,0.703,15.917
4,S-S1#0,S/S1,10.0,11.084,44.36,0.568,11.833
4,S-S1#0,S/S1,10.0,6.044,86.449,2.998,6.291
4,S-S1#0,S/S1,10.0,9.371,4.214,0.452,10.86
4,S-S1#0,S/S1,10.0,5.729,11.907,0.96,5.361
4,S-S1#0,S/S1,10.0,7.722,16.237,0.801,8.025
4,S-S1#0,S/S1,10.0,1.609,80.085,2.53,2.902
4,S-S1#0,S/S1,10.0,4.312,24.224,0.888,5.744
4,S-S1#0,S/S1,10.0,7.972,37.904,1.88,10.058
4,S-S1#0,S/S1,10.0,5.552,49.436,2.436,14.739
4,S-S1#0,S/S1,10.0,11.854,34.783,2.028,21.58
4,S-S1#0,S/S1,10.0,13.261,58.609,2.187,20.899
4,S-S1#0,S/S1,10.0,13.401,31.258,1.032,23.227
4,S-S1#0,S/S1,10.0,13.133,72.303,1.023,17.639
4,S-S1#0,S/S1,10.0,16.738,5.441,1.725,16.361
4,S-S1#0,S/S1,10.0,38.321,51.829,2.3,76.147
4,S-S1#0,S/S1,10.0,14.455,13.998,0.412,25.134
4,S-S1#0,S/S1,10.0,12.442,33.416,0.392,19.016
4,S-S1#0,S/S1,10.0,5.723,25.54,1.886,25.087
4,S-S1#0,S/S1,10.0,12.0,5.732,8.252,122.553
4,S-S1#0,S/S1,10.0,9.892,30.412,0.331,17.889
4,S-S1#0,S/S1,10.0,6.961,54.169,2.577,15.016
4,S-S1#0,S/S1,10.0,7.714,5.88,0.255,12.488
4,S-S1#0,S/S1,10.0,11.733,24.666,1.69,13.401
4,S-S1#0,S/S1,10.0,8.782,58.263,0.783,10.262
4,S-S1#0,S/S1,10.0,7.858,3.231,0.375,8.431
4,S-S1#0,S/S1,10.0,15.761,89.922,1.279,23.257
4,S-S1#0,S/S1,10.0,8.385,9.961,1.388,6.838
4,S-S1#0,S/S1,10.0,15.397,25.902,0.837,14.68
4,S-S1#0,S/S1,10.0,17.434,44.284,1.317,75.362
4,S-S1#0,S/S1,10.0,7.059,5.2,0.6,104.575
4,S-S1#0,S/S1,10.0,3.931,58.539,2.367,4.215
4,S-S1#0,S/S1,10.0,10.643,20.415,0.636,9.071
4,S-S1#0,S/S1,10.0,21.68,37.061,2.452,23.941
4,S-S1#0,S/S1,10.0,12.476,11.049,0.599,10.209
4,S-S1#0,S/S1,10.0,6.331,5.798,0.993,5.306
4,S-S1#0,S/S1,10.0,0.853,12.807,0.43,1.037
4,S-S1#0,S/S1,10.0,7.65,16.084,1.138,9.785
4,S-S1#0,S/S1,10.0,33.788,30.932,1.716,28.509
4,S-S1#0,S/S1,10.0,9.258,5.631,3.971,6.556
4,S-S1#0,S/S1,10.0,27.843,59.798,1.597,39.413
4,S-S1#0,S/S1,10.0,6.49,49.159,1.379,13.459
4,S-S1#0,S/S1,10.0,5.378,12.41,0.86,5.791
4,S-S1#0,S/S1,10.0,3.324,2.776,0.495,3.071
4,S-S1#0,S/S1,10.0,23.276,49.149,0.762,47.245
4,S-S1#0,S/S1,10.0,2.979,5.6,1.245,45.403
4,S-S1#0,S/S1,10.0,1.076,42.768,4.004,2.241
4,S-S1#0,S/S1,10.0,3.945,78.526,3.859,5.655
4,S-S1#0,S/S1,10.0,8.2,57.402,1.479,9.206
4,S-S1#0,S/S1,10.0,15.509,11.369,2.47,14.105
4,S-S1#0,S/S1,10.0,10.0,57.609,0.805,9.896
4,S-S1#0,S/S1,10.0,7.082,64.763,2.904,17.546
4,S-S1#0,S/S1,10.0,4.078,83.946,0.707,5.885
4,S-S1#0,S/S1,10.0,3.649,95.49,0.861,4.529
4,S-S1#0,S/S1,10.0,10.118,97.128,4.869,12.213
4,S-S1#0,S/S1,10.0,7.493,53.057,2.512,10.869
4,S-S1#0,S/S1,10.0,19.825,54.617,1.338,45.966
4,S-S1#0,S/S1,10.0,8.836,44.578,6.402,16.318
4,S-S1#0,S/S1,10.0,6.392,30.354,0.755,6.961
4,S-S1#0,S/S1,10.0,14.664,67.881,2.308,30.366
4,S-S1#0,S/S1,10.0,1.161,70.642,3.02,1.864
4,S-S1#0,S/S1,10.0,14.072,70.034,1.314,20.711
4,S-S1#0,S/S1,10.0,18.154,35.355,3.033,85.913
4,S-S1#0,S/S1,10.0,7.43,10.6,1.132,108.483
4,S-S1#0,S/S1,10.0,3.777,10.956,0.442,31.267
4,S-S1#0,S/S1,10.0,4.743,27.25,1.35,7.566
4,S-S1#0,S/S1,10.0,11.066,44.041,1.152,24.562
4,S-S1#0,S/S1,10.0,15.443,12.201,0.678,29.914
4,S-S1#0,S/S1,10.0,7.587,49.05,1.764,16.705
4,S-S1#0,S/S1,10.0,16.305,115.011,2.036,20.046
4,S-S1#0,S/S1,10.0,10.438,12.307,1.617,9.058
4,S-S1#0,S/S1,10.0,15.941,54.398,1.408,17.447
4,S-S1#0,S/S1,10.0,15.015,30.18,2.107,28.777
4,S-S1#0,S/S1,10.0,23.665,26.448,0.789,56.902
4,S-S1#0,S/S1,10.0,5.166,42.162,0.895,12.023
4,S-S1#0,S/S1,10.0,10.592,22.096,1.004,14.654
4,S-S1#0,S/S1,10.0,5.689,32.3,5.62,5.382
4,S-S1#0,S/S1,10.0,6.822,100.704,2.694,9.928
4,S-S1#0,S/S1,10.0,10.414,31.558,0.957,12.556
4,S-S1#0,S/S1,10.0,12.691,90.328,3.333,14.62
4,S-S1#0,S/S1,10.0,16.992,49.233,1.984,24.119
4,S-S1#0,S/S1,10.0,8.959,7.865,1.18,12.624
4,S-S1#0,S/S1,10.0,3.357,73.385,2.652,6.37
4,S-S1#0,S/S1,10.0,5.85,38.581,0.832,12.845
4,S-S1#0,S/S1,10.0,6.102,15.704,0.246,30.765
4,S-S1#0,S/S1,10.0,6.374,11.622,0.359,30.551
4,S-S1#0,S/S1,10.0,9.132,26.869,8.462,76.643
4,S-S1#0,S/S1,10.0,32.139,16.665,35.352,164.283
4,S-S1#0,S/S1,10.0,2.872,15.663,0.274,4.435
4,S-S1#0,S/S1,10.0,12.909,26.912,0.768,30.911
4,S-S1#0,S/S1,10.0,7.768,68.314,1.127,11.905
4,S-S1#0,S/S1,10.0,5.797,35.122,14.381,31.685
4,S-S1#0,S/S1,10.0,23.047,7.06,26.771,132.005
4,S-S1#0,S/S1,10.0,1.72,88.472,2.349,2.72
4,S-S1#0,S/S1,10.0,11.85,24.236,0.512,24.803
4,S-S1#0,S/S1,10.0,9.92,46.288,1.587,25.69
4,S-S1#0,S/S1,10.0,7.796,14.465,5.837,140.033
4,S-S1#0,S/S1,10.0,11.584,5.073,13.813,129.159
4,S-S1#0,S/S1,10.0,1.733,62.709,1.517,3.952
4,S-S1#0,S/S1,10.0,14.792,96.56,0.319,22.019
4,S-S1#0,S/S1,10.0,16.297,85.569,2.287,30.298
4,S-S1#0,S/S1,10.0,6.44,38.338,1.134,19.783
4,S-S1#0,S/S1,10.0,21.329,10.576,18.261,216.257
4,S-S1#0,S/S1,10.0,57.793,32.154,54.856,193.805
4,S-S1#0,S/S1,10.0,15.656,45.712,0.214,30.428
4,S-S1#0,S/S1,10.0,15.197,71.407,0.61,22.986
4,S-S1#0,S/S1,10.0,10.588,50.365,2.564,28.293
4,S-S1#0,S/S1,10.0,5.685,84.45,1.944,7.74
4,S-S1#0,S/S1,10.0,8.902,29.235,0.743,9.948
4,S-S1#0,S/S1,10.0,3.068,37.978,1.935,20.055
4,S-S1#0,S/S1,10.0,16.957,44.381,6.792,35.943
4,S-S1#0,S/S1,10.0,15.169,38.222,1.269,12.888
4,S-S1#0,S/S1,10.0,10.712,39.869,1.498,9.508
4,S-S1#0,S/S1,10.0,4.858,44.9,1.605,4.296
4,S-S1#0,S/S1,10.0,5.638,39.931,0.602,4.593
4,S-S1#0,S/S1,10.0,18.794,20.099,1.495,18.177
4,S-S1#0,S/S1,10.0,20.034,56.926,0.84,19.765
4,S-S1#0,S/S1,10.0,3.018,12.824,1.445,3.857
4,S-S1#0,S/S1,10.0,23.889,25.381,1.014,22.066
4,S-S1#0,S/S1,10.0,23.198,20.18,13.698,29.516
4,S-S1#0,S/S1,10.0,47.812,83.807,27.373,48.518
4,S-S1#0,S/S1,10.0,6.187,50.067,1.421,5.2
4,S-S1#0,S/S1,10.0,13.081,57.85,1.439,10.672
4,S-S1#0,S/S1,10.0,4.143,17.547,1.377,3.2
4,S-S1#0,S/S1,10.0,3.84,38.002,0.537,3.136
4,S-S1#0,S/S1,10.0,14.114,26.64,0.503,11.396
4,S-S1#0,S/S1,10.0,5.172,17.07,0.836,3.928
4,S-S1#0,S/S1,10.0,2.048,2.397,0.449,1.538
4,S-S1#0,S/S1,10.0,1.73,8.653,0.878,1.335
4,S-S1#0,S/S1,10.0,8.595,12.689,0.683,7.527
4,S-S1#0,S/S1,10.0,13.048,83.334,3.022,18.516
4,S-S1#0,S/S1,10.0,7.72,79.337,1.594,12.02
4,S-S1#0,S/S1,10.0,2.475,15.852,0.363,2.741
4,S-S1#0,S/S1,10.0,6.48,22.293,1.429,8.96
4,S-S1#0,S/S1,10.0,4.571,45.11,0.295,7.728
4,S-S1#0,S/S1,10.0,3.733,30.19,2.118,13.971
4,S-S1#0,S/S1,10.0,32.767,18.506,1.073,53.293
4,S-S1#0,S/S1,10.0,12.075,53.632,2.016,23.905
4,S-S1#0,S/S1,10.0,8.209,21.889,0.628,7.444
4,S-S1#0,S/S1,10.0,2.866,76.445,3.062,3.516
4,S-S1#0,S/S1,10.0,8.538,4.559,0.297,9.019
4,S-S1#0,S/S1,10.0,1.191,86.097,1.914,1.205
4,S-S1#0,S/S1,10.0,16.496,43.445,1.01,15.84
4,S-S1#0,S/S1,10.0,1.204,40.343,0.28,1.454
4,S-S1#0,S/S1,10.0,6.88,101.759,2.002,6.924
4,S-S1#0,S/S1,10.0,17.974,20.693,0.588,16.868
4,S-S1#0,S/S1,10.0,7.619,81.776,2.522,11.025
4,S-S1#0,S/S1,10.0,2.217,20.636,1.724,2.596
4,S-S1#0,S/S1,10.0,35.031,32.196,0.761,124.4
4,S-S1#0,S/S1,10.0,4.936,33.863,1.174,6.333
4,S-S1#0,S/S1,10.0,10.796,28.789,1.654,10.571
4,S-S1#0,S/S1,10.0,9.548,26.038,0.817,9.025
4,S-S1#0,S/S1,10.0,9.67,17.38,0.734,12.682
4,S-S1#0,S/S1,10.0,4.051,10.043,1.83,4.629
4,S-S1#0,S/S1,10.0,4.264,30.759,0.279,5.768
4,S-S1#0,S/S1,10.0,9.039,77.697,2.045,15.524
4,S-S1#0,S/S1,10.0,17.069,54.48,1.7,35.452
4,S-S1#0,S/S1,10.0,16.748,37.685,0.815,16.964
4,S-S1#0,S/S1,10.0,4.87,37.153,1.618,4.693
4,S-S1#0,S/S1,10.0,4.881,39.231,0.917,5.71
4,S-S1#0,S/S1,10.0,5.438,95.526,0.211,6.38
4,S-S1#0,S/S1,10.0,13.665,21.268,1.62,15.23
4,S-S1#0,S/S1,10.0,6.032,47.769,0.944,7.543
4,S-S1#0,S/S1,10.0,5.48,82.007,1.122,7.054
4,S-S1#0,S/S1,10.0,5.672,15.552,0.286,6.444
4,S-S1#0,S/S1,10.0,5.966,97.576,2.366,8.907
4,S-S1#0,S/S1,10.0,5.028,49.715,1.022,11.665
4,S-S1#0,S/S1,10.0,24.793,30.14,0.779,60.792
4,S-S1#0,S/S1,10.0,1.129,4.351,0.898,25.969
4,S-S1#0,S/S1,10.0,11.871,68.282,2.717,22.2
4,S-S1#0,S/S1,10.0,5.093,54.486,1.427,10.196
4,S-S1#0,S/S1,10.0,11.342,18.675,1.977,12.202
4,S-S1#0,S/S1,10.0,11.069,10.628,1.243,10.74
4,S-S1#0,S/S1,10.0,11.726,7.151,0.665,10.59
4,S-S1#0,S/S1,10.0,0.778,7.591,1.519,0.71
4,S-S1#0,S/S1,10.0,22.941,52.082,1.363,66.774
4,S-S1#0,S/S1,10.0,4.955,15.093,0.742,31.325
4,S-S1#0,S/S1,10.0,5.101,9.596,0.35,6.029
4,S-S1#0,S/S1,10.0,7.052,54.074,2.412,15.4
4,S-S1#0,S/S1,10.0,2.921,111.92,3.628,4.081
4,S-S1#0,S/S1,10.0,9.881,19.974,1.947,39.435
4,S-S1#0,S/S1,10.0,4.259,24.213,0.161,6.353
4,S-S1#0,S/S1,10.0,10.258,36.963,1.604,12.01
4,S-S1#0,S/S1,10.0,7.402,63.477,3.149,8.737
4,S-S1#0,S/S1,10.0,2.589,30.469,0.628,20.34
4,S-S1#0,S/S1,10.0,0.255,90.404,1.769,0.37
4,S-S1#0,S/S1,10.0,7.77,110.345,2.254,10.563
4,S-S1#0,S/S1,10.0,4.641,15.341,0.074,4.522
4,S-S1#0,S/S1,10.0,7.149,39.153,1.74,6.482
4,S-S1#0,S/S1,10.0,3.098,20.213,1.385,2.91
4,S-S1#0,S/S1,10.0,13.311,17.47,1.531,16.008
4,S-S1#0,S/S1,10.0,25.647,21.642,4.553,96.253
4,S-S1#0,S/S1,10.0,14.149,4.882,2.337,114.46
4,S-S1#0,S/S1,10.0,8.324,41.074,1.963,28.95
4,S-S1#0,S/S1,10.0,6.838,68.669,2.284,9.505
4,S-S1#0,S/S1,10.0,4.508,15.611,1.226,4.649
4,S-S1#0,S/S1,10.0,9.487,36.567,2.654,10.694
4,S-S1#0,S/S1,10.0,6.548,46.994,1.117,34.792
4,S-S1#0,S/S1,10.0,3.22,51.179,4.526,5.913
4,S-S1#0,S/S1,10.0,20.798,48.337,1.493,47.815
4,S-S1#0,S/S1,10.0,3.83,79.038,2.025,4.562
4,S-S1#0,S/S1,10.0,5.61,39.402,0.441,4.654
4,S-S1#0,S/S1,10.0,8.781,3.882,0.965,6.629
4,S-S1#0,S/S1,10.0,12.066,9.786,0.354,9.476
4,S-S1#0,S/S1,10.0,8.754,36.117,1.457,6.401
4,S-S1#0,S/S1,10.0,7.486,4.763,0.715,5.432
4,S-S1#0,S/S1,10.0,2.586,2.188,2.04,1.902
4,S-S1#0,S/S1,10.0,2.858,8.108,1.409,2.081
4,S-S1#0,S/S1,10.0,5.981,9.354,0.628,4.396
4,S-S1#0,S/S1,10.0,7.969,14.757,0.196,6.154
4,S-S1#0,S/S1,10.0,14.973,5.29,0.75,12.244
4,S-S1#0,S/S1,10.0,29.243,41.19,1.311,50.939
4,S-S1#0,S/S1,10.0,8.092,79.353,1.743,11.25
4,S-S1#0,S/S1,10.0,1.346,56.67,1.454,2.589
4,S-S1#0,S/S1,10.0,10.385,55.09,5.07,17.904
4,S-S1#0,S/S1,10.0,1.554,19.831,1.156,1.804
4,S-S1#0,S/S1,10.0,3.601,45.247,1.586,3.738
4,S-S1#0,S/S1,10.0,10.671,16.433,0.295,8.96
4,S-S1#0,S/S1,10.0,27.424,45.439,1.469,49.302
4,S-S1#0,S/S1,10.0,6.955,81.0,1.65,8.066
4,S-S1#0,S/S1,10.0,11.717,4.907,0.521,9.374
4,S-S1#0,S/S1,10.0,20.722,28.655,2.634,23.392
4,S-S1#0,S/S1,10.0,12.952,100.162,0.906,12.921
4,S-S1#0,S/S1,10.0,8.384,21.413,2.941,5.965
4,S-S1#0,S/S1,10.0,12.756,22.31,0.6,7.567
4,S-S1#0,S/S1,10.0,11.641,47.015,1.537,9.868
4,S-S1#0,S/S1,10.0,3.988,115.771,2.025,4.914
4,S-S1#0,S/S1,10.0,12.328,11.408,2.172,19.582
4,S-S1#0,S/S1,10.0,13.138,24.212,0.275,16.89
4,S-S1#0,S/S1,10.0,6.329,53.285,2.187,10.551
4,S-S1#0,S/S1,10.0,26.99,20.899,0.207,41.397
4,S-S1#0,S/S1,10.0,5.571,71.32,2.134,10.231
4,S-S1#0,S/S1,10.0,3.333,54.411,1.9,6.309
4,S-S1#0,S/S1,10.0,12.507,93.648,1.646,20.117
4,S-S1#0,S/S1,10.0,4.474,49.344,2.059,10.41
4,S-S1#0,S/S1,10.0,17.72,16.984,0.377,27.528
4,S-S1#0,S/S1,10.0,21.438,36.734,1.666,46.337
4,S-S1#0,S/S1,10.0,7.101,53.72,2.252,14.647
4,S-S1#0,S/S1,10.0,2.942,64.678,0.899,6.123
4,S-S1#0,S/S1,10.0,14.14,38.051,0.74,42.581
4,S-S1#0,S/S1,10.0,2.294,21.84,1.721,9.858
4,S-S1#0,S/S1,10.0,10.302,22.026,1.19,15.216
4,S-S1#0,S/S1,10.0,2.506,63.181,1.528,6.761
4,S-S1#0,S/S1,10.0,11.114,19.653,7.191,95.87
4,S-S1#0,S/S1,10.0,4.079,6.1,5.424,61.174
4,S-S1#0,S/S1,10.0,10.935,35.627,0.908,37.705
4,S-S1#0,S/S1,10.0,2.624,53.616,0.724,4.592
4,S-S1#0,S/S1,10.0,15.479,13.682,2.214,28.817
4,S-S1#0,S/S1,10.0,10.49,20.691,1.52,17.911
4,S-S1#0,S/S1,10.0,3.558,29.306,0.333,5.945
4,S-S1#0,S/S1,10.0,4.303,27.192,1.027,10.165
4,S-S1#0,S/S1,10.0,1.632,23.951,0.337,2.172
4,S-S1#0,S/S1,10.0,11.761,91.851,2.696,20.174
4,S-S1#0,S/S1,10.0,11.994,17.973,1.396,20.158
4,S-S1#0,S/S1,10.0,8.331,18.847,1.141,13.729
4,S-S1#0,S/S1,10.0,3.389,40.939,1.52,4.913
4,S-S1#0,S/S1,10.0,14.223,13.791,0.942,16.241
4,S-S1#0,S/S1,10.0,7.12,52.956,1.949,12.932
4,S-S1#0,S/S1,10.0,15.747,13.174,0.92,22.909
4,S-S1#0,S/S1,10.0,7.712,59.849,1.61,14.668
4,S-S1#0,S/S1,10.0,5.058,70.676,1.001,8.906
4,S-S1#0,S/S1,10.0,7.209,78.426,1.125,14.357
4,S-S1#0,S/S1,10.0,0.183,10.798,0.514,7.633
4,S-S1#0,S/S1,10.0,0.41,1.078,0.403,30.928
4,S-S1#0,S/S1,10.0,13.935,29.393,1.426,50.282
4,S-S1#0,S/S1,10.0,6.223,13.956,6.417,11.573
4,S-S1#0,S/S1,10.0,2.658,67.072,3.484,4.684
4,S-S1#0,S/S1,10.0,10.84,19.669,0.124,17.926
4,S-S1#0,S/S1,10.0,12.176,44.899,1.661,17.717
4,S-S1#0,S/S1,10.0,18.62,44.45,1.024,29.652
4,S-S1#0,S/S1,10.0,4.038,78.106,1.946,5.333
4,S-S1#0,S/S1,10.0,20.244,18.113,0.439,26.716
4,S-S1#0,S/S1,10.0,7.463,26.981,1.878,27.475
4,S-S1#0,S/S1,10.0,6.497,52.447,1.72,6.144
4,S-S1#0,S/S1,10.0,8.655,6.811,2.239,6.774
4,S-S1#0,S/S1,10.0,12.688,12.454,0.387,9.603
4,S-S1#0,S/S1,10.0,19.594,32.41,2.359,22.709
4,S-S1#0,S/S1,10.0,11.083,118.288,1.412,12.1
4,S-S1#0,S/S1,10.0,11.474,16.862,0.954,9.536
4,S-S1#0,S/S1,10.0,13.347,13.758,0.74,8.731
4,S-S1#0,S/S1,10.0,17.137,5.266,1.117,10.857
4,S-S1#0,S/S1,10.0,11.024,11.206,1.152,6.922
4,S-S1#0,S/S1,10.0,4.567,8.325,2.179,2.806
4,S-S1#0,S/S1,10.0,13.17,10.207,2.826,7.894
4,S-S1#0,S/S1,10.0,6.328,6.88,2.195,3.507
4,S-S1#0,S/S1,10.0,12.977,50.661,4.357,8.283
4,S-S1#0,S/S1,10.0,23.207,95.133,1.536,24.562
4,S-S1#0,S/S1,10.0,4.173,62.023,1.685,7.506
4,S-S1#0,S/S1,10.0,12.975,51.682,2.308,31.461
4,S-S1#0,S/S1,10.0,19.523,4.683,0.732,41.733
4,S-S1#0,S/S1,10.0,4.865,6.299,0.603,8.79
4,S-S1#0,S/S1,10.0,5.159,26.489,1.818,14.308
4,S-S1#0,S/S1,10.0,9.661,8.744,15.232,123.175
4,S-S1#0,S/S1,10.0,70.061,37.464,77.427,174.069
4,S-S1#0,S/S1,10.0,7.696,6.346,0.336,9.254
4,S-S1#0,S/S1,10.0,15.431,42.108,1.201,33.851
4,S-S1#0,S/S1,10.0,3.071,97.402,1.0,3.835
4,S-S1#0,S/S1,10.0,30.497,29.927,6.814,39.93
4,S-S1#0,S/S1,10.0,1.946,2.223,1.85,16.88
4,S-S1#0,S/S1,10.0,11.294,27.04,6.99,13.391
4,S-S1#0,S/S1,10.0,8.501,12.484,2.079,6.405
4,S-S1#0,S/S1,10.0,12.418,18.06,1.602,8.424
4,S-S1#0,S/S1,10.0,2.108,4.682,2.136,1.409
4,S-S1#0,S/S1,10.0,21.834,18.162,0.124,16.529
4,S-S1#0,S/S1,10.0,3.113,124.315,2.721,3.937
4,S-S1#0,S/S1,10.0,6.006,8.55,0.456,7.211
4,S-S1#0,S/S1,10.0,9.043,83.112,4.083,16.004
4,S-S1#0,S/S1,10.0,10.849,30.929,1.937,21.23
4,S-S1#0,S/S1,10.0,12.676,4.893,0.345,20.486
4,S-S1#0,S/S1,10.0,1.252,42.623,1.772,3.799
4,S-S1#0,S/S1,10.0,13.648,23.363,2.385,20.306
4,S-S1#0,S/S1,10.0,22.36,20.761,0.938,33.926
4,S-S1#0,S/S1,10.0,8.898,31.487,0.898,49.875
4,S-S1#0,S/S1,10.0,4.87,30.154,1.938,16.639
4,S-S1#0,S/S1,10.0,12.257,16.663,0.579,16.746
4,S-S1#0,S/S1,10.0,13.418,91.404,1.399,26.37
4,S-S1#0,S/S1,10.0,3.713,4.193,1.155,31.819
4,S-S1#0,S/S1,10.0,2.371,29.318,1.533,2.622
4,S-S1#0,S/S1,10.0,14.75,8.435,1.121,16.098
4,S-S1#0,S/S1,10.0,14.411,40.212,1.251,30.025
4,S-S1#0,S/S1,10.0,18.552,53.509,0.53,39.353
4,S-S1#0,S/S1,10.0,6.325,21.133,0.467,10.616
4,S-S1#0,S/S1,10.0,4.56,50.967,0.893,8.929
4,S-S1#0,S/S1,10.0,5.471,90.423,1.702,6.037
4,S-S1#0,S/S1,10.0,5.264,77.277,0.525,7.541
4,S-S1#0,S/S1,10.0,10.025,37.331,0.484,12.153
4,S-S1#0,S/S1,10.0,10.315,9.807,12.513,14.464
4,S-S1#0,S/S1,10.0,2.102,31.387,1.194,6.751
4,S-S1#0,S/S1,10.0,2.788,30.314,0.789,7.261
4,S-S1#0,S/S1,10.0,7.241,29.123,0.405,22.917
4,S-S1#0,S/S1,10.0,20.762,14.154,0.186,64.542
4,S-S1#0,S/S1,10.0,10.061,59.789,1.069,18.952
4,S-S1#0,S/S1,10.0,2.28,4.514,0.338,2.218
4,S-S1#0,S/S1,10.0,9.134,49.139,1.867,8.89
4,S-S1#0,S/S1,10.0,7.77,45.903,3.222,22.907
4,S-S1#0,S/S1,10.0,13.626,18.111,1.136,17.393
4,S-S1#0,S/S1,10.0,4.581,99.688,0.623,4.725
4,S-S1#0,S/S1,10.0,1.146,80.283,1.144,1.294
4,S-S1#0,S/S1,10.0,2.668,35.087,3.613,2.596
4,S-S1#0,S/S1,10.0,15.843,17.499,2.135,16.713
4,S-S1#0,S/S1,10.0,3.99,9.191,0.035,4.728
4,S-S1#0,S/S1,10.0,11.093,19.695,0.776,14.383
4,S-S1#0,S/S1,10.0,4.256,23.207,1.185,4.956
4,S-S1#0,S/S1,10.0,10.24,2.635,1.08,32.405
4,S-S1#0,S/S1,10.0,15.465,60.991,3.185,25.085
4,S-S1#0,S/S1,10.0,15.597,19.903,2.055,11.696
4,S-S1#0,S/S1,10.0,3.277,10.185,0.655,2.383
4,S-S1#0,S/S1,10.0,19.773,35.117,0.805,22.208
4,S-S1#0,S/S1,10.0,5.731,7.851,0.923,38.276
4,S-S1#0,S/S1,10.0,2.219,2.233,0.378,193.097
4,S-S1#0,S/S1,10.0,1.941,16.044,0.864,12.388
4,S-S1#0,S/S1,10.0,1.603,9.129,1.322,2.916
4,S-S1#0,S/S1,10.0,15.568,21.414,0.618,15.557
4,S-S1#0,S/S1,10.0,8.842,113.616,2.49,12.187
4,S-S1#0,S/S1,10.0,14.383,7.85,0.494,13.885
4,S-S1#0,S/S1,10.0,11.156,38.99,1.651,11.862
4,S-S1#0,S/S1,10.0,1.722,18.526,2.706,1.823
4,S-S1#0,S/S1,10.0,10.353,6.175,1.353,9.94
4,S-S1#0,S/S1,10.0,0.714,60.243,1.725,1.17
4,S-S1#0,S/S1,10.0,2.941,31.042,0.472,14.449
4,S-S1#0,S/S1,10.0,0.627,34.283,1.529,1.86
4,S-S1#0,S/S1,10.0,2.604,14.536,1.014,2.448
4,S-S1#0,S/S1,10.0,23.604,23.98,0.549,27.005
4,S-S1#0,S/S1,10.0,20.278,35.497,0.706,77.234
4,S-S1#0,S/S1,10.0,5.889,72.269,2.385,8.855
4,S-S1#0,S/S1,10.0,4.036,70.971,2.221,6.844
4,S-S1#0,S/S1,10.0,2.593,34.774,0.287,3.549
4,S-S1#0,S/S1,10.0,25.608,3.522,0.41,25.054
4,S-S1#0,S/S1,10.0,19.006,52.174,0.972,39.79
4,S-S1#0,S/S1,10.0,2.231,52.409,1.954,3.057
4,S-S1#0,S/S1,10.0,22.724,5.706,1.332,20.739
4,S-S1#0,S/S1,10.0,14.571,44.853,1.061,26.375
4,S-S1#0,S/S1,10.0,10.36,63.576,2.058,17.697
4,S-S1#0,S/S1,10.0,9.226,13.87,0.313,7.083
4,S-S1#0,S/S1,10.0,22.314,15.306,2.008,17.558
4,S-S1#0,S/S1,10.0,1.402,22.096,2.802,2.176
4,S-S1#0,S/S1,10.0,2.643,29.87,1.569,4.196
4,S-S1#0,S/S1,10.0,4.393,119.342,1.49,5.998
4,S-S1#0,S/S1,10.0,3.266,8.318,1.18,3.163
4,S-S1#0,S/S1,10.0,19.011,5.257,0.74,17.912
4,S-S1#0,S/S1,10.0,32.611,43.016,1.18,68.631
4,S-S1#0,S/S1,10.0,1.557,31.398,1.039,5.016
4,S-S1#0,S/S1,10.0,4.317,22.92,0.189,5.72
4,S-S1#0,S/S1,10.0,18.585,44.176,2.399,16.478
4,S-S1#0,S/S1,10.0,8.408,9.577,2.301,6.6
4,S-S1#0,S/S1,10.0,10.6,27.943,2.156,9.43
4,S-S1#0,S/S1,10.0,2.025,73.677,1.113,3.802
4,S-S1#0,S/S1,10.0,22.822,32.192,10.381,144.985
4,S-S1#0,S/S1,10.0,3.26,7.242,0.762,80.931
4,S-S1#0,S/S1,10.0,36.799,20.485,39.973,179.991
4,S-S1#0,S/S1,10.0,16.179,15.309,0.968,42.344
4,S-S1#0,S/S1,10.0,7.062,92.7,1.138,8.305
4,S-S1#0,S/S1,10.0,7.241,87.214,2.166,10.297
4,S-S1#0,S/S1,10.0,7.424,40.145,0.579,7.689
4,S-S1#0,S/S1,10.0,1.882,37.823,2.041,8.22
4,S-S1#0,S/S1,10.0,9.435,1.72,3.297,446.738
4,S-S1#0,S/S1,10.0,10.444,5.864,11.112,167.76
4,S-S1#0,S/S1,10.0,6.82,14.972,4.544,71.884
4,S-S1#0,S/S1,10.0,37.986,52.964,41.392,40.334
4,S-S1#0,S/S1,10.0,3.747,52.395,3.224,6.794
4,S-S1#0,S/S1,10.0,11.246,88.905,3.288,15.215
4,S-S1#0,S/S1,10.0,13.762,12.787,0.839,9.528
4,S-S1#0,S/S1,10.0,14.762,8.645,0.68,10.17
4,S-S1#0,S/S1,10.0,34.592,32.601,0.992,37.852
4,S-S1#0,S/S1,10.0,2.141,16.285,0.246,47.888
4,S-S1#0,S/S1,10.0,6.382,21.85,0.932,29.779
4,S-S1#0,S/S1,10.0,7.566,141.337,2.25,7.458
4,S-S1#0,S/S1,10.0,3.164,13.005,0.595,2.244
4,S-S1#0,S/S1,10.0,14.124,15.371,0.477,9.974
4,S-S1#0,S/S1,10.0,12.59,10.403,0.47,9.076
4,S-S1#0,S/S1,10.0,15.53,27.039,2.005,11.14
4,S-S1#0,S/S1,10.0,8.472,60.389,4.231,6.833
4,S-S1#0,S/S1,10.0,40.919,45.976,1.236,56.969
4,S-S1#0,S/S1,10.0,2.3,8.936,0.797,26.259
4,S-S1#0,S/S1,10.0,3.25,16.656,1.875,4.267
4,S-S1#0,S/S1,10.0,2.315,24.973,0.563,11.391
4,S-S1#0,S/S1,10.0,1.52,42.087,1.3,2.588
4,S-S1#0,S/S1,10.0,6.471,48.673,1.05,28.277
4,S-S1#0,S/S1,10.0,5.26,17.533,0.92,30.277
4,S-S1#0,S/S1,10.0,21.183,98.22,1.422,33.009
4,S-S1#0,S/S1,10.0,20.226,60.882,1.476,45.482
4,S-S1#0,S/S1,10.0,6.669,20.997,1.782,28.991
4,S-S1#0,S/S1,10.0,6.294,5.395,7.004,163.093
4,S-S1#0,S/S1,30.0,21.208,124.786,1.7,15.499
4,S-S1#0,S/S1,30.0,35.122,193.754,7.641,17.012
4,S-S1#0,S/S1,30.0,47.572,111.416,2.902,23.449
4,S-S1#0,S/S1,30.0,98.337,178.289,4.52,98.439
4,S-S1#0,S/S1,30.0,126.602,168.284,2.095,224.308
4,S-S1#0,S/S1,30.0,42.801,112.763,12.648,34.384
4,S-S1#0,S/S1,30.0,99.49,273.972,36.916,34.447
4,S-S1#0,S/S1,30.0,129.523,200.328,65.26,29.265
4,S-S1#0,S/S1,30.0,114.394,685.994,35.702,20.721
4,S-S1#0,S/S1,30.0,87.962,455.989,35.199,16.786
4,S-S1#0,S/S1,30.0,348.294,55.786,348.47,77.598
4,S-S1#0,S/S1,30.0,46.523,231.856,7.312,13.522
4,S-S1#0,S/S1,30.0,35.082,326.023,2.127,10.992
4,S-S1#0,S/S1,30.0,87.992,239.997,5.628,36.65
4,S-S1#0,S/S1,30.0,124.304,274.498,0.945,77.871
4,S-S1#0,S/S1,30.0,81.387,99.639,2.853,52.188
4,S-S1#0,S/S1,30.0,31.518,257.135,1.491,12.024
4,S-S1#0,S/S1,30.0,38.904,291.469,13.894,10.516
4,S-S1#0,S/S1,30.0,24.077,124.195,10.687,6.039
4,S-S1#0,S/S1,30.0,22.142,336.762,3.648,5.812
4,S-S1#0,S/S1,30.0,37.447,325.085,5.611,10.28
4,S-S1#0,S/S1,30.0,56.422,442.818,6.156,15.516
4,S-S1#0,S/S1,30.0,34.544,203.505,12.398,9.006
4,S-S1#0,S/S1,30.0,29.466,301.401,5.243,7.649
4,S-S1#0,S/S1,30.0,15.856,216.861,3.018,4.983
4,S-S1#0,S/S1,30.0,38.623,179.357,5.338,12.314
4,S-S1#0,S/S1,30.0,83.747,137.881,3.88,23.41
4,S-S1#0,S/S1,30.0,79.488,285.138,8.379,17.984
4,S-S1#0,S/S1,30.0,45.619,186.038,16.809,9.815
4,S-S1#0,S/S1,30.0,69.887,246.468,16.255,15.703
4,S-S1#0,S/S1,30.0,46.982,379.364,18.057,12.176
4,S-S1#0,S/S1,30.0,7.696,310.49,15.344,2.144
4,S-S1#0,S/S1,30.0,34.514,110.277,9.138,9.707
4,S-S1#0,S/S1,30.0,32.005,555.806,7.481,8.675
4,S-S1#0,S/S1,30.0,29.574,91.89,6.052,8.622
4,S-S1#0,S/S1,30.0,30.26,52.584,14.651,8.754
4,S-S1#0,S/S1,30.0,86.07,152.658,8.403,23.155
4,S-S1#0,S/S1,30.0,59.77,10.711,4.97,15.597
4,S-S1#0,S/S1,30.0,21.862,141.526,1.549,7.524
4,S-S1#0,S/S1,30.0,35.607,165.248,1.421,20.077
4,S-S1#0,S/S1,30.0,132.939,203.183,1.751,206.19
4,S-S1#0,S/S1,30.0,237.407,145.89,2.02,1180.217
4,S-S1#0,S/S1,30.0,153.796,55.736,4.14,268.298
4,S-S1#0,S/S1,30.0,27.718,178.021,15.315,15.454
4,S-S1#0,S/S1,30.0,79.718,308.208,27.117,24.807
4,S-S1#0,S/S1,30.0,59.228,118.894,2.954,14.674
4,S-S1#0,S/S1,30.0,54.318,43.905,3.094,12.754
4,S-S1#0,S/S1,30.0,85.0,135.88,4.715,20.091
4,S-S1#0,S/S1,30.0,76.079,121.995,1.879,17.871
4,S-S1#0,S/S1,30.0,65.449,110.818,6.51,15.745
4,S-S1#0,S/S1,30.0,51.935,84.574,2.268,12.619
4,S-S1#0,S/S1,30.0,33.753,63.816,3.27,8.157
4,S-S1#0,S/S1,30.0,35.56,30.096,5.56,9.109
4,S-S1#0,S/S1,30.0,56.107,156.638,2.448,18.849
4,S-S1#0,S/S1,30.0,33.864,328.759,1.784,13.139
4,S-S1#0,S/S1,30.0,21.945,338.816,2.477,8.209
4,S-S1#0,S/S1,30.0,37.112,64.206,8.668,10.691
4,S-S1#0,S/S1,30.0,18.026,49.943,5.983,5.104
4,S-S1#0,S/S1,30.0,51.366,61.012,6.883,16.183
4,S-S1#0,S/S1,30.0,68.106,176.642,4.113,31.939
4,S-S1#0,S/S1,30.0,62.447,201.921,3.796,51.593
4,S-S1#0,S/S1,30.0,40.644,177.831,9.13,28.485
4,S-S1#0,S/S1,30.0,34.007,249.93,6.157,13.58
4,S-S1#0,S/S1,30.0,38.122,121.686,6.387,10.47
4,S-S1#0,S/S1,30.0,56.904,268.997,10.093,14.836
4,S-S1#0,S/S1,30.0,56.535,85.913,8.735,14.948
4,S-S1#0,S/S1,30.0,32.272,264.921,1.938,9.509
4,S-S1#0,S/S1,30.0,2.79,162.314,3.371,0.993
4,S-S1#0,S/S1,30.0,49.885,459.318,3.885,20.759
4,S-S1#0,S/S1,30.0,44.541,64.492,1.382,18.422
4,S-S1#0,S/S1,30.0,43.395,197.244,3.65,15.978
4,S-S1#0,S/S1,30.0,40.314,398.995,7.162,14.509
4,S-S1#0,S/S1,30.0,12.493,316.676,10.874,4.293
4,S-S1#0,S/S1,30.0,38.764,38.03,2.617,13.301
4,S-S1#0,S/S1,30.0,19.005,130.002,4.041,7.304
4,S-S1#0,S/S1,30.0,22.222,239.651,5.995,9.745
4,S-S1#0,S/S1,30.0,21.099,181.451,6.782,9.983
4,S-S1#0,S/S1,30.0,46.124,186.561,6.913,23.845
4,S-S1#0,S/S1,30.0,40.902,226.266,7.134,23.618
4,S-S1#0,S/S1,30.0,16.814,215.028,4.634,10.685
4,S-S1#0,S/S1,30.0,32.119,121.143,4.962,18.094
4,S-S1#0,S/S1,30.0,31.718,182.947,4.671,16.115
4,S-S1#0,S/S1,30.0,67.25,367.59,10.874,28.522
4,S-S1#0,S/S1,30.0,141.546,235.398,4.435,61.803
4,S-S1#0,S/S1,30.0,118.359,196.253,5.71,55.915
4,S-S1#0,S/S1,30.0,61.144,190.143,3.049,35.094
4,S-S1#0,S/S1,30.0,30.502,195.693,1.429,20.789
4,S-S1#0,S/S1,30.0,33.224,103.076,13.151,33.676
4,S-S1#0,S/S1,30.0,17.129,49.82,12.713,19.418
4,S-S1#0,S/S1,30.0,194.021,69.378,186.096,172.648
4,S-S1#0,S/S1,30.0,19.38,125.75,2.439,11.758
4,S-S1#0,S/S1,30.0,52.702,328.98,6.62,26.727
4,S-S1#0,S/S1,30.0,63.821,100.966,2.716,26.971
4,S-S1#0,S/S1,30.0,83.951,260.647,6.659,31.317
4,S-S1#0,S/S1,30.0,61.214,302.604,5.22,24.691
4,S-S1#0,S/S1,30.0,43.715,354.194,5.608,15.325
4,S-S1#0,S/S1,30.0,33.273,393.048,1.13,11.178
4,S-S1#0,S/S1,30.0,46.344,102.889,3.772,18.341
4,S-S1#0,S/S1,30.0,77.959,237.298,2.316,57.523
4,S-S1#0,S/S1,30.0,35.261,204.867,5.909,28.531
4,S-S1#0,S/S1,30.0,17.743,220.356,3.767,8.105
4,S-S1#0,S/S1,30.0,28.747,186.41,9.875,9.473
4,S-S1#0,S/S1,30.0,51.569,63.656,7.343,15.518
4,S-S1#0,S/S1,30.0,22.736,228.935,11.727,6.801
4,S-S1#0,S/S1,30.0,31.08,56.49,3.223,9.537
4,S-S1#0,S/S1,30.0,18.768,113.76,1.669,6.669
4,S-S1#0,S/S1,30.0,21.387,67.545,4.175,7.622
4,S-S1#0,S/S1,30.0,68.344,151.052,10.334,20.087
4,S-S1#0,S/S1,30.0,59.958,61.714,6.738,17.997
4,S-S1#0,S/S1,30.0,23.663,221.824,4.806,9.052
4,S-S1#0,S/S1,30.0,22.971,389.876,3.21,10.806
4,S-S1#0,S/S1,30.0,38.934,259.038,7.542,15.496
4,S-S1#0,S/S1,30.0,37.055,17.792,3.318,14.675
4,S-S1#0,S/S1,30.0,46.739,160.488,1.44,28.303
4,S-S1#0,S/S1,30.0,34.508,214.668,0.844,33.168
4,S-S1#0,S/S1,30.0,2.721,112.34,21.091,2.175
4,S-S1#0,S/S1,30.0,17.868,167.702,22.659,8.583
4,S-S1#0,S/S1,30.0,63.247,94.941,6.435,23.372
4,S-S1#0,S/S1,30.0,80.282,144.881,1.311,26.562
4,S-S1#0,S/S1,30.0,69.793,89.073,6.58,27.561
4,S-S1#0,S/S1,30.0,35.13,112.816,3.718,16.572
4,S-S1#0,S/S1,30.0,8.218,186.701,3.683,4.292
4,S-S1#0,S/S1,30.0,16.377,143.306,1.292,6.994
4,S-S1#0,S/S1,30.0,4.563,180.072,3.409,1.95
4,S-S1#0,S/S1,30.0,33.61,142.803,9.413,17.103
4,S-S1#0,S/S1,30.0,21.361,148.442,4.06,12.792
4,S-S1#0,S/S1,30.0,20.418,334.826,5.529,10.741
4,S-S1#0,S/S1,30.0,41.065,130.764,21.265,20.972
4,S-S1#0,S/S1,30.0,15.77,234.03,2.13,7.735
4,S-S1#0,S/S1,30.0,17.131,189.887,0.966,9.514
4,S-S1#0,S/S1,30.0,54.451,241.341,5.471,35.672
4,S-S1#0,S/S1,30.0,57.901,188.261,13.701,59.898
4,S-S1#0,S/S1,30.0,34.207,114.642,16.238,85.058
4,S-S1#0,S/S1,30.0,138.017,45.622,143.805,168.363
4,S-S1#0,S/S1,30.0,12.288,110.429,5.045,10.161
4,S-S1#0,S/S1,30.0,29.272,179.118,2.275,18.223
4,S-S1#0,S/S1,30.0,31.933,236.406,1.862,22.37
4,S-S1#0,S/S1,30.0,11.123,9.282,4.43,6.211
4,S-S1#0,S/S1,30.0,15.369,185.636,2.506,6.31
4,S-S1#0,S/S1,30.0,12.337,400.864,0.868,4.251
4,S-S1#0,S/S1,30.0,42.87,193.675,4.029,16.459
4,S-S1#0,S/S1,30.0,47.103,141.665,4.095,25.302
4,S-S1#0,S/S1,30.0,41.338,76.375,3.986,30.096
4,S-S1#0,S/S1,30.0,35.139,141.999,4.531,22.281
4,S-S1#0,S/S1,30.0,31.375,222.153,8.784,14.086
4,S-S1#0,S/S1,30.0,9.754,22.204,2.158,3.927
4,S-S1#0,S/S1,30.0,11.422,254.396,8.044,4.409
4,S-S1#0,S/S1,30.0,24.978,176.552,5.926,10.4
4,S-S1#0,S/S1,30.0,53.016,343.022,5.299,21.915
4,S-S1#0,S/S1,30.0,26.085,48.592,5.254,11.351
4,S-S1#0,S/S1,30.0,35.309,290.783,3.8,18.071
4,S-S1#0,S/S1,30.0,18.562,167.412,5.036,10.887
4,S-S1#0,S/S1,30.0,17.877,224.634,3.197,15.012
4,S-S1#0,S/S1,30.0,24.559,160.486,1.008,28.327
4,S-S1#0,S/S1,30.0,9.89,46.611,8.743,18.643
4,S-S1#0,S/S1,30.0,14.379,17.084,12.563,27.24
4,S-S1#0,S/S1,30.0,14.874,101.878,13.52,15.352
4,S-S1#0,S/S1,30.0,246.116,122.175,236.843,193.422
4,S-S1#0,S/S1,30.0,26.246,184.362,3.114,15.201
4,S-S1#0,S/S1,30.0,40.264,206.954,15.023,31.915
4,S-S1#0,S/S1,30.0,39.095,51.719,19.748,38.421
4,S-S1#0,S/S1,30.0,13.36,143.834,19.558,13.412
4,S-S1#0,S/S1,30.0,236.378,111.038,223.383,182.312
4,S-S1#0,S/S1,30.0,30.706,225.017,3.565,20.354
4,S-S1#0,S/S1,30.0,13.349,70.172,4.373,14.401
4,S-S1#0,S/S1,30.0,25.82,80.998,8.344,48.307
4,S-S1#0,S/S1,30.0,12.347,72.295,8.439,21.023
4,S-S1#0,S/S1,30.0,136.889,75.886,134.571,113.299
4,S-S1#0,S/S1,30.0,38.303,37.98,2.558,23.096
4,S-S1#0,S/S1,30.0,38.47,209.222,2.895,24.932
4,S-S1#0,S/S1,30.0,23.929,72.311,15.399,24.787
4,S-S1#0,S/S1,30.0,50.57,42.566,19.892,69.849
4,S-S1#0,S/S1,30.0,39.071,47.765,24.72,42.593
4,S-S1#0,S/S1,30.0,158.086,65.244,146.827,106.647
4,S-S1#0,S/S1,30.0,39.158,197.572,1.462,25.103
4,S-S1#0,S/S1,30.0,50.215,251.496,2.64,28.171
4,S-S1#0,S/S1,30.0,17.821,118.115,3.598,8.828
4,S-S1#0,S/S1,30.0,17.617,318.825,4.284,9.8
4,S-S1#0,S/S1,30.0,28.612,212.838,6.807,18.744
4,S-S1#0,S/S1,30.0,39.548,261.696,6.349,21.825
4,S-S1#0,S/S1,30.0,65.068,272.268,17.839,23.259
4,S-S1#0,S/S1,30.0,40.575,343.045,2.289,11.736
4,S-S1#0,S/S1,30.0,51.173,385.823,5.625,14.592
4,S-S1#0,S/S1,30.0,29.298,171.272,5.069,8.578
4,S-S1#0,S/S1,30.0,43.089,299.077,6.961,13.072
4,S-S1#0,S/S1,30.0,53.13,255.687,5.881,18.648
4,S-S1#0,S/S1,30.0,32.15,248.087,3.915,11.097
4,S-S1#0,S/S1,30.0,31.392,13.463,12.857,11.761
4,S-S1#0,S/S1,30.0,43.27,96.51,41.373,15.078
4,S-S1#0,S/S1,30.0,22.491,28.272,42.616,7.551
4,S-S1#0,S/S1,30.0,61.982,297.056,28.479,18.102
4,S-S1#0,S/S1,30.0,15.293,68.707,2.566,4.094
4,S-S1#0,S/S1,30.0,10.263,246.885,2.663,2.721
4,S-S1#0,S/S1,30.0,19.893,51.137,10.666,5.258
4,S-S1#0,S/S1,30.0,37.985,261.939,5.043,9.984
4,S-S1#0,S/S1,30.0,23.366,104.97,4.054,5.972
4,S-S1#0,S/S1,30.0,22.952,46.036,4.484,5.78
4,S-S1#0,S/S1,30.0,10.01,41.666,2.067,2.638
4,S-S1#0,S/S1,30.0,18.625,78.012,4.736,5.882
4,S-S1#0,S/S1,30.0,34.966,214.076,4.427,13.952
4,S-S1#0,S/S1,30.0,37.357,158.251,3.122,16.509
4,S-S1#0,S/S1,30.0,10.746,354.211,1.08,4.703
4,S-S1#0,S/S1,30.0,8.8,118.34,2.548,3.944
4,S-S1#0,S/S1,30.0,9.881,243.108,2.845,6.216
4,S-S1#0,S/S1,30.0,30.337,65.773,3.085,20.442
4,S-S1#0,S/S1,30.0,46.534,133.126,3.459,33.325
4,S-S1#0,S/S1,30.0,72.061,320.521,2.657,32.263
4,S-S1#0,S/S1,30.0,25.847,250.042,3.227,10.577
4,S-S1#0,S/S1,30.0,6.821,222.661,4.732,2.364
4,S-S1#0,S/S1,30.0,18.575,440.097,5.562,6.713
4,S-S1#0,S/S1,30.0,47.326,284.356,4.591,15.796
4,S-S1#0,S/S1,30.0,65.482,382.018,8.194,22.758
4,S-S1#0,S/S1,30.0,62.247,118.776,2.199,21.604
4,S-S1#0,S/S1,30.0,34.192,402.151,4.133,11.76
4,S-S1#0,S/S1,30.0,29.301,236.923,5.421,10.574
4,S-S1#0,S/S1,30.0,11.34,313.483,3.712,4.312
4,S-S1#0,S/S1,30.0,26.762,312.282,3.375,14.526
4,S-S1#0,S/S1,30.0,27.729,311.172,1.752,14.405
4,S-S1#0,S/S1,30.0,36.23,59.735,4.036,17.286
4,S-S1#0,S/S1,30.0,16.525,161.025,1.398,5.74
4,S-S1#0,S/S1,30.0,34.154,71.0,5.568,11.934
4,S-S1#0,S/S1,30.0,42.243,101.051,1.756,15.561
4,S-S1#0,S/S1,30.0,31.453,59.79,2.409,13.137
4,S-S1#0,S/S1,30.0,19.605,226.676,4.525,8.872
4,S-S1#0,S/S1,30.0,6.982,224.697,2.016,3.857
4,S-S1#0,S/S1,30.0,33.747,73.172,2.429,16.362
4,S-S1#0,S/S1,30.0,25.256,277.153,1.773,10.001
4,S-S1#0,S/S1,30.0,46.123,280.605,4.147,15.901
4,S-S1#0,S/S1,30.0,15.835,291.236,4.024,5.732
4,S-S1#0,S/S1,30.0,17.516,420.814,2.476,6.683
4,S-S1#0,S/S1,30.0,16.007,288.018,3.287,6.232
4,S-S1#0,S/S1,30.0,16.48,170.724,3.424,6.618
4,S-S1#0,S/S1,30.0,10.656,394.102,4.703,4.31
4,S-S1#0,S/S1,30.0,23.721,289.861,4.012,10.122
4,S-S1#0,S/S1,30.0,18.139,117.274,1.623,9.106
4,S-S1#0,S/S1,30.0,43.885,125.631,2.52,28.893
4,S-S1#0,S/S1,30.0,48.332,125.242,0.664,56.504
4,S-S1#0,S/S1,30.0,34.776,165.859,0.862,75.473
4,S-S1#0,S/S1,30.0,7.93,56.092,5.63,13.423
4,S-S1#0,S/S1,30.0,17.258,85.074,17.168,15.949
4,S-S1#0,S/S1,30.0,26.923,51.063,3.839,13.654
4,S-S1#0,S/S1,30.0,21.259,253.369,2.582,8.586
4,S-S1#0,S/S1,30.0,11.077,78.684,5.099,3.587
4,S-S1#0,S/S1,30.0,26.797,48.248,7.316,8.23
4,S-S1#0,S/S1,30.0,60.221,118.394,5.17,23.459
4,S-S1#0,S/S1,30.0,49.746,178.088,2.814,34.224
4,S-S1#0,S/S1,30.0,30.277,208.198,2.444,59.789
4,S-S1#0,S/S1,30.0,17.661,98.47,6.323,17.393
4,S-S1#0,S/S1,30.0,18.975,120.622,3.288,12.882
4,S-S1#0,S/S1,30.0,8.43,126.794,2.61,4.152
4,S-S1#0,S/S1,30.0,11.157,96.144,3.541,7.772
4,S-S1#0,S/S1,30.0,14.48,208.48,3.287,8.791
4,S-S1#0,S/S1,30.0,12.884,201.011,4.783,7.2
4,S-S1#0,S/S1,30.0,15.644,50.729,2.863,6.548
4,S-S1#0,S/S1,30.0,23.153,304.323,3.569,12.564
4,S-S1#0,S/S1,30.0,10.874,257.803,8.681,6.511
4,S-S1#0,S/S1,30.0,14.822,151.144,4.408,9.502
4,S-S1#0,S/S1,30.0,6.662,139.014,7.537,2.701
4,S-S1#0,S/S1,30.0,20.734,435.71,2.772,7.188
4,S-S1#0,S/S1,30.0,55.58,167.897,1.759,17.287
4,S-S1#0,S/S1,30.0,49.897,99.017,4.205,16.525
4,S-S1#0,S/S1,30.0,54.412,83.48,6.088,24.986
4,S-S1#0,S/S1,30.0,80.196,185.979,28.558,65.294
4,S-S1#0,S/S1,30.0,75.078,112.168,30.088,110.293
4,S-S1#0,S/S1,30.0,189.146,109.436,178.445,166.73
4,S-S1#0,S/S1,30.0,32.872,124.394,7.273,16.527
4,S-S1#0,S/S1,30.0,50.339,217.309,16.429,19.395
4,S-S1#0,S/S1,30.0,37.758,94.7,7.676,18.319
4,S-S1#0,S/S1,30.0,26.853,180.667,3.541,16.508
4,S-S1#0,S/S1,30.0,23.685,242.9,1.377,20.133
4,S-S1#0,S/S1,30.0,16.293,149.792,12.721,8.9
4,S-S1#0,S/S1,30.0,24.556,405.262,0.854,9.841
4,S-S1#0,S/S1,30.0,18.893,340.099,18.181,5.566
4,S-S1#0,S/S1,30.0,48.854,220.342,3.225,12.758
4,S-S1#0,S/S1,30.0,45.884,91.055,4.005,11.495
4,S-S1#0,S/S1,30.0,44.051,230.493,4.656,10.887
4,S-S1#0,S/S1,30.0,29.954,138.672,7.644,7.247
4,S-S1#0,S/S1,30.0,17.075,8.301,5.0,4.126
4,S-S1#0,S/S1,30.0,8.062,36.804,10.34,1.956
4,S-S1#0,S/S1,30.0,8.725,68.329,5.399,2.151
4,S-S1#0,S/S1,30.0,38.513,37.332,0.858,9.864
4,S-S1#0,S/S1,30.0,78.921,90.434,1.654,25.332
4,S-S1#0,S/S1,30.0,71.798,221.265,4.524,28.394
4,S-S1#0,S/S1,30.0,38.118,333.388,4.316,20.874
4,S-S1#0,S/S1,30.0,25.818,214.203,3.837,14.104
4,S-S1#0,S/S1,30.0,13.142,130.719,2.445,6.663
4,S-S1#0,S/S1,30.0,50.352,231.197,17.668,20.812
4,S-S1#0,S/S1,30.0,29.647,20.711,5.75,9.779
4,S-S1#0,S/S1,30.0,37.856,117.711,6.662,13.847
4,S-S1#0,S/S1,30.0,32.316,244.696,5.782,12.319
4,S-S1#0,S/S1,30.0,16.358,393.277,8.28,6.096
4,S-S1#0,S/S1,30.0,26.635,285.913,3.805,8.813
4,S-S1#0,S/S1,30.0,8.189,192.807,3.012,2.594
4,S-S1#0,S/S1,30.0,9.568,396.789,9.226,2.887
4,S-S1#0,S/S1,30.0,41.414,391.676,8.269,10.043
4,S-S1#0,S/S1,30.0,45.922,157.303,10.92,10.669
4,S-S1#0,S/S1,30.0,25.966,321.388,4.356,7.018
4,S-S1#0,S/S1,30.0,11.637,473.62,6.669,4.417
4,S-S1#0,S/S1,30.0,12.866,352.456,2.742,5.76
4,S-S1#0,S/S1,30.0,18.179,55.996,6.011,8.991
4,S-S1#0,S/S1,30.0,34.755,143.19,2.934,16.994
4,S-S1#0,S/S1,30.0,39.429,249.771,3.628,21.775
4,S-S1#0,S/S1,30.0,42.628,202.375,2.893,24.531
4,S-S1#0,S/S1,30.0,3.967,262.045,4.67,2.325
4,S-S1#0,S/S1,30.0,20.417,89.017,3.85,12.818
4,S-S1#0,S/S1,30.0,32.808,149.738,1.707,19.192
4,S-S1#0,S/S1,30.0,33.997,290.498,2.382,21.956
4,S-S1#0,S/S1,30.0,42.187,116.457,2.278,26.395
4,S-S1#0,S/S1,30.0,24.217,79.364,3.107,16.864
4,S-S1#0,S/S1,30.0,22.982,73.929,2.456,17.527
4,S-S1#0,S/S1,30.0,19.995,201.538,2.062,18.998
4,S-S1#0,S/S1,30.0,32.336,217.339,5.536,25.911
4,S-S1#0,S/S1,30.0,20.069,108.229,5.849,15.526
4,S-S1#0,S/S1,30.0,39.503,165.639,8.105,33.681
4,S-S1#0,S/S1,30.0,27.399,124.661,15.773,49.161
4,S-S1#0,S/S1,30.0,18.321,42.24,16.246,38.531
4,S-S1#0,S/S1,30.0,134.151,74.975,128.541,143.842
4,S-S1#0,S/S1,30.0,26.657,152.611,1.248,18.938
4,S-S1#0,S/S1,30.0,30.928,70.704,3.038,18.125
4,S-S1#0,S/S1,30.0,27.882,72.153,7.176,16.107
4,S-S1#0,S/S1,30.0,15.623,248.287,6.322,9.667
4,S-S1#0,S/S1,30.0,4.839,104.525,0.739,2.71
4,S-S1#0,S/S1,30.0,9.842,66.225,5.085,5.548
4,S-S1#0,S/S1,30.0,6.03,192.523,2.446,3.101
4,S-S1#0,S/S1,30.0,17.85,364.108,2.745,9.928
4,S-S1#0,S/S1,30.0,8.093,66.697,6.062,4.259
4,S-S1#0,S/S1,30.0,40.369,75.701,2.591,18.484
4,S-S1#0,S/S1,30.0,32.545,124.278,2.782,15.253
4,S-S1#0,S/S1,30.0,34.783,189.515,3.449,16.338
4,S-S1#0,S/S1,30.0,23.199,189.921,4.808,13.069
4,S-S1#0,S/S1,30.0,28.433,126.798,4.196,15.903
4,S-S1#0,S/S1,30.0,8.534,89.918,2.275,5.323
4,S-S1#0,S/S1,30.0,21.104,163.459,1.257,19.156
4,S-S1#0,S/S1,30.0,23.512,170.76,1.045,43.343
4,S-S1#0,S/S1,30.0,17.421,44.385,1.291,55.331
4,S-S1#0,S/S1,30.0,28.383,79.386,2.413,34.086
4,S-S1#0,S/S1,30.0,41.854,118.09,6.376,30.08
4,S-S1#0,S/S1,30.0,39.603,208.361,20.873,22.994
4,S-S1#0,S/S1,30.0,34.523,269.061,14.514,18.44
4,S-S1#0,S/S1,30.0,48.972,53.625,4.587,25.339
4,S-S1#0,S/S1,30.0,53.788,118.636,4.99,25.785
4,S-S1#0,S/S1,30.0,63.288,10.353,1.899,29.32
4,S-S1#0,S/S1,30.0,33.056,248.218,4.72,18.365
4,S-S1#0,S/S1,30.0,49.238,257.997,8.252,23.463
4,S-S1#0,S/S1,30.0,37.801,297.087,13.436,14.392
4,S-S1#0,S/S1,30.0,23.17,257.286,10.932,6.293
4,S-S1#0,S/S1,30.0,53.554,33.018,6.002,15.355
4,S-S1#0,S/S1,30.0,31.484,234.504,3.052,10.096
4,S-S1#0,S/S1,30.0,7.788,371.413,1.983,2.597
4,S-S1#0,S/S1,30.0,61.057,423.764,3.942,16.625
4,S-S1#0,S/S1,30.0,73.745,143.638,9.084,16.99
4,S-S1#0,S/S1,30.0,43.42,63.992,7.681,9.175
4,S-S1#0,S/S1,30.0,41.849,59.766,10.006,8.663
4,S-S1#0,S/S1,30.0,55.06,93.668,12.379,11.188
4,S-S1#0,S/S1,30.0,56.556,61.101,15.211,11.016
4,S-S1#0,S/S1,30.0,19.028,43.258,20.196,3.75
4,S-S1#0,S/S1,30.0,30.009,94.968,16.602,6.903
4,S-S1#0,S/S1,30.0,47.042,280.518,11.177,15.233
4,S-S1#0,S/S1,30.0,44.734,329.428,6.005,23.283
4,S-S1#0,S/S1,30.0,9.908,133.648,7.376,6.871
4,S-S1#0,S/S1,30.0,11.051,193.073,6.191,7.653
4,S-S1#0,S/S1,30.0,26.007,31.927,4.743,18.66
4,S-S1#0,S/S1,30.0,19.245,71.805,14.474,19.252
4,S-S1#0,S/S1,30.0,25.387,96.866,20.18,30.15
4,S-S1#0,S/S1,30.0,10.051,125.428,16.69,7.613
4,S-S1#0,S/S1,30.0,360.232,160.831,337.297,211.07
4,S-S1#0,S/S1,30.0,29.994,155.215,5.755,14.278
4,S-S1#0,S/S1,30.0,40.888,332.126,2.899,20.096
4,S-S1#0,S/S1,30.0,50.535,240.317,6.222,29.851
4,S-S1#0,S/S1,30.0,57.272,143.95,15.864,33.111
4,S-S1#0,S/S1,30.0,39.084,196.737,46.588,16.972
4,S-S1#0,S/S1,30.0,27.313,186.731,11.457,7.44
4,S-S1#0,S/S1,30.0,46.842,105.737,2.459,10.826
4,S-S1#0,S/S1,30.0,52.143,94.235,5.747,12.069
4,S-S1#0,S/S1,30.0,63.003,157.953,3.254,17.347
4,S-S1#0,S/S1,30.0,40.296,390.564,6.229,13.598
4,S-S1#0,S/S1,30.0,18.464,375.107,8.172,8.372
4,S-S1#0,S/S1,30.0,27.854,204.575,6.76,14.486
4,S-S1#0,S/S1,30.0,33.594,179.79,4.359,19.689
4,S-S1#0,S/S1,30.0,32.818,228.925,2.137,22.317
4,S-S1#0,S/S1,30.0,31.958,167.234,3.487,19.601
4,S-S1#0,S/S1,30.0,52.067,278.856,2.957,31.112
4,S-S1#0,S/S1,30.0,75.419,30.748,7.959,49.546
4,S-S1#0,S/S1,30.0,50.371,144.958,4.01,44.4
4,S-S1#0,S/S1,30.0,21.24,193.064,5.597,17.564
4,S-S1#0,S/S1,30.0,27.189,130.665,10.521,17.584
4,S-S1#0,S/S1,30.0,38.894,195.261,2.241,28.466
4,S-S1#0,S/S1,30.0,12.823,313.251,0.25,8.343
4,S-S1#0,S/S1,30.0,27.147,159.063,7.395,13.907
4,S-S1#0,S/S1,30.0,53.369,37.721,4.852,23.015
4,S-S1#0,S/S1,30.0,50.682,133.558,2.044,26.974
4,S-S1#0,S/S1,30.0,41.517,274.721,0.933,26.68
4,S-S1#0,S/S1,30.0,32.575,195.277,0.113,20.512
4,S-S1#0,S/S1,30.0,30.546,212.214,2.167,15.091
4,S-S1#0,S/S1,30.0,34.881,73.267,9.699,16.363
4,S-S1#0,S/S1,30.0,8.492,94.748,6.582,3.471
4,S-S1#0,S/S1,30.0,18.317,390.505,5.193,8.131
4,S-S1#0,S/S1,30.0,31.6,190.31,1.711,16.95
4,S-S1#0,S/S1,30.0,28.841,105.887,23.064,20.332
4,S-S1#0,S/S1,30.0,13.393,192.737,4.57,13.126
4,S-S1#0,S/S1,30.0,19.276,131.532,1.043,18.691
4,S-S1#0,S/S1,30.0,26.265,155.781,3.278,22.391
4,S-S1#0,S/S1,30.0,44.16,243.492,8.292,23.35
4,S-S1#0,S/S1,30.0,4.343,287.606,0.558,1.666
4,S-S1#0,S/S1,30.0,42.144,148.402,6.132,17.464
4,S-S1#0,S/S1,30.0,64.668,288.75,10.502,29.869
4,S-S1#0,S/S1,30.0,65.143,298.901,15.163,30.904
4,S-S1#0,S/S1,30.0,48.678,242.432,5.339,18.315
4,S-S1#0,S/S1,30.0,18.602,452.369,1.824,6.408
4,S-S1#0,S/S1,30.0,15.619,376.811,0.46,5.419
4,S-S1#0,S/S1,30.0,14.563,85.416,16.134,5.13
4,S-S1#0,S/S1,30.0,11.07,134.175,12.121,4.291
4,S-S1#0,S/S1,30.0,32.107,56.568,5.088,12.888
4,S-S1#0,S/S1,30.0,29.561,69.263,3.167,15.083
4,S-S1#0,S/S1,30.0,11.247,86.416,6.941,6.26
4,S-S1#0,S/S1,30.0,42.107,252.52,13.039,18.488
4,S-S1#0,S/S1,30.0,48.002,340.384,14.856,14.325
4,S-S1#0,S/S1,30.0,16.379,17.721,6.138,4.517
4,S-S1#0,S/S1,30.0,46.904,188.736,0.954,19.302
4,S-S1#0,S/S1,30.0,51.633,267.217,1.143,48.95
4,S-S1#0,S/S1,30.0,15.82,5.768,1.449,95.11
4,S-S1#0,S/S1,30.0,2.395,8.449,0.877,123.786
4,S-S1#0,S/S1,30.0,1.251,0.772,0.712,113.868
4,S-S1#0,S/S1,30.0,2.164,15.937,0.754,13.534
4,S-S1#0,S/S1,30.0,5.23,71.497,2.947,7.334
4,S-S1#0,S/S1,30.0,19.807,172.369,5.238,11.516
4,S-S1#0,S/S1,30.0,18.626,87.805,2.968,8.114
4,S-S1#0,S/S1,30.0,34.699,268.806,2.022,12.465
4,S-S1#0,S/S1,30.0,64.936,507.077,1.114,23.862
4,S-S1#0,S/S1,30.0,85.402,108.332,5.356,29.042
4,S-S1#0,S/S1,30.0,40.577,163.152,1.087,13.772
4,S-S1#0,S/S1,30.0,16.092,138.087,7.459,6.15
4,S-S1#0,S/S1,30.0,15.997,172.704,2.236,8.549
4,S-S1#0,S/S1,30.0,7.961,303.918,1.253,6.886
4,S-S1#0,S/S1,30.0,17.604,31.074,4.786,10.914
4,S-S1#0,S/S1,30.0,42.474,228.992,3.933,18.51
4,S-S1#0,S/S1,30.0,59.736,77.965,3.281,26.935
4,S-S1#0,S/S1,30.0,59.334,265.469,1.718,32.794
4,S-S1#0,S/S1,30.0,27.186,221.393,2.01,17.794
4,S-S1#0,S/S1,30.0,13.799,206.23,6.608,6.893
4,S-S1#0,S/S1,30.0,55.868,394.63,0.456,23.683
4,S-S1#0,S/S1,30.0,84.739,154.745,1.642,37.651
4,S-S1#0,S/S1,30.0,60.497,75.013,2.102,26.992
4,S-S1#0,S/S1,30.0,70.869,66.279,4.942,30.613
4,S-S1#0,S/S1,30.0,90.852,175.136,2.858,37.87
4,S-S1#0,S/S1,30.0,62.644,171.57,3.273,27.905
4,S-S1#0,S/S1,30.0,27.041,375.809,3.018,11.026
4,S-S1#0,S/S1,30.0,19.117,344.367,16.11,6.004
4,S-S1#0,S/S1,30.0,33.494,23.066,4.061,10.338
4,S-S1#0,S/S1,30.0,31.63,74.389,3.378,12.361
4,S-S1#0,S/S1,30.0,2.622,113.708,3.501,1.299
4,S-S1#0,S/S1,30.0,8.15,132.739,4.437,3.381
4,S-S1#0,S/S1,30.0,53.669,427.387,5.579,18.853
4,S-S1#0,S/S1,30.0,83.778,30.962,5.158,32.35
4,S-S1#0,S/S1,30.0,72.749,181.318,1.713,46.887
4,S-S1#0,S/S1,30.0,46.779,223.439,0.888,96.403
4,S-S1#0,S/S1,30.0,2.761,0.762,0.759,228.107
4,S-S1#0,S/S1,30.0,1.754,30.837,0.854,5.532
4,S-S1#0,S/S1,30.0,6.363,106.901,0.869,5.91
4,S-S1#0,S/S1,30.0,32.587,220.274,3.754,14.749
4,S-S1#0,S/S1,30.0,44.51,145.424,9.339,14.009
4,S-S1#0,S/S1,30.0,36.056,170.14,14.905,10.152
4,S-S1#0,S/S1,30.0,9.589,135.923,6.606,3.251
4,S-S1#0,S/S1,30.0,49.082,262.19,12.247,26.93
4,S-S1#0,S/S1,30.0,44.007,63.453,18.355,59.807
4,S-S1#0,S/S1,30.0,39.682,82.55,19.112,98.346
4,S-S1#0,S/S1,30.0,134.675,51.699,115.909,213.032
4,S-S1#0,S/S1,30.0,213.086,108.361,213.487,147.425
4,S-S1#0,S/S1,30.0,13.093,213.781,3.361,6.72
4,S-S1#0,S/S1,30.0,27.216,302.662,4.969,10.722
4,S-S1#0,S/S1,30.0,29.199,366.465,7.659,15.252
4,S-S1#0,S/S1,30.0,11.908,213.404,3.559,9.869
4,S-S1#0,S/S1,30.0,19.702,155.27,2.965,81.835
4,S-S1#0,S/S1,30.0,14.75,1.243,1.173,935.697
4,S-S1#0,S/S1,30.0,7.77,1.859,3.256,243.414
4,S-S1#0,S/S1,30.0,9.194,5.469,3.298,105.07
4,S-S1#0,S/S1,30.0,10.585,7.615,2.933,58.78
4,S-S1#0,S/S1,30.0,175.381,96.178,194.461,158.639
4,S-S1#0,S/S1,30.0,13.926,186.095,9.705,8.682
4,S-S1#0,S/S1,30.0,84.27,160.962,84.844,37.548
4,S-S1#0,S/S1,30.0,56.618,398.995,24.105,20.595
4,S-S1#0,S/S1,30.0,13.029,424.802,10.01,3.557
4,S-S1#0,S/S1,30.0,66.509,21.121,0.437,17.331
4,S-S1#0,S/S1,30.0,99.414,215.818,1.731,40.973
4,S-S1#0,S/S1,30.0,62.13,276.34,1.302,64.488
4,S-S1#0,S/S1,30.0,8.095,35.658,0.701,31.1
4,S-S1#0,S/S1,30.0,20.645,107.426,7.127,16.698
4,S-S1#0,S/S1,30.0,18.586,246.256,16.472,6.991
4,S-S1#0,S/S1,30.0,32.454,538.018,5.826,8.39
4,S-S1#0,S/S1,30.0,26.931,123.597,1.741,6.35
4,S-S1#0,S/S1,30.0,26.808,77.695,3.666,6.343
4,S-S1#0,S/S1,30.0,48.649,145.448,8.462,12.016
4,S-S1#0,S/S1,30.0,83.008,272.798,10.507,24.579
4,S-S1#0,S/S1,30.0,71.313,259.712,6.983,36.084
4,S-S1#0,S/S1,30.0,60.892,281.026,1.36,83.783
4,S-S1#0,S/S1,30.0,1.206,4.766,0.425,12.614
4,S-S1#0,S/S1,30.0,15.139,85.392,6.578,17.663
4,S-S1#0,S/S1,30.0,22.154,105.478,8.544,20.837
4,S-S1#0,S/S1,30.0,2.97,115.561,2.561,3.033
4,S-S1#0,S/S1,30.0,5.193,55.974,1.1,6.483
4,S-S1#0,S/S1,30.0,2.522,81.524,2.906,3.026
4,S-S1#0,S/S1,30.0,12.579,42.302,1.766,15.228
4,S-S1#0,S/S1,30.0,4.94,176.094,1.437,12.197
4,S-S1#0,S/S1,30.0,8.268,68.869,2.2,10.031
4,S-S1#0,S/S1,30.0,43.543,98.675,3.232,34.2
4,S-S1#0,S/S1,30.0,67.097,248.639,4.604,50.577
4,S-S1#0,S/S1,30.0,33.375,91.839,8.931,46.535
4,S-S1#0,S/S1,60.0,111.765,223.671,9.262,47.009
4,S-S1#0,S/S1,60.0,153.845,240.249,11.985,58.347
4,S-S1#0,S/S1,60.0,148.363,407.07,5.128,45.321
4,S-S1#0,S/S1,60.0,78.682,388.238,3.778,20.241
4,S-S1#0,S/S1,60.0,107.003,434.851,77.176,21.41
4,S-S1#0,S/S1,60.0,268.795,580.883,110.626,39.649
4,S-S1#0,S/S1,60.0,319.168,701.116,124.442,39.178
4,S-S1#0,S/S1,60.0,246.021,695.01,53.425,27.507
4,S-S1#0,S/S1,60.0,182.209,1361.319,46.865,20.301
4,S-S1#0,S/S1,60.0,185.876,701.366,64.694,22.014
4,S-S1#0,S/S1,60.0,463.603,439.456,485.695,67.186
4,S-S1#0,S/S1,60.0,152.823,648.823,2.993,30.267
4,S-S1#0,S/S1,60.0,160.953,507.783,11.406,33.822
4,S-S1#0,S/S1,60.0,244.385,163.71,31.228,48.66
4,S-S1#0,S/S1,60.0,209.661,852.448,23.213,39.535
4,S-S1#0,S/S1,60.0,135.704,392.345,28.988,24.41
4,S-S1#0,S/S1,60.0,47.397,603.281,4.809,7.355
4,S-S1#0,S/S1,60.0,29.258,173.168,24.67,3.978
4,S-S1#0,S/S1,60.0,113.498,785.15,11.794,14.863
4,S-S1#0,S/S1,60.0,131.475,1094.048,16.756,17.178
4,S-S1#0,S/S1,60.0,162.489,916.842,19.706,21.642
4,S-S1#0,S/S1,60.0,123.015,773.566,19.39,18.006
4,S-S1#0,S/S1,60.0,60.508,195.262,27.903,8.662
4,S-S1#0,S/S1,60.0,75.123,845.291,15.349,10.1
4,S-S1#0,S/S1,60.0,87.025,695.817,4.231,11.435
4,S-S1#0,S/S1,60.0,127.448,603.582,2.839,16.337
4,S-S1#0,S/S1,60.0,55.872,470.986,15.847,6.946
4,S-S1#0,S/S1,60.0,86.482,760.916,38.449,10.427
4,S-S1#0,S/S1,60.0,131.495,844.331,54.359,15.931
4,S-S1#0,S/S1,60.0,120.79,806.735,53.57,15.066
4,S-S1#0,S/S1,60.0,71.25,852.274,59.341,9.427
4,S-S1#0,S/S1,60.0,18.184,418.044,47.407,2.585
4,S-S1#0,S/S1,60.0,77.449,66.705,39.825,11.025
4,S-S1#0,S/S1,60.0,22.074,1176.286,37.972,2.977
4,S-S1#0,S/S1,60.0,119.582,112.672,31.065,16.438
4,S-S1#0,S/S1,60.0,88.673,178.524,34.451,13.906
4,S-S1#0,S/S1,60.0,118.509,150.868,15.808,21.54
4,S-S1#0,S/S1,60.0,102.327,339.372,6.814,22.805
4,S-S1#0,S/S1,60.0,221.192,547.411,2.5,71.089
4,S-S1#0,S/S1,60.0,259.553,445.518,2.402,110.598
4,S-S1#0,S/S1,60.0,236.454,278.492,5.395,96.974
4,S-S1#0,S/S1,60.0,221.821,67.587,4.913,64.959
4,S-S1#0,S/S1,60.0,90.703,458.938,37.275,19.635
4,S-S1#0,S/S1,60.0,41.988,603.829,51.054,6.921
4,S-S1#0,S/S1,60.0,174.4,721.018,62.05,23.382
4,S-S1#0,S/S1,60.0,151.535,197.149,4.806,18.241
4,S-S1#0,S/S1,60.0,132.449,329.213,3.538,15.711
4,S-S1#0,S/S1,60.0,143.234,497.484,11.911,17.133
4,S-S1#0,S/S1,60.0,124.625,429.128,4.26,14.82
4,S-S1#0,S/S1,60.0,95.047,338.314,8.067,11.773
4,S-S1#0,S/S1,60.0,111.094,298.358,2.332,15.632
4,S-S1#0,S/S1,60.0,53.822,439.463,8.975,7.998
4,S-S1#0,S/S1,60.0,38.582,594.551,16.828,5.862
4,S-S1#0,S/S1,60.0,17.569,879.805,18.899,2.721
4,S-S1#0,S/S1,60.0,27.422,1055.254,25.776,4.481
4,S-S1#0,S/S1,60.0,51.997,749.123,9.783,8.873
4,S-S1#0,S/S1,60.0,112.559,16.351,21.55,20.044
4,S-S1#0,S/S1,60.0,86.486,183.463,13.849,18.2
4,S-S1#0,S/S1,60.0,128.898,404.383,18.347,27.986
4,S-S1#0,S/S1,60.0,150.583,695.25,21.577,32.472
4,S-S1#0,S/S1,60.0,132.325,407.913,12.399,27.239
4,S-S1#0,S/S1,60.0,175.893,659.37,36.095,33.344
4,S-S1#0,S/S1,60.0,143.609,630.622,22.564,22.796
4,S-S1#0,S/S1,60.0,123.172,224.162,3.825,17.477
4,S-S1#0,S/S1,60.0,112.603,509.751,21.028,16.913
4,S-S1#0,S/S1,60.0,83.714,280.853,16.286,13.505
4,S-S1#0,S/S1,60.0,90.687,221.52,6.463,15.585
4,S-S1#0,S/S1,60.0,76.808,546.437,6.446,13.887
4,S-S1#0,S/S1,60.0,123.608,744.719,8.003,23.81
4,S-S1#0,S/S1,60.0,78.293,573.56,12.663,14.668
4,S-S1#0,S/S1,60.0,141.765,638.998,18.4,25.14
4,S-S1#0,S/S1,60.0,93.611,748.417,17.069,17.368
4,S-S1#0,S/S1,60.0,39.332,169.121,15.602,7.561
4,S-S1#0,S/S1,60.0,24.229,211.06,10.131,4.814
4,S-S1#0,S/S1,60.0,53.057,229.573,12.455,11.676
4,S-S1#0,S/S1,60.0,59.884,179.833,10.962,14.895
4,S-S1#0,S/S1,60.0,74.416,20.425,9.325,20.15
4,S-S1#0,S/S1,60.0,102.182,469.243,15.486,27.494
4,S-S1#0,S/S1,60.0,94.137,497.058,20.575,25.401
4,S-S1#0,S/S1,60.0,94.234,402.298,25.953,23.918
4,S-S1#0,S/S1,60.0,167.183,552.308,26.304,41.085
4,S-S1#0,S/S1,60.0,178.004,54.962,15.482,43.474
4,S-S1#0,S/S1,60.0,195.501,679.773,18.601,47.566
4,S-S1#0,S/S1,60.0,194.196,372.675,8.258,51.608
4,S-S1#0,S/S1,60.0,145.686,77.557,16.515,46.881
4,S-S1#0,S/S1,60.0,73.742,103.703,11.552,28.04
4,S-S1#0,S/S1,60.0,14.725,71.032,11.308,5.681
4,S-S1#0,S/S1,60.0,34.556,177.593,12.703,13.104
4,S-S1#0,S/S1,60.0,79.692,331.063,13.721,27.854
4,S-S1#0,S/S1,60.0,550.934,274.323,465.937,157.543
4,S-S1#0,S/S1,60.0,147.626,388.033,9.688,34.039
4,S-S1#0,S/S1,60.0,173.018,476.08,11.857,38.791
4,S-S1#0,S/S1,60.0,189.23,421.256,11.11,36.201
4,S-S1#0,S/S1,60.0,207.797,606.654,16.468,36.695
4,S-S1#0,S/S1,60.0,151.249,718.836,12.889,30.146
4,S-S1#0,S/S1,60.0,83.463,755.781,9.252,19.775
4,S-S1#0,S/S1,60.0,50.031,570.128,3.451,11.855
4,S-S1#0,S/S1,60.0,88.514,412.51,13.214,18.769
4,S-S1#0,S/S1,60.0,89.004,641.524,13.806,20.254
4,S-S1#0,S/S1,60.0,69.274,711.019,25.624,15.157
4,S-S1#0,S/S1,60.0,6.133,545.86,2.348,1.106
4,S-S1#0,S/S1,60.0,77.582,484.697,29.387,12.306
4,S-S1#0,S/S1,60.0,121.277,176.85,19.984,19.722
4,S-S1#0,S/S1,60.0,64.715,376.983,27.099,10.508
4,S-S1#0,S/S1,60.0,111.386,216.424,15.916,16.703
4,S-S1#0,S/S1,60.0,53.892,256.711,6.78,8.756
4,S-S1#0,S/S1,60.0,66.106,243.63,10.641,12.164
4,S-S1#0,S/S1,60.0,102.663,317.843,11.637,18.526
4,S-S1#0,S/S1,60.0,127.117,501.602,7.813,21.751
4,S-S1#0,S/S1,60.0,80.121,872.514,10.82,15.565
4,S-S1#0,S/S1,60.0,56.418,933.814,3.298,14.893
4,S-S1#0,S/S1,60.0,81.328,349.144,12.141,22.823
4,S-S1#0,S/S1,60.0,66.917,194.743,3.437,17.719
4,S-S1#0,S/S1,60.0,93.624,441.758,3.744,25.069
4,S-S1#0,S/S1,60.0,135.605,572.415,11.837,36.136
4,S-S1#0,S/S1,60.0,103.921,396.404,72.273,24.276
4,S-S1#0,S/S1,60.0,137.272,413.181,53.917,29.679
4,S-S1#0,S/S1,60.0,158.731,136.223,15.679,32.818
4,S-S1#0,S/S1,60.0,137.129,305.568,6.654,27.729
4,S-S1#0,S/S1,60.0,84.156,182.387,18.018,17.249
4,S-S1#0,S/S1,60.0,42.436,196.085,8.135,9.5
4,S-S1#0,S/S1,60.0,19.084,403.844,6.975,4.91
4,S-S1#0,S/S1,60.0,12.08,195.769,4.157,3.005
4,S-S1#0,S/S1,60.0,18.821,291.293,6.301,4.431
4,S-S1#0,S/S1,60.0,38.817,321.363,20.121,9.892
4,S-S1#0,S/S1,60.0,50.434,354.171,6.695,13.565
4,S-S1#0,S/S1,60.0,42.505,182.584,3.648,11.464
4,S-S1#0,S/S1,60.0,49.955,120.668,10.662,14.3
4,S-S1#0,S/S1,60.0,64.095,438.559,15.388,21.28
4,S-S1#0,S/S1,60.0,52.349,270.992,15.263,23.699
4,S-S1#0,S/S1,60.0,60.502,111.041,20.004,25.775
4,S-S1#0,S/S1,60.0,27.462,127.525,18.455,12.617
4,S-S1#0,S/S1,60.0,35.741,303.94,19.586,17.766
4,S-S1#0,S/S1,60.0,291.21,96.113,248.386,129.124
4,S-S1#0,S/S1,60.0,57.422,196.137,6.82,19.109
4,S-S1#0,S/S1,60.0,100.849,434.219,10.266,24.939
4,S-S1#0,S/S1,60.0,106.555,410.76,4.158,24.58
4,S-S1#0,S/S1,60.0,49.01,205.393,9.314,11.123
4,S-S1#0,S/S1,60.0,67.233,365.194,3.797,15.6
4,S-S1#0,S/S1,60.0,46.218,484.193,4.016,10.798
4,S-S1#0,S/S1,60.0,73.678,30.079,6.291,17.594
4,S-S1#0,S/S1,60.0,65.447,62.243,6.889,16.004
4,S-S1#0,S/S1,60.0,42.051,210.293,16.531,10.877
4,S-S1#0,S/S1,60.0,16.62,368.846,11.222,3.979
4,S-S1#0,S/S1,60.0,16.681,175.571,3.998,3.598
4,S-S1#0,S/S1,60.0,38.726,271.604,3.139,7.883
4,S-S1#0,S/S1,60.0,55.921,463.469,10.648,11.421
4,S-S1#0,S/S1,60.0,82.142,297.068,11.078,18.818
4,S-S1#0,S/S1,60.0,106.262,543.851,9.16,25.727
4,S-S1#0,S/S1,60.0,44.403,147.16,10.051,12.703
4,S-S1#0,S/S1,60.0,21.792,558.897,3.89,7.708
4,S-S1#0,S/S1,60.0,29.303,250.696,14.807,13.086
4,S-S1#0,S/S1,60.0,29.802,185.604,14.865,17.331
4,S-S1#0,S/S1,60.0,28.906,59.897,13.398,15.716
4,S-S1#0,S/S1,60.0,27.332,81.171,14.508,15.152
4,S-S1#0,S/S1,60.0,35.555,117.064,14.745,15.733
4,S-S1#0,S/S1,60.0,53.673,238.332,28.237,23.998
4,S-S1#0,S/S1,60.0,274.065,145.949,250.261,119.536
4,S-S1#0,S/S1,60.0,45.181,270.952,20.439,16.559
4,S-S1#0,S/S1,60.0,64.083,187.38,21.182,25.033
4,S-S1#0,S/S1,60.0,63.052,156.75,23.724,24.914
4,S-S1#0,S/S1,60.0,17.109,227.246,15.485,8.863
4,S-S1#0,S/S1,60.0,270.933,129.629,267.488,147.552
4,S-S1#0,S/S1,60.0,11.487,95.077,9.531,5.475
4,S-S1#0,S/S1,60.0,23.803,143.122,7.619,11.144
4,S-S1#0,S/S1,60.0,36.149,170.291,7.409,16.464
4,S-S1#0,S/S1,60.0,31.021,46.36,13.092,14.524
4,S-S1#0,S/S1,60.0,166.53,87.484,161.056,76.45
4,S-S1#0,S/S1,60.0,18.032,68.863,20.25,7.559
4,S-S1#0,S/S1,60.0,22.17,35.299,16.864,9.01
4,S-S1#0,S/S1,60.0,49.836,122.661,15.509,20.348
4,S-S1#0,S/S1,60.0,58.853,101.993,17.251,25.718
4,S-S1#0,S/S1,60.0,45.064,122.785,28.38,16.667
4,S-S1#0,S/S1,60.0,428.735,211.637,398.942,122.249
4,S-S1#0,S/S1,60.0,61.853,459.586,6.34,18.387
4,S-S1#0,S/S1,60.0,89.282,255.796,9.303,26.913
4,S-S1#0,S/S1,60.0,78.038,153.137,12.823,20.336
4,S-S1#0,S/S1,60.0,79.148,239.604,17.584,17.224
4,S-S1#0,S/S1,60.0,55.73,748.803,5.238,11.16
4,S-S1#0,S/S1,60.0,48.429,589.623,5.689,9.084
4,S-S1#0,S/S1,60.0,16.77,527.399,27.161,2.694
4,S-S1#0,S/S1,60.0,66.481,962.683,8.362,9.828
4,S-S1#0,S/S1,60.0,121.563,998.347,16.175,19.089
4,S-S1#0,S/S1,60.0,97.888,698.234,16.913,15.484
4,S-S1#0,S/S1,60.0,106.833,863.403,28.399,17.879
4,S-S1#0,S/S1,60.0,157.151,737.012,49.979,27.438
4,S-S1#0,S/S1,60.0,107.451,577.12,49.066,18.257
4,S-S1#0,S/S1,60.0,127.714,101.027,45.843,20.939
4,S-S1#0,S/S1,60.0,108.574,208.719,52.257,16.41
4,S-S1#0,S/S1,60.0,55.37,99.485,46.63,8.189
4,S-S1#0,S/S1,60.0,80.426,627.011,27.329,11.138
4,S-S1#0,S/S1,60.0,41.195,203.732,23.717,5.454
4,S-S1#0,S/S1,60.0,38.53,295.254,20.767,5.006
4,S-S1#0,S/S1,60.0,60.976,304.198,34.96,7.852
4,S-S1#0,S/S1,60.0,26.518,632.464,18.292,3.483
4,S-S1#0,S/S1,60.0,26.856,160.277,11.978,3.787
4,S-S1#0,S/S1,60.0,38.682,243.731,9.615,5.961
4,S-S1#0,S/S1,60.0,26.267,186.386,6.131,4.328
4,S-S1#0,S/S1,60.0,33.008,191.013,9.837,6.048
4,S-S1#0,S/S1,60.0,40.265,154.185,6.715,8.486
4,S-S1#0,S/S1,60.0,32.854,162.444,4.526,8.507
4,S-S1#0,S/S1,60.0,35.423,519.668,2.241,9.388
4,S-S1#0,S/S1,60.0,63.706,87.074,4.888,17.543
4,S-S1#0,S/S1,60.0,94.031,180.904,6.461,24.549
4,S-S1#0,S/S1,60.0,108.07,270.299,7.675,27.5
4,S-S1#0,S/S1,60.0,114.789,161.687,6.196,26.757
4,S-S1#0,S/S1,60.0,125.018,587.419,6.602,24.94
4,S-S1#0,S/S1,60.0,70.31,520.054,6.714,12.905
4,S-S1#0,S/S1,60.0,84.764,442.478,4.45,14.687
4,S-S1#0,S/S1,60.0,99.829,792.76,5.328,17.64
4,S-S1#0,S/S1,60.0,98.68,363.246,9.366,16.69
4,S-S1#0,S/S1,60.0,71.346,318.264,14.436,12.611
4,S-S1#0,S/S1,60.0,58.35,282.039,5.352,10.567
4,S-S1#0,S/S1,60.0,47.593,533.2,7.048,10.0
4,S-S1#0,S/S1,60.0,51.485,178.282,9.03,10.942
4,S-S1#0,S/S1,60.0,27.16,627.326,4.694,5.74
4,S-S1#0,S/S1,60.0,48.893,502.534,6.788,10.348
4,S-S1#0,S/S1,60.0,74.991,877.45,5.571,15.633
4,S-S1#0,S/S1,60.0,89.345,174.052,11.944,18.533
4,S-S1#0,S/S1,60.0,62.084,290.262,2.002,11.751
4,S-S1#0,S/S1,60.0,60.865,335.256,9.846,11.979
4,S-S1#0,S/S1,60.0,59.271,220.827,3.924,13.075
4,S-S1#0,S/S1,60.0,89.382,303.921,5.411,20.033
4,S-S1#0,S/S1,60.0,66.781,304.909,5.698,14.096
4,S-S1#0,S/S1,60.0,61.38,58.879,2.688,13.004
4,S-S1#0,S/S1,60.0,66.8,362.019,6.462,13.815
4,S-S1#0,S/S1,60.0,54.362,319.917,1.548,10.54
4,S-S1#0,S/S1,60.0,70.327,655.567,6.36,12.842
4,S-S1#0,S/S1,60.0,29.483,559.046,4.859,5.602
4,S-S1#0,S/S1,60.0,17.09,550.925,6.003,3.349
4,S-S1#0,S/S1,60.0,23.843,535.309,6.104,4.847
4,S-S1#0,S/S1,60.0,35.02,583.402,5.442,7.798
4,S-S1#0,S/S1,60.0,57.758,720.636,8.381,14.443
4,S-S1#0,S/S1,60.0,55.752,459.747,4.877,17.412
4,S-S1#0,S/S1,60.0,48.955,277.096,2.372,19.902
4,S-S1#0,S/S1,60.0,50.239,311.818,6.729,23.812
4,S-S1#0,S/S1,60.0,53.978,198.348,4.045,27.86
4,S-S1#0,S/S1,60.0,42.963,288.223,4.864,17.638
4,S-S1#0,S/S1,60.0,20.163,273.963,22.31,6.572
4,S-S1#0,S/S1,60.0,52.472,385.704,84.201,12.561
4,S-S1#0,S/S1,60.0,92.736,259.429,19.258,17.706
4,S-S1#0,S/S1,60.0,102.894,506.861,12.45,20.356
4,S-S1#0,S/S1,60.0,65.51,112.744,4.072,14.389
4,S-S1#0,S/S1,60.0,56.382,204.059,11.313,14.947
4,S-S1#0,S/S1,60.0,51.269,464.204,12.987,14.311
4,S-S1#0,S/S1,60.0,59.437,402.432,12.402,20.309
4,S-S1#0,S/S1,60.0,41.449,455.72,9.173,16.298
4,S-S1#0,S/S1,60.0,17.074,210.698,12.289,6.954
4,S-S1#0,S/S1,60.0,23.57,260.366,6.69,7.539
4,S-S1#0,S/S1,60.0,11.878,416.764,7.419,3.105
4,S-S1#0,S/S1,60.0,20.707,378.627,10.392,5.407
4,S-S1#0,S/S1,60.0,11.0,147.716,6.509,3.144
4,S-S1#0,S/S1,60.0,10.327,318.99,11.869,2.978
4,S-S1#0,S/S1,60.0,18.348,266.473,11.208,4.639
4,S-S1#0,S/S1,60.0,22.539,676.493,14.177,5.229
4,S-S1#0,S/S1,60.0,39.783,448.562,21.264,8.72
4,S-S1#0,S/S1,60.0,43.885,168.232,8.308,9.173
4,S-S1#0,S/S1,60.0,93.0,313.639,18.702,16.919
4,S-S1#0,S/S1,60.0,91.001,767.779,6.105,17.939
4,S-S1#0,S/S1,60.0,146.441,308.604,29.365,32.882
4,S-S1#0,S/S1,60.0,115.637,211.212,32.546,31.209
4,S-S1#0,S/S1,60.0,101.752,335.309,31.738,30.705
4,S-S1#0,S/S1,60.0,116.462,311.704,35.872,36.184
4,S-S1#0,S/S1,60.0,124.641,506.631,43.587,38.015
4,S-S1#0,S/S1,60.0,616.327,351.455,581.057,192.272
4,S-S1#0,S/S1,60.0,66.974,185.323,16.749,18.475
4,S-S1#0,S/S1,60.0,72.583,382.878,22.455,19.209
4,S-S1#0,S/S1,60.0,39.025,322.555,6.297,10.027
4,S-S1#0,S/S1,60.0,40.32,370.479,16.837,9.761
4,S-S1#0,S/S1,60.0,65.128,273.474,17.402,14.238
4,S-S1#0,S/S1,60.0,40.794,497.452,64.35,7.192
4,S-S1#0,S/S1,60.0,83.272,1037.947,13.445,12.811
4,S-S1#0,S/S1,60.0,66.86,716.452,49.962,8.97
4,S-S1#0,S/S1,60.0,121.954,224.154,15.346,15.29
4,S-S1#0,S/S1,60.0,94.404,415.343,17.481,11.591
4,S-S1#0,S/S1,60.0,38.561,608.638,19.3,4.713
4,S-S1#0,S/S1,60.0,47.274,357.876,23.799,5.763
4,S-S1#0,S/S1,60.0,72.115,96.492,14.112,8.95
4,S-S1#0,S/S1,60.0,88.61,179.948,18.725,12.222
4,S-S1#0,S/S1,60.0,95.836,145.967,6.716,14.526
4,S-S1#0,S/S1,60.0,99.49,423.097,5.928,17.329
4,S-S1#0,S/S1,60.0,119.992,551.166,7.582,24.253
4,S-S1#0,S/S1,60.0,84.247,790.076,10.647,18.671
4,S-S1#0,S/S1,60.0,46.902,871.724,12.857,11.048
4,S-S1#0,S/S1,60.0,103.095,543.208,3.238,21.156
4,S-S1#0,S/S1,60.0,69.713,190.954,13.171,14.802
4,S-S1#0,S/S1,60.0,106.591,434.431,24.471,21.086
4,S-S1#0,S/S1,60.0,46.396,390.291,20.496,8.103
4,S-S1#0,S/S1,60.0,41.805,472.407,25.623,7.259
4,S-S1#0,S/S1,60.0,71.631,728.746,20.214,12.368
4,S-S1#0,S/S1,60.0,5.19,660.038,25.106,0.864
4,S-S1#0,S/S1,60.0,63.966,404.97,6.718,8.944
4,S-S1#0,S/S1,60.0,44.103,888.352,20.741,5.901
4,S-S1#0,S/S1,60.0,36.151,947.993,22.665,5.143
4,S-S1#0,S/S1,60.0,52.668,702.887,12.537,7.774
4,S-S1#0,S/S1,60.0,60.776,739.15,11.482,9.288
4,S-S1#0,S/S1,60.0,51.418,897.549,9.17,8.974
4,S-S1#0,S/S1,60.0,43.533,871.744,10.679,9.289
4,S-S1#0,S/S1,60.0,49.612,626.536,4.81,12.243
4,S-S1#0,S/S1,60.0,66.945,289.152,10.86,17.769
4,S-S1#0,S/S1,60.0,58.833,216.705,6.265,15.657
4,S-S1#0,S/S1,60.0,45.175,284.042,7.517,13.249
4,S-S1#0,S/S1,60.0,38.17,389.159,5.018,11.056
4,S-S1#0,S/S1,60.0,30.237,353.105,3.532,9.269
4,S-S1#0,S/S1,60.0,40.629,202.295,0.85,12.706
4,S-S1#0,S/S1,60.0,46.106,48.253,6.309,14.631
4,S-S1#0,S/S1,60.0,53.126,517.785,7.967,18.57
4,S-S1#0,S/S1,60.0,64.201,133.272,7.33,24.157
4,S-S1#0,S/S1,60.0,59.513,189.54,11.287,22.116
4,S-S1#0,S/S1,60.0,42.66,117.001,10.646,16.382
4,S-S1#0,S/S1,60.0,58.874,370.94,11.275,26.386
4,S-S1#0,S/S1,60.0,67.227,377.53,18.375,37.109
4,S-S1#0,S/S1,60.0,50.168,104.46,20.211,28.326
4,S-S1#0,S/S1,60.0,43.676,101.813,17.078,20.733
4,S-S1#0,S/S1,60.0,8.559,88.466,14.966,4.352
4,S-S1#0,S/S1,60.0,11.172,156.849,16.212,5.114
4,S-S1#0,S/S1,60.0,421.077,220.765,388.691,157.714
4,S-S1#0,S/S1,60.0,41.921,288.709,8.344,13.837
4,S-S1#0,S/S1,60.0,33.217,318.71,7.898,9.502
4,S-S1#0,S/S1,60.0,34.726,26.78,18.963,9.894
4,S-S1#0,S/S1,60.0,13.041,485.682,13.773,3.655
4,S-S1#0,S/S1,60.0,18.234,147.853,3.916,5.076
4,S-S1#0,S/S1,60.0,11.287,229.4,12.147,3.066
4,S-S1#0,S/S1,60.0,37.131,629.692,12.347,8.979
4,S-S1#0,S/S1,60.0,51.15,774.549,8.279,13.004
4,S-S1#0,S/S1,60.0,37.804,92.448,14.235,9.359
4,S-S1#0,S/S1,60.0,76.971,309.113,10.851,19.404
4,S-S1#0,S/S1,60.0,49.145,260.784,2.655,12.508
4,S-S1#0,S/S1,60.0,42.484,388.281,7.375,11.371
4,S-S1#0,S/S1,60.0,16.896,365.133,3.117,5.867
4,S-S1#0,S/S1,60.0,20.318,168.052,2.897,8.702
4,S-S1#0,S/S1,60.0,15.578,226.977,1.01,8.108
4,S-S1#0,S/S1,60.0,35.42,307.346,8.553,18.311
4,S-S1#0,S/S1,60.0,20.379,77.198,8.98,10.535
4,S-S1#0,S/S1,60.0,46.618,160.408,6.232,22.837
4,S-S1#0,S/S1,60.0,71.934,199.293,4.284,26.544
4,S-S1#0,S/S1,60.0,117.003,248.961,7.056,35.119
4,S-S1#0,S/S1,60.0,73.841,543.838,61.3,19.362
4,S-S1#0,S/S1,60.0,93.543,594.556,38.061,23.164
4,S-S1#0,S/S1,60.0,93.73,113.535,15.025,25.068
4,S-S1#0,S/S1,60.0,68.73,354.447,12.5,16.388
4,S-S1#0,S/S1,60.0,42.91,384.925,21.252,8.96
4,S-S1#0,S/S1,60.0,22.599,484.633,33.618,4.117
4,S-S1#0,S/S1,60.0,37.863,773.399,33.544,6.763
4,S-S1#0,S/S1,60.0,20.64,564.26,30.224,3.584
4,S-S1#0,S/S1,60.0,24.517,704.268,21.426,3.663
4,S-S1#0,S/S1,60.0,14.479,674.994,18.057,2.02
4,S-S1#0,S/S1,60.0,41.845,974.092,10.94,5.602
4,S-S1#0,S/S1,60.0,47.83,1087.538,10.595,6.175
4,S-S1#0,S/S1,60.0,118.139,965.585,26.754,13.867
4,S-S1#0,S/S1,60.0,112.006,307.277,41.249,12.072
4,S-S1#0,S/S1,60.0,114.466,146.72,41.264,11.583
4,S-S1#0,S/S1,60.0,112.09,163.076,47.982,11.297
4,S-S1#0,S/S1,60.0,73.53,199.174,48.865,7.919
4,S-S1#0,S/S1,60.0,28.6,261.785,40.61,3.471
4,S-S1#0,S/S1,60.0,17.941,329.257,37.912,2.56
4,S-S1#0,S/S1,60.0,33.097,369.984,31.368,5.71
4,S-S1#0,S/S1,60.0,25.636,484.625,30.655,5.655
4,S-S1#0,S/S1,60.0,36.266,359.925,20.319,10.924
4,S-S1#0,S/S1,60.0,10.521,354.876,1.181,4.3
4,S-S1#0,S/S1,60.0,26.895,182.802,26.372,11.731
4,S-S1#0,S/S1,60.0,39.476,76.085,29.252,14.543
4,S-S1#0,S/S1,60.0,32.863,57.335,34.812,12.142
4,S-S1#0,S/S1,60.0,37.552,61.723,34.533,12.727
4,S-S1#0,S/S1,60.0,37.402,261.143,19.094,11.118
4,S-S1#0,S/S1,60.0,572.393,258.973,524.439,168.198
4,S-S1#0,S/S1,60.0,55.439,555.403,3.466,14.433
4,S-S1#0,S/S1,60.0,51.515,820.927,5.0,11.87
4,S-S1#0,S/S1,60.0,33.841,687.394,13.819,6.303
4,S-S1#0,S/S1,60.0,74.154,123.849,25.403,12.22
4,S-S1#0,S/S1,60.0,87.437,600.025,148.5,13.172
4,S-S1#0,S/S1,60.0,81.179,353.928,16.496,11.092
4,S-S1#0,S/S1,60.0,64.325,196.36,9.74,8.806
4,S-S1#0,S/S1,60.0,66.955,424.337,11.111,10.244
4,S-S1#0,S/S1,60.0,42.194,601.573,13.236,7.584
4,S-S1#0,S/S1,60.0,29.479,799.594,13.917,6.302
4,S-S1#0,S/S1,60.0,57.487,682.081,13.866,15.614
4,S-S1#0,S/S1,60.0,53.455,400.895,12.65,15.021
4,S-S1#0,S/S1,60.0,89.398,503.489,9.217,26.407
4,S-S1#0,S/S1,60.0,91.176,223.921,3.18,30.422
4,S-S1#0,S/S1,60.0,82.962,403.745,1.873,29.915
4,S-S1#0,S/S1,60.0,85.544,390.75,2.808,29.63
4,S-S1#0,S/S1,60.0,74.944,187.296,11.152,24.424
4,S-S1#0,S/S1,60.0,33.798,253.223,4.676,13.481
4,S-S1#0,S/S1,60.0,26.788,186.25,7.429,9.731
4,S-S1#0,S/S1,60.0,52.086,253.038,22.5,14.879
4,S-S1#0,S/S1,60.0,82.524,609.952,2.814,22.362
4,S-S1#0,S/S1,60.0,75.723,613.708,2.513,22.104
4,S-S1#0,S/S1,60.0,74.647,234.125,11.937,21.226
4,S-S1#0,S/S1,60.0,71.376,302.92,5.173,18.257
4,S-S1#0,S/S1,60.0,64.957,543.646,2.101,16.616
4,S-S1#0,S/S1,60.0,43.505,657.943,6.822,11.785
4,S-S1#0,S/S1,60.0,15.431,477.455,11.128,3.817
4,S-S1#0,S/S1,60.0,22.981,568.382,12.601,5.362
4,S-S1#0,S/S1,60.0,36.138,274.717,25.47,9.024
4,S-S1#0,S/S1,60.0,32.208,83.04,15.941,8.315
4,S-S1#0,S/S1,60.0,35.715,566.196,11.717,10.889
4,S-S1#0,S/S1,60.0,47.839,177.612,5.92,16.502
4,S-S1#0,S/S1,60.0,61.509,307.912,23.665,23.682
4,S-S1#0,S/S1,60.0,71.727,221.665,13.698,24.603
4,S-S1#0,S/S1,60.0,82.37,344.609,15.54,22.641
4,S-S1#0,S/S1,60.0,67.849,467.728,18.726,18.867
4,S-S1#0,S/S1,60.0,104.687,364.873,21.155,25.746
4,S-S1#0,S/S1,60.0,89.955,355.329,18.297,19.047
4,S-S1#0,S/S1,60.0,116.195,516.96,25.838,22.884
4,S-S1#0,S/S1,60.0,133.163,460.002,26.887,26.228
4,S-S1#0,S/S1,60.0,142.073,84.376,28.106,28.416
4,S-S1#0,S/S1,60.0,94.283,664.66,18.242,17.123
4,S-S1#0,S/S1,60.0,34.684,951.141,16.725,6.314
4,S-S1#0,S/S1,60.0,17.06,705.744,15.042,3.17
4,S-S1#0,S/S1,60.0,15.174,151.36,38.957,3.157
4,S-S1#0,S/S1,60.0,20.485,365.774,28.634,4.672
4,S-S1#0,S/S1,60.0,59.284,375.505,21.913,12.418
4,S-S1#0,S/S1,60.0,61.803,532.814,25.276,11.637
4,S-S1#0,S/S1,60.0,12.676,625.645,30.887,2.333
4,S-S1#0,S/S1,60.0,18.603,596.546,29.353,3.94
4,S-S1#0,S/S1,60.0,23.87,455.21,18.321,5.402
4,S-S1#0,S/S1,60.0,31.325,327.268,7.425,8.255
4,S-S1#0,S/S1,60.0,52.536,614.839,1.67,21.44
4,S-S1#0,S/S1,60.0,53.168,638.4,1.852,49.883
4,S-S1#0,S/S1,60.0,18.953,26.956,1.765,108.151
4,S-S1#0,S/S1,60.0,6.383,18.056,1.014,246.991
4,S-S1#0,S/S1,60.0,0.748,16.395,0.845,4.374
4,S-S1#0,S/S1,60.0,4.535,71.63,2.549,6.281
4,S-S1#0,S/S1,60.0,18.984,172.057,5.378,10.996
4,S-S1#0,S/S1,60.0,17.028,212.914,6.248,6.919
4,S-S1#0,S/S1,60.0,27.899,259.164,7.688,7.961
4,S-S1#0,S/S1,60.0,69.043,336.949,8.713,15.503
4,S-S1#0,S/S1,60.0,111.385,510.79,0.901,21.234
4,S-S1#0,S/S1,60.0,130.921,768.408,5.669,22.808
4,S-S1#0,S/S1,60.0,132.25,1025.772,9.182,24.73
4,S-S1#0,S/S1,60.0,102.113,59.499,11.616,21.178
4,S-S1#0,S/S1,60.0,46.56,124.542,1.355,11.321
4,S-S1#0,S/S1,60.0,14.897,586.172,10.309,3.518
4,S-S1#0,S/S1,60.0,65.513,698.539,7.404,15.726
4,S-S1#0,S/S1,60.0,85.73,794.646,9.291,25.343
4,S-S1#0,S/S1,60.0,75.923,109.188,9.324,22.113
4,S-S1#0,S/S1,60.0,69.376,216.077,5.622,18.119
4,S-S1#0,S/S1,60.0,66.484,253.406,1.374,15.752
4,S-S1#0,S/S1,60.0,3.353,274.499,2.423,0.802
4,S-S1#0,S/S1,60.0,74.853,317.745,3.167,19.774
4,S-S1#0,S/S1,60.0,130.337,455.335,22.296,30.649
4,S-S1#0,S/S1,60.0,175.602,843.836,7.884,37.486
4,S-S1#0,S/S1,60.0,174.609,358.75,7.134,37.543
4,S-S1#0,S/S1,60.0,160.229,186.196,5.947,35.632
4,S-S1#0,S/S1,60.0,112.316,386.606,9.189,23.507
4,S-S1#0,S/S1,60.0,59.741,435.919,5.804,10.699
4,S-S1#0,S/S1,60.0,47.659,749.419,6.097,8.671
4,S-S1#0,S/S1,60.0,22.064,697.278,4.046,4.39
4,S-S1#0,S/S1,60.0,23.508,395.958,19.09,4.511
4,S-S1#0,S/S1,60.0,44.756,358.517,7.774,7.912
4,S-S1#0,S/S1,60.0,80.826,646.715,9.548,14.934
4,S-S1#0,S/S1,60.0,93.639,590.571,11.971,20.278
4,S-S1#0,S/S1,60.0,93.623,322.651,12.158,23.563
4,S-S1#0,S/S1,60.0,96.919,644.613,7.71,29.004
4,S-S1#0,S/S1,60.0,91.663,317.063,5.903,35.23
4,S-S1#0,S/S1,60.0,77.369,517.55,2.236,49.568
4,S-S1#0,S/S1,60.0,50.891,495.196,1.593,103.012
4,S-S1#0,S/S1,60.0,1.942,30.878,0.53,5.899
4,S-S1#0,S/S1,60.0,8.529,106.488,0.548,7.854
4,S-S1#0,S/S1,60.0,27.611,219.663,3.966,12.448
4,S-S1#0,S/S1,60.0,51.396,348.482,10.916,14.677
4,S-S1#0,S/S1,60.0,65.697,461.39,19.001,14.167
4,S-S1#0,S/S1,60.0,77.202,474.441,19.064,14.932
4,S-S1#0,S/S1,60.0,46.534,285.691,18.741,9.281
4,S-S1#0,S/S1,60.0,36.287,173.744,18.267,8.455
4,S-S1#0,S/S1,60.0,48.7,258.814,19.987,14.508
4,S-S1#0,S/S1,60.0,75.264,406.162,25.896,30.645
4,S-S1#0,S/S1,60.0,45.521,126.859,23.987,20.869
4,S-S1#0,S/S1,60.0,27.985,267.525,19.865,11.872
4,S-S1#0,S/S1,60.0,292.798,185.709,326.952,92.254
4,S-S1#0,S/S1,60.0,321.94,181.226,360.914,95.545
4,S-S1#0,S/S1,60.0,40.151,298.115,9.806,12.687
4,S-S1#0,S/S1,60.0,37.43,459.132,9.026,13.434
4,S-S1#0,S/S1,60.0,18.475,618.326,8.864,9.571
4,S-S1#0,S/S1,60.0,24.146,516.936,5.967,19.495
4,S-S1#0,S/S1,60.0,28.772,324.072,6.198,87.643
4,S-S1#0,S/S1,60.0,20.51,8.58,1.806,104.703
4,S-S1#0,S/S1,60.0,25.792,97.643,4.438,22.674
4,S-S1#0,S/S1,60.0,24.528,151.903,9.135,14.485
4,S-S1#0,S/S1,60.0,35.562,185.468,8.143,14.639
4,S-S1#0,S/S1,60.0,540.631,290.794,582.868,139.858
4,S-S1#0,S/S1,60.0,27.63,452.782,14.774,5.245
4,S-S1#0,S/S1,60.0,218.183,718.778,241.829,35.797
4,S-S1#0,S/S1,60.0,102.692,951.648,48.202,19.785
4,S-S1#0,S/S1,60.0,68.884,586.86,12.563,14.848
4,S-S1#0,S/S1,60.0,77.864,389.157,1.079,18.985
4,S-S1#0,S/S1,60.0,84.804,573.292,3.184,23.153
4,S-S1#0,S/S1,60.0,42.742,626.531,6.486,11.801
4,S-S1#0,S/S1,60.0,38.926,443.677,9.093,9.414
4,S-S1#0,S/S1,60.0,36.637,523.145,34.904,6.672
4,S-S1#0,S/S1,60.0,49.557,663.771,41.61,7.183
4,S-S1#0,S/S1,60.0,53.387,1092.426,3.638,6.732
4,S-S1#0,S/S1,60.0,115.595,61.141,10.341,15.144
4,S-S1#0,S/S1,60.0,103.514,268.045,13.871,16.654
4,S-S1#0,S/S1,60.0,95.497,534.188,12.328,19.947
4,S-S1#0,S/S1,60.0,90.435,691.304,11.806,26.037
4,S-S1#0,S/S1,60.0,66.895,612.573,12.402,23.609
4,S-S1#0,S/S1,60.0,42.557,534.206,2.557,23.774
4,S-S1#0,S/S1,60.0,15.212,97.817,6.293,14.078
4,S-S1#0,S/S1,60.0,29.327,165.422,13.521,17.633
4,S-S1#0,S/S1,60.0,24.066,186.965,15.695,12.686
4,S-S1#0,S/S1,60.0,4.55,245.083,4.002,2.519
4,S-S1#0,S/S1,60.0,7.87,153.909,1.026,6.487
4,S-S1#0,S/S1,60.0,13.703,92.583,3.781,8.265
4,S-S1#0,S/S1,60.0,44.589,130.648,7.303,21.241
4,S-S1#0,S/S1,60.0,51.898,271.478,6.782,29.861
4,S-S1#0,S/S1,60.0,54.646,105.199,8.341,35.297
4,S-S1#0,S/S1,120.0,61.464,901.745,11.814,5.84
4,S-S1#0,S/S1,120.0,84.923,1003.797,11.268,7.329
4,S-S1#0,S/S1,120.0,201.801,1143.853,55.835,16.456
4,S-S1#0,S/S1,120.0,328.028,677.6,55.766,26.563
4,S-S1#0,S/S1,120.0,469.074,770.836,110.241,39.327
4,S-S1#0,S/S1,120.0,692.898,1042.176,201.951,58.508
4,S-S1#0,S/S1,120.0,741.213,1143.341,233.262,57.381
4,S-S1#0,S/S1,120.0,657.979,1235.033,122.017,47.076
4,S-S1#0,S/S1,120.0,606.503,2625.76,121.116,42.44
4,S-S1#0,S/S1,120.0,570.579,1762.999,162.277,40.725
4,S-S1#0,S/S1,120.0,688.457,596.214,864.221,51.59
4,S-S1#0,S/S1,120.0,296.624,1076.677,67.075,23.898
4,S-S1#0,S/S1,120.0,276.958,1075.41,62.729,22.321
4,S-S1#0,S/S1,120.0,334.728,736.33,80.351,26.379
4,S-S1#0,S/S1,120.0,216.059,841.899,42.66,16.847
4,S-S1#0,S/S1,120.0,160.749,252.439,32.223,12.959
4,S-S1#0,S/S1,120.0,107.315,1018.641,27.375,7.986
4,S-S1#0,S/S1,120.0,162.249,656.232,20.215,10.958
4,S-S1#0,S/S1,120.0,371.337,2040.47,28.859,24.334
4,S-S1#0,S/S1,120.0,308.295,2293.576,47.271,19.931
4,S-S1#0,S/S1,120.0,291.099,1274.44,41.724,18.708
4,S-S1#0,S/S1,120.0,158.317,575.91,33.757,10.461
4,S-S1#0,S/S1,120.0,66.604,1083.416,38.712,4.366
4,S-S1#0,S/S1,120.0,121.551,2282.467,39.224,7.857
4,S-S1#0,S/S1,120.0,219.214,2103.389,70.719,14.437
4,S-S1#0,S/S1,120.0,344.283,1918.63,86.574,23.183
4,S-S1#0,S/S1,120.0,154.913,1308.649,119.363,10.273
4,S-S1#0,S/S1,120.0,213.008,1829.206,176.321,13.552
4,S-S1#0,S/S1,120.0,210.08,1971.35,201.062,13.517
4,S-S1#0,S/S1,120.0,138.144,1746.078,174.407,9.589
4,S-S1#0,S/S1,120.0,38.432,1696.527,159.15,2.941
4,S-S1#0,S/S1,120.0,154.431,926.086,113.586,13.39
4,S-S1#0,S/S1,120.0,278.355,312.837,75.328,27.422
4,S-S1#0,S/S1,120.0,236.018,1885.249,63.322,24.153
4,S-S1#0,S/S1,120.0,300.415,615.509,56.847,30.897
4,S-S1#0,S/S1,120.0,290.899,639.304,71.401,29.696
4,S-S1#0,S/S1,120.0,306.852,375.897,52.389,30.317
4,S-S1#0,S/S1,120.0,215.522,572.735,44.75,20.422
4,S-S1#0,S/S1,120.0,134.186,757.071,35.882,12.695
4,S-S1#0,S/S1,120.0,118.554,610.054,36.142,11.117
4,S-S1#0,S/S1,120.0,90.09,235.326,33.469,8.278
4,S-S1#0,S/S1,120.0,96.976,727.194,22.504,8.226
4,S-S1#0,S/S1,120.0,70.468,1294.57,107.705,5.403
4,S-S1#0,S/S1,120.0,169.888,1404.812,118.636,12.003
4,S-S1#0,S/S1,120.0,212.369,1401.509,118.374,14.567
4,S-S1#0,S/S1,120.0,238.803,694.128,11.521,15.866
4,S-S1#0,S/S1,120.0,240.132,1319.055,16.802,15.982
4,S-S1#0,S/S1,120.0,257.107,1592.273,19.619,17.335
4,S-S1#0,S/S1,120.0,291.072,1634.574,39.163,20.013
4,S-S1#0,S/S1,120.0,271.798,1660.282,34.592,19.5
4,S-S1#0,S/S1,120.0,310.398,1638.425,45.68,24.381
4,S-S1#0,S/S1,120.0,239.666,1694.548,56.471,20.854
4,S-S1#0,S/S1,120.0,242.348,1623.175,65.567,21.637
4,S-S1#0,S/S1,120.0,259.154,1761.198,62.935,23.335
4,S-S1#0,S/S1,120.0,282.864,1626.421,73.443,25.743
4,S-S1#0,S/S1,120.0,323.031,972.36,59.836,28.997
4,S-S1#0,S/S1,120.0,460.336,1105.266,88.749,38.631
4,S-S1#0,S/S1,120.0,441.489,1372.199,83.05,37.394
4,S-S1#0,S/S1,120.0,448.736,1606.97,79.071,39.796
4,S-S1#0,S/S1,120.0,410.011,1803.709,69.654,37.791
4,S-S1#0,S/S1,120.0,337.492,1300.058,39.335,31.573
4,S-S1#0,S/S1,120.0,430.415,1212.401,73.206,39.785
4,S-S1#0,S/S1,120.0,369.87,1012.428,40.278,32.149
4,S-S1#0,S/S1,120.0,366.071,392.156,10.938,29.54
4,S-S1#0,S/S1,120.0,441.477,1051.207,33.992,35.886
4,S-S1#0,S/S1,120.0,382.361,463.303,21.728,32.966
4,S-S1#0,S/S1,120.0,265.287,281.68,14.517,24.051
4,S-S1#0,S/S1,120.0,151.223,790.431,14.619,14.303
4,S-S1#0,S/S1,120.0,124.035,1013.543,19.737,12.729
4,S-S1#0,S/S1,120.0,31.823,339.38,18.876,3.396
4,S-S1#0,S/S1,120.0,47.271,350.324,17.425,5.063
4,S-S1#0,S/S1,120.0,78.503,349.414,18.495,8.614
4,S-S1#0,S/S1,120.0,111.009,464.307,15.143,12.45
4,S-S1#0,S/S1,120.0,179.177,441.56,33.104,19.955
4,S-S1#0,S/S1,120.0,201.193,517.092,40.214,23.34
4,S-S1#0,S/S1,120.0,206.551,445.926,39.669,25.435
4,S-S1#0,S/S1,120.0,254.809,321.231,50.563,32.619
4,S-S1#0,S/S1,120.0,296.414,362.24,53.075,39.61
4,S-S1#0,S/S1,120.0,281.533,559.712,61.389,41.262
4,S-S1#0,S/S1,120.0,233.069,359.973,45.313,35.423
4,S-S1#0,S/S1,120.0,192.783,489.958,36.871,28.919
4,S-S1#0,S/S1,120.0,162.523,262.976,23.758,24.128
4,S-S1#0,S/S1,120.0,142.716,316.45,29.337,20.456
4,S-S1#0,S/S1,120.0,149.357,261.313,21.626,20.571
4,S-S1#0,S/S1,120.0,195.896,622.684,26.941,26.306
4,S-S1#0,S/S1,120.0,195.904,524.335,20.307,27.603
4,S-S1#0,S/S1,120.0,240.164,334.805,19.315,30.688
4,S-S1#0,S/S1,120.0,317.431,399.31,29.851,38.207
4,S-S1#0,S/S1,120.0,307.669,199.446,24.876,39.008
4,S-S1#0,S/S1,120.0,551.902,160.868,401.888,71.435
4,S-S1#0,S/S1,120.0,287.623,58.519,20.185,33.59
4,S-S1#0,S/S1,120.0,302.535,260.769,27.265,32.929
4,S-S1#0,S/S1,120.0,293.927,435.613,32.148,30.508
4,S-S1#0,S/S1,120.0,319.091,375.688,42.239,31.158
4,S-S1#0,S/S1,120.0,314.832,473.88,47.124,29.81
4,S-S1#0,S/S1,120.0,220.943,1173.328,46.979,20.984
4,S-S1#0,S/S1,120.0,182.161,981.675,34.642,17.548
4,S-S1#0,S/S1,120.0,256.375,1627.238,62.985,23.55
4,S-S1#0,S/S1,120.0,234.797,1977.399,67.379,21.203
4,S-S1#0,S/S1,120.0,227.419,1715.62,87.114,21.18
4,S-S1#0,S/S1,120.0,103.985,1054.76,21.471,9.463
4,S-S1#0,S/S1,120.0,216.145,634.89,66.899,18.235
4,S-S1#0,S/S1,120.0,287.019,342.087,46.764,23.913
4,S-S1#0,S/S1,120.0,218.428,260.298,49.578,19.295
4,S-S1#0,S/S1,120.0,247.817,1084.489,23.641,23.668
4,S-S1#0,S/S1,120.0,180.994,1218.453,13.315,18.624
4,S-S1#0,S/S1,120.0,234.841,1060.188,19.199,25.473
4,S-S1#0,S/S1,120.0,310.494,941.034,25.015,33.432
4,S-S1#0,S/S1,120.0,366.577,1168.786,14.998,38.157
4,S-S1#0,S/S1,120.0,361.827,1829.841,15.832,38.375
4,S-S1#0,S/S1,120.0,342.731,1694.616,6.39,40.729
4,S-S1#0,S/S1,120.0,391.08,677.537,9.11,46.523
4,S-S1#0,S/S1,120.0,368.131,1000.914,13.767,42.173
4,S-S1#0,S/S1,120.0,375.828,1348.454,25.113,43.575
4,S-S1#0,S/S1,120.0,369.406,1405.04,38.733,44.882
4,S-S1#0,S/S1,120.0,228.671,694.568,135.391,27.969
4,S-S1#0,S/S1,120.0,255.143,799.027,108.842,29.494
4,S-S1#0,S/S1,120.0,322.002,191.09,37.713,35.416
4,S-S1#0,S/S1,120.0,253.252,684.003,20.146,28.531
4,S-S1#0,S/S1,120.0,146.925,503.802,31.526,17.072
4,S-S1#0,S/S1,120.0,59.415,549.794,10.512,7.262
4,S-S1#0,S/S1,120.0,54.537,665.64,4.699,7.389
4,S-S1#0,S/S1,120.0,65.166,77.88,15.794,9.254
4,S-S1#0,S/S1,120.0,78.311,657.458,19.449,12.117
4,S-S1#0,S/S1,120.0,79.723,305.145,36.619,12.695
4,S-S1#0,S/S1,120.0,41.157,505.752,25.912,6.974
4,S-S1#0,S/S1,120.0,66.067,558.929,26.744,11.539
4,S-S1#0,S/S1,120.0,93.777,203.255,21.662,16.31
4,S-S1#0,S/S1,120.0,76.569,691.065,23.145,12.724
4,S-S1#0,S/S1,120.0,151.579,315.617,31.897,24.23
4,S-S1#0,S/S1,120.0,176.264,715.554,33.966,26.346
4,S-S1#0,S/S1,120.0,204.846,285.211,34.683,31.098
4,S-S1#0,S/S1,120.0,271.941,808.886,33.653,43.007
4,S-S1#0,S/S1,120.0,944.079,359.159,878.446,144.337
4,S-S1#0,S/S1,120.0,176.64,358.9,16.452,24.523
4,S-S1#0,S/S1,120.0,109.464,389.639,5.543,13.439
4,S-S1#0,S/S1,120.0,60.948,239.631,7.168,7.428
4,S-S1#0,S/S1,120.0,28.222,215.13,9.576,3.286
4,S-S1#0,S/S1,120.0,37.338,285.897,8.743,4.173
4,S-S1#0,S/S1,120.0,55.228,517.094,8.079,6.002
4,S-S1#0,S/S1,120.0,58.53,445.779,11.161,6.437
4,S-S1#0,S/S1,120.0,74.022,629.288,12.896,8.748
4,S-S1#0,S/S1,120.0,98.403,320.452,20.74,12.291
4,S-S1#0,S/S1,120.0,113.625,504.117,12.836,14.795
4,S-S1#0,S/S1,120.0,112.779,193.705,9.712,15.09
4,S-S1#0,S/S1,120.0,101.735,790.032,11.346,14.213
4,S-S1#0,S/S1,120.0,100.48,734.092,9.053,15.173
4,S-S1#0,S/S1,120.0,102.777,345.034,24.098,16.548
4,S-S1#0,S/S1,120.0,117.399,323.032,19.811,19.771
4,S-S1#0,S/S1,120.0,78.735,157.059,21.234,13.678
4,S-S1#0,S/S1,120.0,75.485,524.196,28.107,14.896
4,S-S1#0,S/S1,120.0,83.431,158.325,39.162,18.405
4,S-S1#0,S/S1,120.0,73.733,197.383,35.991,16.556
4,S-S1#0,S/S1,120.0,92.042,128.095,35.716,20.894
4,S-S1#0,S/S1,120.0,79.843,211.605,36.861,18.408
4,S-S1#0,S/S1,120.0,62.248,205.132,31.868,14.835
4,S-S1#0,S/S1,120.0,50.664,358.956,27.342,12.434
4,S-S1#0,S/S1,120.0,446.812,232.107,415.632,101.651
4,S-S1#0,S/S1,120.0,37.23,193.58,12.435,7.642
4,S-S1#0,S/S1,120.0,57.845,55.189,13.456,12.151
4,S-S1#0,S/S1,120.0,47.076,174.175,18.148,10.083
4,S-S1#0,S/S1,120.0,12.109,208.893,20.543,2.947
4,S-S1#0,S/S1,120.0,339.052,166.527,325.985,80.26
4,S-S1#0,S/S1,120.0,20.391,139.186,20.933,4.467
4,S-S1#0,S/S1,120.0,37.794,208.742,16.919,8.235
4,S-S1#0,S/S1,120.0,52.524,259.994,14.833,11.705
4,S-S1#0,S/S1,120.0,36.366,139.669,26.088,7.514
4,S-S1#0,S/S1,120.0,588.982,279.622,556.6,103.571
4,S-S1#0,S/S1,120.0,53.818,193.411,11.956,9.353
4,S-S1#0,S/S1,120.0,80.351,319.836,2.063,13.897
4,S-S1#0,S/S1,120.0,59.756,326.825,10.236,9.496
4,S-S1#0,S/S1,120.0,46.317,194.5,14.926,6.722
4,S-S1#0,S/S1,120.0,26.678,406.516,46.715,3.462
4,S-S1#0,S/S1,120.0,1073.291,496.584,1069.067,121.346
4,S-S1#0,S/S1,120.0,159.133,877.547,35.371,16.597
4,S-S1#0,S/S1,120.0,165.28,331.366,36.895,16.377
4,S-S1#0,S/S1,120.0,101.348,788.551,19.089,9.919
4,S-S1#0,S/S1,120.0,94.207,1071.012,27.811,8.621
4,S-S1#0,S/S1,120.0,130.31,1219.268,29.786,11.867
4,S-S1#0,S/S1,120.0,206.612,436.782,51.348,18.663
4,S-S1#0,S/S1,120.0,248.184,810.404,20.619,20.48
4,S-S1#0,S/S1,120.0,385.129,2024.984,76.58,29.915
4,S-S1#0,S/S1,120.0,494.464,2307.623,98.336,38.056
4,S-S1#0,S/S1,120.0,417.795,1943.761,103.746,31.91
4,S-S1#0,S/S1,120.0,392.767,2157.406,120.645,29.75
4,S-S1#0,S/S1,120.0,508.061,1722.593,128.444,38.225
4,S-S1#0,S/S1,120.0,364.517,1267.185,124.295,26.816
4,S-S1#0,S/S1,120.0,385.904,392.634,112.238,27.805
4,S-S1#0,S/S1,120.0,312.64,371.582,135.876,21.951
4,S-S1#0,S/S1,120.0,159.165,402.031,101.026,11.478
4,S-S1#0,S/S1,120.0,92.83,1162.665,43.962,6.765
4,S-S1#0,S/S1,120.0,40.167,458.034,69.387,2.946
4,S-S1#0,S/S1,120.0,36.476,353.173,55.411,2.77
4,S-S1#0,S/S1,120.0,82.265,736.626,64.618,6.569
4,S-S1#0,S/S1,120.0,27.011,1149.003,34.299,2.351
4,S-S1#0,S/S1,120.0,59.542,661.119,25.264,5.477
4,S-S1#0,S/S1,120.0,96.948,270.846,22.182,9.572
4,S-S1#0,S/S1,120.0,114.569,405.269,17.393,11.562
4,S-S1#0,S/S1,120.0,137.545,461.982,17.61,14.646
4,S-S1#0,S/S1,120.0,156.962,551.06,13.261,17.367
4,S-S1#0,S/S1,120.0,187.178,640.143,13.894,21.074
4,S-S1#0,S/S1,120.0,249.809,302.634,10.472,27.084
4,S-S1#0,S/S1,120.0,305.027,741.442,8.505,32.41
4,S-S1#0,S/S1,120.0,299.382,876.204,9.365,31.509
4,S-S1#0,S/S1,120.0,328.334,237.038,20.023,33.331
4,S-S1#0,S/S1,120.0,344.34,521.226,12.222,34.584
4,S-S1#0,S/S1,120.0,293.011,1123.801,8.03,27.785
4,S-S1#0,S/S1,120.0,175.188,885.504,10.261,17.148
4,S-S1#0,S/S1,120.0,158.232,1123.914,9.099,15.09
4,S-S1#0,S/S1,120.0,165.59,1641.605,11.387,15.919
4,S-S1#0,S/S1,120.0,156.266,746.461,14.039,14.677
4,S-S1#0,S/S1,120.0,141.361,573.835,16.93,13.51
4,S-S1#0,S/S1,120.0,143.019,1026.598,13.588,13.819
4,S-S1#0,S/S1,120.0,180.733,1432.168,27.179,17.99
4,S-S1#0,S/S1,120.0,150.855,645.734,27.109,15.399
4,S-S1#0,S/S1,120.0,105.175,856.756,13.272,11.339
4,S-S1#0,S/S1,120.0,168.755,506.705,18.488,18.35
4,S-S1#0,S/S1,120.0,179.483,1720.76,14.354,18.806
4,S-S1#0,S/S1,120.0,169.151,447.79,26.372,17.714
4,S-S1#0,S/S1,120.0,132.279,457.583,6.627,13.067
4,S-S1#0,S/S1,120.0,117.517,62.744,17.673,11.475
4,S-S1#0,S/S1,120.0,109.506,449.316,4.102,10.93
4,S-S1#0,S/S1,120.0,96.45,222.408,7.53,9.908
4,S-S1#0,S/S1,120.0,71.971,136.23,4.44,7.306
4,S-S1#0,S/S1,120.0,79.644,39.637,5.515,8.257
4,S-S1#0,S/S1,120.0,81.535,102.178,5.533,8.734
4,S-S1#0,S/S1,120.0,35.318,161.74,9.035,3.853
4,S-S1#0,S/S1,120.0,43.851,86.942,9.826,5.049
4,S-S1#0,S/S1,120.0,37.092,289.565,9.941,4.798
4,S-S1#0,S/S1,120.0,41.474,337.913,12.428,5.744
4,S-S1#0,S/S1,120.0,90.677,837.466,9.983,13.22
4,S-S1#0,S/S1,120.0,127.491,1282.948,14.958,18.387
4,S-S1#0,S/S1,120.0,155.808,1396.4,27.305,22.048
4,S-S1#0,S/S1,120.0,198.094,1047.828,28.519,26.845
4,S-S1#0,S/S1,120.0,195.734,443.651,31.323,25.418
4,S-S1#0,S/S1,120.0,174.086,490.899,38.387,24.295
4,S-S1#0,S/S1,120.0,145.999,669.941,35.983,22.471
4,S-S1#0,S/S1,120.0,141.726,665.378,25.761,22.795
4,S-S1#0,S/S1,120.0,74.337,558.244,58.568,11.158
4,S-S1#0,S/S1,120.0,95.529,534.613,125.444,13.427
4,S-S1#0,S/S1,120.0,96.867,279.25,33.456,12.434
4,S-S1#0,S/S1,120.0,74.402,432.767,27.689,9.907
4,S-S1#0,S/S1,120.0,41.649,627.559,25.778,5.424
4,S-S1#0,S/S1,120.0,22.624,736.284,38.758,2.976
4,S-S1#0,S/S1,120.0,55.116,746.257,40.654,7.431
4,S-S1#0,S/S1,120.0,61.37,666.964,37.794,9.542
4,S-S1#0,S/S1,120.0,44.086,466.836,21.712,7.328
4,S-S1#0,S/S1,120.0,51.321,341.201,22.554,8.0
4,S-S1#0,S/S1,120.0,61.812,426.036,18.957,8.301
4,S-S1#0,S/S1,120.0,58.06,1001.203,36.27,6.916
4,S-S1#0,S/S1,120.0,85.462,832.44,41.384,9.915
4,S-S1#0,S/S1,120.0,122.646,364.609,26.696,13.631
4,S-S1#0,S/S1,120.0,135.578,951.761,51.456,15.861
4,S-S1#0,S/S1,120.0,211.719,576.109,47.025,25.153
4,S-S1#0,S/S1,120.0,187.65,1341.017,49.811,23.378
4,S-S1#0,S/S1,120.0,157.681,720.257,59.693,19.994
4,S-S1#0,S/S1,120.0,159.826,216.197,47.975,19.946
4,S-S1#0,S/S1,120.0,169.921,434.45,34.231,19.352
4,S-S1#0,S/S1,120.0,174.356,1377.836,46.705,21.058
4,S-S1#0,S/S1,120.0,168.268,364.076,42.184,20.825
4,S-S1#0,S/S1,120.0,143.754,419.416,34.524,19.202
4,S-S1#0,S/S1,120.0,137.957,415.667,24.673,19.119
4,S-S1#0,S/S1,120.0,98.002,438.462,15.766,13.318
4,S-S1#0,S/S1,120.0,94.267,133.047,41.531,11.994
4,S-S1#0,S/S1,120.0,286.04,145.388,341.794,32.22
4,S-S1#0,S/S1,120.0,76.637,327.492,87.569,7.563
4,S-S1#0,S/S1,120.0,81.745,313.202,122.465,7.275
4,S-S1#0,S/S1,120.0,88.758,829.621,121.925,7.471
4,S-S1#0,S/S1,120.0,136.216,688.18,129.637,11.085
4,S-S1#0,S/S1,120.0,244.305,741.382,93.144,19.133
4,S-S1#0,S/S1,120.0,129.173,1359.334,212.478,9.301
4,S-S1#0,S/S1,120.0,238.45,2306.452,63.682,16.365
4,S-S1#0,S/S1,120.0,122.603,1269.793,125.088,8.33
4,S-S1#0,S/S1,120.0,301.631,209.157,42.663,20.678
4,S-S1#0,S/S1,120.0,231.486,637.638,37.066,16.654
4,S-S1#0,S/S1,120.0,94.868,622.406,28.954,7.219
4,S-S1#0,S/S1,120.0,152.818,366.35,29.219,12.007
4,S-S1#0,S/S1,120.0,182.766,978.891,16.11,14.843
4,S-S1#0,S/S1,120.0,160.564,1174.589,20.19,13.243
4,S-S1#0,S/S1,120.0,113.829,1350.863,23.167,10.057
4,S-S1#0,S/S1,120.0,119.927,1625.167,34.149,11.108
4,S-S1#0,S/S1,120.0,158.056,1624.105,41.18,14.793
4,S-S1#0,S/S1,120.0,108.159,1679.102,49.208,10.527
4,S-S1#0,S/S1,120.0,125.818,1638.7,56.816,12.52
4,S-S1#0,S/S1,120.0,295.92,1170.193,33.566,27.165
4,S-S1#0,S/S1,120.0,247.981,613.873,79.375,20.901
4,S-S1#0,S/S1,120.0,365.809,1071.314,9.614,29.169
4,S-S1#0,S/S1,120.0,183.125,524.286,79.758,14.343
4,S-S1#0,S/S1,120.0,138.356,619.275,75.749,11.033
4,S-S1#0,S/S1,120.0,148.167,301.846,50.862,11.998
4,S-S1#0,S/S1,120.0,52.211,221.175,45.622,4.442
4,S-S1#0,S/S1,120.0,104.208,536.221,11.882,8.79
4,S-S1#0,S/S1,120.0,112.363,813.368,22.421,9.743
4,S-S1#0,S/S1,120.0,113.894,784.985,25.704,10.541
4,S-S1#0,S/S1,120.0,117.771,804.594,17.393,11.174
4,S-S1#0,S/S1,120.0,131.242,1305.053,18.402,13.175
4,S-S1#0,S/S1,120.0,101.883,1514.824,12.14,11.087
4,S-S1#0,S/S1,120.0,69.377,1530.691,10.682,8.721
4,S-S1#0,S/S1,120.0,46.928,651.86,3.898,6.468
4,S-S1#0,S/S1,120.0,37.941,128.509,1.124,5.48
4,S-S1#0,S/S1,120.0,50.153,347.008,5.825,7.569
4,S-S1#0,S/S1,120.0,30.33,292.632,5.516,4.994
4,S-S1#0,S/S1,120.0,39.422,491.355,9.954,6.411
4,S-S1#0,S/S1,120.0,69.56,517.859,12.229,11.855
4,S-S1#0,S/S1,120.0,94.638,490.188,21.017,17.411
4,S-S1#0,S/S1,120.0,107.416,344.469,20.969,21.613
4,S-S1#0,S/S1,120.0,100.912,616.728,23.618,21.785
4,S-S1#0,S/S1,120.0,94.274,165.361,16.844,19.763
4,S-S1#0,S/S1,120.0,60.935,139.554,12.137,13.065
4,S-S1#0,S/S1,120.0,40.141,55.82,19.932,8.377
4,S-S1#0,S/S1,120.0,22.745,140.205,18.617,4.64
4,S-S1#0,S/S1,120.0,18.601,246.854,22.017,3.841
4,S-S1#0,S/S1,120.0,27.514,186.243,28.796,5.221
4,S-S1#0,S/S1,120.0,13.974,44.222,24.034,2.485
4,S-S1#0,S/S1,120.0,14.253,123.229,32.859,2.572
4,S-S1#0,S/S1,120.0,30.94,516.01,40.311,5.352
4,S-S1#0,S/S1,120.0,951.535,518.417,897.882,149.718
4,S-S1#0,S/S1,120.0,102.586,703.658,31.327,14.302
4,S-S1#0,S/S1,120.0,88.033,195.935,23.698,11.836
4,S-S1#0,S/S1,120.0,83.374,666.149,38.923,11.035
4,S-S1#0,S/S1,120.0,80.399,453.955,41.244,10.66
4,S-S1#0,S/S1,120.0,83.38,653.91,23.914,11.083
4,S-S1#0,S/S1,120.0,67.277,560.519,27.562,9.059
4,S-S1#0,S/S1,120.0,55.886,775.586,21.734,7.958
4,S-S1#0,S/S1,120.0,49.915,706.177,13.797,7.953
4,S-S1#0,S/S1,120.0,34.099,385.232,19.496,5.717
4,S-S1#0,S/S1,120.0,91.194,680.042,18.091,15.445
4,S-S1#0,S/S1,120.0,42.841,445.187,16.167,7.301
4,S-S1#0,S/S1,120.0,64.028,626.928,31.572,11.076
4,S-S1#0,S/S1,120.0,60.932,552.463,35.254,10.901
4,S-S1#0,S/S1,120.0,80.313,338.439,43.498,14.172
4,S-S1#0,S/S1,120.0,75.267,192.735,45.658,13.114
4,S-S1#0,S/S1,120.0,88.454,265.02,64.589,14.797
4,S-S1#0,S/S1,120.0,95.531,483.61,53.201,16.816
4,S-S1#0,S/S1,120.0,113.313,307.787,33.721,18.157
4,S-S1#0,S/S1,120.0,89.787,294.618,33.129,11.961
4,S-S1#0,S/S1,120.0,69.063,293.743,41.7,7.824
4,S-S1#0,S/S1,120.0,25.322,354.15,110.831,2.688
4,S-S1#0,S/S1,120.0,25.504,427.652,81.013,2.602
4,S-S1#0,S/S1,120.0,49.954,553.089,72.371,4.785
4,S-S1#0,S/S1,120.0,101.052,474.893,80.251,8.886
4,S-S1#0,S/S1,120.0,90.289,567.543,89.199,7.357
4,S-S1#0,S/S1,120.0,61.032,604.546,111.545,4.607
4,S-S1#0,S/S1,120.0,89.312,805.369,118.589,6.323
4,S-S1#0,S/S1,120.0,104.507,1187.11,125.257,6.945
4,S-S1#0,S/S1,120.0,145.078,2189.054,116.201,8.745
4,S-S1#0,S/S1,120.0,154.634,2211.357,116.512,9.04
4,S-S1#0,S/S1,120.0,111.813,2449.07,96.268,6.667
4,S-S1#0,S/S1,120.0,75.571,2127.365,83.264,4.723
4,S-S1#0,S/S1,120.0,157.191,1599.677,104.205,10.111
4,S-S1#0,S/S1,120.0,92.7,253.86,118.014,6.142
4,S-S1#0,S/S1,120.0,129.745,195.499,107.942,8.989
4,S-S1#0,S/S1,120.0,149.722,516.929,100.948,11.295
4,S-S1#0,S/S1,120.0,124.171,359.683,73.042,10.577
4,S-S1#0,S/S1,120.0,32.23,237.923,46.296,3.06
4,S-S1#0,S/S1,120.0,20.128,243.235,10.627,2.069
4,S-S1#0,S/S1,120.0,7.385,170.163,17.09,0.868
4,S-S1#0,S/S1,120.0,15.622,423.051,39.011,2.086
4,S-S1#0,S/S1,120.0,33.205,597.431,53.446,4.968
4,S-S1#0,S/S1,120.0,58.657,184.712,54.648,10.027
4,S-S1#0,S/S1,120.0,32.918,194.757,45.093,5.36
4,S-S1#0,S/S1,120.0,69.711,580.129,75.967,9.87
4,S-S1#0,S/S1,120.0,26.459,789.283,84.632,3.275
4,S-S1#0,S/S1,120.0,15.716,1024.597,81.947,1.74
4,S-S1#0,S/S1,120.0,57.926,853.556,39.352,5.79
4,S-S1#0,S/S1,120.0,1865.724,916.539,1799.047,173.936
4,S-S1#0,S/S1,120.0,99.689,1534.564,34.282,8.934
4,S-S1#0,S/S1,120.0,81.099,1562.444,29.992,7.447
4,S-S1#0,S/S1,120.0,99.213,877.427,11.292,9.062
4,S-S1#0,S/S1,120.0,134.875,471.47,31.063,12.534
4,S-S1#0,S/S1,120.0,120.011,615.464,160.906,11.618
4,S-S1#0,S/S1,120.0,35.411,614.31,22.053,3.253
4,S-S1#0,S/S1,120.0,31.801,863.588,28.379,2.973
4,S-S1#0,S/S1,120.0,32.793,1107.433,30.673,3.438
4,S-S1#0,S/S1,120.0,44.812,1302.265,30.393,5.372
4,S-S1#0,S/S1,120.0,94.398,1470.963,27.702,12.47
4,S-S1#0,S/S1,120.0,136.401,1005.08,22.412,20.194
4,S-S1#0,S/S1,120.0,113.904,459.007,15.041,18.753
4,S-S1#0,S/S1,120.0,128.681,259.61,10.468,20.949
4,S-S1#0,S/S1,120.0,98.102,412.027,8.943,15.098
4,S-S1#0,S/S1,120.0,88.854,169.773,8.177,13.734
4,S-S1#0,S/S1,120.0,74.97,211.039,9.712,11.863
4,S-S1#0,S/S1,120.0,111.83,331.814,25.167,16.976
4,S-S1#0,S/S1,120.0,73.267,531.701,10.705,11.409
4,S-S1#0,S/S1,120.0,67.129,499.673,19.437,10.061
4,S-S1#0,S/S1,120.0,93.023,467.317,33.706,12.918
4,S-S1#0,S/S1,120.0,77.138,617.38,10.789,9.972
4,S-S1#0,S/S1,120.0,42.941,275.569,13.54,5.564
4,S-S1#0,S/S1,120.0,15.811,368.564,26.795,2.101
4,S-S1#0,S/S1,120.0,22.053,798.449,29.084,2.831
4,S-S1#0,S/S1,120.0,25.941,1136.754,23.697,3.604
4,S-S1#0,S/S1,120.0,25.331,1136.062,29.431,3.839
4,S-S1#0,S/S1,120.0,46.597,666.728,23.983,7.009
4,S-S1#0,S/S1,120.0,56.018,426.477,19.503,7.771
4,S-S1#0,S/S1,120.0,63.362,119.45,31.375,8.287
4,S-S1#0,S/S1,120.0,90.764,331.709,30.34,12.142
4,S-S1#0,S/S1,120.0,117.559,133.881,27.967,15.994
4,S-S1#0,S/S1,120.0,171.303,201.471,42.228,22.474
4,S-S1#0,S/S1,120.0,281.295,283.416,104.17,36.604
4,S-S1#0,S/S1,120.0,309.06,345.302,71.059,38.621
4,S-S1#0,S/S1,120.0,326.289,483.576,68.128,37.737
4,S-S1#0,S/S1,120.0,298.109,933.661,83.774,32.728
4,S-S1#0,S/S1,120.0,332.046,1054.011,101.073,34.701
4,S-S1#0,S/S1,120.0,237.719,904.172,72.754,23.504
4,S-S1#0,S/S1,120.0,249.622,456.935,85.242,25.229
4,S-S1#0,S/S1,120.0,265.358,534.73,90.624,28.013
4,S-S1#0,S/S1,120.0,267.843,108.773,101.654,27.382
4,S-S1#0,S/S1,120.0,159.171,1408.144,85.061,14.703
4,S-S1#0,S/S1,120.0,51.289,1675.202,79.533,4.69
4,S-S1#0,S/S1,120.0,47.89,274.746,67.633,4.738
4,S-S1#0,S/S1,120.0,35.287,887.611,98.319,3.825
4,S-S1#0,S/S1,120.0,14.894,1328.701,73.386,1.818
4,S-S1#0,S/S1,120.0,52.517,1102.619,44.416,7.255
4,S-S1#0,S/S1,120.0,59.44,1159.978,34.08,9.303
4,S-S1#0,S/S1,120.0,9.15,1164.572,33.375,1.631
4,S-S1#0,S/S1,120.0,18.84,796.615,30.417,3.967
4,S-S1#0,S/S1,120.0,25.287,490.91,18.765,5.51
4,S-S1#0,S/S1,120.0,29.219,959.244,7.977,6.469
4,S-S1#0,S/S1,120.0,40.662,1303.138,3.042,9.735
4,S-S1#0,S/S1,120.0,44.746,1123.244,0.665,12.687
4,S-S1#0,S/S1,120.0,14.155,205.106,3.16,3.847
4,S-S1#0,S/S1,120.0,60.085,314.734,0.983,13.413
4,S-S1#0,S/S1,120.0,83.632,427.114,6.562,15.424
4,S-S1#0,S/S1,120.0,95.163,524.217,7.487,14.709
4,S-S1#0,S/S1,120.0,111.625,565.271,6.919,15.752
4,S-S1#0,S/S1,120.0,116.253,558.193,5.65,15.942
4,S-S1#0,S/S1,120.0,118.971,552.631,7.628,15.598
4,S-S1#0,S/S1,120.0,130.945,541.69,12.283,15.054
4,S-S1#0,S/S1,120.0,173.085,939.261,16.626,18.372
4,S-S1#0,S/S1,120.0,196.88,1104.375,19.602,21.556
4,S-S1#0,S/S1,120.0,175.935,1048.159,17.558,20.023
4,S-S1#0,S/S1,120.0,126.544,509.896,16.56,14.628
4,S-S1#0,S/S1,120.0,105.732,345.018,7.468,12.674
4,S-S1#0,S/S1,120.0,9.133,333.07,3.086,1.084
4,S-S1#0,S/S1,120.0,22.709,156.746,9.793,2.854
4,S-S1#0,S/S1,120.0,52.699,46.036,14.168,6.901
4,S-S1#0,S/S1,120.0,108.313,245.823,21.575,13.327
4,S-S1#0,S/S1,120.0,146.149,286.167,19.007,17.221
4,S-S1#0,S/S1,120.0,158.88,398.594,19.697,18.205
4,S-S1#0,S/S1,120.0,184.54,650.443,16.338,20.582
4,S-S1#0,S/S1,120.0,234.663,922.425,19.23,25.042
4,S-S1#0,S/S1,120.0,331.996,917.335,50.834,34.018
4,S-S1#0,S/S1,120.0,275.734,764.589,17.002,28.366
4,S-S1#0,S/S1,120.0,188.167,885.966,10.318,19.078
4,S-S1#0,S/S1,120.0,149.295,735.443,10.295,14.688
4,S-S1#0,S/S1,120.0,52.34,772.58,16.882,5.129
4,S-S1#0,S/S1,120.0,52.676,493.905,16.687,5.159
4,S-S1#0,S/S1,120.0,60.407,850.905,17.555,6.375
4,S-S1#0,S/S1,120.0,111.476,863.294,16.323,13.313
4,S-S1#0,S/S1,120.0,119.28,528.387,20.367,15.248
4,S-S1#0,S/S1,120.0,118.672,1217.048,15.201,16.417
4,S-S1#0,S/S1,120.0,118.761,1536.454,11.886,20.075
4,S-S1#0,S/S1,120.0,100.024,1062.2,14.444,20.219
4,S-S1#0,S/S1,120.0,102.73,613.531,21.953,20.306
4,S-S1#0,S/S1,120.0,84.795,1194.709,26.947,15.251
4,S-S1#0,S/S1,120.0,85.661,543.358,40.634,14.034
4,S-S1#0,S/S1,120.0,87.093,725.759,44.885,14.052
4,S-S1#0,S/S1,120.0,79.843,520.244,38.453,14.096
4,S-S1#0,S/S1,120.0,74.263,476.816,24.529,13.88
4,S-S1#0,S/S1,120.0,61.533,474.273,22.131,11.423
4,S-S1#0,S/S1,120.0,64.257,473.135,24.344,11.502
4,S-S1#0,S/S1,120.0,56.093,472.414,29.382,9.393
4,S-S1#0,S/S1,120.0,81.16,557.999,38.318,11.895
4,S-S1#0,S/S1,120.0,97.297,597.711,41.721,12.919
4,S-S1#0,S/S1,120.0,60.159,317.902,40.058,7.346
4,S-S1#0,S/S1,120.0,50.845,245.999,39.398,6.637
4,S-S1#0,S/S1,120.0,17.099,519.249,26.88,2.62
4,S-S1#0,S/S1,120.0,21.005,808.797,17.879,4.004
4,S-S1#0,S/S1,120.0,19.414,147.622,15.877,4.711
4,S-S1#0,S/S1,120.0,26.962,356.833,15.274,7.478
4,S-S1#0,S/S1,120.0,343.633,183.87,373.68,97.923
4,S-S1#0,S/S1,120.0,345.805,183.284,371.695,96.988
4,S-S1#0,S/S1,120.0,23.284,412.137,12.167,5.412
4,S-S1#0,S/S1,120.0,47.437,367.64,20.001,10.59
4,S-S1#0,S/S1,120.0,52.473,406.776,29.003,12.036
4,S-S1#0,S/S1,120.0,84.07,410.638,46.264,16.471
4,S-S1#0,S/S1,120.0,55.331,543.767,58.998,9.884
4,S-S1#0,S/S1,120.0,41.644,509.586,14.851,6.615
4,S-S1#0,S/S1,120.0,71.346,514.347,18.251,11.255
4,S-S1#0,S/S1,120.0,87.875,515.012,21.403,13.875
4,S-S1#0,S/S1,120.0,78.83,536.882,22.282,12.047
4,S-S1#0,S/S1,120.0,1209.285,586.098,1176.455,160.309
4,S-S1#0,S/S1,120.0,67.566,714.905,31.196,7.589
4,S-S1#0,S/S1,120.0,323.596,997.37,345.869,31.622
4,S-S1#0,S/S1,120.0,109.293,1169.273,66.309,10.232
4,S-S1#0,S/S1,120.0,51.365,813.281,14.592,4.452
4,S-S1#0,S/S1,120.0,47.461,1599.126,11.579,3.942
4,S-S1#0,S/S1,120.0,111.54,1950.806,9.83,9.863
4,S-S1#0,S/S1,120.0,114.039,1842.426,9.899,11.576
4,S-S1#0,S/S1,120.0,136.322,1011.125,9.543,15.255
4,S-S1#0,S/S1,120.0,104.554,861.206,44.663,11.644
4,S-S1#0,S/S1,120.0,97.918,931.073,44.238,10.048
4,S-S1#0,S/S1,120.0,120.491,1417.809,9.697,12.38
4,S-S1#0,S/S1,120.0,127.566,826.616,18.73,14.639
4,S-S1#0,S/S1,120.0,123.012,1077.831,26.417,15.613
4,S-S1#0,S/S1,120.0,135.921,1391.459,25.7,20.334
4,S-S1#0,S/S1,120.0,107.705,1565.16,23.692,20.379
4,S-S1#0,S/S1,120.0,77.752,1336.034,19.613,19.19
4,S-S1#0,S/S1,120.0,55.995,1032.229,5.699,16.24
4,S-S1#0,S/S1,120.0,53.553,147.745,13.524,16.837
4,S-S1#0,S/S1,120.0,70.513,140.822,16.733,20.689
4,S-S1#0,S/S1,120.0,75.561,138.392,23.026,21.932
4,S-S3c#0,S/S3c,10.0,6.852,24.028,2.447,26.607
4,S-S3c#0,S/S3c,10.0,21.877,42.579,1.105,16.589
4,S-S3c#0,S/S3c,10.0,8.35,93.649,3.04,11.556
4,S-S3c#0,S/S3c,10.0,0.961,4.609,0.605,17.48
4,S-S3c#0,S/S3c,10.0,9.18,23.746,1.253,12.23
4,S-S3c#0,S/S3c,10.0,2.604,90.711,3.643,2.95
4,S-S3c#0,S/S3c,10.0,14.444,80.73,1.122,10.224
4,S-S3c#0,S/S3c,10.0,37.398,53.717,1.694,23.256
4,S-S3c#0,S/S3c,10.0,9.031,40.847,5.018,5.776
4,S-S3c#0,S/S3c,10.0,21.347,29.687,3.605,13.574
4,S-S3c#0,S/S3c,10.0,11.241,24.805,1.381,8.464
4,S-S3c#0,S/S3c,10.0,0.478,5.537,2.675,0.509
4,S-S3c#0,S/S3c,10.0,18.137,85.376,1.175,12.601
4,S-S3c#0,S/S3c,10.0,36.402,66.444,0.994,21.188
4,S-S3c#0,S/S3c,10.0,13.472,78.718,1.786,26.746
4,S-S3c#0,S/S3c,10.0,14.198,78.523,1.214,14.014
4,S-S3c#0,S/S3c,10.0,29.818,56.824,2.007,15.321
4,S-S3c#0,S/S3c,10.0,34.984,18.088,1.589,17.1
4,S-S3c#0,S/S3c,10.0,18.183,58.876,2.219,16.205
4,S-S3c#0,S/S3c,10.0,16.674,96.722,2.455,11.032
4,S-S3c#0,S/S3c,10.0,45.344,84.869,2.195,19.644
4,S-S3c#0,S/S3c,10.0,43.703,18.866,1.643,17.421
4,S-S3c#0,S/S3c,10.0,28.444,58.274,4.457,13.229
4,S-S3c#0,S/S3c,10.0,12.813,69.313,2.923,12.855
4,S-S3c#0,S/S3c,10.0,32.673,83.588,1.856,18.513
4,S-S3c#0,S/S3c,10.0,29.3,79.059,0.747,13.927
4,S-S3c#0,S/S3c,10.0,34.1,76.281,1.734,28.637
4,S-S3c#0,S/S3c,10.0,27.041,62.63,3.041,31.057
4,S-S3c#0,S/S3c,10.0,8.516,13.502,0.598,23.793
4,S-S3c#0,S/S3c,10.0,24.345,55.732,1.636,41.886
4,S-S3c#0,S/S3c,10.0,23.015,130.932,3.807,22.983
4,S-S3c#0,S/S3c,10.0,3.175,43.772,1.621,4.834
4,S-S3c#0,S/S3c,10.0,11.765,40.807,2.039,26.847
4,S-S3c#0,S/S3c,10.0,3.871,154.215,4.607,3.587
4,S-S3c#0,S/S3c,10.0,8.373,64.548,2.288,7.166
4,S-S3c#0,S/S3c,10.0,13.159,153.458,5.532,12.601
4,S-S3c#0,S/S3c,10.0,23.683,41.827,2.15,19.977
4,S-S3c#0,S/S3c,10.0,4.281,162.042,5.513,3.842
4,S-S3c#0,S/S3c,10.0,12.602,49.379,2.165,10.363
4,S-S3c#0,S/S3c,10.0,13.523,167.054,4.977,11.74
4,S-S3c#0,S/S3c,10.0,8.797,41.313,2.277,10.097
4,S-S3c#0,S/S3c,10.0,21.248,55.804,3.161,32.625
4,S-S3c#0,S/S3c,10.0,47.891,152.303,1.449,32.669
4,S-S3c#0,S/S3c,10.0,47.849,62.887,6.384,25.413
4,S-S3c#0,S/S3c,10.0,13.438,60.468,3.4,10.003
4,S-S3c#0,S/S3c,10.0,15.578,120.495,2.427,12.215
4,S-S3c#0,S/S3c,10.0,7.703,119.338,6.011,8.634
4,S-S3c#0,S/S3c,10.0,10.44,5.08,2.177,9.431
4,S-S3c#0,S/S3c,10.0,5.04,42.012,2.786,6.479
4,S-S3c#0,S/S3c,10.0,11.861,96.159,1.167,16.007
4,S-S3c#0,S/S3c,10.0,11.533,96.24,1.252,18.244
4,S-S3c#0,S/S3c,10.0,8.811,41.832,0.888,12.688
4,S-S3c#0,S/S3c,10.0,6.693,41.908,0.771,9.951
4,S-S3c#0,S/S3c,10.0,12.607,11.506,2.546,17.578
4,S-S3c#0,S/S3c,10.0,4.411,14.644,0.675,5.773
4,S-S3c#0,S/S3c,10.0,11.423,27.955,1.617,20.302
4,S-S3c#0,S/S3c,10.0,16.504,45.052,1.639,39.161
4,S-S3c#0,S/S3c,10.0,13.78,14.734,19.837,127.452
4,S-S3c#0,S/S3c,10.0,55.895,24.901,54.761,185.644
4,S-S3c#0,S/S3c,10.0,8.983,51.492,1.905,24.068
4,S-S3c#0,S/S3c,10.0,1.3,26.68,0.536,1.706
4,S-S3c#0,S/S3c,10.0,6.082,24.487,2.277,10.242
4,S-S3c#0,S/S3c,10.0,13.999,90.89,0.824,19.555
4,S-S3c#0,S/S3c,10.0,6.733,103.522,3.372,9.608
4,S-S3c#0,S/S3c,10.0,12.848,83.949,2.624,16.974
4,S-S3c#0,S/S3c,10.0,9.938,45.352,2.241,13.461
4,S-S3c#0,S/S3c,10.0,11.401,71.013,1.191,14.893
4,S-S3c#0,S/S3c,10.0,16.524,64.198,2.963,19.206
4,S-S3c#0,S/S3c,10.0,1.543,43.259,0.676,1.914
4,S-S3c#0,S/S3c,10.0,7.347,22.666,1.705,9.27
4,S-S3c#0,S/S3c,10.0,3.047,103.898,1.98,4.376
4,S-S3c#0,S/S3c,10.0,7.225,26.755,0.337,23.416
4,S-S3c#0,S/S3c,10.0,14.049,4.252,1.777,19.364
4,S-S3c#0,S/S3c,10.0,4.65,94.053,1.648,6.596
4,S-S3c#0,S/S3c,10.0,3.616,24.627,3.356,14.735
4,S-S3c#0,S/S3c,10.0,4.686,31.607,1.797,9.301
4,S-S3c#0,S/S3c,10.0,9.754,77.697,2.925,20.161
4,S-S3c#0,S/S3c,10.0,6.593,48.322,0.97,15.875
4,S-S3c#0,S/S3c,10.0,11.021,16.594,2.353,21.684
4,S-S3c#0,S/S3c,10.0,6.154,50.638,3.098,10.915
4,S-S3c#0,S/S3c,10.0,14.674,61.662,0.656,34.805
4,S-S3c#0,S/S3c,10.0,7.858,40.953,1.708,13.864
4,S-S3c#0,S/S3c,10.0,11.629,35.545,0.868,37.264
4,S-S3c#0,S/S3c,10.0,3.569,1.754,1.468,159.899
4,S-S3c#0,S/S3c,10.0,7.103,66.64,3.524,12.446
4,S-S3c#0,S/S3c,10.0,10.951,39.042,1.547,17.382
4,S-S3c#0,S/S3c,10.0,6.197,13.805,1.833,8.004
4,S-S3c#0,S/S3c,10.0,7.443,56.018,0.445,8.933
4,S-S3c#0,S/S3c,10.0,4.222,42.337,1.168,4.086
4,S-S3c#0,S/S3c,10.0,20.751,105.101,2.331,18.332
4,S-S3c#0,S/S3c,10.0,10.751,70.74,2.28,11.375
4,S-S3c#0,S/S3c,10.0,25.257,170.484,2.724,22.35
4,S-S3c#0,S/S3c,10.0,46.344,77.0,2.813,26.739
4,S-S3c#0,S/S3c,10.0,20.778,54.23,3.053,12.998
4,S-S3c#0,S/S3c,10.0,1.295,33.463,1.047,1.583
4,S-S3c#0,S/S3c,10.0,27.544,60.909,2.461,22.496
4,S-S3c#0,S/S3c,10.0,41.245,25.98,1.015,24.466
4,S-S3c#0,S/S3c,10.0,52.999,19.021,1.349,22.406
4,S-S3c#0,S/S3c,10.0,49.994,10.015,0.274,18.998
4,S-S3c#0,S/S3c,10.0,55.766,10.819,0.913,19.076
4,S-S3c#0,S/S3c,10.0,30.36,8.45,2.177,10.48
4,S-S3c#0,S/S3c,10.0,47.642,9.606,3.555,16.805
4,S-S3c#0,S/S3c,10.0,51.897,3.119,3.331,18.178
4,S-S3c#0,S/S3c,10.0,54.475,8.483,4.934,18.548
4,S-S3c#0,S/S3c,10.0,51.257,5.627,5.204,17.01
4,S-S3c#0,S/S3c,10.0,49.357,2.558,6.06,16.299
4,S-S3c#0,S/S3c,10.0,44.005,7.105,4.787,14.993
4,S-S3c#0,S/S3c,10.0,56.193,3.406,7.591,19.167
4,S-S3c#0,S/S3c,10.0,51.167,8.909,6.885,17.187
4,S-S3c#0,S/S3c,10.0,75.23,10.057,8.77,24.412
4,S-S3c#0,S/S3c,10.0,56.789,10.254,8.062,18.452
4,S-S3c#0,S/S3c,10.0,52.959,10.151,8.558,17.175
4,S-S3c#0,S/S3c,10.0,52.61,1.827,4.922,17.05
4,S-S3c#0,S/S3c,10.0,62.561,6.209,8.86,20.313
4,S-S3c#0,S/S3c,10.0,64.282,13.62,7.293,20.646
4,S-S3c#0,S/S3c,10.0,63.722,16.686,7.438,20.444
4,S-S3c#0,S/S3c,10.0,61.53,19.466,5.109,19.935
4,S-S3c#0,S/S3c,10.0,75.793,16.661,4.591,24.936
4,S-S3c#0,S/S3c,10.0,44.066,14.958,1.513,14.642
4,S-S3c#0,S/S3c,10.0,70.987,26.687,2.199,24.021
4,S-S3c#0,S/S3c,10.0,59.417,22.719,0.861,20.226
4,S-S3c#0,S/S3c,10.0,56.19,18.426,0.722,19.435
4,S-S3c#0,S/S3c,10.0,61.234,13.566,1.18,20.409
4,S-S3c#0,S/S3c,10.0,63.04,14.829,2.366,20.571
4,S-S3c#0,S/S3c,10.0,59.663,5.889,1.025,19.308
4,S-S3c#0,S/S3c,10.0,62.779,0.869,2.892,20.002
4,S-S3c#0,S/S3c,10.0,65.895,4.907,2.925,21.031
4,S-S3c#0,S/S3c,10.0,80.656,4.248,5.237,25.236
4,S-S3c#0,S/S3c,10.0,57.891,12.7,5.025,18.684
4,S-S3c#0,S/S3c,10.0,61.081,4.455,2.968,20.048
4,S-S3c#0,S/S3c,10.0,47.474,0.362,5.622,15.224
4,S-S3c#0,S/S3c,10.0,48.945,14.431,4.827,16.608
4,S-S3c#0,S/S3c,10.0,38.503,14.13,4.208,14.981
4,S-S3c#0,S/S3c,10.0,14.573,23.088,5.015,6.728
4,S-S3c#0,S/S3c,10.0,39.466,7.003,4.123,19.304
4,S-S3c#0,S/S3c,10.0,29.652,5.315,2.465,14.691
4,S-S3c#0,S/S3c,10.0,40.005,4.31,4.163,20.713
4,S-S3c#0,S/S3c,10.0,52.036,29.538,6.37,24.222
4,S-S3c#0,S/S3c,10.0,37.433,95.784,8.772,16.432
4,S-S3c#0,S/S3c,10.0,11.941,159.486,1.685,5.899
4,S-S3c#0,S/S3c,10.0,40.439,36.784,2.806,18.428
4,S-S3c#0,S/S3c,10.0,24.12,16.93,4.651,10.919
4,S-S3c#0,S/S3c,10.0,10.283,59.93,2.914,7.006
4,S-S3c#0,S/S3c,10.0,5.856,12.032,1.797,4.112
4,S-S3c#0,S/S3c,10.0,34.028,8.881,3.242,19.127
4,S-S3c#0,S/S3c,10.0,7.553,33.815,2.078,4.97
4,S-S3c#0,S/S3c,10.0,1.915,44.924,2.311,1.862
4,S-S3c#0,S/S3c,10.0,9.958,109.423,5.961,6.752
4,S-S3c#0,S/S3c,10.0,17.49,0.845,2.273,10.329
4,S-S3c#0,S/S3c,10.0,9.459,52.391,3.159,9.784
4,S-S3c#0,S/S3c,10.0,8.902,128.071,3.253,9.712
4,S-S3c#0,S/S3c,10.0,6.123,13.758,1.905,7.936
4,S-S3c#0,S/S3c,10.0,10.192,22.626,2.553,9.248
4,S-S3c#0,S/S3c,10.0,13.168,11.672,1.198,11.367
4,S-S3c#0,S/S3c,10.0,5.101,56.241,0.502,4.257
4,S-S3c#0,S/S3c,10.0,3.217,108.002,0.407,2.943
4,S-S3c#0,S/S3c,10.0,3.24,48.956,2.788,2.972
4,S-S3c#0,S/S3c,10.0,8.253,40.737,4.32,6.765
4,S-S3c#0,S/S3c,10.0,21.325,37.696,1.703,25.381
4,S-S3c#0,S/S3c,10.0,7.737,79.77,1.263,11.688
4,S-S3c#0,S/S3c,10.0,9.5,26.116,5.21,8.131
4,S-S3c#0,S/S3c,10.0,2.572,13.427,1.348,2.289
4,S-S3c#0,S/S3c,10.0,2.145,102.58,2.18,2.996
4,S-S3c#0,S/S3c,10.0,8.825,20.32,3.6,10.153
4,S-S3c#0,S/S3c,10.0,14.603,67.117,2.539,16.398
4,S-S3c#0,S/S3c,10.0,12.587,62.29,2.958,15.855
4,S-S3c#0,S/S3c,10.0,7.091,80.687,2.808,12.315
4,S-S3c#0,S/S3c,10.0,2.197,66.319,3.139,3.627
4,S-S3c#0,S/S3c,10.0,6.734,10.792,1.106,6.55
4,S-S3c#0,S/S3c,10.0,7.113,22.14,1.151,7.747
4,S-S3c#0,S/S3c,10.0,12.403,140.691,6.926,12.347
4,S-S3c#0,S/S3c,10.0,20.891,26.251,0.684,20.373
4,S-S3c#0,S/S3c,10.0,14.017,17.197,1.371,21.501
4,S-S3c#0,S/S3c,10.0,5.764,24.719,2.007,7.339
4,S-S3c#0,S/S3c,10.0,15.433,52.669,2.904,26.824
4,S-S3c#0,S/S3c,10.0,7.069,73.679,0.786,10.617
4,S-S3c#0,S/S3c,10.0,4.556,89.56,3.207,6.553
4,S-S3c#0,S/S3c,10.0,2.83,34.066,1.345,3.169
4,S-S3c#0,S/S3c,10.0,11.534,20.24,1.504,15.83
4,S-S3c#0,S/S3c,10.0,1.807,14.845,4.167,1.825
4,S-S3c#0,S/S3c,10.0,25.09,104.788,4.476,32.069
4,S-S3c#0,S/S3c,10.0,8.738,112.674,3.701,10.267
4,S-S3c#0,S/S3c,10.0,13.089,40.219,2.548,18.572
4,S-S3c#0,S/S3c,10.0,13.993,46.12,2.968,27.131
4,S-S3c#0,S/S3c,10.0,7.326,19.956,0.51,7.616
4,S-S3c#0,S/S3c,10.0,16.938,38.028,1.07,44.865
4,S-S3c#0,S/S3c,10.0,5.232,11.914,0.723,6.753
4,S-S3c#0,S/S3c,10.0,15.867,122.055,4.077,19.671
4,S-S3c#0,S/S3c,10.0,13.183,13.279,0.584,13.123
4,S-S3c#0,S/S3c,10.0,7.614,1.585,1.301,7.268
4,S-S3c#0,S/S3c,10.0,3.253,23.416,1.267,3.603
4,S-S3c#0,S/S3c,10.0,5.988,47.154,2.243,13.261
4,S-S3c#0,S/S3c,10.0,16.124,31.959,0.556,39.859
4,S-S3c#0,S/S3c,10.0,1.162,1.729,0.663,61.637
4,S-S3c#0,S/S3c,10.0,2.445,11.92,0.96,20.998
4,S-S3c#0,S/S3c,10.0,10.252,123.457,5.236,12.107
4,S-S3c#0,S/S3c,10.0,33.633,12.578,0.813,25.547
4,S-S3c#0,S/S3c,10.0,2.666,14.11,3.402,1.939
4,S-S3c#0,S/S3c,10.0,6.914,77.009,1.555,17.156
4,S-S3c#0,S/S3c,10.0,16.075,49.408,12.699,33.055
4,S-S3c#0,S/S3c,10.0,23.661,18.147,0.852,19.197
4,S-S3c#0,S/S3c,10.0,35.4,10.261,0.752,24.124
4,S-S3c#0,S/S3c,10.0,16.207,25.211,1.14,10.72
4,S-S3c#0,S/S3c,10.0,13.253,28.05,1.181,9.377
4,S-S3c#0,S/S3c,10.0,27.366,31.767,0.885,17.402
4,S-S3c#0,S/S3c,10.0,19.667,10.117,0.785,13.655
4,S-S3c#0,S/S3c,10.0,19.44,33.296,1.569,17.665
4,S-S3c#0,S/S3c,10.0,0.514,6.328,0.642,28.362
4,S-S3c#0,S/S3c,10.0,20.36,65.546,7.638,28.926
4,S-S3c#0,S/S3c,10.0,33.486,20.263,0.932,24.515
4,S-S3c#0,S/S3c,10.0,29.695,26.485,0.523,19.644
4,S-S3c#0,S/S3c,10.0,6.639,9.41,1.502,4.207
4,S-S3c#0,S/S3c,10.0,14.7,4.504,1.985,10.181
4,S-S3c#0,S/S3c,10.0,9.035,20.072,1.382,7.069
4,S-S3c#0,S/S3c,10.0,9.519,87.613,1.121,8.116
4,S-S3c#0,S/S3c,10.0,29.212,66.028,2.101,21.835
4,S-S3c#0,S/S3c,10.0,7.445,35.301,0.764,7.808
4,S-S3c#0,S/S3c,10.0,6.851,12.389,4.172,30.577
4,S-S3c#0,S/S3c,10.0,19.032,122.53,2.31,21.367
4,S-S3c#0,S/S3c,10.0,28.807,7.005,0.316,22.95
4,S-S3c#0,S/S3c,10.0,16.444,9.671,0.417,12.722
4,S-S3c#0,S/S3c,10.0,11.2,50.709,0.899,9.009
4,S-S3c#0,S/S3c,10.0,12.069,74.145,1.595,11.126
4,S-S3c#0,S/S3c,10.0,22.278,3.12,0.96,19.051
4,S-S3c#0,S/S3c,10.0,6.682,7.925,0.969,5.527
4,S-S3c#0,S/S3c,10.0,7.003,1.388,1.942,5.71
4,S-S3c#0,S/S3c,10.0,4.18,22.159,1.83,3.597
4,S-S3c#0,S/S3c,10.0,12.467,3.405,4.291,15.684
4,S-S3c#0,S/S3c,10.0,13.09,6.687,8.219,14.661
4,S-S3c#0,S/S3c,10.0,13.117,16.746,6.921,18.551
4,S-S3c#0,S/S3c,10.0,9.503,19.077,3.596,22.921
4,S-S3c#0,S/S3c,10.0,8.923,22.689,2.511,38.329
4,S-S3c#0,S/S3c,10.0,4.073,48.926,1.148,5.027
4,S-S3c#0,S/S3c,10.0,15.514,92.771,2.378,12.799
4,S-S3c#0,S/S3c,10.0,3.773,7.802,4.851,3.325
4,S-S3c#0,S/S3c,10.0,6.739,35.321,0.967,11.18
4,S-S3c#0,S/S3c,10.0,11.717,8.848,0.738,40.54
4,S-S3c#0,S/S3c,10.0,6.171,43.9,7.608,6.837
4,S-S3c#0,S/S3c,10.0,11.861,30.182,5.491,14.767
4,S-S3c#0,S/S3c,10.0,4.113,64.873,0.917,6.158
4,S-S3c#0,S/S3c,10.0,4.654,19.736,1.867,5.384
4,S-S3c#0,S/S3c,10.0,2.699,2.716,3.432,5.581
4,S-S3c#0,S/S3c,10.0,14.266,20.543,7.994,24.452
4,S-S3c#0,S/S3c,10.0,7.286,7.479,7.439,8.11
4,S-S3c#0,S/S3c,10.0,20.758,20.195,5.291,22.061
4,S-S3c#0,S/S3c,10.0,3.459,43.074,2.248,7.034
4,S-S3c#0,S/S3c,10.0,23.235,53.673,3.359,65.555
4,S-S3c#0,S/S3c,10.0,5.725,17.55,10.129,7.773
4,S-S3c#0,S/S3c,10.0,6.762,62.101,7.893,11.123
4,S-S3c#0,S/S3c,10.0,11.223,25.33,3.846,14.396
4,S-S3c#0,S/S3c,10.0,11.968,15.596,10.877,17.462
4,S-S3c#0,S/S3c,10.0,10.772,55.801,7.731,22.643
4,S-S3c#0,S/S3c,10.0,7.806,21.275,6.232,13.329
4,S-S3c#0,S/S3c,10.0,9.022,30.369,1.873,21.626
4,S-S3c#0,S/S3c,10.0,5.913,2.523,1.125,8.112
4,S-S3c#0,S/S3c,10.0,8.66,2.712,1.171,11.269
4,S-S3c#0,S/S3c,10.0,30.59,29.94,11.646,63.124
4,S-S3c#0,S/S3c,10.0,24.182,86.603,26.851,35.156
4,S-S3c#0,S/S3c,10.0,32.207,41.632,8.044,37.471
4,S-S3c#0,S/S3c,10.0,8.795,63.687,4.57,14.007
4,S-S3c#0,S/S3c,10.0,16.984,15.545,9.724,22.32
4,S-S3c#0,S/S3c,10.0,14.25,9.728,6.472,14.961
4,S-S3c#0,S/S3c,10.0,1.407,91.614,1.057,1.671
4,S-S3c#0,S/S3c,10.0,17.011,25.221,15.58,18.545
4,S-S3c#0,S/S3c,10.0,12.232,13.803,3.627,13.901
4,S-S3c#0,S/S3c,10.0,115.829,94.999,122.934,124.481
4,S-S3c#0,S/S3c,10.0,6.901,9.165,2.759,8.044
4,S-S3c#0,S/S3c,10.0,3.575,8.315,3.692,4.528
4,S-S3c#0,S/S3c,10.0,8.52,17.194,8.409,10.731
4,S-S3c#0,S/S3c,10.0,10.876,10.845,5.491,12.629
4,S-S3c#0,S/S3c,10.0,8.406,38.042,5.178,21.893
4,S-S3c#0,S/S3c,10.0,10.083,19.157,0.843,12.705
4,S-S3c#0,S/S3c,10.0,5.983,38.989,0.992,16.081
4,S-S3c#0,S/S3c,10.0,6.877,70.123,2.613,10.945
4,S-S3c#0,S/S3c,10.0,24.019,7.792,14.417,26.058
4,S-S3c#0,S/S3c,10.0,9.149,53.744,2.937,13.947
4,S-S3c#0,S/S3c,10.0,21.558,127.037,5.44,17.652
4,S-S3c#0,S/S3c,10.0,33.286,10.464,12.476,19.713
4,S-S3c#0,S/S3c,10.0,13.59,10.167,3.169,7.801
4,S-S3c#0,S/S3c,10.0,27.841,54.501,0.895,15.2
4,S-S3c#0,S/S3c,10.0,23.334,68.646,0.162,12.531
4,S-S3c#0,S/S3c,10.0,19.929,53.696,0.917,11.719
4,S-S3c#0,S/S3c,10.0,29.089,132.444,3.362,17.371
4,S-S3c#0,S/S3c,10.0,35.045,7.429,0.555,19.594
4,S-S3c#0,S/S3c,10.0,24.938,15.943,0.537,12.669
4,S-S3c#0,S/S3c,10.0,12.53,146.283,10.511,6.129
4,S-S3c#0,S/S3c,10.0,22.669,47.745,13.172,13.311
4,S-S3c#0,S/S3c,10.0,23.439,61.243,5.977,12.876
4,S-S3c#0,S/S3c,10.0,24.86,105.449,10.334,14.417
4,S-S3c#0,S/S3c,10.0,21.635,32.227,1.044,13.198
4,S-S3c#0,S/S3c,10.0,14.589,181.207,5.87,8.633
4,S-S3c#0,S/S3c,10.0,16.577,4.703,0.673,9.241
4,S-S3c#0,S/S3c,10.0,29.047,89.74,4.248,15.502
4,S-S3c#0,S/S3c,10.0,0.766,73.957,1.734,0.409
4,S-S3c#0,S/S3c,10.0,19.258,6.09,0.988,11.029
4,S-S3c#0,S/S3c,10.0,5.754,32.768,1.19,4.255
4,S-S3c#0,S/S3c,10.0,2.37,39.683,1.075,13.072
4,S-S3c#0,S/S3c,10.0,13.242,40.392,3.326,33.006
4,S-S3c#0,S/S3c,10.0,19.418,55.735,1.272,50.256
4,S-S3c#0,S/S3c,10.0,8.839,110.252,18.554,8.034
4,S-S3c#0,S/S3c,10.0,44.485,51.357,5.006,27.352
4,S-S3c#0,S/S3c,10.0,10.821,9.085,2.496,6.204
4,S-S3c#0,S/S3c,10.0,14.348,8.337,1.657,7.996
4,S-S3c#0,S/S3c,10.0,15.707,102.271,3.151,8.797
4,S-S3c#0,S/S3c,10.0,29.204,26.467,3.419,17.301
4,S-S3c#0,S/S3c,10.0,12.014,7.106,3.313,7.633
4,S-S3c#0,S/S3c,10.0,31.341,158.803,3.082,21.381
4,S-S3c#0,S/S3c,10.0,50.753,24.912,4.124,29.673
4,S-S3c#0,S/S3c,10.0,46.136,63.269,39.411,27.235
4,S-S3c#0,S/S3c,10.0,64.144,17.345,61.17,35.282
4,S-S3c#0,S/S3c,10.0,34.301,42.274,14.179,19.651
4,S-S3c#0,S/S3c,10.0,34.054,136.246,31.931,18.351
4,S-S3c#0,S/S3c,10.0,23.423,15.16,24.228,14.39
4,S-S3c#0,S/S3c,10.0,22.282,16.271,10.829,13.421
4,S-S3c#0,S/S3c,10.0,7.069,79.954,5.022,4.127
4,S-S3c#0,S/S3c,10.0,11.557,80.468,9.593,6.735
4,S-S3c#0,S/S3c,10.0,13.636,53.028,9.352,8.263
4,S-S3c#0,S/S3c,10.0,14.464,57.518,6.514,8.221
4,S-S3c#0,S/S3c,10.0,17.701,54.258,10.56,9.147
4,S-S3c#0,S/S3c,10.0,10.36,21.593,4.677,5.872
4,S-S3c#0,S/S3c,10.0,13.873,44.289,1.62,17.976
4,S-S3c#0,S/S3c,10.0,6.043,38.914,4.206,13.143
4,S-S3c#0,S/S3c,10.0,35.115,52.513,19.168,60.326
4,S-S3c#0,S/S3c,10.0,81.973,192.163,80.414,61.747
4,S-S3c#0,S/S3c,10.0,30.433,14.043,14.514,19.323
4,S-S3c#0,S/S3c,10.0,4.98,11.521,9.857,3.206
4,S-S3c#0,S/S3c,10.0,22.345,23.069,7.785,12.992
4,S-S3c#0,S/S3c,10.0,17.896,94.488,8.673,10.201
4,S-S3c#0,S/S3c,10.0,10.344,19.609,6.847,6.236
4,S-S3c#0,S/S3c,10.0,14.31,11.561,6.077,10.221
4,S-S3c#0,S/S3c,10.0,5.712,60.018,1.873,10.451
4,S-S3c#0,S/S3c,10.0,1.545,0.568,1.061,77.157
4,S-S3c#0,S/S3c,10.0,15.623,46.858,7.153,24.881
4,S-S3c#0,S/S3c,10.0,6.362,102.54,6.05,8.066
4,S-S3c#0,S/S3c,10.0,16.839,48.742,2.349,75.259
4,S-S3c#0,S/S3c,10.0,1.903,2.256,2.002,106.977
4,S-S3c#0,S/S3c,10.0,1.292,1.352,1.34,106.767
4,S-S3c#0,S/S3c,10.0,1.308,1.209,1.172,123.984
4,S-S3c#0,S/S3c,10.0,11.828,10.516,15.856,134.631
4,S-S3c#0,S/S3c,10.0,2.45,2.23,2.706,40.459
4,S-S3c#0,S/S3c,10.0,4.017,1.212,3.677,69.877
4,S-S3c#0,S/S3c,10.0,34.252,56.937,10.373,49.135
4,S-S3c#0,S/S3c,10.0,27.065,6.239,3.507,21.911
4,S-S3c#0,S/S3c,10.0,19.781,28.286,2.829,24.149
4,S-S3c#0,S/S3c,10.0,14.842,77.129,1.696,19.857
4,S-S3c#0,S/S3c,10.0,4.874,14.534,1.89,7.401
4,S-S3c#0,S/S3c,10.0,14.905,21.599,1.578,36.62
4,S-S3c#0,S/S3c,10.0,25.999,11.41,11.41,149.96
4,S-S3c#0,S/S3c,10.0,127.828,133.804,125.753,60.779
4,S-S3c#0,S/S3c,10.0,12.047,10.059,1.497,11.605
4,S-S3c#0,S/S3c,10.0,17.084,38.163,2.092,36.574
4,S-S3c#0,S/S3c,10.0,11.411,20.998,0.839,29.846
4,S-S3c#0,S/S3c,10.0,13.231,13.525,0.255,29.249
4,S-S3c#0,S/S3c,10.0,2.586,28.446,0.825,5.821
4,S-S3c#0,S/S3c,10.0,3.895,47.979,5.28,8.213
4,S-S3c#0,S/S3c,30.0,10.546,23.108,2.433,38.953
4,S-S3c#0,S/S3c,30.0,49.748,154.261,5.64,31.223
4,S-S3c#0,S/S3c,30.0,58.408,229.474,8.592,25.157
4,S-S3c#0,S/S3c,30.0,35.65,247.242,2.682,16.894
4,S-S3c#0,S/S3c,30.0,17.226,323.682,3.371,11.24
4,S-S3c#0,S/S3c,30.0,15.207,131.517,13.81,8.941
4,S-S3c#0,S/S3c,30.0,41.852,290.771,9.317,13.646
4,S-S3c#0,S/S3c,30.0,92.691,548.355,10.744,23.581
4,S-S3c#0,S/S3c,30.0,111.182,201.97,8.164,24.087
4,S-S3c#0,S/S3c,30.0,106.799,354.972,20.51,22.361
4,S-S3c#0,S/S3c,30.0,84.603,238.541,26.584,18.82
4,S-S3c#0,S/S3c,30.0,76.032,99.212,16.645,19.678
4,S-S3c#0,S/S3c,30.0,53.3,116.282,9.439,14.305
4,S-S3c#0,S/S3c,30.0,96.424,202.163,7.71,23.382
4,S-S3c#0,S/S3c,30.0,93.43,416.771,1.463,25.309
4,S-S3c#0,S/S3c,30.0,68.077,349.743,1.823,20.935
4,S-S3c#0,S/S3c,30.0,72.302,41.388,1.548,20.76
4,S-S3c#0,S/S3c,30.0,166.876,487.662,7.064,33.085
4,S-S3c#0,S/S3c,30.0,143.491,197.301,2.553,27.845
4,S-S3c#0,S/S3c,30.0,80.83,237.297,11.233,17.175
4,S-S3c#0,S/S3c,30.0,76.353,287.198,15.531,15.357
4,S-S3c#0,S/S3c,30.0,187.956,322.717,10.69,29.493
4,S-S3c#0,S/S3c,30.0,235.251,197.597,8.459,33.524
4,S-S3c#0,S/S3c,30.0,155.186,189.892,17.35,27.257
4,S-S3c#0,S/S3c,30.0,98.877,280.075,20.851,20.031
4,S-S3c#0,S/S3c,30.0,122.107,262.064,12.788,24.923
4,S-S3c#0,S/S3c,30.0,157.99,500.153,3.688,30.982
4,S-S3c#0,S/S3c,30.0,91.309,438.502,3.49,21.76
4,S-S3c#0,S/S3c,30.0,61.547,240.346,4.877,25.272
4,S-S3c#0,S/S3c,30.0,51.324,322.652,8.084,28.239
4,S-S3c#0,S/S3c,30.0,63.617,147.372,7.843,32.579
4,S-S3c#0,S/S3c,30.0,75.236,217.126,9.682,33.313
4,S-S3c#0,S/S3c,30.0,51.399,384.946,10.665,24.376
4,S-S3c#0,S/S3c,30.0,22.675,252.689,11.92,10.379
4,S-S3c#0,S/S3c,30.0,45.715,161.68,17.742,16.88
4,S-S3c#0,S/S3c,30.0,22.069,194.249,9.823,6.658
4,S-S3c#0,S/S3c,30.0,73.151,186.889,17.796,21.386
4,S-S3c#0,S/S3c,30.0,68.991,193.764,10.873,20.491
4,S-S3c#0,S/S3c,30.0,18.545,172.061,16.95,5.238
4,S-S3c#0,S/S3c,30.0,15.468,149.338,10.97,4.411
4,S-S3c#0,S/S3c,30.0,48.7,240.287,14.331,14.924
4,S-S3c#0,S/S3c,30.0,43.368,389.005,18.934,16.124
4,S-S3c#0,S/S3c,30.0,70.282,212.514,22.385,23.41
4,S-S3c#0,S/S3c,30.0,191.364,336.922,31.619,47.491
4,S-S3c#0,S/S3c,30.0,215.199,464.471,29.196,45.521
4,S-S3c#0,S/S3c,30.0,152.346,167.219,29.333,33.614
4,S-S3c#0,S/S3c,30.0,64.91,449.341,21.292,18.371
4,S-S3c#0,S/S3c,30.0,36.585,84.192,22.24,11.103
4,S-S3c#0,S/S3c,30.0,31.233,432.078,23.905,11.165
4,S-S3c#0,S/S3c,30.0,38.141,114.745,17.144,14.432
4,S-S3c#0,S/S3c,30.0,20.194,77.404,11.479,9.321
4,S-S3c#0,S/S3c,30.0,15.7,315.219,7.592,7.542
4,S-S3c#0,S/S3c,30.0,33.345,373.553,9.106,16.578
4,S-S3c#0,S/S3c,30.0,24.418,62.784,13.798,11.644
4,S-S3c#0,S/S3c,30.0,41.616,133.444,10.464,19.196
4,S-S3c#0,S/S3c,30.0,36.429,170.182,9.71,17.697
4,S-S3c#0,S/S3c,30.0,25.656,175.934,5.948,14.574
4,S-S3c#0,S/S3c,30.0,39.748,108.073,18.375,36.184
4,S-S3c#0,S/S3c,30.0,41.21,90.338,25.41,49.411
4,S-S3c#0,S/S3c,30.0,25.109,62.88,23.235,31.8
4,S-S3c#0,S/S3c,30.0,210.324,119.468,213.414,145.333
4,S-S3c#0,S/S3c,30.0,11.59,283.291,3.677,6.65
4,S-S3c#0,S/S3c,30.0,20.713,65.824,3.127,9.935
4,S-S3c#0,S/S3c,30.0,8.078,119.953,7.635,3.993
4,S-S3c#0,S/S3c,30.0,24.17,66.583,7.258,11.044
4,S-S3c#0,S/S3c,30.0,41.003,194.429,10.511,18.542
4,S-S3c#0,S/S3c,30.0,39.819,341.898,11.03,17.49
4,S-S3c#0,S/S3c,30.0,30.379,20.107,9.053,12.761
4,S-S3c#0,S/S3c,30.0,38.364,138.317,6.517,15.669
4,S-S3c#0,S/S3c,30.0,38.012,283.116,12.891,15.36
4,S-S3c#0,S/S3c,30.0,18.743,74.039,7.546,8.11
4,S-S3c#0,S/S3c,30.0,15.499,149.558,5.462,8.578
4,S-S3c#0,S/S3c,30.0,7.866,152.697,5.495,4.524
4,S-S3c#0,S/S3c,30.0,13.687,139.684,4.832,7.813
4,S-S3c#0,S/S3c,30.0,2.974,197.342,5.817,1.764
4,S-S3c#0,S/S3c,30.0,10.157,110.665,4.842,6.935
4,S-S3c#0,S/S3c,30.0,7.595,148.778,14.393,6.108
4,S-S3c#0,S/S3c,30.0,20.315,56.387,8.649,14.409
4,S-S3c#0,S/S3c,30.0,12.093,144.932,7.355,8.548
4,S-S3c#0,S/S3c,30.0,8.704,163.248,4.172,5.817
4,S-S3c#0,S/S3c,30.0,30.861,134.599,7.587,20.549
4,S-S3c#0,S/S3c,30.0,32.486,210.013,7.974,20.771
4,S-S3c#0,S/S3c,30.0,29.837,122.319,2.062,22.703
4,S-S3c#0,S/S3c,30.0,5.361,220.581,2.083,6.041
4,S-S3c#0,S/S3c,30.0,14.979,168.482,1.313,47.228
4,S-S3c#0,S/S3c,30.0,1.856,1.608,1.763,67.692
4,S-S3c#0,S/S3c,30.0,15.777,57.459,6.53,26.447
4,S-S3c#0,S/S3c,30.0,20.29,117.352,8.531,16.486
4,S-S3c#0,S/S3c,30.0,24.992,232.881,5.699,12.561
4,S-S3c#0,S/S3c,30.0,27.387,80.773,5.74,12.152
4,S-S3c#0,S/S3c,30.0,29.208,37.527,3.65,10.986
4,S-S3c#0,S/S3c,30.0,31.124,385.459,4.254,10.318
4,S-S3c#0,S/S3c,30.0,53.587,423.161,7.17,17.115
4,S-S3c#0,S/S3c,30.0,52.964,186.188,4.415,16.407
4,S-S3c#0,S/S3c,30.0,103.575,411.876,2.119,27.02
4,S-S3c#0,S/S3c,30.0,174.4,643.331,4.434,38.789
4,S-S3c#0,S/S3c,30.0,117.761,428.451,12.431,28.171
4,S-S3c#0,S/S3c,30.0,63.446,415.734,13.584,17.32
4,S-S3c#0,S/S3c,30.0,115.389,444.522,12.905,30.755
4,S-S3c#0,S/S3c,30.0,221.155,470.244,21.884,41.645
4,S-S3c#0,S/S3c,30.0,277.464,241.563,16.014,41.232
4,S-S3c#0,S/S3c,30.0,315.098,140.137,11.856,39.516
4,S-S3c#0,S/S3c,30.0,292.511,80.228,1.876,34.372
4,S-S3c#0,S/S3c,30.0,281.35,15.257,9.336,32.286
4,S-S3c#0,S/S3c,30.0,283.609,67.577,23.467,32.806
4,S-S3c#0,S/S3c,30.0,311.937,54.035,32.431,35.916
4,S-S3c#0,S/S3c,30.0,316.682,42.354,37.454,35.725
4,S-S3c#0,S/S3c,30.0,309.883,52.024,44.955,34.284
4,S-S3c#0,S/S3c,30.0,298.603,35.228,45.238,33.043
4,S-S3c#0,S/S3c,30.0,308.289,46.515,51.9,34.429
4,S-S3c#0,S/S3c,30.0,304.808,51.696,56.547,34.237
4,S-S3c#0,S/S3c,30.0,353.22,73.094,65.745,39.028
4,S-S3c#0,S/S3c,30.0,372.832,72.681,64.47,40.535
4,S-S3c#0,S/S3c,30.0,369.364,62.825,70.89,39.696
4,S-S3c#0,S/S3c,30.0,335.207,76.292,73.95,36.012
4,S-S3c#0,S/S3c,30.0,348.657,51.122,76.617,37.446
4,S-S3c#0,S/S3c,30.0,368.919,24.175,62.627,39.493
4,S-S3c#0,S/S3c,30.0,390.212,112.969,67.162,41.632
4,S-S3c#0,S/S3c,30.0,389.278,152.742,55.634,41.502
4,S-S3c#0,S/S3c,30.0,397.723,159.458,53.616,42.742
4,S-S3c#0,S/S3c,30.0,360.711,165.58,40.365,39.22
4,S-S3c#0,S/S3c,30.0,375.814,146.876,32.109,41.454
4,S-S3c#0,S/S3c,30.0,362.822,146.855,17.089,40.481
4,S-S3c#0,S/S3c,30.0,371.67,202.122,6.601,42.033
4,S-S3c#0,S/S3c,30.0,354.458,159.557,1.767,39.882
4,S-S3c#0,S/S3c,30.0,371.851,152.095,2.612,41.242
4,S-S3c#0,S/S3c,30.0,370.374,113.457,10.891,40.188
4,S-S3c#0,S/S3c,30.0,371.007,66.582,16.231,39.657
4,S-S3c#0,S/S3c,30.0,374.548,24.425,19.463,39.738
4,S-S3c#0,S/S3c,30.0,418.032,9.242,34.069,43.857
4,S-S3c#0,S/S3c,30.0,433.514,18.357,40.267,45.669
4,S-S3c#0,S/S3c,30.0,395.313,28.538,42.41,42.037
4,S-S3c#0,S/S3c,30.0,319.777,39.495,40.02,34.295
4,S-S3c#0,S/S3c,30.0,315.359,10.51,38.823,34.375
4,S-S3c#0,S/S3c,30.0,305.19,73.737,43.783,35.103
4,S-S3c#0,S/S3c,30.0,235.093,159.206,37.291,30.391
4,S-S3c#0,S/S3c,30.0,193.915,139.356,37.16,28.41
4,S-S3c#0,S/S3c,30.0,177.628,103.474,39.521,28.332
4,S-S3c#0,S/S3c,30.0,208.853,54.501,33.941,34.607
4,S-S3c#0,S/S3c,30.0,224.735,73.626,32.8,36.613
4,S-S3c#0,S/S3c,30.0,245.43,184.218,47.824,38.344
4,S-S3c#0,S/S3c,30.0,181.564,169.116,51.647,27.96
4,S-S3c#0,S/S3c,30.0,124.455,170.385,44.882,19.034
4,S-S3c#0,S/S3c,30.0,166.687,658.7,29.33,25.752
4,S-S3c#0,S/S3c,30.0,184.285,338.185,28.665,31.167
4,S-S3c#0,S/S3c,30.0,107.676,338.253,24.877,20.978
4,S-S3c#0,S/S3c,30.0,107.07,522.093,22.406,22.775
4,S-S3c#0,S/S3c,30.0,118.044,359.658,17.934,24.814
4,S-S3c#0,S/S3c,30.0,92.397,80.554,17.257,21.205
4,S-S3c#0,S/S3c,30.0,50.503,118.396,22.087,12.48
4,S-S3c#0,S/S3c,30.0,67.786,214.898,30.001,16.045
4,S-S3c#0,S/S3c,30.0,53.725,346.893,27.789,12.89
4,S-S3c#0,S/S3c,30.0,29.236,270.89,12.649,8.122
4,S-S3c#0,S/S3c,30.0,21.623,429.822,9.29,8.099
4,S-S3c#0,S/S3c,30.0,15.159,394.218,18.915,5.398
4,S-S3c#0,S/S3c,30.0,16.625,268.179,22.456,5.444
4,S-S3c#0,S/S3c,30.0,28.524,171.221,18.698,8.19
4,S-S3c#0,S/S3c,30.0,41.317,299.46,7.985,11.899
4,S-S3c#0,S/S3c,30.0,25.177,427.798,7.095,7.398
4,S-S3c#0,S/S3c,30.0,29.508,338.135,13.87,8.614
4,S-S3c#0,S/S3c,30.0,2.637,296.239,18.672,0.831
4,S-S3c#0,S/S3c,30.0,22.054,74.537,9.886,8.061
4,S-S3c#0,S/S3c,30.0,48.743,390.653,4.223,18.168
4,S-S3c#0,S/S3c,30.0,54.446,354.454,10.263,18.287
4,S-S3c#0,S/S3c,30.0,27.366,202.037,14.347,9.035
4,S-S3c#0,S/S3c,30.0,21.374,345.139,3.663,7.835
4,S-S3c#0,S/S3c,30.0,31.804,280.212,2.981,12.759
4,S-S3c#0,S/S3c,30.0,21.102,186.827,12.2,8.219
4,S-S3c#0,S/S3c,30.0,34.811,96.887,9.928,15.303
4,S-S3c#0,S/S3c,30.0,15.154,253.677,11.982,7.614
4,S-S3c#0,S/S3c,30.0,9.604,272.775,17.58,4.313
4,S-S3c#0,S/S3c,30.0,22.435,353.374,14.269,8.72
4,S-S3c#0,S/S3c,30.0,18.22,148.066,12.597,6.138
4,S-S3c#0,S/S3c,30.0,44.084,432.206,17.616,14.856
4,S-S3c#0,S/S3c,30.0,71.956,409.944,20.999,26.647
4,S-S3c#0,S/S3c,30.0,60.913,135.241,8.834,24.591
4,S-S3c#0,S/S3c,30.0,26.822,58.249,6.33,13.22
4,S-S3c#0,S/S3c,30.0,18.372,108.292,8.779,9.024
4,S-S3c#0,S/S3c,30.0,6.253,183.871,7.469,3.213
4,S-S3c#0,S/S3c,30.0,11.219,232.915,4.22,4.939
4,S-S3c#0,S/S3c,30.0,8.436,388.817,9.296,3.613
4,S-S3c#0,S/S3c,30.0,14.766,26.424,10.287,5.618
4,S-S3c#0,S/S3c,30.0,21.768,115.524,4.815,8.646
4,S-S3c#0,S/S3c,30.0,21.872,165.065,13.671,8.28
4,S-S3c#0,S/S3c,30.0,41.66,190.449,7.67,17.677
4,S-S3c#0,S/S3c,30.0,16.344,360.212,11.635,7.824
4,S-S3c#0,S/S3c,30.0,16.227,225.388,10.156,7.384
4,S-S3c#0,S/S3c,30.0,11.82,314.105,8.209,6.315
4,S-S3c#0,S/S3c,30.0,28.11,37.366,2.681,13.198
4,S-S3c#0,S/S3c,30.0,34.473,108.635,9.481,17.492
4,S-S3c#0,S/S3c,30.0,36.446,295.537,7.635,14.005
4,S-S3c#0,S/S3c,30.0,68.324,446.929,11.134,23.725
4,S-S3c#0,S/S3c,30.0,62.903,31.79,6.809,21.129
4,S-S3c#0,S/S3c,30.0,32.147,104.179,5.604,13.27
4,S-S3c#0,S/S3c,30.0,5.965,236.573,1.986,3.363
4,S-S3c#0,S/S3c,30.0,9.033,240.909,2.316,10.442
4,S-S3c#0,S/S3c,30.0,21.74,151.211,1.03,52.851
4,S-S3c#0,S/S3c,30.0,0.52,0.516,0.507,33.873
4,S-S3c#0,S/S3c,30.0,2.015,2.297,1.226,64.826
4,S-S3c#0,S/S3c,30.0,2.301,2.99,1.308,62.266
4,S-S3c#0,S/S3c,30.0,6.191,14.221,1.553,42.785
4,S-S3c#0,S/S3c,30.0,18.289,80.684,7.228,18.72
4,S-S3c#0,S/S3c,30.0,57.072,208.025,4.954,24.855
4,S-S3c#0,S/S3c,30.0,76.717,484.357,16.243,21.522
4,S-S3c#0,S/S3c,30.0,58.842,51.831,4.398,18.845
4,S-S3c#0,S/S3c,30.0,6.121,272.451,5.611,3.403
4,S-S3c#0,S/S3c,30.0,8.028,310.711,2.115,19.317
4,S-S3c#0,S/S3c,30.0,1.23,1.192,1.217,70.235
4,S-S3c#0,S/S3c,30.0,19.817,49.035,12.028,39.907
4,S-S3c#0,S/S3c,30.0,61.995,173.287,45.122,35.737
4,S-S3c#0,S/S3c,30.0,131.387,321.348,85.053,40.925
4,S-S3c#0,S/S3c,30.0,121.763,100.699,8.855,28.722
4,S-S3c#0,S/S3c,30.0,109.972,45.026,8.433,24.87
4,S-S3c#0,S/S3c,30.0,116.062,56.476,6.674,25.634
4,S-S3c#0,S/S3c,30.0,133.586,61.925,3.554,29.974
4,S-S3c#0,S/S3c,30.0,117.903,140.137,7.342,28.458
4,S-S3c#0,S/S3c,30.0,48.327,210.587,4.365,18.769
4,S-S3c#0,S/S3c,30.0,14.353,319.114,2.585,12.733
4,S-S3c#0,S/S3c,30.0,31.771,49.903,2.726,43.593
4,S-S3c#0,S/S3c,30.0,99.547,208.258,22.983,47.678
4,S-S3c#0,S/S3c,30.0,160.414,343.774,40.802,44.462
4,S-S3c#0,S/S3c,30.0,143.638,133.581,7.664,32.007
4,S-S3c#0,S/S3c,30.0,100.093,178.023,2.191,21.925
4,S-S3c#0,S/S3c,30.0,41.951,76.187,5.724,9.689
4,S-S3c#0,S/S3c,30.0,42.298,73.936,7.842,10.785
4,S-S3c#0,S/S3c,30.0,56.398,340.574,1.681,14.789
4,S-S3c#0,S/S3c,30.0,72.195,533.531,5.136,20.686
4,S-S3c#0,S/S3c,30.0,41.085,193.641,6.863,16.23
4,S-S3c#0,S/S3c,30.0,29.644,279.353,2.541,14.283
4,S-S3c#0,S/S3c,30.0,69.249,232.1,3.224,29.015
4,S-S3c#0,S/S3c,30.0,93.357,454.779,1.299,26.955
4,S-S3c#0,S/S3c,30.0,71.747,61.275,4.052,18.799
4,S-S3c#0,S/S3c,30.0,63.494,121.018,3.464,17.416
4,S-S3c#0,S/S3c,30.0,73.135,78.322,2.379,20.767
4,S-S3c#0,S/S3c,30.0,78.48,378.723,7.826,22.507
4,S-S3c#0,S/S3c,30.0,61.35,22.151,1.504,16.905
4,S-S3c#0,S/S3c,30.0,35.803,52.816,3.148,9.882
4,S-S3c#0,S/S3c,30.0,42.334,63.725,2.176,13.211
4,S-S3c#0,S/S3c,30.0,26.394,112.837,12.402,9.208
4,S-S3c#0,S/S3c,30.0,24.862,24.282,9.253,10.308
4,S-S3c#0,S/S3c,30.0,42.737,53.633,15.587,21.056
4,S-S3c#0,S/S3c,30.0,21.541,123.384,14.882,15.822
4,S-S3c#0,S/S3c,30.0,23.416,66.412,8.691,15.99
4,S-S3c#0,S/S3c,30.0,62.198,217.703,10.975,27.368
4,S-S3c#0,S/S3c,30.0,36.74,186.524,12.968,11.555
4,S-S3c#0,S/S3c,30.0,3.334,323.531,6.259,1.122
4,S-S3c#0,S/S3c,30.0,12.728,135.613,5.199,6.242
4,S-S3c#0,S/S3c,30.0,20.801,136.352,5.662,11.535
4,S-S3c#0,S/S3c,30.0,25.669,147.572,21.313,12.766
4,S-S3c#0,S/S3c,30.0,13.429,131.021,16.645,5.619
4,S-S3c#0,S/S3c,30.0,30.567,154.208,12.129,13.003
4,S-S3c#0,S/S3c,30.0,6.319,286.996,5.808,3.112
4,S-S3c#0,S/S3c,30.0,33.441,83.875,10.247,17.211
4,S-S3c#0,S/S3c,30.0,25.563,86.748,8.127,12.91
4,S-S3c#0,S/S3c,30.0,35.732,117.634,15.858,14.65
4,S-S3c#0,S/S3c,30.0,31.416,49.542,13.126,13.379
4,S-S3c#0,S/S3c,30.0,35.622,108.837,11.295,19.787
4,S-S3c#0,S/S3c,30.0,24.686,271.105,4.353,15.5
4,S-S3c#0,S/S3c,30.0,35.139,235.507,15.472,20.524
4,S-S3c#0,S/S3c,30.0,18.615,174.909,30.955,8.71
4,S-S3c#0,S/S3c,30.0,29.599,302.993,13.105,14.177
4,S-S3c#0,S/S3c,30.0,11.251,26.321,18.496,5.756
4,S-S3c#0,S/S3c,30.0,20.937,222.61,24.733,11.903
4,S-S3c#0,S/S3c,30.0,45.367,197.688,34.339,30.523
4,S-S3c#0,S/S3c,30.0,17.045,205.662,6.022,9.797
4,S-S3c#0,S/S3c,30.0,20.526,201.088,7.852,10.642
4,S-S3c#0,S/S3c,30.0,69.904,41.134,4.996,35.019
4,S-S3c#0,S/S3c,30.0,41.552,83.583,11.331,21.229
4,S-S3c#0,S/S3c,30.0,32.527,224.75,21.155,15.858
4,S-S3c#0,S/S3c,30.0,95.568,338.548,81.547,43.585
4,S-S3c#0,S/S3c,30.0,42.686,145.042,13.663,18.859
4,S-S3c#0,S/S3c,30.0,57.467,360.569,20.529,24.385
4,S-S3c#0,S/S3c,30.0,43.229,108.517,22.139,16.795
4,S-S3c#0,S/S3c,30.0,5.067,248.887,8.213,1.855
4,S-S3c#0,S/S3c,30.0,28.857,334.811,9.47,10.853
4,S-S3c#0,S/S3c,30.0,41.95,106.961,28.049,15.292
4,S-S3c#0,S/S3c,30.0,32.884,158.473,21.965,12.264
4,S-S3c#0,S/S3c,30.0,292.249,188.285,325.776,112.727
4,S-S3c#0,S/S3c,30.0,33.73,13.113,2.327,13.723
4,S-S3c#0,S/S3c,30.0,45.722,113.427,2.11,18.567
4,S-S3c#0,S/S3c,30.0,35.902,144.273,9.795,17.481
4,S-S3c#0,S/S3c,30.0,26.144,201.312,5.462,12.75
4,S-S3c#0,S/S3c,30.0,24.203,262.119,21.384,15.465
4,S-S3c#0,S/S3c,30.0,20.059,94.418,1.749,11.114
4,S-S3c#0,S/S3c,30.0,42.169,292.073,6.617,21.817
4,S-S3c#0,S/S3c,30.0,38.99,204.211,3.162,17.539
4,S-S3c#0,S/S3c,30.0,12.824,196.872,12.162,4.557
4,S-S3c#0,S/S3c,30.0,114.604,393.71,10.977,31.937
4,S-S3c#0,S/S3c,30.0,125.63,515.32,6.403,26.813
4,S-S3c#0,S/S3c,30.0,126.697,158.092,43.953,23.915
4,S-S3c#0,S/S3c,30.0,112.238,340.984,2.738,20.509
4,S-S3c#0,S/S3c,30.0,125.601,481.772,8.019,23.125
4,S-S3c#0,S/S3c,30.0,110.656,576.103,7.415,20.996
4,S-S3c#0,S/S3c,30.0,140.966,610.999,6.964,27.129
4,S-S3c#0,S/S3c,30.0,161.685,569.327,9.47,29.57
4,S-S3c#0,S/S3c,30.0,134.221,241.787,11.056,22.985
4,S-S3c#0,S/S3c,30.0,89.997,553.107,9.241,15.64
4,S-S3c#0,S/S3c,30.0,110.28,744.271,22.912,19.676
4,S-S3c#0,S/S3c,30.0,112.383,392.344,21.079,21.274
4,S-S3c#0,S/S3c,30.0,92.876,75.87,8.768,17.796
4,S-S3c#0,S/S3c,30.0,110.141,60.162,22.294,21.654
4,S-S3c#0,S/S3c,30.0,58.523,700.013,13.852,11.349
4,S-S3c#0,S/S3c,30.0,62.868,770.099,19.849,11.663
4,S-S3c#0,S/S3c,30.0,63.176,348.053,6.657,11.336
4,S-S3c#0,S/S3c,30.0,101.29,578.648,18.026,18.32
4,S-S3c#0,S/S3c,30.0,82.167,277.775,6.207,16.417
4,S-S3c#0,S/S3c,30.0,35.63,215.671,2.112,10.782
4,S-S3c#0,S/S3c,30.0,7.23,313.248,2.154,3.722
4,S-S3c#0,S/S3c,30.0,6.458,74.028,1.479,6.616
4,S-S3c#0,S/S3c,30.0,6.713,52.614,21.561,3.533
4,S-S3c#0,S/S3c,30.0,79.928,114.989,15.539,25.517
4,S-S3c#0,S/S3c,30.0,102.656,498.391,15.213,22.799
4,S-S3c#0,S/S3c,30.0,116.174,234.072,8.322,22.339
4,S-S3c#0,S/S3c,30.0,65.961,124.625,5.9,12.305
4,S-S3c#0,S/S3c,30.0,125.654,392.655,17.068,23.692
4,S-S3c#0,S/S3c,30.0,137.392,519.071,25.676,27.04
4,S-S3c#0,S/S3c,30.0,119.069,290.796,20.584,25.019
4,S-S3c#0,S/S3c,30.0,162.146,546.342,25.37,33.912
4,S-S3c#0,S/S3c,30.0,230.311,743.459,71.474,46.958
4,S-S3c#0,S/S3c,30.0,223.814,224.521,53.384,42.578
4,S-S3c#0,S/S3c,30.0,176.739,101.159,37.928,33.407
4,S-S3c#0,S/S3c,30.0,151.687,424.707,94.22,27.814
4,S-S3c#0,S/S3c,30.0,112.657,486.998,62.698,21.409
4,S-S3c#0,S/S3c,30.0,30.435,607.437,30.021,5.879
4,S-S3c#0,S/S3c,30.0,31.731,120.107,27.315,6.302
4,S-S3c#0,S/S3c,30.0,14.209,328.001,28.55,2.773
4,S-S3c#0,S/S3c,30.0,57.266,657.09,59.316,11.198
4,S-S3c#0,S/S3c,30.0,49.621,541.515,66.603,9.619
4,S-S3c#0,S/S3c,30.0,82.432,454.305,68.286,15.321
4,S-S3c#0,S/S3c,30.0,102.301,383.724,67.426,18.608
4,S-S3c#0,S/S3c,30.0,54.11,219.81,45.489,12.012
4,S-S3c#0,S/S3c,30.0,8.975,302.56,11.961,2.978
4,S-S3c#0,S/S3c,30.0,37.771,243.879,25.56,20.755
4,S-S3c#0,S/S3c,30.0,19.457,76.573,37.416,8.181
4,S-S3c#0,S/S3c,30.0,126.435,267.894,139.734,36.038
4,S-S3c#0,S/S3c,30.0,264.83,637.634,294.88,59.013
4,S-S3c#0,S/S3c,30.0,74.581,56.896,65.012,15.282
4,S-S3c#0,S/S3c,30.0,66.542,196.428,58.167,13.146
4,S-S3c#0,S/S3c,30.0,97.516,410.11,63.922,18.867
4,S-S3c#0,S/S3c,30.0,104.224,445.701,63.74,21.506
4,S-S3c#0,S/S3c,30.0,47.878,155.767,35.961,13.182
4,S-S3c#0,S/S3c,30.0,16.208,246.812,13.154,8.193
4,S-S3c#0,S/S3c,30.0,25.978,259.659,14.986,21.73
4,S-S3c#0,S/S3c,30.0,43.134,108.157,18.648,29.829
4,S-S3c#0,S/S3c,30.0,38.636,123.313,14.201,23.377
4,S-S3c#0,S/S3c,30.0,11.585,264.521,2.211,11.203
4,S-S3c#0,S/S3c,30.0,27.327,119.053,4.504,107.608
4,S-S3c#0,S/S3c,30.0,4.279,5.373,4.377,105.183
4,S-S3c#0,S/S3c,30.0,11.023,10.952,18.318,99.533
4,S-S3c#0,S/S3c,30.0,18.046,15.561,28.305,112.889
4,S-S3c#0,S/S3c,30.0,26.657,23.717,34.332,128.846
4,S-S3c#0,S/S3c,30.0,116.024,62.568,147.43,142.114
4,S-S3c#0,S/S3c,30.0,314.996,190.91,390.751,157.229
4,S-S3c#0,S/S3c,30.0,80.067,234.896,21.612,28.853
4,S-S3c#0,S/S3c,30.0,37.819,206.868,10.322,13.428
4,S-S3c#0,S/S3c,30.0,9.174,367.126,3.813,4.102
4,S-S3c#0,S/S3c,30.0,22.352,225.631,2.703,12.234
4,S-S3c#0,S/S3c,30.0,54.606,122.984,7.484,43.846
4,S-S3c#0,S/S3c,30.0,35.667,274.091,114.854,13.291
4,S-S3c#0,S/S3c,30.0,106.956,247.91,138.708,32.179
4,S-S3c#0,S/S3c,30.0,242.49,282.272,271.345,66.857
4,S-S3c#0,S/S3c,30.0,23.296,186.252,1.568,12.265
4,S-S3c#0,S/S3c,30.0,36.995,263.692,1.36,28.283
4,S-S3c#0,S/S3c,30.0,47.659,136.351,4.405,37.021
4,S-S3c#0,S/S3c,30.0,33.655,144.659,7.104,24.384
4,S-S3c#0,S/S3c,60.0,57.64,223.309,7.113,24.117
4,S-S3c#0,S/S3c,60.0,72.706,293.762,6.397,23.158
4,S-S3c#0,S/S3c,60.0,84.051,370.03,17.513,20.894
4,S-S3c#0,S/S3c,60.0,93.506,257.213,15.202,18.047
4,S-S3c#0,S/S3c,60.0,144.744,392.965,17.996,26.453
4,S-S3c#0,S/S3c,60.0,120.903,531.352,36.124,19.102
4,S-S3c#0,S/S3c,60.0,188.922,910.533,49.342,24.042
4,S-S3c#0,S/S3c,60.0,188.23,1254.924,52.886,22.294
4,S-S3c#0,S/S3c,60.0,229.838,113.681,46.128,27.056
4,S-S3c#0,S/S3c,60.0,224.088,776.731,62.713,26.308
4,S-S3c#0,S/S3c,60.0,204.589,322.688,72.461,23.712
4,S-S3c#0,S/S3c,60.0,182.29,263.621,43.054,24.091
4,S-S3c#0,S/S3c,60.0,151.02,589.521,23.374,21.591
4,S-S3c#0,S/S3c,60.0,186.771,546.305,17.981,24.511
4,S-S3c#0,S/S3c,60.0,273.069,977.736,8.281,31.248
4,S-S3c#0,S/S3c,60.0,241.247,543.824,8.78,28.648
4,S-S3c#0,S/S3c,60.0,211.781,135.558,17.619,25.791
4,S-S3c#0,S/S3c,60.0,281.34,881.074,34.768,28.044
4,S-S3c#0,S/S3c,60.0,329.584,843.068,34.912,28.569
4,S-S3c#0,S/S3c,60.0,340.436,837.223,56.919,28.989
4,S-S3c#0,S/S3c,60.0,283.022,782.517,59.14,26.475
4,S-S3c#0,S/S3c,60.0,343.881,506.789,49.718,30.338
4,S-S3c#0,S/S3c,60.0,376.715,377.874,48.07,31.58
4,S-S3c#0,S/S3c,60.0,344.477,368.891,57.132,31.881
4,S-S3c#0,S/S3c,60.0,238.702,713.379,47.761,26.076
4,S-S3c#0,S/S3c,60.0,200.607,555.862,22.976,27.283
4,S-S3c#0,S/S3c,60.0,210.605,711.11,12.523,30.392
4,S-S3c#0,S/S3c,60.0,91.179,470.848,12.557,14.821
4,S-S3c#0,S/S3c,60.0,35.101,281.785,15.082,7.471
4,S-S3c#0,S/S3c,60.0,85.761,149.196,17.25,21.801
4,S-S3c#0,S/S3c,60.0,43.005,35.412,12.962,10.366
4,S-S3c#0,S/S3c,60.0,50.018,56.64,21.631,10.069
4,S-S3c#0,S/S3c,60.0,24.573,171.149,11.79,4.523
4,S-S3c#0,S/S3c,60.0,35.496,117.449,18.017,6.318
4,S-S3c#0,S/S3c,60.0,28.352,97.215,14.715,4.659
4,S-S3c#0,S/S3c,60.0,10.763,312.941,24.582,1.567
4,S-S3c#0,S/S3c,60.0,63.59,226.031,16.464,9.165
4,S-S3c#0,S/S3c,60.0,83.42,328.855,22.857,12.557
4,S-S3c#0,S/S3c,60.0,52.423,126.794,24.581,8.4
4,S-S3c#0,S/S3c,60.0,89.816,249.228,57.102,13.771
4,S-S3c#0,S/S3c,60.0,248.291,57.315,95.732,34.036
4,S-S3c#0,S/S3c,60.0,296.331,924.145,116.786,39.891
4,S-S3c#0,S/S3c,60.0,303.677,180.743,98.732,40.209
4,S-S3c#0,S/S3c,60.0,328.69,547.866,88.825,43.363
4,S-S3c#0,S/S3c,60.0,299.365,942.924,87.213,37.254
4,S-S3c#0,S/S3c,60.0,194.953,291.372,86.713,26.565
4,S-S3c#0,S/S3c,60.0,96.123,509.517,72.438,15.535
4,S-S3c#0,S/S3c,60.0,66.332,412.143,59.801,12.126
4,S-S3c#0,S/S3c,60.0,78.47,731.733,45.046,16.056
4,S-S3c#0,S/S3c,60.0,84.374,403.699,39.069,18.099
4,S-S3c#0,S/S3c,60.0,62.056,506.609,45.138,14.532
4,S-S3c#0,S/S3c,60.0,67.719,639.645,46.993,15.914
4,S-S3c#0,S/S3c,60.0,96.563,712.124,40.246,23.684
4,S-S3c#0,S/S3c,60.0,69.928,321.812,36.202,18.095
4,S-S3c#0,S/S3c,60.0,62.459,38.861,18.551,19.076
4,S-S3c#0,S/S3c,60.0,66.723,249.852,24.475,23.031
4,S-S3c#0,S/S3c,60.0,46.118,143.368,28.469,18.073
4,S-S3c#0,S/S3c,60.0,44.375,287.947,30.562,17.42
4,S-S3c#0,S/S3c,60.0,45.805,328.351,30.793,17.738
4,S-S3c#0,S/S3c,60.0,35.991,186.656,24.85,12.497
4,S-S3c#0,S/S3c,60.0,508.702,289.86,523.527,146.239
4,S-S3c#0,S/S3c,60.0,43.445,384.73,13.922,11.037
4,S-S3c#0,S/S3c,60.0,48.711,133.62,14.656,11.318
4,S-S3c#0,S/S3c,60.0,74.288,268.022,21.222,17.248
4,S-S3c#0,S/S3c,60.0,105.8,404.156,27.972,23.115
4,S-S3c#0,S/S3c,60.0,105.308,358.461,37.253,22.561
4,S-S3c#0,S/S3c,60.0,97.101,765.543,38.687,20.399
4,S-S3c#0,S/S3c,60.0,63.125,173.49,30.949,13.432
4,S-S3c#0,S/S3c,60.0,58.53,74.084,21.937,13.728
4,S-S3c#0,S/S3c,60.0,79.219,602.274,31.446,18.764
4,S-S3c#0,S/S3c,60.0,33.879,71.813,14.073,8.336
4,S-S3c#0,S/S3c,60.0,34.367,167.841,14.521,9.818
4,S-S3c#0,S/S3c,60.0,25.787,143.324,16.784,8.035
4,S-S3c#0,S/S3c,60.0,33.567,257.077,21.677,11.19
4,S-S3c#0,S/S3c,60.0,29.338,150.509,20.279,9.458
4,S-S3c#0,S/S3c,60.0,6.65,112.65,17.388,2.306
4,S-S3c#0,S/S3c,60.0,12.439,158.553,18.323,4.536
4,S-S3c#0,S/S3c,60.0,26.901,103.172,7.793,9.223
4,S-S3c#0,S/S3c,60.0,34.036,26.912,6.678,11.411
4,S-S3c#0,S/S3c,60.0,38.691,80.805,9.324,13.747
4,S-S3c#0,S/S3c,60.0,47.845,266.84,13.44,19.96
4,S-S3c#0,S/S3c,60.0,39.06,333.583,10.486,20.697
4,S-S3c#0,S/S3c,60.0,28.692,128.905,3.553,21.384
4,S-S3c#0,S/S3c,60.0,22.115,420.314,5.066,14.903
4,S-S3c#0,S/S3c,60.0,23.73,353.864,1.611,15.329
4,S-S3c#0,S/S3c,60.0,44.207,184.916,11.621,21.908
4,S-S3c#0,S/S3c,60.0,65.783,266.678,15.164,23.024
4,S-S3c#0,S/S3c,60.0,75.635,373.407,20.37,19.408
4,S-S3c#0,S/S3c,60.0,74.329,506.58,11.62,14.823
4,S-S3c#0,S/S3c,60.0,71.455,457.479,9.484,13.246
4,S-S3c#0,S/S3c,60.0,78.149,383.181,7.994,13.256
4,S-S3c#0,S/S3c,60.0,123.276,786.875,6.852,17.965
4,S-S3c#0,S/S3c,60.0,192.815,566.411,16.985,25.251
4,S-S3c#0,S/S3c,60.0,195.298,176.954,13.126,26.304
4,S-S3c#0,S/S3c,60.0,201.318,834.331,17.006,26.79
4,S-S3c#0,S/S3c,60.0,235.471,753.451,31.037,28.506
4,S-S3c#0,S/S3c,60.0,289.655,1435.373,59.966,30.488
4,S-S3c#0,S/S3c,60.0,359.533,1591.971,78.199,34.549
4,S-S3c#0,S/S3c,60.0,492.547,1501.108,73.749,41.929
4,S-S3c#0,S/S3c,60.0,581.291,1297.86,78.505,41.982
4,S-S3c#0,S/S3c,60.0,652.132,681.607,40.702,42.15
4,S-S3c#0,S/S3c,60.0,684.695,348.093,5.643,41.125
4,S-S3c#0,S/S3c,60.0,694.732,215.569,40.904,40.335
4,S-S3c#0,S/S3c,60.0,687.043,130.429,80.141,39.02
4,S-S3c#0,S/S3c,60.0,684.125,209.303,123.356,38.623
4,S-S3c#0,S/S3c,60.0,706.191,184.166,149.299,39.781
4,S-S3c#0,S/S3c,60.0,721.138,144.985,166.396,40.402
4,S-S3c#0,S/S3c,60.0,706.551,175.835,190.324,39.315
4,S-S3c#0,S/S3c,60.0,747.484,178.092,206.75,41.26
4,S-S3c#0,S/S3c,60.0,769.611,218.504,230.455,42.328
4,S-S3c#0,S/S3c,60.0,775.688,238.052,246.741,42.532
4,S-S3c#0,S/S3c,60.0,795.579,272.261,267.959,43.262
4,S-S3c#0,S/S3c,60.0,818.918,248.668,271.567,44.172
4,S-S3c#0,S/S3c,60.0,841.757,172.634,287.81,45.069
4,S-S3c#0,S/S3c,60.0,830.342,98.613,288.895,44.374
4,S-S3c#0,S/S3c,60.0,842.881,84.337,280.457,45.021
4,S-S3c#0,S/S3c,60.0,879.856,324.195,234.646,47.107
4,S-S3c#0,S/S3c,60.0,856.385,537.652,226.484,46.038
4,S-S3c#0,S/S3c,60.0,870.615,614.766,188.559,47.121
4,S-S3c#0,S/S3c,60.0,852.0,628.556,165.059,46.561
4,S-S3c#0,S/S3c,60.0,835.443,638.122,119.714,46.233
4,S-S3c#0,S/S3c,60.0,830.767,612.014,82.385,46.197
4,S-S3c#0,S/S3c,60.0,831.307,598.505,38.737,46.163
4,S-S3c#0,S/S3c,60.0,843.596,679.573,5.899,46.638
4,S-S3c#0,S/S3c,60.0,835.52,532.367,20.496,45.722
4,S-S3c#0,S/S3c,60.0,843.094,433.932,33.772,45.641
4,S-S3c#0,S/S3c,60.0,898.021,297.014,68.702,47.819
4,S-S3c#0,S/S3c,60.0,909.137,167.636,97.228,48.154
4,S-S3c#0,S/S3c,60.0,902.57,75.217,116.801,47.853
4,S-S3c#0,S/S3c,60.0,860.075,29.727,150.166,45.534
4,S-S3c#0,S/S3c,60.0,843.673,50.251,161.315,45.125
4,S-S3c#0,S/S3c,60.0,783.53,121.921,161.24,43.22
4,S-S3c#0,S/S3c,60.0,657.237,237.958,147.908,38.456
4,S-S3c#0,S/S3c,60.0,606.699,216.538,140.22,37.854
4,S-S3c#0,S/S3c,60.0,545.681,395.925,148.666,36.407
4,S-S3c#0,S/S3c,60.0,500.854,499.336,139.736,36.318
4,S-S3c#0,S/S3c,60.0,470.468,388.341,146.373,36.234
4,S-S3c#0,S/S3c,60.0,473.252,388.271,162.33,37.292
4,S-S3c#0,S/S3c,60.0,436.164,321.027,155.62,34.758
4,S-S3c#0,S/S3c,60.0,398.233,147.764,150.903,31.357
4,S-S3c#0,S/S3c,60.0,412.504,93.161,172.7,31.993
4,S-S3c#0,S/S3c,60.0,386.276,33.944,163.911,31.08
4,S-S3c#0,S/S3c,60.0,317.717,301.004,132.741,27.167
4,S-S3c#0,S/S3c,60.0,293.614,574.728,90.921,26.234
4,S-S3c#0,S/S3c,60.0,286.206,1363.41,90.888,26.788
4,S-S3c#0,S/S3c,60.0,215.585,1333.139,78.875,22.678
4,S-S3c#0,S/S3c,60.0,195.942,1311.922,77.925,22.353
4,S-S3c#0,S/S3c,60.0,202.896,799.358,81.728,22.559
4,S-S3c#0,S/S3c,60.0,170.414,168.72,84.583,19.962
4,S-S3c#0,S/S3c,60.0,94.711,368.089,67.391,12.36
4,S-S3c#0,S/S3c,60.0,64.556,117.27,51.289,9.341
4,S-S3c#0,S/S3c,60.0,41.829,888.661,61.879,5.99
4,S-S3c#0,S/S3c,60.0,24.698,1020.038,65.131,3.707
4,S-S3c#0,S/S3c,60.0,15.011,1145.192,55.409,2.436
4,S-S3c#0,S/S3c,60.0,31.763,551.608,68.565,5.047
4,S-S3c#0,S/S3c,60.0,71.778,799.14,63.419,11.097
4,S-S3c#0,S/S3c,60.0,99.155,730.538,59.172,14.33
4,S-S3c#0,S/S3c,60.0,95.237,862.383,43.527,14.307
4,S-S3c#0,S/S3c,60.0,60.821,862.896,30.22,9.888
4,S-S3c#0,S/S3c,60.0,59.126,756.606,32.426,9.66
4,S-S3c#0,S/S3c,60.0,63.653,161.232,41.674,10.345
4,S-S3c#0,S/S3c,60.0,68.827,567.179,30.016,11.917
4,S-S3c#0,S/S3c,60.0,79.44,560.448,15.888,14.647
4,S-S3c#0,S/S3c,60.0,42.253,243.329,11.983,7.713
4,S-S3c#0,S/S3c,60.0,22.177,533.291,25.758,3.955
4,S-S3c#0,S/S3c,60.0,35.28,727.637,23.223,7.044
4,S-S3c#0,S/S3c,60.0,33.234,597.046,25.204,7.401
4,S-S3c#0,S/S3c,60.0,39.382,228.014,39.114,8.202
4,S-S3c#0,S/S3c,60.0,70.578,470.921,44.983,14.536
4,S-S3c#0,S/S3c,60.0,41.055,503.866,41.975,8.264
4,S-S3c#0,S/S3c,60.0,56.225,211.331,49.826,10.801
4,S-S3c#0,S/S3c,60.0,81.829,636.99,46.435,15.499
4,S-S3c#0,S/S3c,60.0,94.061,689.715,44.905,17.233
4,S-S3c#0,S/S3c,60.0,86.047,957.705,44.297,17.203
4,S-S3c#0,S/S3c,60.0,101.241,736.982,46.617,21.337
4,S-S3c#0,S/S3c,60.0,87.642,315.24,19.62,19.78
4,S-S3c#0,S/S3c,60.0,55.079,239.91,19.633,12.803
4,S-S3c#0,S/S3c,60.0,41.883,413.153,26.281,9.565
4,S-S3c#0,S/S3c,60.0,41.191,351.15,24.736,8.986
4,S-S3c#0,S/S3c,60.0,52.408,416.175,17.92,10.924
4,S-S3c#0,S/S3c,60.0,54.705,800.866,29.174,10.976
4,S-S3c#0,S/S3c,60.0,37.197,98.999,29.917,7.449
4,S-S3c#0,S/S3c,60.0,54.26,395.849,20.176,11.755
4,S-S3c#0,S/S3c,60.0,9.471,84.479,29.83,1.953
4,S-S3c#0,S/S3c,60.0,38.633,164.658,16.428,9.118
4,S-S3c#0,S/S3c,60.0,40.147,529.825,27.289,9.501
4,S-S3c#0,S/S3c,60.0,44.149,567.641,21.434,10.567
4,S-S3c#0,S/S3c,60.0,63.307,642.288,24.514,14.131
4,S-S3c#0,S/S3c,60.0,87.79,458.996,21.987,17.503
4,S-S3c#0,S/S3c,60.0,113.552,617.506,34.137,22.902
4,S-S3c#0,S/S3c,60.0,93.671,694.773,20.551,18.602
4,S-S3c#0,S/S3c,60.0,89.362,601.44,18.058,19.156
4,S-S3c#0,S/S3c,60.0,63.35,286.179,7.877,16.449
4,S-S3c#0,S/S3c,60.0,29.019,400.638,5.628,10.22
4,S-S3c#0,S/S3c,60.0,5.251,543.879,2.42,2.935
4,S-S3c#0,S/S3c,60.0,9.498,496.084,3.326,10.597
4,S-S3c#0,S/S3c,60.0,19.159,333.397,0.672,42.735
4,S-S3c#0,S/S3c,60.0,7.869,14.322,1.694,49.131
4,S-S3c#0,S/S3c,60.0,18.128,75.95,4.095,17.976
4,S-S3c#0,S/S3c,60.0,56.521,206.609,8.238,24.225
4,S-S3c#0,S/S3c,60.0,82.658,344.978,11.969,22.256
4,S-S3c#0,S/S3c,60.0,77.689,396.37,31.586,18.897
4,S-S3c#0,S/S3c,60.0,79.849,386.478,10.771,19.43
4,S-S3c#0,S/S3c,60.0,71.786,669.085,19.411,17.976
4,S-S3c#0,S/S3c,60.0,58.7,414.096,5.776,18.694
4,S-S3c#0,S/S3c,60.0,13.131,675.955,6.807,5.721
4,S-S3c#0,S/S3c,60.0,39.112,490.737,0.798,18.187
4,S-S3c#0,S/S3c,60.0,130.896,321.192,80.955,40.55
4,S-S3c#0,S/S3c,60.0,190.184,473.315,127.653,40.066
4,S-S3c#0,S/S3c,60.0,250.296,615.356,171.667,40.567
4,S-S3c#0,S/S3c,60.0,337.714,774.073,220.06,43.562
4,S-S3c#0,S/S3c,60.0,287.516,213.228,33.049,33.005
4,S-S3c#0,S/S3c,60.0,273.839,113.624,31.919,31.917
4,S-S3c#0,S/S3c,60.0,200.452,193.056,19.072,28.161
4,S-S3c#0,S/S3c,60.0,160.776,365.608,9.36,28.721
4,S-S3c#0,S/S3c,60.0,149.931,508.917,11.726,30.763
4,S-S3c#0,S/S3c,60.0,151.047,469.336,12.604,32.394
4,S-S3c#0,S/S3c,60.0,183.941,388.133,9.453,38.846
4,S-S3c#0,S/S3c,60.0,211.135,474.709,19.526,40.386
4,S-S3c#0,S/S3c,60.0,263.257,660.53,79.835,39.479
4,S-S3c#0,S/S3c,60.0,288.995,757.055,98.339,36.33
4,S-S3c#0,S/S3c,60.0,234.838,256.505,21.015,27.876
4,S-S3c#0,S/S3c,60.0,163.42,54.198,6.436,19.469
4,S-S3c#0,S/S3c,60.0,102.23,611.145,8.634,13.053
4,S-S3c#0,S/S3c,60.0,93.216,712.138,5.219,14.417
4,S-S3c#0,S/S3c,60.0,68.912,709.346,1.939,11.676
4,S-S3c#0,S/S3c,60.0,100.885,618.094,11.825,17.16
4,S-S3c#0,S/S3c,60.0,99.912,544.554,15.481,16.654
4,S-S3c#0,S/S3c,60.0,124.984,1005.987,12.813,21.169
4,S-S3c#0,S/S3c,60.0,133.971,616.112,13.97,22.161
4,S-S3c#0,S/S3c,60.0,182.006,904.945,10.883,26.008
4,S-S3c#0,S/S3c,60.0,171.617,98.91,18.699,23.458
4,S-S3c#0,S/S3c,60.0,166.544,61.329,17.126,22.855
4,S-S3c#0,S/S3c,60.0,159.325,370.223,13.579,22.263
4,S-S3c#0,S/S3c,60.0,140.387,789.615,24.566,20.942
4,S-S3c#0,S/S3c,60.0,118.342,79.074,13.36,18.183
4,S-S3c#0,S/S3c,60.0,70.949,135.992,9.899,11.741
4,S-S3c#0,S/S3c,60.0,61.131,252.697,9.688,11.66
4,S-S3c#0,S/S3c,60.0,48.365,362.047,21.914,11.416
4,S-S3c#0,S/S3c,60.0,56.443,92.74,14.507,14.536
4,S-S3c#0,S/S3c,60.0,81.463,125.738,20.769,18.933
4,S-S3c#0,S/S3c,60.0,85.55,224.144,30.899,18.813
4,S-S3c#0,S/S3c,60.0,53.894,219.965,7.874,12.119
4,S-S3c#0,S/S3c,60.0,69.299,417.189,17.186,16.03
4,S-S3c#0,S/S3c,60.0,46.112,203.425,24.807,9.235
4,S-S3c#0,S/S3c,60.0,30.209,738.33,19.536,6.061
4,S-S3c#0,S/S3c,60.0,24.429,249.32,24.748,5.507
4,S-S3c#0,S/S3c,60.0,41.193,263.789,20.667,9.894
4,S-S3c#0,S/S3c,60.0,28.102,280.85,47.641,6.942
4,S-S3c#0,S/S3c,60.0,22.386,51.757,28.48,5.156
4,S-S3c#0,S/S3c,60.0,81.839,503.939,26.113,18.87
4,S-S3c#0,S/S3c,60.0,65.111,682.504,12.713,14.55
4,S-S3c#0,S/S3c,60.0,96.797,139.561,24.562,22.509
4,S-S3c#0,S/S3c,60.0,72.584,115.651,13.273,19.165
4,S-S3c#0,S/S3c,60.0,75.043,127.571,15.256,18.567
4,S-S3c#0,S/S3c,60.0,69.343,417.993,14.08,17.065
4,S-S3c#0,S/S3c,60.0,78.774,386.51,12.716,19.971
4,S-S3c#0,S/S3c,60.0,54.401,441.091,27.239,14.755
4,S-S3c#0,S/S3c,60.0,39.953,270.426,36.182,10.876
4,S-S3c#0,S/S3c,60.0,25.113,412.829,59.633,6.432
4,S-S3c#0,S/S3c,60.0,55.533,528.767,22.409,15.512
4,S-S3c#0,S/S3c,60.0,21.116,97.243,16.186,5.706
4,S-S3c#0,S/S3c,60.0,36.98,150.147,16.638,10.024
4,S-S3c#0,S/S3c,60.0,99.518,27.845,75.715,28.522
4,S-S3c#0,S/S3c,60.0,52.798,529.979,9.549,14.251
4,S-S3c#0,S/S3c,60.0,57.046,333.366,17.309,14.31
4,S-S3c#0,S/S3c,60.0,68.59,383.009,7.108,16.336
4,S-S3c#0,S/S3c,60.0,33.212,283.143,19.914,7.851
4,S-S3c#0,S/S3c,60.0,66.946,200.864,61.515,15.16
4,S-S3c#0,S/S3c,60.0,118.251,154.32,125.417,24.772
4,S-S3c#0,S/S3c,60.0,13.579,550.084,19.192,2.714
4,S-S3c#0,S/S3c,60.0,58.931,547.031,18.441,11.726
4,S-S3c#0,S/S3c,60.0,33.484,465.706,36.735,6.286
4,S-S3c#0,S/S3c,60.0,44.949,715.399,10.862,8.289
4,S-S3c#0,S/S3c,60.0,61.02,829.831,13.456,11.607
4,S-S3c#0,S/S3c,60.0,110.549,408.829,67.224,21.225
4,S-S3c#0,S/S3c,60.0,91.543,529.824,25.862,17.771
4,S-S3c#0,S/S3c,60.0,478.094,177.885,550.956,102.693
4,S-S3c#0,S/S3c,60.0,92.059,23.703,12.041,20.38
4,S-S3c#0,S/S3c,60.0,80.168,80.394,15.52,19.875
4,S-S3c#0,S/S3c,60.0,73.732,112.205,8.489,19.08
4,S-S3c#0,S/S3c,60.0,75.112,423.764,7.097,18.811
4,S-S3c#0,S/S3c,60.0,95.156,481.826,57.166,25.111
4,S-S3c#0,S/S3c,60.0,13.816,86.899,5.503,2.985
4,S-S3c#0,S/S3c,60.0,60.727,135.363,10.452,10.984
4,S-S3c#0,S/S3c,60.0,106.523,316.977,8.155,15.403
4,S-S3c#0,S/S3c,60.0,188.877,342.763,100.828,23.24
4,S-S3c#0,S/S3c,60.0,246.807,775.34,9.166,27.184
4,S-S3c#0,S/S3c,60.0,255.58,1268.043,15.361,25.219
4,S-S3c#0,S/S3c,60.0,226.533,984.123,65.017,21.396
4,S-S3c#0,S/S3c,60.0,234.178,1315.942,19.55,21.913
4,S-S3c#0,S/S3c,60.0,275.711,1539.103,28.325,25.261
4,S-S3c#0,S/S3c,60.0,279.134,1652.707,9.997,25.086
4,S-S3c#0,S/S3c,60.0,267.539,1602.669,20.845,24.389
4,S-S3c#0,S/S3c,60.0,251.191,1520.757,32.799,22.647
4,S-S3c#0,S/S3c,60.0,229.816,1207.757,28.077,20.627
4,S-S3c#0,S/S3c,60.0,213.668,1582.759,31.742,19.441
4,S-S3c#0,S/S3c,60.0,199.803,1612.448,45.766,18.658
4,S-S3c#0,S/S3c,60.0,213.545,1145.793,30.541,20.422
4,S-S3c#0,S/S3c,60.0,189.55,864.235,27.627,17.84
4,S-S3c#0,S/S3c,60.0,191.493,944.431,24.56,17.934
4,S-S3c#0,S/S3c,60.0,127.897,1562.792,41.051,11.952
4,S-S3c#0,S/S3c,60.0,154.88,1748.431,46.671,14.871
4,S-S3c#0,S/S3c,60.0,139.2,995.144,16.073,15.647
4,S-S3c#0,S/S3c,60.0,142.38,1142.008,27.922,19.013
4,S-S3c#0,S/S3c,60.0,77.598,697.395,9.753,12.958
4,S-S3c#0,S/S3c,60.0,44.828,450.708,17.432,8.613
4,S-S3c#0,S/S3c,60.0,77.491,383.859,12.859,15.249
4,S-S3c#0,S/S3c,60.0,105.047,310.09,11.899,19.155
4,S-S3c#0,S/S3c,60.0,126.38,485.345,30.899,17.763
4,S-S3c#0,S/S3c,60.0,194.78,537.981,23.807,22.887
4,S-S3c#0,S/S3c,60.0,243.296,939.435,32.577,24.765
4,S-S3c#0,S/S3c,60.0,269.124,217.735,21.463,26.128
4,S-S3c#0,S/S3c,60.0,239.633,878.253,40.781,23.64
4,S-S3c#0,S/S3c,60.0,275.588,1176.668,60.553,27.282
4,S-S3c#0,S/S3c,60.0,329.506,1440.438,126.469,32.949
4,S-S3c#0,S/S3c,60.0,369.722,1271.328,125.527,36.854
4,S-S3c#0,S/S3c,60.0,422.742,1492.596,137.298,41.897
4,S-S3c#0,S/S3c,60.0,432.288,1595.118,163.049,41.669
4,S-S3c#0,S/S3c,60.0,359.464,241.597,126.494,34.119
4,S-S3c#0,S/S3c,60.0,201.799,704.598,103.407,19.246
4,S-S3c#0,S/S3c,60.0,234.852,1400.566,154.443,22.358
4,S-S3c#0,S/S3c,60.0,158.516,1417.478,194.847,15.237
4,S-S3c#0,S/S3c,60.0,74.143,1516.576,155.498,7.193
4,S-S3c#0,S/S3c,60.0,46.697,1078.407,183.404,4.573
4,S-S3c#0,S/S3c,60.0,83.406,1364.116,180.075,7.928
4,S-S3c#0,S/S3c,60.0,167.709,1700.842,242.231,15.78
4,S-S3c#0,S/S3c,60.0,146.186,1470.442,214.792,15.099
4,S-S3c#0,S/S3c,60.0,140.684,979.285,152.899,16.72
4,S-S3c#0,S/S3c,60.0,117.023,601.456,78.369,15.963
4,S-S3c#0,S/S3c,60.0,74.519,587.507,89.691,10.819
4,S-S3c#0,S/S3c,60.0,88.411,664.059,120.251,13.552
4,S-S3c#0,S/S3c,60.0,118.129,620.765,167.75,18.706
4,S-S3c#0,S/S3c,60.0,146.952,692.208,207.554,20.2
4,S-S3c#0,S/S3c,60.0,325.886,764.092,466.063,37.956
4,S-S3c#0,S/S3c,60.0,558.192,1355.794,705.72,57.707
4,S-S3c#0,S/S3c,60.0,186.432,471.809,218.805,19.132
4,S-S3c#0,S/S3c,60.0,159.235,732.383,176.354,18.278
4,S-S3c#0,S/S3c,60.0,150.183,829.686,128.008,20.969
4,S-S3c#0,S/S3c,60.0,141.042,695.496,104.765,23.301
4,S-S3c#0,S/S3c,60.0,81.26,562.316,62.337,16.001
4,S-S3c#0,S/S3c,60.0,62.283,415.429,37.08,17.15
4,S-S3c#0,S/S3c,60.0,54.367,274.047,26.856,24.29
4,S-S3c#0,S/S3c,60.0,59.614,110.692,22.336,34.992
4,S-S3c#0,S/S3c,60.0,44.806,150.651,18.374,26.456
4,S-S3c#0,S/S3c,60.0,23.009,508.002,16.287,20.095
4,S-S3c#0,S/S3c,60.0,44.727,213.119,32.537,108.058
4,S-S3c#0,S/S3c,60.0,28.173,24.367,39.496,113.74
4,S-S3c#0,S/S3c,60.0,41.343,75.103,37.102,44.554
4,S-S3c#0,S/S3c,60.0,82.366,198.399,39.457,38.071
4,S-S3c#0,S/S3c,60.0,96.418,287.892,38.031,32.323
4,S-S3c#0,S/S3c,60.0,520.285,281.485,602.522,142.719
4,S-S3c#0,S/S3c,60.0,548.17,324.246,642.973,128.95
4,S-S3c#0,S/S3c,60.0,118.775,316.912,20.186,25.788
4,S-S3c#0,S/S3c,60.0,116.559,570.281,9.479,28.642
4,S-S3c#0,S/S3c,60.0,37.837,517.506,110.58,7.68
4,S-S3c#0,S/S3c,60.0,80.999,517.617,111.807,15.725
4,S-S3c#0,S/S3c,60.0,76.881,613.939,109.527,15.779
4,S-S3c#0,S/S3c,60.0,75.797,589.354,114.816,16.506
4,S-S3c#0,S/S3c,60.0,76.671,322.557,131.696,16.519
4,S-S3c#0,S/S3c,60.0,166.438,311.048,261.393,33.851
4,S-S3c#0,S/S3c,60.0,49.652,446.668,9.319,15.122
4,S-S3c#0,S/S3c,120.0,274.732,815.761,71.479,26.798
4,S-S3c#0,S/S3c,120.0,301.292,920.506,47.207,25.994
4,S-S3c#0,S/S3c,120.0,391.099,1086.185,119.721,31.213
4,S-S3c#0,S/S3c,120.0,475.479,825.491,123.643,34.671
4,S-S3c#0,S/S3c,120.0,523.099,1858.807,129.238,37.055
4,S-S3c#0,S/S3c,120.0,363.741,1230.864,22.806,26.148
4,S-S3c#0,S/S3c,120.0,468.899,1859.153,159.977,31.536
4,S-S3c#0,S/S3c,120.0,442.528,2416.035,165.685,27.534
4,S-S3c#0,S/S3c,120.0,591.653,714.121,163.107,34.309
4,S-S3c#0,S/S3c,120.0,542.126,808.539,177.76,31.972
4,S-S3c#0,S/S3c,120.0,458.123,244.997,186.778,27.184
4,S-S3c#0,S/S3c,120.0,476.176,1248.543,147.832,27.052
4,S-S3c#0,S/S3c,120.0,503.385,1933.944,118.819,27.141
4,S-S3c#0,S/S3c,120.0,577.141,1785.379,116.318,29.771
4,S-S3c#0,S/S3c,120.0,587.205,2511.032,94.019,30.197
4,S-S3c#0,S/S3c,120.0,585.184,1723.661,110.479,29.605
4,S-S3c#0,S/S3c,120.0,615.894,945.932,140.632,30.55
4,S-S3c#0,S/S3c,120.0,676.244,1614.185,167.134,32.415
4,S-S3c#0,S/S3c,120.0,648.79,2161.108,149.159,31.318
4,S-S3c#0,S/S3c,120.0,590.795,2222.789,156.841,30.917
4,S-S3c#0,S/S3c,120.0,543.692,1605.925,149.359,30.836
4,S-S3c#0,S/S3c,120.0,511.848,485.859,91.605,29.234
4,S-S3c#0,S/S3c,120.0,422.73,466.225,54.781,25.396
4,S-S3c#0,S/S3c,120.0,328.162,490.112,44.592,22.246
4,S-S3c#0,S/S3c,120.0,249.965,580.239,37.199,18.786
4,S-S3c#0,S/S3c,120.0,245.303,498.725,42.488,19.903
4,S-S3c#0,S/S3c,120.0,176.655,472.881,23.599,14.28
4,S-S3c#0,S/S3c,120.0,23.647,177.998,35.503,2.007
4,S-S3c#0,S/S3c,120.0,21.331,54.568,21.801,1.978
4,S-S3c#0,S/S3c,120.0,100.92,130.612,39.994,9.335
4,S-S3c#0,S/S3c,120.0,116.061,135.982,27.067,10.456
4,S-S3c#0,S/S3c,120.0,122.727,233.081,36.435,10.561
4,S-S3c#0,S/S3c,120.0,109.472,462.555,52.536,9.368
4,S-S3c#0,S/S3c,120.0,144.093,180.888,113.764,11.859
4,S-S3c#0,S/S3c,120.0,276.312,373.135,207.266,20.63
4,S-S3c#0,S/S3c,120.0,335.099,797.149,255.288,23.423
4,S-S3c#0,S/S3c,120.0,433.002,262.45,272.518,29.856
4,S-S3c#0,S/S3c,120.0,455.014,1394.023,286.412,31.985
4,S-S3c#0,S/S3c,120.0,431.837,53.909,296.896,30.224
4,S-S3c#0,S/S3c,120.0,439.509,1150.519,307.831,31.668
4,S-S3c#0,S/S3c,120.0,540.483,227.953,302.487,40.037
4,S-S3c#0,S/S3c,120.0,523.828,1713.749,296.601,40.569
4,S-S3c#0,S/S3c,120.0,519.462,244.437,243.535,41.729
4,S-S3c#0,S/S3c,120.0,544.496,806.306,210.975,44.437
4,S-S3c#0,S/S3c,120.0,482.268,1694.816,200.314,39.161
4,S-S3c#0,S/S3c,120.0,403.812,1179.95,193.254,34.806
4,S-S3c#0,S/S3c,120.0,271.69,1607.647,158.448,26.449
4,S-S3c#0,S/S3c,120.0,197.115,645.758,129.167,21.101
4,S-S3c#0,S/S3c,120.0,182.299,802.553,110.464,22.322
4,S-S3c#0,S/S3c,120.0,188.689,1058.965,97.748,24.939
4,S-S3c#0,S/S3c,120.0,124.666,910.701,87.215,18.256
4,S-S3c#0,S/S3c,120.0,133.089,959.371,95.65,19.542
4,S-S3c#0,S/S3c,120.0,185.626,1171.694,95.277,27.855
4,S-S3c#0,S/S3c,120.0,157.697,274.143,103.6,23.376
4,S-S3c#0,S/S3c,120.0,167.651,429.177,91.357,24.821
4,S-S3c#0,S/S3c,120.0,144.708,217.017,78.435,21.16
4,S-S3c#0,S/S3c,120.0,101.303,311.391,55.883,14.765
4,S-S3c#0,S/S3c,120.0,132.935,445.147,63.406,19.371
4,S-S3c#0,S/S3c,120.0,179.315,29.779,71.725,25.029
4,S-S3c#0,S/S3c,120.0,196.682,259.368,70.498,26.032
4,S-S3c#0,S/S3c,120.0,521.725,228.992,534.694,63.27
4,S-S3c#0,S/S3c,120.0,230.234,312.107,78.548,26.636
4,S-S3c#0,S/S3c,120.0,212.054,174.887,74.057,24.729
4,S-S3c#0,S/S3c,120.0,243.986,147.376,90.339,28.579
4,S-S3c#0,S/S3c,120.0,249.311,811.415,83.924,28.824
4,S-S3c#0,S/S3c,120.0,206.325,428.028,88.511,25.236
4,S-S3c#0,S/S3c,120.0,191.526,1220.882,87.774,24.009
4,S-S3c#0,S/S3c,120.0,153.372,76.119,78.524,19.916
4,S-S3c#0,S/S3c,120.0,136.452,177.342,64.869,18.508
4,S-S3c#0,S/S3c,120.0,123.042,805.673,70.208,17.302
4,S-S3c#0,S/S3c,120.0,34.898,99.947,35.835,5.124
4,S-S3c#0,S/S3c,120.0,10.905,126.399,19.019,1.698
4,S-S3c#0,S/S3c,120.0,48.807,107.333,9.311,7.877
4,S-S3c#0,S/S3c,120.0,42.078,157.258,6.643,7.234
4,S-S3c#0,S/S3c,120.0,43.666,190.691,6.743,7.934
4,S-S3c#0,S/S3c,120.0,49.08,190.746,8.551,10.278
4,S-S3c#0,S/S3c,120.0,46.221,90.401,7.668,11.307
4,S-S3c#0,S/S3c,120.0,47.286,272.334,12.105,10.727
4,S-S3c#0,S/S3c,120.0,35.627,203.079,14.008,7.853
4,S-S3c#0,S/S3c,120.0,35.311,356.748,11.308,7.307
4,S-S3c#0,S/S3c,120.0,72.032,479.856,29.098,13.71
4,S-S3c#0,S/S3c,120.0,123.235,97.699,29.06,21.304
4,S-S3c#0,S/S3c,120.0,126.527,469.501,1.358,19.904
4,S-S3c#0,S/S3c,120.0,132.978,35.923,6.331,19.314
4,S-S3c#0,S/S3c,120.0,145.528,895.201,13.267,19.531
4,S-S3c#0,S/S3c,120.0,206.145,696.556,36.727,23.193
4,S-S3c#0,S/S3c,120.0,272.801,857.014,50.752,25.975
4,S-S3c#0,S/S3c,120.0,277.18,947.022,62.232,24.464
4,S-S3c#0,S/S3c,120.0,291.177,1133.902,42.538,23.217
4,S-S3c#0,S/S3c,120.0,323.216,1237.881,26.531,23.656
4,S-S3c#0,S/S3c,120.0,381.828,1348.257,59.171,24.775
4,S-S3c#0,S/S3c,120.0,471.44,2062.792,110.423,27.272
4,S-S3c#0,S/S3c,120.0,606.592,2241.11,160.537,31.276
4,S-S3c#0,S/S3c,120.0,710.127,1707.347,174.485,33.37
4,S-S3c#0,S/S3c,120.0,787.904,912.977,191.737,34.257
4,S-S3c#0,S/S3c,120.0,918.543,1326.172,211.187,36.844
4,S-S3c#0,S/S3c,120.0,1046.168,4114.14,232.39,39.109
4,S-S3c#0,S/S3c,120.0,1150.993,4366.615,197.256,41.045
4,S-S3c#0,S/S3c,120.0,1266.096,3741.197,92.551,42.933
4,S-S3c#0,S/S3c,120.0,1376.926,2920.827,28.439,43.537
4,S-S3c#0,S/S3c,120.0,1472.076,1608.554,124.596,44.14
4,S-S3c#0,S/S3c,120.0,1511.354,887.386,261.495,43.618
4,S-S3c#0,S/S3c,120.0,1555.556,721.739,409.473,43.979
4,S-S3c#0,S/S3c,120.0,1563.574,625.726,534.369,43.651
4,S-S3c#0,S/S3c,120.0,1575.862,807.653,660.849,43.798
4,S-S3c#0,S/S3c,120.0,1621.198,774.528,754.844,44.82
4,S-S3c#0,S/S3c,120.0,1654.816,719.07,823.963,45.44
4,S-S3c#0,S/S3c,120.0,1658.998,755.38,899.493,45.23
4,S-S3c#0,S/S3c,120.0,1696.6,664.997,945.73,46.028
4,S-S3c#0,S/S3c,120.0,1714.762,602.56,997.346,46.427
4,S-S3c#0,S/S3c,120.0,1756.331,440.004,1018.691,47.537
4,S-S3c#0,S/S3c,120.0,1753.488,285.492,1031.559,47.363
4,S-S3c#0,S/S3c,120.0,1787.34,159.051,997.692,48.245
4,S-S3c#0,S/S3c,120.0,1790.318,466.682,973.584,48.378
4,S-S3c#0,S/S3c,120.0,1752.843,790.561,914.338,47.613
4,S-S3c#0,S/S3c,120.0,1753.063,1266.262,836.149,47.721
4,S-S3c#0,S/S3c,120.0,1779.952,1813.709,684.918,48.478
4,S-S3c#0,S/S3c,120.0,1783.412,2227.298,609.217,48.567
4,S-S3c#0,S/S3c,120.0,1789.785,2355.687,474.862,48.662
4,S-S3c#0,S/S3c,120.0,1776.387,2287.687,373.554,48.271
4,S-S3c#0,S/S3c,120.0,1822.167,2198.428,224.726,49.408
4,S-S3c#0,S/S3c,120.0,1840.002,2002.298,89.899,49.873
4,S-S3c#0,S/S3c,120.0,1823.065,1792.766,52.948,49.406
4,S-S3c#0,S/S3c,120.0,1805.824,1783.524,173.251,48.794
4,S-S3c#0,S/S3c,120.0,1777.747,1336.576,267.162,48.044
4,S-S3c#0,S/S3c,120.0,1762.415,1022.39,323.408,48.11
4,S-S3c#0,S/S3c,120.0,1687.891,639.901,397.884,47.012
4,S-S3c#0,S/S3c,120.0,1626.232,427.334,448.945,46.548
4,S-S3c#0,S/S3c,120.0,1544.173,371.189,481.321,45.577
4,S-S3c#0,S/S3c,120.0,1470.326,548.961,526.976,44.95
4,S-S3c#0,S/S3c,120.0,1411.026,691.571,544.822,44.5
4,S-S3c#0,S/S3c,120.0,1314.233,890.924,561.819,42.609
4,S-S3c#0,S/S3c,120.0,1145.049,1011.497,555.397,38.606
4,S-S3c#0,S/S3c,120.0,1052.292,818.217,558.014,36.605
4,S-S3c#0,S/S3c,120.0,1005.192,1039.688,596.428,36.025
4,S-S3c#0,S/S3c,120.0,930.135,1170.995,568.793,35.449
4,S-S3c#0,S/S3c,120.0,831.801,990.983,547.807,33.673
4,S-S3c#0,S/S3c,120.0,785.316,991.984,529.052,32.854
4,S-S3c#0,S/S3c,120.0,768.269,1069.681,479.123,33.038
4,S-S3c#0,S/S3c,120.0,698.016,1205.966,420.782,31.4
4,S-S3c#0,S/S3c,120.0,662.119,1302.506,428.956,30.544
4,S-S3c#0,S/S3c,120.0,616.834,1567.393,431.417,28.775
4,S-S3c#0,S/S3c,120.0,517.153,1591.945,376.128,25.54
4,S-S3c#0,S/S3c,120.0,419.618,633.782,269.152,22.234
4,S-S3c#0,S/S3c,120.0,350.16,2730.235,226.517,19.887
4,S-S3c#0,S/S3c,120.0,268.409,2713.093,217.07,16.266
4,S-S3c#0,S/S3c,120.0,221.588,2408.108,219.532,14.347
4,S-S3c#0,S/S3c,120.0,212.579,1991.665,231.536,14.011
4,S-S3c#0,S/S3c,120.0,183.098,1349.655,244.035,12.341
4,S-S3c#0,S/S3c,120.0,133.681,1433.628,244.463,9.454
4,S-S3c#0,S/S3c,120.0,115.304,604.695,258.641,8.331
4,S-S3c#0,S/S3c,120.0,86.039,1971.629,258.842,6.302
4,S-S3c#0,S/S3c,120.0,36.323,1464.213,196.528,2.832
4,S-S3c#0,S/S3c,120.0,117.969,1078.164,138.33,9.596
4,S-S3c#0,S/S3c,120.0,156.049,236.877,150.32,12.528
4,S-S3c#0,S/S3c,120.0,175.369,1077.476,116.755,14.31
4,S-S3c#0,S/S3c,120.0,154.505,934.92,65.371,12.506
4,S-S3c#0,S/S3c,120.0,120.152,878.657,28.48,9.9
4,S-S3c#0,S/S3c,120.0,60.526,624.456,24.346,5.143
4,S-S3c#0,S/S3c,120.0,40.769,421.774,40.298,3.659
4,S-S3c#0,S/S3c,120.0,48.068,395.981,57.244,4.513
4,S-S3c#0,S/S3c,120.0,86.978,645.372,80.934,8.215
4,S-S3c#0,S/S3c,120.0,127.644,734.486,89.743,12.411
4,S-S3c#0,S/S3c,120.0,96.626,534.614,83.617,9.243
4,S-S3c#0,S/S3c,120.0,80.382,611.146,97.99,7.429
4,S-S3c#0,S/S3c,120.0,64.364,373.37,92.744,6.251
4,S-S3c#0,S/S3c,120.0,96.497,109.825,110.258,9.69
4,S-S3c#0,S/S3c,120.0,126.777,467.833,126.375,12.917
4,S-S3c#0,S/S3c,120.0,169.392,84.898,122.552,17.633
4,S-S3c#0,S/S3c,120.0,171.765,73.87,98.734,18.25
4,S-S3c#0,S/S3c,120.0,148.868,236.079,73.242,15.648
4,S-S3c#0,S/S3c,120.0,146.589,374.358,58.918,15.164
4,S-S3c#0,S/S3c,120.0,115.878,486.64,47.784,11.531
4,S-S3c#0,S/S3c,120.0,148.157,379.223,63.14,15.116
4,S-S3c#0,S/S3c,120.0,158.406,333.947,78.405,16.268
4,S-S3c#0,S/S3c,120.0,170.964,657.778,83.987,18.123
4,S-S3c#0,S/S3c,120.0,149.363,348.602,79.533,16.732
4,S-S3c#0,S/S3c,120.0,108.049,227.357,69.02,11.7
4,S-S3c#0,S/S3c,120.0,103.925,85.46,53.938,11.771
4,S-S3c#0,S/S3c,120.0,99.007,273.036,52.324,10.961
4,S-S3c#0,S/S3c,120.0,65.807,554.52,47.748,7.175
4,S-S3c#0,S/S3c,120.0,62.88,473.43,44.373,6.632
4,S-S3c#0,S/S3c,120.0,107.054,385.508,52.437,11.107
4,S-S3c#0,S/S3c,120.0,149.495,459.559,69.817,15.229
4,S-S3c#0,S/S3c,120.0,157.611,525.779,55.118,16.987
4,S-S3c#0,S/S3c,120.0,161.772,122.216,66.935,18.184
4,S-S3c#0,S/S3c,120.0,155.614,923.763,53.998,19.355
4,S-S3c#0,S/S3c,120.0,133.061,1096.68,49.705,18.153
4,S-S3c#0,S/S3c,120.0,117.476,519.187,32.515,17.234
4,S-S3c#0,S/S3c,120.0,109.677,516.675,35.705,18.705
4,S-S3c#0,S/S3c,120.0,84.235,543.022,19.137,15.345
4,S-S3c#0,S/S3c,120.0,84.364,484.505,16.343,17.484
4,S-S3c#0,S/S3c,120.0,77.965,849.962,18.663,16.043
4,S-S3c#0,S/S3c,120.0,90.711,902.761,32.141,17.536
4,S-S3c#0,S/S3c,120.0,96.795,1014.47,38.699,17.588
4,S-S3c#0,S/S3c,120.0,90.101,422.859,32.087,17.992
4,S-S3c#0,S/S3c,120.0,84.802,677.81,38.863,18.606
4,S-S3c#0,S/S3c,120.0,84.055,385.109,27.663,20.213
4,S-S3c#0,S/S3c,120.0,81.124,385.09,20.986,19.5
4,S-S3c#0,S/S3c,120.0,99.991,434.709,20.434,21.535
4,S-S3c#0,S/S3c,120.0,133.877,559.553,20.315,22.777
4,S-S3c#0,S/S3c,120.0,186.969,731.498,55.586,25.475
4,S-S3c#0,S/S3c,120.0,247.314,860.917,14.609,27.925
4,S-S3c#0,S/S3c,120.0,267.589,1575.079,33.45,26.328
4,S-S3c#0,S/S3c,120.0,344.266,391.063,5.544,31.605
4,S-S3c#0,S/S3c,120.0,337.899,746.368,6.813,30.67
4,S-S3c#0,S/S3c,120.0,373.544,383.474,44.465,34.769
4,S-S3c#0,S/S3c,120.0,479.464,1029.844,294.407,46.278
4,S-S3c#0,S/S3c,120.0,473.64,1029.417,302.555,45.719
4,S-S3c#0,S/S3c,120.0,519.996,1099.647,332.134,47.022
4,S-S3c#0,S/S3c,120.0,620.367,1237.792,379.81,49.905
4,S-S3c#0,S/S3c,120.0,520.254,152.132,82.326,38.651
4,S-S3c#0,S/S3c,120.0,531.95,473.434,85.386,38.52
4,S-S3c#0,S/S3c,120.0,491.655,598.402,76.524,35.662
4,S-S3c#0,S/S3c,120.0,475.783,535.352,66.369,35.106
4,S-S3c#0,S/S3c,120.0,525.359,966.326,71.119,39.473
4,S-S3c#0,S/S3c,120.0,431.697,561.686,59.842,33.026
4,S-S3c#0,S/S3c,120.0,405.303,481.544,38.743,32.207
4,S-S3c#0,S/S3c,120.0,394.515,962.823,42.994,33.695
4,S-S3c#0,S/S3c,120.0,462.806,1113.199,137.992,36.773
4,S-S3c#0,S/S3c,120.0,520.219,1166.924,151.86,37.572
4,S-S3c#0,S/S3c,120.0,431.97,59.418,24.394,29.923
4,S-S3c#0,S/S3c,120.0,333.121,359.708,4.249,23.277
4,S-S3c#0,S/S3c,120.0,249.191,611.767,6.68,17.953
4,S-S3c#0,S/S3c,120.0,283.086,485.257,8.859,21.019
4,S-S3c#0,S/S3c,120.0,270.196,556.027,34.044,20.422
4,S-S3c#0,S/S3c,120.0,278.05,522.809,61.653,21.098
4,S-S3c#0,S/S3c,120.0,321.352,1770.365,68.375,24.403
4,S-S3c#0,S/S3c,120.0,361.805,2333.111,62.937,28.668
4,S-S3c#0,S/S3c,120.0,340.873,1281.89,62.554,27.127
4,S-S3c#0,S/S3c,120.0,364.231,1599.172,59.753,27.904
4,S-S3c#0,S/S3c,120.0,316.448,580.213,63.595,25.173
4,S-S3c#0,S/S3c,120.0,309.93,545.763,53.121,26.866
4,S-S3c#0,S/S3c,120.0,299.972,937.335,47.19,27.153
4,S-S3c#0,S/S3c,120.0,263.276,1456.898,68.697,23.902
4,S-S3c#0,S/S3c,120.0,233.362,363.382,60.37,21.091
4,S-S3c#0,S/S3c,120.0,186.206,474.667,50.203,17.74
4,S-S3c#0,S/S3c,120.0,172.277,514.447,48.964,18.009
4,S-S3c#0,S/S3c,120.0,173.159,694.23,86.78,18.748
4,S-S3c#0,S/S3c,120.0,170.378,86.472,72.202,19.19
4,S-S3c#0,S/S3c,120.0,187.598,167.987,10.047,21.44
4,S-S3c#0,S/S3c,120.0,193.428,342.713,30.629,22.179
4,S-S3c#0,S/S3c,120.0,137.036,278.896,17.672,16.127
4,S-S3c#0,S/S3c,120.0,163.948,799.406,6.258,18.907
4,S-S3c#0,S/S3c,120.0,100.381,374.542,66.476,10.748
4,S-S3c#0,S/S3c,120.0,133.074,1242.013,49.804,14.058
4,S-S3c#0,S/S3c,120.0,135.133,493.144,56.49,15.453
4,S-S3c#0,S/S3c,120.0,147.362,335.131,33.282,18.52
4,S-S3c#0,S/S3c,120.0,80.932,481.649,77.998,9.997
4,S-S3c#0,S/S3c,120.0,102.603,191.599,60.056,12.194
4,S-S3c#0,S/S3c,120.0,199.858,632.436,27.514,24.113
4,S-S3c#0,S/S3c,120.0,173.653,970.334,30.766,21.25
4,S-S3c#0,S/S3c,120.0,197.755,429.555,14.489,24.79
4,S-S3c#0,S/S3c,120.0,166.451,292.922,45.614,21.621
4,S-S3c#0,S/S3c,120.0,154.404,395.645,27.002,20.241
4,S-S3c#0,S/S3c,120.0,118.448,755.011,29.227,15.242
4,S-S3c#0,S/S3c,120.0,80.317,586.404,16.313,10.511
4,S-S3c#0,S/S3c,120.0,73.99,600.606,19.528,10.302
4,S-S3c#0,S/S3c,120.0,66.568,279.061,17.289,9.014
4,S-S3c#0,S/S3c,120.0,41.438,974.085,51.94,5.25
4,S-S3c#0,S/S3c,120.0,50.4,1070.998,36.1,6.474
4,S-S3c#0,S/S3c,120.0,23.82,97.603,34.125,3.001
4,S-S3c#0,S/S3c,120.0,34.718,159.318,25.003,4.28
4,S-S3c#0,S/S3c,120.0,221.511,213.963,192.904,26.777
4,S-S3c#0,S/S3c,120.0,58.929,924.146,31.589,6.76
4,S-S3c#0,S/S3c,120.0,111.281,677.719,53.174,12.337
4,S-S3c#0,S/S3c,120.0,129.394,211.752,27.11,13.574
4,S-S3c#0,S/S3c,120.0,154.645,522.809,23.408,16.006
4,S-S3c#0,S/S3c,120.0,248.923,706.337,83.861,25.707
4,S-S3c#0,S/S3c,120.0,94.07,744.918,245.715,9.415
4,S-S3c#0,S/S3c,120.0,163.082,676.031,12.074,16.044
4,S-S3c#0,S/S3c,120.0,215.487,288.263,2.593,22.245
4,S-S3c#0,S/S3c,120.0,151.667,1162.922,20.704,15.395
4,S-S3c#0,S/S3c,120.0,167.912,1436.745,18.408,17.743
4,S-S3c#0,S/S3c,120.0,181.715,1521.256,51.46,19.901
4,S-S3c#0,S/S3c,120.0,278.251,793.204,154.153,30.211
4,S-S3c#0,S/S3c,120.0,182.64,752.462,10.177,20.414
4,S-S3c#0,S/S3c,120.0,620.342,648.082,731.747,66.779
4,S-S3c#0,S/S3c,120.0,70.36,384.174,30.466,6.997
4,S-S3c#0,S/S3c,120.0,90.224,463.483,60.112,8.239
4,S-S3c#0,S/S3c,120.0,144.756,610.131,77.526,12.062
4,S-S3c#0,S/S3c,120.0,213.347,462.025,74.253,16.311
4,S-S3c#0,S/S3c,120.0,286.713,522.783,171.965,20.581
4,S-S3c#0,S/S3c,120.0,256.771,887.163,59.766,16.858
4,S-S3c#0,S/S3c,120.0,283.565,898.934,70.528,17.468
4,S-S3c#0,S/S3c,120.0,311.544,910.181,18.423,17.456
4,S-S3c#0,S/S3c,120.0,393.924,1210.902,185.841,20.439
4,S-S3c#0,S/S3c,120.0,359.112,791.986,32.286,17.896
4,S-S3c#0,S/S3c,120.0,318.076,1269.199,42.305,14.974
4,S-S3c#0,S/S3c,120.0,327.666,1760.597,73.456,15.067
4,S-S3c#0,S/S3c,120.0,370.822,1933.72,76.582,17.091
4,S-S3c#0,S/S3c,120.0,416.457,1817.326,82.331,19.243
4,S-S3c#0,S/S3c,120.0,445.817,1920.524,75.893,20.637
4,S-S3c#0,S/S3c,120.0,431.253,1929.257,74.957,19.954
4,S-S3c#0,S/S3c,120.0,421.902,1912.459,80.986,19.365
4,S-S3c#0,S/S3c,120.0,355.655,1993.312,78.59,16.27
4,S-S3c#0,S/S3c,120.0,317.552,2065.714,84.957,14.824
4,S-S3c#0,S/S3c,120.0,296.442,2220.762,91.663,15.107
4,S-S3c#0,S/S3c,120.0,297.585,2397.139,55.688,16.569
4,S-S3c#0,S/S3c,120.0,255.246,2371.932,58.914,15.346
4,S-S3c#0,S/S3c,120.0,241.339,2085.934,7.213,15.178
4,S-S3c#0,S/S3c,120.0,93.719,1932.523,51.926,5.932
4,S-S3c#0,S/S3c,120.0,62.906,1537.274,36.461,3.955
4,S-S3c#0,S/S3c,120.0,65.721,470.858,12.87,4.105
4,S-S3c#0,S/S3c,120.0,136.583,371.551,12.877,8.533
4,S-S3c#0,S/S3c,120.0,256.953,458.619,10.323,16.245
4,S-S3c#0,S/S3c,120.0,341.095,653.544,22.463,21.979
4,S-S3c#0,S/S3c,120.0,415.642,895.548,37.101,27.28
4,S-S3c#0,S/S3c,120.0,419.594,946.402,66.241,26.891
4,S-S3c#0,S/S3c,120.0,399.571,964.266,112.261,23.32
4,S-S3c#0,S/S3c,120.0,535.448,1426.599,183.673,28.85
4,S-S3c#0,S/S3c,120.0,555.184,662.689,219.804,27.856
4,S-S3c#0,S/S3c,120.0,522.466,1697.395,251.577,25.253
4,S-S3c#0,S/S3c,120.0,521.591,2116.003,281.967,25.211
4,S-S3c#0,S/S3c,120.0,472.976,2106.675,336.815,22.955
4,S-S3c#0,S/S3c,120.0,442.022,2163.489,377.492,21.54
4,S-S3c#0,S/S3c,120.0,373.21,2253.281,376.325,18.248
4,S-S3c#0,S/S3c,120.0,328.418,2078.582,386.345,16.087
4,S-S3c#0,S/S3c,120.0,238.294,1905.681,396.063,11.567
4,S-S3c#0,S/S3c,120.0,256.207,1747.125,426.478,12.158
4,S-S3c#0,S/S3c,120.0,217.135,1951.626,472.924,10.276
4,S-S3c#0,S/S3c,120.0,112.049,1820.063,362.317,5.546
4,S-S3c#0,S/S3c,120.0,299.079,2319.076,592.08,15.88
4,S-S3c#0,S/S3c,120.0,192.944,2478.787,475.397,10.929
4,S-S3c#0,S/S3c,120.0,179.133,2451.46,477.246,10.464
4,S-S3c#0,S/S3c,120.0,205.74,2470.671,453.856,12.057
4,S-S3c#0,S/S3c,120.0,237.553,2495.09,552.59,14.01
4,S-S3c#0,S/S3c,120.0,268.404,2728.739,619.611,15.824
4,S-S3c#0,S/S3c,120.0,305.653,2443.644,652.121,17.978
4,S-S3c#0,S/S3c,120.0,256.43,2348.692,689.137,15.074
4,S-S3c#0,S/S3c,120.0,306.133,2412.334,718.47,18.388
4,S-S3c#0,S/S3c,120.0,298.528,2429.069,655.036,19.574
4,S-S3c#0,S/S3c,120.0,338.111,1982.509,596.865,25.057
4,S-S3c#0,S/S3c,120.0,330.296,1598.178,566.926,24.749
4,S-S3c#0,S/S3c,120.0,555.292,1156.671,817.694,40.585
4,S-S3c#0,S/S3c,120.0,722.328,1820.286,936.31,54.23
4,S-S3c#0,S/S3c,120.0,245.935,306.743,270.643,20.505
4,S-S3c#0,S/S3c,120.0,209.181,461.814,196.322,20.083
4,S-S3c#0,S/S3c,120.0,198.472,442.258,144.503,22.41
4,S-S3c#0,S/S3c,120.0,161.617,428.397,99.378,22.426
4,S-S3c#0,S/S3c,120.0,111.189,588.152,72.25,20.231
4,S-S3c#0,S/S3c,120.0,93.103,689.083,70.34,23.999
4,S-S3c#0,S/S3c,120.0,118.185,534.254,99.657,37.325
4,S-S3c#0,S/S3c,120.0,194.205,309.097,161.458,50.217
4,S-S3c#0,S/S3c,120.0,238.862,484.918,197.183,51.076
4,S-S3c#0,S/S3c,120.0,177.124,1144.086,142.35,36.968
4,S-S3c#0,S/S3c,120.0,178.423,425.195,113.712,38.246
4,S-S3c#0,S/S3c,120.0,193.459,334.295,109.66,39.85
4,S-S3c#0,S/S3c,120.0,184.51,326.721,57.056,36.828
4,S-S3c#0,S/S3c,120.0,90.108,226.031,110.366,12.689
4,S-S3c#0,S/S3c,120.0,81.675,191.355,106.947,10.037
4,S-S3c#0,S/S3c,120.0,316.045,244.207,436.925,37.07
4,S-S3c#0,S/S3c,120.0,241.205,189.672,368.826,27.256
4,S-S3c#0,S/S3c,120.0,136.386,166.125,127.115,14.749
4,S-S3c#0,S/S3c,120.0,164.111,239.122,121.161,18.262
4,S-S3c#0,S/S3c,120.0,171.925,104.807,124.907,20.918
