<?xml version="1.0" encoding="UTF-8"?>
<osm version="0.6" generator="Overpass API 0.7.62.11 87bfad18">
<note>The data included in this document is from www.openstreetmap.org. The data is made available under ODbL.</note>
<meta osm_base="2026-09-07T13:24:02Z"/>

  <node id="316753301" lat="26.8797552" lon="75.7403063"/>
  <node id="316753303" lat="26.8793302" lon="75.7449000"/>
  <node id="316753305" lat="26.8793564" lon="75.7495299"/>
  <node id="316753306" lat="26.8793740" lon="75.7512368"/>
  <node id="316753307" lat="26.8793007" lon="75.7525162"/>
  <node id="316753308" lat="26.8791868" lon="75.7541200"/>
  <node id="316753309" lat="26.8792112" lon="75.7545931"/>
  <node id="316753311" lat="26.8793500" lon="75.7551954"/>
  <node id="316753315" lat="26.8801815" lon="75.7584031"/>
  <node id="316753317" lat="26.8801723" lon="75.7587465"/>
  <node id="316753319" lat="26.8800918" lon="75.7591721"/>
  <node id="316753322" lat="26.8798875" lon="75.7596877"/>
  <node id="316753324" lat="26.8796077" lon="75.7602238"/>
  <node id="316753326" lat="26.8794252" lon="75.7606757"/>
  <node id="316753328" lat="26.8793661" lon="75.7610990"/>
  <node id="316753329" lat="26.8793883" lon="75.7614173"/>
  <node id="316753336" lat="26.8763169" lon="75.7475191"/>
  <node id="316753337" lat="26.8768229" lon="75.7474293"/>
  <node id="316753338" lat="26.8776722" lon="75.7477471"/>
  <node id="316753340" lat="26.8788264" lon="75.7486327"/>
  <node id="316753341" lat="26.8791768" lon="75.7491898"/>
  <node id="316753357" lat="26.8786974" lon="75.7482232"/>
  <node id="316753358" lat="26.8792706" lon="75.7482366"/>
  <node id="316753359" lat="26.8793520" lon="75.7482244"/>
  <node id="316753448" lat="26.8542716" lon="75.7607859"/>
  <node id="316753450" lat="26.8577769" lon="75.7568349"/>
  <node id="316753452" lat="26.8587137" lon="75.7561428"/>
  <node id="316753453" lat="26.8597642" lon="75.7556142"/>
  <node id="316753457" lat="26.8738725" lon="75.7487517"/>
  <node id="316927605" lat="26.8884722" lon="75.7512363"/>
  <node id="316927608" lat="26.8843034" lon="75.7522033"/>
  <node id="316927610" lat="26.8838953" lon="75.7522953"/>
  <node id="316927611" lat="26.8831903" lon="75.7522546"/>
  <node id="316927612" lat="26.8824891" lon="75.7521452"/>
  <node id="316927613" lat="26.8806395" lon="75.7515728"/>
  <node id="316927907" lat="26.8787796" lon="75.7329173"/>
  <node id="316927908" lat="26.8791639" lon="75.7336031"/>
  <node id="316927910" lat="26.8799503" lon="75.7355594"/>
  <node id="316927911" lat="26.8800891" lon="75.7367839"/>
  <node id="319081954" lat="26.8664273" lon="75.7712861"/>
  <node id="319082707" lat="26.8654278" lon="75.7724862"/>
  <node id="319082709" lat="26.8668215" lon="75.7705394"/>
  <node id="319082710" lat="26.8672398" lon="75.7690863"/>
  <node id="319082711" lat="26.8673660" lon="75.7677472"/>
  <node id="319082712" lat="26.8673507" lon="75.7659606"/>
  <node id="319082995" lat="26.8673032" lon="75.7646317"/>
  <node id="319082997" lat="26.8672771" lon="75.7640549"/>
  <node id="319082998" lat="26.8673277" lon="75.7636944"/>
  <node id="319082999" lat="26.8676935" lon="75.7630832"/>
  <node id="319083000" lat="26.8680801" lon="75.7624635"/>
  <node id="319083001" lat="26.8693807" lon="75.7611571"/>
  <node id="319083003" lat="26.8701810" lon="75.7607020"/>
  <node id="319083004" lat="26.8712728" lon="75.7602061"/>
  <node id="319083005" lat="26.8719542" lon="75.7599315"/>
  <node id="319083006" lat="26.8732881" lon="75.7596325"/>
  <node id="319083007" lat="26.8736322" lon="75.7595292"/>
  <node id="319083010" lat="26.8764510" lon="75.7585966"/>
  <node id="319083013" lat="26.8788303" lon="75.7576184"/>
  <node id="319083014" lat="26.8791662" lon="75.7576597"/>
  <node id="319083015" lat="26.8796984" lon="75.7577285"/>
  <node id="319083018" lat="26.8800812" lon="75.7578114"/>
  <node id="319083518" lat="26.8495940" lon="75.7738344"/>
  <node id="319083519" lat="26.8498718" lon="75.7737382"/>
  <node id="319083520" lat="26.8505104" lon="75.7735539"/>
  <node id="319083522" lat="26.8507031" lon="75.7735646"/>
  <node id="319083523" lat="26.8515647" lon="75.7737325"/>
  <node id="319083524" lat="26.8518556" lon="75.7737794"/>
  <node id="319083525" lat="26.8526905" lon="75.7736367"/>
  <node id="319083526" lat="26.8559350" lon="75.7730977"/>
  <node id="319083527" lat="26.8563120" lon="75.7730507"/>
  <node id="319083528" lat="26.8573736" lon="75.7731877"/>
  <node id="319083529" lat="26.8586419" lon="75.7733260"/>
  <node id="319083531" lat="26.8610921" lon="75.7736271"/>
  <node id="319083532" lat="26.8620716" lon="75.7737421"/>
  <node id="319083533" lat="26.8634226" lon="75.7738726"/>
  <node id="319083534" lat="26.8637452" lon="75.7737437"/>
  <node id="319083535" lat="26.8642263" lon="75.7734628"/>
  <node id="319083536" lat="26.8647946" lon="75.7730434"/>
  <node id="1064318759" lat="26.8879939" lon="75.7375892"/>
  <node id="2007649407" lat="26.8494869" lon="75.7739167"/>
  <node id="2007653879" lat="26.8505618" lon="75.7626517"/>
  <node id="2007653881" lat="26.8522139" lon="75.7673946"/>
  <node id="2007653883" lat="26.8545969" lon="75.7733682"/>
  <node id="2007655150" lat="26.8647048" lon="75.7583287"/>
  <node id="2007655156" lat="26.8659353" lon="75.7614557"/>
  <node id="2007655158" lat="26.8661064" lon="75.7617806"/>
  <node id="2007655160" lat="26.8665287" lon="75.7622067"/>
  <node id="2007655162" lat="26.8669333" lon="75.7702043"/>
  <node id="2105397672" lat="26.8886589" lon="75.7369017">
    <tag k="highway" v="traffic_signals"/>
    <tag k="traffic_signals" v="signal"/>
    <tag k="traffic_signals:direction" v="forward"/>
  </node>
  <node id="2105397772" lat="26.8911485" lon="75.7419064"/>
  <node id="2696139146" lat="26.8527360" lon="75.7671338"/>
  <node id="2696139148" lat="26.8544091" lon="75.7662707"/>
  <node id="2696139149" lat="26.8545385" lon="75.7662434"/>
  <node id="2696139151" lat="26.8580313" lon="75.7662066"/>
  <node id="2696139153" lat="26.8582492" lon="75.7661159"/>
  <node id="2696139154" lat="26.8588600" lon="75.7655132"/>
  <node id="2696139159" lat="26.8620109" lon="75.7623934"/>
  <node id="2696139160" lat="26.8623107" lon="75.7619711"/>
  <node id="2696139163" lat="26.8635276" lon="75.7589424"/>
  <node id="2696139164" lat="26.8636521" lon="75.7588342"/>
  <node id="2696139169" lat="26.8659509" lon="75.7529857"/>
  <node id="2696139170" lat="26.8672669" lon="75.7521789"/>
  <node id="2696139171" lat="26.8675000" lon="75.7569039"/>
  <node id="2696139174" lat="26.8688877" lon="75.7562354"/>
  <node id="2696139175" lat="26.8691784" lon="75.7610613"/>
  <node id="2696139176" lat="26.8697743" lon="75.7510656"/>
  <node id="2696139177" lat="26.8697002" lon="75.7583237"/>
  <node id="2696139179" lat="26.8705160" lon="75.7602989"/>
  <node id="2696139181" lat="26.8713404" lon="75.7550325"/>
  <node id="2696139187" lat="26.8727434" lon="75.7543288"/>
  <node id="2696139197" lat="26.8755884" lon="75.7529460"/>
  <node id="2696139212" lat="26.8776259" lon="75.7526638"/>
  <node id="2696139216" lat="26.8777933" lon="75.7561837"/>
  <node id="2696139219" lat="26.8781526" lon="75.7572733"/>
  <node id="2696139221" lat="26.8779634" lon="75.7526327"/>
  <node id="2696139223" lat="26.8779692" lon="75.7527349"/>
  <node id="2696139224" lat="26.8779836" lon="75.7530321"/>
  <node id="2696139226" lat="26.8783424" lon="75.7576182"/>
  <node id="2696139262" lat="26.8793134" lon="75.7456228"/>
  <node id="2696139268" lat="26.8798643" lon="75.7348987"/>
  <node id="2696139270" lat="26.8800364" lon="75.7566585"/>
  <node id="2696139281" lat="26.8804407" lon="75.7351547"/>
  <node id="2696139301" lat="26.8810981" lon="75.7369435"/>
  <node id="2696139313" lat="26.8812125" lon="75.7372707"/>
  <node id="2696139321" lat="26.8813008" lon="75.7344522"/>
  <node id="2696139322" lat="26.8813299" lon="75.7374928"/>
  <node id="2696139324" lat="26.8813969" lon="75.7349416"/>
  <node id="2696139330" lat="26.8815783" lon="75.7358193"/>
  <node id="2696139341" lat="26.8817529" lon="75.7454570"/>
  <node id="2696139349" lat="26.8820498" lon="75.7356302"/>
  <node id="2696139354" lat="26.8821061" lon="75.7453457"/>
  <node id="2696139355" lat="26.8821844" lon="75.7362134"/>
  <node id="2696139356" lat="26.8822677" lon="75.7346855"/>
  <node id="2696139358" lat="26.8823519" lon="75.7350652"/>
  <node id="2696139361" lat="26.8824514" lon="75.7355037"/>
  <node id="2696139363" lat="26.8825199" lon="75.7354769"/>
  <node id="2696139365" lat="26.8826711" lon="75.7318084"/>
  <node id="2696139370" lat="26.8830336" lon="75.7555618"/>
  <node id="2696139371" lat="26.8831967" lon="75.7330199"/>
  <node id="2696139372" lat="26.8831891" lon="75.7329040"/>
  <node id="2696139373" lat="26.8831625" lon="75.7327897"/>
  <node id="2696139374" lat="26.8832703" lon="75.7334752"/>
  <node id="2696139375" lat="26.8833280" lon="75.7339400"/>
  <node id="2696139376" lat="26.8834041" lon="75.7343683"/>
  <node id="2696139378" lat="26.8834797" lon="75.7347782"/>
  <node id="2696139379" lat="26.8836675" lon="75.7401918"/>
  <node id="2696139381" lat="26.8835756" lon="75.7351976"/>
  <node id="2696139385" lat="26.8837746" lon="75.7358112"/>
  <node id="2696139390" lat="26.8839449" lon="75.7356877"/>
  <node id="2696139393" lat="26.8843973" lon="75.7350249"/>
  <node id="2696139394" lat="26.8842620" lon="75.7445021"/>
  <node id="2696139396" lat="26.8846810" lon="75.7356746"/>
  <node id="2696139399" lat="26.8848493" lon="75.7349691"/>
  <node id="2696139400" lat="26.8849355" lon="75.7345694"/>
  <node id="2696139402" lat="26.8849832" lon="75.7356554"/>
  <node id="2696139405" lat="26.8852225" lon="75.7339820"/>
  <node id="2696139406" lat="26.8852298" lon="75.7335670"/>
  <node id="2696139408" lat="26.8853996" lon="75.7333716"/>
  <node id="2696139409" lat="26.8857106" lon="75.7332069"/>
  <node id="2696139411" lat="26.8856720" lon="75.7436933"/>
  <node id="2696139414" lat="26.8859221" lon="75.7330130"/>
  <node id="2696139421" lat="26.8863960" lon="75.7327465"/>
  <node id="2696139425" lat="26.8865410" lon="75.7543270"/>
  <node id="2830752724" lat="26.8864761" lon="75.7326878"/>
  <node id="2830764250" lat="26.8540336" lon="75.7609756"/>
  <node id="2830764251" lat="26.8608206" lon="75.7635406"/>
  <node id="2830764252" lat="26.8658217" lon="75.7526743"/>
  <node id="2830764253" lat="26.8671987" lon="75.7520078"/>
  <node id="2830764254" lat="26.8692646" lon="75.7612476"/>
  <node id="2830764255" lat="26.8696631" lon="75.7507794"/>
  <node id="2830764256" lat="26.8705917" lon="75.7604850"/>
  <node id="2830764257" lat="26.8731698" lon="75.7596658"/>
  <node id="2830764260" lat="26.8800637" lon="75.7383564"/>
  <node id="2891846125" lat="26.8798107" lon="75.7568041">
    <tag k="highway" v="traffic_signals"/>
    <tag k="traffic_signals" v="signal"/>
    <tag k="traffic_signals:direction" v="forward"/>
  </node>
  <node id="2892027355" lat="26.8481556" lon="75.7692124"/>
  <node id="2892027357" lat="26.8498796" lon="75.7684157"/>
  <node id="2892027358" lat="26.8504129" lon="75.7682263"/>
  <node id="2892027359" lat="26.8512332" lon="75.7678674"/>
  <node id="3077994634" lat="26.8494564" lon="75.7686144"/>
  <node id="3096017360" lat="26.8835210" lon="75.7349723"/>
  <node id="3227744436" lat="26.8520120" lon="75.7737729"/>
  <node id="3779215748" lat="26.8511868" lon="75.7399637"/>
  <node id="3779215750" lat="26.8513227" lon="75.7401440"/>
  <node id="3779215755" lat="26.8515320" lon="75.7403837"/>
  <node id="3779215756" lat="26.8519438" lon="75.7408852"/>
  <node id="3779215760" lat="26.8521968" lon="75.7411998"/>
  <node id="3779215762" lat="26.8522731" lon="75.7413250"/>
  <node id="3779215766" lat="26.8524448" lon="75.7415513"/>
  <node id="3779215772" lat="26.8527689" lon="75.7419828"/>
  <node id="3779215773" lat="26.8529100" lon="75.7421080"/>
  <node id="3779215782" lat="26.8531801" lon="75.7424487"/>
  <node id="3779215784" lat="26.8534046" lon="75.7426689"/>
  <node id="3779215785" lat="26.8535899" lon="75.7429048"/>
  <node id="3779215787" lat="26.8539933" lon="75.7433721"/>
  <node id="3779215788" lat="26.8538834" lon="75.7612639"/>
  <node id="3779215789" lat="26.8542371" lon="75.7437583"/>
  <node id="3779215791" lat="26.8543788" lon="75.7440707"/>
  <node id="3779215792" lat="26.8542352" lon="75.7610233"/>
  <node id="3779215794" lat="26.8544259" lon="75.7441755"/>
  <node id="3779215795" lat="26.8553354" lon="75.7598034"/>
  <node id="3779215797" lat="26.8547445" lon="75.7447579"/>
  <node id="3779215798" lat="26.8548928" lon="75.7450757"/>
  <node id="3779215799" lat="26.8551090" lon="75.7455782"/>
  <node id="3779215800" lat="26.8553921" lon="75.7460446"/>
  <node id="3779215803" lat="26.8555841" lon="75.7464289"/>
  <node id="3779215804" lat="26.8558067" lon="75.7467571"/>
  <node id="3779215805" lat="26.8560408" lon="75.7470597"/>
  <node id="3779215807" lat="26.8563191" lon="75.7587393"/>
  <node id="3779215808" lat="26.8563947" lon="75.7586585"/>
  <node id="3779215809" lat="26.8563290" lon="75.7474421"/>
  <node id="3779215810" lat="26.8564312" lon="75.7583528"/>
  <node id="3779215812" lat="26.8564946" lon="75.7477389"/>
  <node id="3779215815" lat="26.8566944" lon="75.7480500"/>
  <node id="3779215817" lat="26.8569996" lon="75.7486115"/>
  <node id="3779215819" lat="26.8571397" lon="75.7489419"/>
  <node id="3779215820" lat="26.8575516" lon="75.7499748"/>
  <node id="3779215821" lat="26.8573048" lon="75.7573669"/>
  <node id="3779215823" lat="26.8575858" lon="75.7573718"/>
  <node id="3779215824" lat="26.8576881" lon="75.7503227"/>
  <node id="3779215825" lat="26.8578235" lon="75.7507480"/>
  <node id="3779215826" lat="26.8578800" lon="75.7508327"/>
  <node id="3779215829" lat="26.8579922" lon="75.7509775"/>
  <node id="3779215830" lat="26.8581265" lon="75.7511456"/>
  <node id="3779215836" lat="26.8581220" lon="75.7565171"/>
  <node id="3779215837" lat="26.8581668" lon="75.7567756"/>
  <node id="3779215839" lat="26.8582558" lon="75.7513135"/>
  <node id="3779215840" lat="26.8584424" lon="75.7566038"/>
  <node id="3779215845" lat="26.8584922" lon="75.7608942"/>
  <node id="3779215850" lat="26.8586737" lon="75.7519989"/>
  <node id="3779215851" lat="26.8587654" lon="75.7564080"/>
  <node id="3779215855" lat="26.8590249" lon="75.7559710"/>
  <node id="3779215858" lat="26.8590956" lon="75.7562149"/>
  <node id="3779215866" lat="26.8592761" lon="75.7589112"/>
  <node id="3779215867" lat="26.8593061" lon="75.7601478"/>
  <node id="3779215869" lat="26.8593259" lon="75.7558265"/>
  <node id="3779215870" lat="26.8593572" lon="75.7531759"/>
  <node id="3779215872" lat="26.8593739" lon="75.7600786"/>
  <node id="3779215873" lat="26.8594737" lon="75.7560191"/>
  <node id="3779215878" lat="26.8595827" lon="75.7536419"/>
  <node id="3779215882" lat="26.8596424" lon="75.7574777"/>
  <node id="3779215883" lat="26.8596228" lon="75.7537098"/>
  <node id="3779215886" lat="26.8596528" lon="75.7566223"/>
  <node id="3779215887" lat="26.8596564" lon="75.7593947"/>
  <node id="3779215893" lat="26.8597315" lon="75.7577452"/>
  <node id="3779215894" lat="26.8596611" lon="75.7537457"/>
  <node id="3779215895" lat="26.8597596" lon="75.7593092"/>
  <node id="3779215896" lat="26.8597644" lon="75.7568870"/>
  <node id="3779215897" lat="26.8597540" lon="75.7597091"/>
  <node id="3779215898" lat="26.8597981" lon="75.7569662"/>
  <node id="3779215901" lat="26.8597997" lon="75.7537130"/>
  <node id="3779215903" lat="26.8598555" lon="75.7592159"/>
  <node id="3779215904" lat="26.8598533" lon="75.7536958"/>
  <node id="3779215905" lat="26.8599088" lon="75.7591622"/>
  <node id="3779215906" lat="26.8598901" lon="75.7537160"/>
  <node id="3779215907" lat="26.8599179" lon="75.7609633"/>
  <node id="3779215908" lat="26.8599108" lon="75.7537729"/>
  <node id="3779215909" lat="26.8599420" lon="75.7573230"/>
  <node id="3779215910" lat="26.8599477" lon="75.7585534"/>
  <node id="3779215911" lat="26.8599596" lon="75.7582911"/>
  <node id="3779215912" lat="26.8602698" lon="75.7553871"/>
  <node id="3779215914" lat="26.8600272" lon="75.7584433"/>
  <node id="3779215915" lat="26.8600934" lon="75.7557186"/>
  <node id="3779215916" lat="26.8600280" lon="75.7544079"/>
  <node id="3779215918" lat="26.8600871" lon="75.7607993"/>
  <node id="3779215920" lat="26.8601712" lon="75.7579070"/>
  <node id="3779215924" lat="26.8602220" lon="75.7552651"/>
  <node id="3779215925" lat="26.8602221" lon="75.7602800"/>
  <node id="3779215927" lat="26.8603020" lon="75.7591785"/>
  <node id="3779215933" lat="26.8603645" lon="75.7587508"/>
  <node id="3779215934" lat="26.8603629" lon="75.7583728"/>
  <node id="3779215935" lat="26.8603770" lon="75.7584107"/>
  <node id="3779215936" lat="26.8603812" lon="75.7605091"/>
  <node id="3779215939" lat="26.8604686" lon="75.7586568"/>
  <node id="3779215941" lat="26.8605044" lon="75.7600119"/>
  <node id="3779215943" lat="26.8605688" lon="75.7589187"/>
  <node id="3779215944" lat="26.8605914" lon="75.7603076"/>
  <node id="3779215945" lat="26.8605899" lon="75.7589683"/>
  <node id="3779215946" lat="26.8608997" lon="75.7550678"/>
  <node id="3779215949" lat="26.8607443" lon="75.7553981"/>
  <node id="3779215950" lat="26.8607040" lon="75.7573874"/>
  <node id="3779215952" lat="26.8608921" lon="75.7596472"/>
  <node id="3779215954" lat="26.8609084" lon="75.7558695"/>
  <node id="3779215955" lat="26.8609602" lon="75.7572664"/>
  <node id="3779215956" lat="26.8609613" lon="75.7597879"/>
  <node id="3779215957" lat="26.8609854" lon="75.7581137"/>
  <node id="3779215958" lat="26.8610152" lon="75.7599069"/>
  <node id="3779215960" lat="26.8610591" lon="75.7575889"/>
  <node id="3779215961" lat="26.8610498" lon="75.7562325"/>
  <node id="3779215962" lat="26.8610920" lon="75.7583607"/>
  <node id="3779215963" lat="26.8611167" lon="75.7597632"/>
  <node id="3779215964" lat="26.8611274" lon="75.7577666"/>
  <node id="3779215965" lat="26.8611604" lon="75.7585227"/>
  <node id="3779215967" lat="26.8611610" lon="75.7600547"/>
  <node id="3779215968" lat="26.8612102" lon="75.7595654"/>
  <node id="3779215971" lat="26.8612073" lon="75.7600870"/>
  <node id="3779215972" lat="26.8612116" lon="75.7580065"/>
  <node id="3779215973" lat="26.8612085" lon="75.7566613"/>
  <node id="3779215975" lat="26.8612777" lon="75.7601389"/>
  <node id="3779215976" lat="26.8613079" lon="75.7582539"/>
  <node id="3779215977" lat="26.8613179" lon="75.7593776"/>
  <node id="3779215978" lat="26.8613076" lon="75.7601530"/>
  <node id="3779215979" lat="26.8613312" lon="75.7589617"/>
  <node id="3779215983" lat="26.8614313" lon="75.7592003"/>
  <node id="3779215984" lat="26.8613648" lon="75.7570753"/>
  <node id="3779215985" lat="26.8614745" lon="75.7578764"/>
  <node id="3779215986" lat="26.8614622" lon="75.7592860"/>
  <node id="3779215989" lat="26.8614615" lon="75.7570296"/>
  <node id="3779215990" lat="26.8615249" lon="75.7594041"/>
  <node id="3779215991" lat="26.8615232" lon="75.7588572"/>
  <node id="3779215993" lat="26.8615824" lon="75.7573160"/>
  <node id="3779215994" lat="26.8616292" lon="75.7559666"/>
  <node id="3779215995" lat="26.8616597" lon="75.7575086"/>
  <node id="3779215996" lat="26.8616853" lon="75.7595093"/>
  <node id="3779215998" lat="26.8617832" lon="75.7603784"/>
  <node id="3779215999" lat="26.8617893" lon="75.7563812"/>
  <node id="3779216000" lat="26.8618421" lon="75.7554135"/>
  <node id="3779216001" lat="26.8618612" lon="75.7576826"/>
  <node id="3779216002" lat="26.8619030" lon="75.7573570"/>
  <node id="3779216006" lat="26.8619614" lon="75.7579403"/>
  <node id="3779216007" lat="26.8619152" lon="75.7568153"/>
  <node id="3779216008" lat="26.8619241" lon="75.7547605"/>
  <node id="3779216009" lat="26.8620137" lon="75.7580647"/>
  <node id="3779216010" lat="26.8620947" lon="75.7582786"/>
  <node id="3779216011" lat="26.8620804" lon="75.7597225"/>
  <node id="3779216012" lat="26.8620909" lon="75.7588777"/>
  <node id="3779216013" lat="26.8621418" lon="75.7605358"/>
  <node id="3779216014" lat="26.8620988" lon="75.7572586"/>
  <node id="3779216015" lat="26.8621192" lon="75.7577953"/>
  <node id="3779216016" lat="26.8621201" lon="75.7592919"/>
  <node id="3779216017" lat="26.8621423" lon="75.7562108"/>
  <node id="3779216018" lat="26.8621475" lon="75.7584282"/>
  <node id="3779216020" lat="26.8621866" lon="75.7585380"/>
  <node id="3779216021" lat="26.8621995" lon="75.7552390"/>
  <node id="3779216022" lat="26.8621524" lon="75.7567033"/>
  <node id="3779216023" lat="26.8621963" lon="75.7574977"/>
  <node id="3779216024" lat="26.8622313" lon="75.7592343"/>
  <node id="3779216025" lat="26.8622967" lon="75.7581777"/>
  <node id="3779216026" lat="26.8622938" lon="75.7577085"/>
  <node id="3779216027" lat="26.8622853" lon="75.7587720"/>
  <node id="3779216029" lat="26.8622992" lon="75.7566275"/>
  <node id="3779216030" lat="26.8623434" lon="75.7571594"/>
  <node id="3779216031" lat="26.8624110" lon="75.7545365"/>
  <node id="3779216032" lat="26.8623737" lon="75.7583541"/>
  <node id="3779216034" lat="26.8624245" lon="75.7573716"/>
  <node id="3779216035" lat="26.8624931" lon="75.7576198"/>
  <node id="3779216036" lat="26.8625083" lon="75.7586524"/>
  <node id="3779216037" lat="26.8625014" lon="75.7560412"/>
  <node id="3779216038" lat="26.8625410" lon="75.7565197"/>
  <node id="3779216039" lat="26.8625620" lon="75.7577893"/>
  <node id="3779216041" lat="26.8625826" lon="75.7550168"/>
  <node id="3779216042" lat="26.8625381" lon="75.7590782"/>
  <node id="3779216044" lat="26.8626256" lon="75.7613061"/>
  <node id="3779216045" lat="26.8626697" lon="75.7564589"/>
  <node id="3779216046" lat="26.8626890" lon="75.7575187"/>
  <node id="3779216047" lat="26.8626616" lon="75.7591453"/>
  <node id="3779216048" lat="26.8626954" lon="75.7590436"/>
  <node id="3779216049" lat="26.8627561" lon="75.7554446"/>
  <node id="3779216050" lat="26.8627659" lon="75.7576882"/>
  <node id="3779216051" lat="26.8627871" lon="75.7590248"/>
  <node id="3779216052" lat="26.8628052" lon="75.7581540"/>
  <node id="3779216053" lat="26.8628052" lon="75.7608409"/>
  <node id="3779216054" lat="26.8628747" lon="75.7590061"/>
  <node id="3779216055" lat="26.8628512" lon="75.7569343"/>
  <node id="3779216056" lat="26.8628947" lon="75.7563522"/>
  <node id="3779216057" lat="26.8629176" lon="75.7558430"/>
  <node id="3779216058" lat="26.8629289" lon="75.7589060"/>
  <node id="3779216060" lat="26.8629789" lon="75.7588289"/>
  <node id="3779216061" lat="26.8629974" lon="75.7566357"/>
  <node id="3779216062" lat="26.8630185" lon="75.7587955"/>
  <node id="3779216063" lat="26.8630207" lon="75.7573668"/>
  <node id="3779216064" lat="26.8630379" lon="75.7602032"/>
  <node id="3779216065" lat="26.8630759" lon="75.7568216"/>
  <node id="3779216066" lat="26.8630948" lon="75.7575281"/>
  <node id="3779216067" lat="26.8631163" lon="75.7577615"/>
  <node id="3779216069" lat="26.8631152" lon="75.7542173"/>
  <node id="3779216070" lat="26.8631511" lon="75.7570146"/>
  <node id="3779216071" lat="26.8631829" lon="75.7565371"/>
  <node id="3779216072" lat="26.8631807" lon="75.7598174"/>
  <node id="3779216073" lat="26.8632693" lon="75.7573319"/>
  <node id="3779216075" lat="26.8632826" lon="75.7579372"/>
  <node id="3779216076" lat="26.8633082" lon="75.7574237"/>
  <node id="3779216077" lat="26.8632799" lon="75.7561707"/>
  <node id="3779216078" lat="26.8633152" lon="75.7547137"/>
  <node id="3779216079" lat="26.8633128" lon="75.7594632"/>
  <node id="3779216080" lat="26.8633855" lon="75.7582061"/>
  <node id="3779216081" lat="26.8633623" lon="75.7569828"/>
  <node id="3779216082" lat="26.8633954" lon="75.7576335"/>
  <node id="3779216083" lat="26.8634083" lon="75.7586079"/>
  <node id="3779216084" lat="26.8633854" lon="75.7564484"/>
  <node id="3779216086" lat="26.8634652" lon="75.7572430"/>
  <node id="3779216087" lat="26.8634825" lon="75.7551495"/>
  <node id="3779216088" lat="26.8635880" lon="75.7581031"/>
  <node id="3779216089" lat="26.8636203" lon="75.7555085"/>
  <node id="3779216090" lat="26.8636901" lon="75.7571486"/>
  <node id="3779216091" lat="26.8637241" lon="75.7584493"/>
  <node id="3779216092" lat="26.8637933" lon="75.7559591"/>
  <node id="3779216093" lat="26.8638345" lon="75.7587300"/>
  <node id="3779216094" lat="26.8638844" lon="75.7570616"/>
  <node id="3779216095" lat="26.8639121" lon="75.7570759"/>
  <node id="3779216097" lat="26.8641767" lon="75.7569579"/>
  <node id="3779216098" lat="26.8658882" lon="75.7528410"/>
  <node id="3779216101" lat="26.8697278" lon="75.7509617"/>
  <node id="3779216104" lat="26.8765322" lon="75.7476492"/>
  <node id="3779216105" lat="26.8766171" lon="75.7476251"/>
  <node id="3779216106" lat="26.8776243" lon="75.7479617"/>
  <node id="3779216107" lat="26.8784354" lon="75.7483479"/>
  <node id="3779261878" lat="26.8517579" lon="75.7621115"/>
  <node id="3779261943" lat="26.8533492" lon="75.7613285"/>
  <node id="3779261944" lat="26.8535195" lon="75.7428134"/>
  <node id="3779262048" lat="26.8559444" lon="75.7589095"/>
  <node id="3779262073" lat="26.8565844" lon="75.7478550"/>
  <node id="3779262092" lat="26.8570848" lon="75.7576294"/>
  <node id="3779262093" lat="26.8572978" lon="75.7493300"/>
  <node id="3779262096" lat="26.8574322" lon="75.7497309"/>
  <node id="3779262102" lat="26.8576305" lon="75.7501572"/>
  <node id="3779262103" lat="26.8575441" lon="75.7570848"/>
  <node id="3779262105" lat="26.8577416" lon="75.7505527"/>
  <node id="3779262108" lat="26.8579254" lon="75.7569877"/>
  <node id="3779262117" lat="26.8582195" lon="75.7408238"/>
  <node id="3779262126" lat="26.8584494" lon="75.7561464"/>
  <node id="3779262127" lat="26.8585634" lon="75.7562330"/>
  <node id="3779262131" lat="26.8587640" lon="75.7376672"/>
  <node id="3779262132" lat="26.8587546" lon="75.7499787"/>
  <node id="3779262136" lat="26.8588116" lon="75.7503882"/>
  <node id="3779262145" lat="26.8591144" lon="75.7552184"/>
  <node id="3779262146" lat="26.8591056" lon="75.7551836"/>
  <node id="3779262147" lat="26.8591341" lon="75.7552892"/>
  <node id="3779262148" lat="26.8591235" lon="75.7513431"/>
  <node id="3779262150" lat="26.8591128" lon="75.7551523"/>
  <node id="3779262152" lat="26.8591367" lon="75.7551269"/>
  <node id="3779262154" lat="26.8592212" lon="75.7550817"/>
  <node id="3779262160" lat="26.8594974" lon="75.7549398"/>
  <node id="3779262162" lat="26.8597184" lon="75.7548354"/>
  <node id="3779262163" lat="26.8597898" lon="75.7525521"/>
  <node id="3779262166" lat="26.8598978" lon="75.7527430"/>
  <node id="3779262169" lat="26.8599199" lon="75.7598935"/>
  <node id="3779262170" lat="26.8599257" lon="75.7547461"/>
  <node id="3779262172" lat="26.8600108" lon="75.7529228"/>
  <node id="3779262174" lat="26.8600628" lon="75.7594096"/>
  <node id="3779262177" lat="26.8600756" lon="75.7546819"/>
  <node id="3779262182" lat="26.8602291" lon="75.7606557"/>
  <node id="3779262183" lat="26.8602199" lon="75.7596102"/>
  <node id="3779262184" lat="26.8601886" lon="75.7533016"/>
  <node id="3779262185" lat="26.8602365" lon="75.7595968">
    <tag k="power" v="tower"/>
  </node>
  <node id="3779262187" lat="26.8602308" lon="75.7534162"/>
  <node id="3779262188" lat="26.8602672" lon="75.7535400"/>
  <node id="3779262189" lat="26.8603180" lon="75.7514372"/>
  <node id="3779262192" lat="26.8603706" lon="75.7594732"/>
  <node id="3779262195" lat="26.8603753" lon="75.7538181"/>
  <node id="3779262197" lat="26.8605124" lon="75.7596639"/>
  <node id="3779262199" lat="26.8605884" lon="75.7506868"/>
  <node id="3779262200" lat="26.8606097" lon="75.7518152"/>
  <node id="3779262204" lat="26.8605272" lon="75.7524660"/>
  <node id="3779262206" lat="26.8606415" lon="75.7501621"/>
  <node id="3779262208" lat="26.8606503" lon="75.7598736"/>
  <node id="3779262211" lat="26.8606787" lon="75.7496121"/>
  <node id="3779262212" lat="26.8606945" lon="75.7595229"/>
  <node id="3779262213" lat="26.8607049" lon="75.7495616"/>
  <node id="3779262218" lat="26.8607402" lon="75.7546556"/>
  <node id="3779262220" lat="26.8607956" lon="75.7594364"/>
  <node id="3779262222" lat="26.8608018" lon="75.7495253"/>
  <node id="3779262223" lat="26.8608736" lon="75.7521572"/>
  <node id="3779262224" lat="26.8608341" lon="75.7494769"/>
  <node id="3779262227" lat="26.8608988" lon="75.7531686"/>
  <node id="3779262228" lat="26.8609286" lon="75.7379778"/>
  <node id="3779262242" lat="26.8611126" lon="75.7471883"/>
  <node id="3779262249" lat="26.8612694" lon="75.7529755"/>
  <node id="3779262251" lat="26.8614222" lon="75.7533803"/>
  <node id="3779262252" lat="26.8614789" lon="75.7381046"/>
  <node id="3779262254" lat="26.8616960" lon="75.7527945"/>
  <node id="3779262256" lat="26.8618125" lon="75.7507034"/>
  <node id="3779262357" lat="26.8618210" lon="75.7512884"/>
  <node id="3779262359" lat="26.8619145" lon="75.7527096"/>
  <node id="3779262361" lat="26.8618672" lon="75.7545828"/>
  <node id="3779262363" lat="26.8618733" lon="75.7491641"/>
  <node id="3779262366" lat="26.8617826" lon="75.7381520"/>
  <node id="3779262372" lat="26.8620813" lon="75.7474103"/>
  <node id="3779262374" lat="26.8622489" lon="75.7525874"/>
  <node id="3779262375" lat="26.8621465" lon="75.7382172"/>
  <node id="3779262376" lat="26.8621425" lon="75.7521310"/>
  <node id="3779262377" lat="26.8622158" lon="75.7524380"/>
  <node id="3779262379" lat="26.8622973" lon="75.7527769"/>
  <node id="3779262381" lat="26.8624286" lon="75.7383156"/>
  <node id="3779262383" lat="26.8626545" lon="75.7542029"/>
  <node id="3779262384" lat="26.8628897" lon="75.7384135"/>
  <node id="3779262386" lat="26.8633642" lon="75.7384811"/>
  <node id="3779262407" lat="26.8636090" lon="75.7385202"/>
  <node id="3779262419" lat="26.8636542" lon="75.7537258"/>
  <node id="3780824235" lat="26.8824862" lon="75.7529110"/>
  <node id="3780824236" lat="26.8826535" lon="75.7535410"/>
  <node id="3780824237" lat="26.8826628" lon="75.7534095"/>
  <node id="3780824238" lat="26.8826963" lon="75.7538581"/>
  <node id="3780824239" lat="26.8827178" lon="75.7566226"/>
  <node id="3780824240" lat="26.8827745" lon="75.7543108"/>
  <node id="3780824242" lat="26.8827950" lon="75.7533720"/>
  <node id="3780824243" lat="26.8828027" lon="75.7599852"/>
  <node id="3780824245" lat="26.8827993" lon="75.7579932"/>
  <node id="3780824246" lat="26.8828650" lon="75.7599654"/>
  <node id="3780824247" lat="26.8828506" lon="75.7522167"/>
  <node id="3780824248" lat="26.8828842" lon="75.7607033"/>
  <node id="3780824249" lat="26.8828948" lon="75.7599143"/>
  <node id="3780824250" lat="26.8829103" lon="75.7548971"/>
  <node id="3780824251" lat="26.8829738" lon="75.7555835"/>
  <node id="3780824252" lat="26.8829236" lon="75.7598266"/>
  <node id="3780824254" lat="26.8829366" lon="75.7597620"/>
  <node id="3780824255" lat="26.8829628" lon="75.7528204"/>
  <node id="3780824657" lat="26.8829655" lon="75.7597494"/>
  <node id="3780824658" lat="26.8829794" lon="75.7529120"/>
  <node id="3780824659" lat="26.8829913" lon="75.7594603"/>
  <node id="3780824661" lat="26.8829959" lon="75.7553248"/>
  <node id="3780824663" lat="26.8830390" lon="75.7597609"/>
  <node id="3780824664" lat="26.8830439" lon="75.7578866"/>
  <node id="3780824666" lat="26.8830491" lon="75.7533142"/>
  <node id="3780824667" lat="26.8830586" lon="75.7561730"/>
  <node id="3780824671" lat="26.8830706" lon="75.7534378"/>
  <node id="3780824673" lat="26.8831318" lon="75.7597825"/>
  <node id="3780824674" lat="26.8831307" lon="75.7581511"/>
  <node id="3780824676" lat="26.8831346" lon="75.7564654"/>
  <node id="3780824677" lat="26.8831386" lon="75.7537821"/>
  <node id="3780824679" lat="26.8831793" lon="75.7578315"/>
  <node id="3780824680" lat="26.8831707" lon="75.7582909"/>
  <node id="3780824681" lat="26.8833334" lon="75.7571935"/>
  <node id="3780824682" lat="26.8832224" lon="75.7542194"/>
  <node id="3780824683" lat="26.8832239" lon="75.7597856"/>
  <node id="3780824684" lat="26.8832325" lon="75.7542723"/>
  <node id="3780824685" lat="26.8832648" lon="75.7597825"/>
  <node id="3780824686" lat="26.8832888" lon="75.7608240"/>
  <node id="3780824688" lat="26.8832821" lon="75.7593866"/>
  <node id="3780824689" lat="26.8832728" lon="75.7624213"/>
  <node id="3780824690" lat="26.8833188" lon="75.7597481"/>
  <node id="3780824691" lat="26.8833081" lon="75.7522624"/>
  <node id="3780824692" lat="26.8833221" lon="75.7547546"/>
  <node id="3780824693" lat="26.8833255" lon="75.7547730"/>
  <node id="3780824694" lat="26.8833839" lon="75.7597460"/>
  <node id="3780824696" lat="26.8833978" lon="75.7537216"/>
  <node id="3780824697" lat="26.8834007" lon="75.7574204"/>
  <node id="3780824698" lat="26.8834114" lon="75.7528504"/>
  <node id="3780824699" lat="26.8834122" lon="75.7574603"/>
  <node id="3780824700" lat="26.8834415" lon="75.7554098"/>
  <node id="3780824701" lat="26.8834506" lon="75.7593526"/>
  <node id="3780824703" lat="26.8834732" lon="75.7597512"/>
  <node id="3780824704" lat="26.8834825" lon="75.7532399"/>
  <node id="3780824705" lat="26.8834828" lon="75.7577089"/>
  <node id="3780824707" lat="26.8835555" lon="75.7597768"/>
  <node id="3780824709" lat="26.8835360" lon="75.7614580"/>
  <node id="3780824710" lat="26.8835415" lon="75.7558601"/>
  <node id="3780824711" lat="26.8835465" lon="75.7536481"/>
  <node id="3780824712" lat="26.8835710" lon="75.7593298"/>
  <node id="3780824714" lat="26.8836065" lon="75.7546416"/>
  <node id="3780824715" lat="26.8836094" lon="75.7581550"/>
  <node id="3780824716" lat="26.8836431" lon="75.7573301"/>
  <node id="3780824717" lat="26.8836558" lon="75.7593113"/>
  <node id="3780824718" lat="26.8836692" lon="75.7609705"/>
  <node id="3780824719" lat="26.8836745" lon="75.7597722"/>
  <node id="3780824720" lat="26.8836757" lon="75.7565093"/>
  <node id="3780824721" lat="26.8836845" lon="75.7609146"/>
  <node id="3780824722" lat="26.8836884" lon="75.7540845"/>
  <node id="3780824723" lat="26.8836966" lon="75.7593032"/>
  <node id="3780824724" lat="26.8837170" lon="75.7593209"/>
  <node id="3780824725" lat="26.8837256" lon="75.7593548"/>
  <node id="3780824726" lat="26.8837348" lon="75.7594308"/>
  <node id="3780824727" lat="26.8837414" lon="75.7595813"/>
  <node id="3780824728" lat="26.8837457" lon="75.7597655"/>
  <node id="3780824730" lat="26.8837572" lon="75.7545842"/>
  <node id="3780824731" lat="26.8837452" lon="75.7568865"/>
  <node id="3780824732" lat="26.8838086" lon="75.7571805"/>
  <node id="3780824733" lat="26.8838270" lon="75.7572744"/>
  <node id="3780824734" lat="26.8838326" lon="75.7539588"/>
  <node id="3780824735" lat="26.8838455" lon="75.7597560"/>
  <node id="3780824736" lat="26.8838691" lon="75.7574888"/>
  <node id="3780824737" lat="26.8838883" lon="75.7601686"/>
  <node id="3780824738" lat="26.8838940" lon="75.7544679"/>
  <node id="3780824739" lat="26.8839151" lon="75.7576629"/>
  <node id="3780824741" lat="26.8839916" lon="75.7577405"/>
  <node id="3780824742" lat="26.8840016" lon="75.7597538"/>
  <node id="3780824743" lat="26.8840150" lon="75.7538900"/>
  <node id="3780824745" lat="26.8840849" lon="75.7577544"/>
  <node id="3780824746" lat="26.8840546" lon="75.7522698"/>
  <node id="3780824747" lat="26.8841278" lon="75.7559909"/>
  <node id="3780824748" lat="26.8841176" lon="75.7593292"/>
  <node id="3780824749" lat="26.8841710" lon="75.7598158"/>
  <node id="3780824751" lat="26.8842070" lon="75.7530553"/>
  <node id="3780824753" lat="26.8843034" lon="75.7563914"/>
  <node id="3780824755" lat="26.8843215" lon="75.7576784"/>
  <node id="3780824756" lat="26.8843596" lon="75.7537458"/>
  <node id="3780824857" lat="26.8844218" lon="75.7563472"/>
  <node id="3780824860" lat="26.8844657" lon="75.7541861"/>
  <node id="3780824862" lat="26.8844819" lon="75.7542609"/>
  <node id="3780824863" lat="26.8845276" lon="75.7599574"/>
  <node id="3780824865" lat="26.8845751" lon="75.7594788"/>
  <node id="3780824866" lat="26.8845593" lon="75.7566752"/>
  <node id="3780824867" lat="26.8845917" lon="75.7575909"/>
  <node id="3780824868" lat="26.8846238" lon="75.7558037"/>
  <node id="3780824869" lat="26.8846212" lon="75.7549697"/>
  <node id="3780824870" lat="26.8846656" lon="75.7526438"/>
  <node id="3780824872" lat="26.8846697" lon="75.7527248"/>
  <node id="3780824873" lat="26.8846888" lon="75.7525876"/>
  <node id="3780824874" lat="26.8846847" lon="75.7549499"/>
  <node id="3780824875" lat="26.8847086" lon="75.7562469"/>
  <node id="3780824876" lat="26.8847231" lon="75.7575405"/>
  <node id="3780824877" lat="26.8847262" lon="75.7540922"/>
  <node id="3780824878" lat="26.8847342" lon="75.7571006"/>
  <node id="3780824879" lat="26.8847470" lon="75.7530835"/>
  <node id="3780824880" lat="26.8847718" lon="75.7572321"/>
  <node id="3780824881" lat="26.8847411" lon="75.7525567"/>
  <node id="3780824882" lat="26.8848092" lon="75.7574891"/>
  <node id="3780824885" lat="26.8848110" lon="75.7554557"/>
  <node id="3780824887" lat="26.8848152" lon="75.7573988"/>
  <node id="3780824888" lat="26.8848233" lon="75.7534340"/>
  <node id="3780824889" lat="26.8848251" lon="75.7520100"/>
  <node id="3780824890" lat="26.8848810" lon="75.7537198"/>
  <node id="3780824892" lat="26.8848856" lon="75.7557023"/>
  <node id="3780824893" lat="26.8849133" lon="75.7556916"/>
  <node id="3780824896" lat="26.8849423" lon="75.7524840"/>
  <node id="3780824897" lat="26.8849527" lon="75.7540244"/>
  <node id="3780824898" lat="26.8849645" lon="75.7596488"/>
  <node id="3780824899" lat="26.8850008" lon="75.7561318"/>
  <node id="3780824900" lat="26.8850132" lon="75.7601507"/>
  <node id="3780824901" lat="26.8850317" lon="75.7528581"/>
  <node id="3780824904" lat="26.8851086" lon="75.7592152"/>
  <node id="3780824905" lat="26.8851096" lon="75.7539774"/>
  <node id="3780824906" lat="26.8851124" lon="75.7565260"/>
  <node id="3780824907" lat="26.8851329" lon="75.7519175"/>
  <node id="3780824908" lat="26.8851619" lon="75.7556060"/>
  <node id="3780824910" lat="26.8851750" lon="75.7590395"/>
  <node id="3780824912" lat="26.8852713" lon="75.7587730"/>
  <node id="3780824921" lat="26.8853585" lon="75.7538960"/>
  <node id="3780824922" lat="26.8853685" lon="75.7555322"/>
  <node id="3780824923" lat="26.8853846" lon="75.7598126"/>
  <node id="3780824924" lat="26.8853992" lon="75.7603098"/>
  <node id="3780824931" lat="26.8855328" lon="75.7589071"/>
  <node id="3780824934" lat="26.8854924" lon="75.7517918"/>
  <node id="3780824935" lat="26.8855333" lon="75.7598796"/>
  <node id="3780824936" lat="26.8855450" lon="75.7538350"/>
  <node id="3780824938" lat="26.8856175" lon="75.7554527"/>
  <node id="3780824940" lat="26.8856409" lon="75.7554452"/>
  <node id="3780824943" lat="26.8857177" lon="75.7599628"/>
  <node id="3780824952" lat="26.8858795" lon="75.7600305"/>
  <node id="3780824953" lat="26.8859159" lon="75.7553493"/>
  <node id="3780824955" lat="26.8859187" lon="75.7537110"/>
  <node id="3780824959" lat="26.8859671" lon="75.7600671"/>
  <node id="3780824971" lat="26.8860869" lon="75.7544940"/>
  <node id="3780824975" lat="26.8861712" lon="75.7552667"/>
  <node id="3780824987" lat="26.8863146" lon="75.7551973"/>
  <node id="3780824992" lat="26.8863969" lon="75.7602424"/>
  <node id="3780824993" lat="26.8864291" lon="75.7551088"/>
  <node id="3780825001" lat="26.8865514" lon="75.7549584"/>
  <node id="3780825014" lat="26.8866566" lon="75.7547622"/>
  <node id="3780825033" lat="26.8869105" lon="75.7604594"/>
  <node id="3780825074" lat="26.8873906" lon="75.7606575"/>
  <node id="3780958365" lat="26.8826551" lon="75.7481148"/>
  <node id="3780958366" lat="26.8826570" lon="75.7451306"/>
  <node id="3780958367" lat="26.8826671" lon="75.7501454"/>
  <node id="3780958368" lat="26.8826425" lon="75.7497203"/>
  <node id="3780958370" lat="26.8827066" lon="75.7493093"/>
  <node id="3780958371" lat="26.8827329" lon="75.7419399"/>
  <node id="3780958372" lat="26.8827621" lon="75.7510697"/>
  <node id="3780958373" lat="26.8827732" lon="75.7506128"/>
  <node id="3780958374" lat="26.8827918" lon="75.7515308"/>
  <node id="3780958375" lat="26.8827952" lon="75.7456483"/>
  <node id="3780958376" lat="26.8828121" lon="75.7420596"/>
  <node id="3780958377" lat="26.8829163" lon="75.7461823"/>
  <node id="3780958378" lat="26.8829182" lon="75.7421681"/>
  <node id="3780958379" lat="26.8829517" lon="75.7429088"/>
  <node id="3780958380" lat="26.8829554" lon="75.7427043"/>
  <node id="3780958381" lat="26.8829599" lon="75.7417856"/>
  <node id="3780958382" lat="26.8829610" lon="75.7425144"/>
  <node id="3780958383" lat="26.8829628" lon="75.7423600"/>
  <node id="3780958384" lat="26.8829684" lon="75.7422703"/>
  <node id="3780958385" lat="26.8829777" lon="75.7429818"/>
  <node id="3780958386" lat="26.8830190" lon="75.7510529"/>
  <node id="3780958387" lat="26.8830321" lon="75.7515256"/>
  <node id="3780958388" lat="26.8830347" lon="75.7467223"/>
  <node id="3780958389" lat="26.8830419" lon="75.7480557"/>
  <node id="3780958390" lat="26.8830478" lon="75.7517020"/>
  <node id="3780958391" lat="26.8830484" lon="75.7430131"/>
  <node id="3780958392" lat="26.8830542" lon="75.7501329"/>
  <node id="3780958393" lat="26.8830598" lon="75.7496850"/>
  <node id="3780958394" lat="26.8830582" lon="75.7449739"/>
  <node id="3780958395" lat="26.8830583" lon="75.7520251"/>
  <node id="3780958396" lat="26.8830720" lon="75.7522341"/>
  <node id="3780958397" lat="26.8830859" lon="75.7515245"/>
  <node id="3780958398" lat="26.8831138" lon="75.7510467"/>
  <node id="3780958399" lat="26.8831200" lon="75.7409227"/>
  <node id="3780958400" lat="26.8831231" lon="75.7505898"/>
  <node id="3780958401" lat="26.8831645" lon="75.7481180"/>
  <node id="3780958402" lat="26.8831629" lon="75.7482376"/>
  <node id="3780958403" lat="26.8831925" lon="75.7416207"/>
  <node id="3780958404" lat="26.8831979" lon="75.7472593"/>
  <node id="3780958405" lat="26.8832046" lon="75.7485510"/>
  <node id="3780958406" lat="26.8832132" lon="75.7486153"/>
  <node id="3780958407" lat="26.8831694" lon="75.7480246"/>
  <node id="3780958408" lat="26.8832335" lon="75.7456314"/>
  <node id="3780958409" lat="26.8832426" lon="75.7475514"/>
  <node id="3780958410" lat="26.8832428" lon="75.7427615"/>
  <node id="3780958411" lat="26.8832527" lon="75.7428374"/>
  <node id="3780958412" lat="26.8832550" lon="75.7429380"/>
  <node id="3780958413" lat="26.8832605" lon="75.7423838"/>
  <node id="3780958414" lat="26.8832679" lon="75.7419770"/>
  <node id="3780958415" lat="26.8832808" lon="75.7415575"/>
  <node id="3780958416" lat="26.8832876" lon="75.7491848"/>
  <node id="3780958417" lat="26.8832884" lon="75.7458625"/>
  <node id="3780958418" lat="26.8833016" lon="75.7492744"/>
  <node id="3780958419" lat="26.8833027" lon="75.7429243"/>
  <node id="3780958421" lat="26.8833514" lon="75.7496613"/>
  <node id="3780958422" lat="26.8833505" lon="75.7479491"/>
  <node id="3780958423" lat="26.8834086" lon="75.7485442"/>
  <node id="3780958424" lat="26.8833698" lon="75.7498173"/>
  <node id="3780958426" lat="26.8833308" lon="75.7406224"/>
  <node id="3780958427" lat="26.8833967" lon="75.7463184"/>
  <node id="3780958428" lat="26.8834028" lon="75.7500994"/>
  <node id="3780958429" lat="26.8834046" lon="75.7463513"/>
  <node id="3780958430" lat="26.8834065" lon="75.7414674"/>
  <node id="3780958431" lat="26.8833619" lon="75.7407375"/>
  <node id="3780958432" lat="26.8834532" lon="75.7505138"/>
  <node id="3780958433" lat="26.8834608" lon="75.7505694"/>
  <node id="3780958434" lat="26.8834982" lon="75.7467540"/>
  <node id="3780958435" lat="26.8835225" lon="75.7510233"/>
  <node id="3780958436" lat="26.8835370" lon="75.7511293"/>
  <node id="3780958437" lat="26.8835018" lon="75.7412595"/>
  <node id="3780958438" lat="26.8835261" lon="75.7413626"/>
  <node id="3780958439" lat="26.8835623" lon="75.7513582"/>
  <node id="3780958440" lat="26.8835750" lon="75.7514721"/>
  <node id="3780958441" lat="26.8835501" lon="75.7485137"/>
  <node id="3780958442" lat="26.8835465" lon="75.7414469"/>
  <node id="3780958443" lat="26.8835940" lon="75.7471657"/>
  <node id="3780958444" lat="26.8836048" lon="75.7428378"/>
  <node id="3780958445" lat="26.8836207" lon="75.7518846"/>
  <node id="3780958446" lat="26.8836983" lon="75.7477724"/>
  <node id="3780958447" lat="26.8836483" lon="75.7484788"/>
  <node id="3780958448" lat="26.8836217" lon="75.7522891"/>
  <node id="3780958449" lat="26.8837436" lon="75.7484279"/>
  <node id="3780958450" lat="26.8837051" lon="75.7489759"/>
  <node id="3780958451" lat="26.8837128" lon="75.7490430"/>
  <node id="3780958452" lat="26.8837722" lon="75.7495115"/>
  <node id="3780958453" lat="26.8837798" lon="75.7495708"/>
  <node id="3780958454" lat="26.8837988" lon="75.7497003">
    <tag k="access" v="permissive"/>
    <tag k="barrier" v="gate"/>
  </node>
  <node id="3780958455" lat="26.8837409" lon="75.7423022"/>
  <node id="3780958456" lat="26.8838373" lon="75.7500189"/>
  <node id="3780960557" lat="26.8838505" lon="75.7501216"/>
  <node id="3780960559" lat="26.8839563" lon="75.7470670"/>
  <node id="3780960560" lat="26.8838945" lon="75.7505283"/>
  <node id="3780960561" lat="26.8838769" lon="75.7404083"/>
  <node id="3780960562" lat="26.8838482" lon="75.7427745"/>
  <node id="3780960563" lat="26.8839138" lon="75.7505702"/>
  <node id="3780960564" lat="26.8839199" lon="75.7410729"/>
  <node id="3780960565" lat="26.8839218" lon="75.7456907"/>
  <node id="3780960566" lat="26.8839241" lon="75.7513171"/>
  <node id="3780960567" lat="26.8840351" lon="75.7482331"/>
  <node id="3780960568" lat="26.8839956" lon="75.7506244"/>
  <node id="3780960570" lat="26.8841515" lon="75.7475318"/>
  <node id="3780960572" lat="26.8840189" lon="75.7487708"/>
  <node id="3780960573" lat="26.8840751" lon="75.7420850"/>
  <node id="3780960574" lat="26.8841295" lon="75.7461056"/>
  <node id="3780960575" lat="26.8841401" lon="75.7409706"/>
  <node id="3780960576" lat="26.8841790" lon="75.7505633"/>
  <node id="3780960578" lat="26.8841821" lon="75.7465659"/>
  <node id="3780960579" lat="26.8842254" lon="75.7507879"/>
  <node id="3780960580" lat="26.8842567" lon="75.7409165"/>
  <node id="3780960581" lat="26.8842612" lon="75.7509691"/>
  <node id="3780960582" lat="26.8843392" lon="75.7480251"/>
  <node id="3780960583" lat="26.8842980" lon="75.7511551"/>
  <node id="3780960584" lat="26.8843064" lon="75.7505139"/>
  <node id="3780960585" lat="26.8843129" lon="75.7414285"/>
  <node id="3780960587" lat="26.8843836" lon="75.7496062"/>
  <node id="3780960588" lat="26.8843357" lon="75.7469583"/>
  <node id="3780960589" lat="26.8843721" lon="75.7514529"/>
  <node id="3780960590" lat="26.8844469" lon="75.7495621"/>
  <node id="3780960591" lat="26.8844602" lon="75.7437004"/>
  <node id="3780960592" lat="26.8845682" lon="75.7473063"/>
  <node id="3780960593" lat="26.8844834" lon="75.7484639"/>
  <node id="3780960594" lat="26.8844886" lon="75.7419125"/>
  <node id="3780960595" lat="26.8846668" lon="75.7488689"/>
  <node id="3780960596" lat="26.8845250" lon="75.7420127"/>
  <node id="3780960597" lat="26.8844932" lon="75.7455104"/>
  <node id="3780960598" lat="26.8845416" lon="75.7514045"/>
  <node id="3780960599" lat="26.8846012" lon="75.7407950"/>
  <node id="3780960600" lat="26.8846570" lon="75.7499634"/>
  <node id="3780960601" lat="26.8846587" lon="75.7477967"/>
  <node id="3780960602" lat="26.8846025" lon="75.7459651"/>
  <node id="3780960603" lat="26.8846796" lon="75.7500067"/>
  <node id="3780960604" lat="26.8847279" lon="75.7425823"/>
  <node id="3780960605" lat="26.8847314" lon="75.7448476"/>
  <node id="3780960606" lat="26.8847029" lon="75.7464012"/>
  <node id="3780960608" lat="26.8847261" lon="75.7465119"/>
  <node id="3780960609" lat="26.8848171" lon="75.7493037"/>
  <node id="3780960611" lat="26.8848394" lon="75.7452816"/>
  <node id="3780960612" lat="26.8848498" lon="75.7503440"/>
  <node id="3780960613" lat="26.8847982" lon="75.7468149"/>
  <node id="3780960615" lat="26.8848990" lon="75.7512949"/>
  <node id="3780960616" lat="26.8849097" lon="75.7481777"/>
  <node id="3780960617" lat="26.8849205" lon="75.7503219"/>
  <node id="3780960618" lat="26.8848730" lon="75.7471395"/>
  <node id="3780960621" lat="26.8849661" lon="75.7432353"/>
  <node id="3780960622" lat="26.8849755" lon="75.7475848"/>
  <node id="3780960623" lat="26.8850360" lon="75.7434304"/>
  <node id="3780960624" lat="26.8849962" lon="75.7463378"/>
  <node id="3780960625" lat="26.8850813" lon="75.7480441"/>
  <node id="3780960626" lat="26.8851335" lon="75.7437027"/>
  <node id="3780960627" lat="26.8851757" lon="75.7474414"/>
  <node id="3780960628" lat="26.8851427" lon="75.7409447"/>
  <node id="3780960629" lat="26.8851539" lon="75.7496224"/>
  <node id="3780960630" lat="26.8852079" lon="75.7512115"/>
  <node id="3780960631" lat="26.8851830" lon="75.7484858"/>
  <node id="3780960632" lat="26.8852292" lon="75.7439443"/>
  <node id="3780960634" lat="26.8852291" lon="75.7507023"/>
  <node id="3780960635" lat="26.8854093" lon="75.7478312"/>
  <node id="3780960636" lat="26.8852854" lon="75.7455528"/>
  <node id="3780960637" lat="26.8852934" lon="75.7489651"/>
  <node id="3780960638" lat="26.8853464" lon="75.7511740"/>
  <node id="3780960639" lat="26.8853830" lon="75.7461012"/>
  <node id="3780960640" lat="26.8853990" lon="75.7472777"/>
  <node id="3780960641" lat="26.8854277" lon="75.7407826"/>
  <node id="3780960642" lat="26.8854106" lon="75.7444411"/>
  <node id="3780960643" lat="26.8854428" lon="75.7413474"/>
  <node id="3780960644" lat="26.8854036" lon="75.7494434"/>
  <node id="3780960645" lat="26.8854646" lon="75.7413369"/>
  <node id="3780960648" lat="26.8855401" lon="75.7465587"/>
  <node id="3780960651" lat="26.8855599" lon="75.7448478"/>
  <node id="3780960652" lat="26.8855967" lon="75.7406985"/>
  <node id="3780960653" lat="26.8855640" lon="75.7501301"/>
  <node id="3780960654" lat="26.8856656" lon="75.7406964"/>
  <node id="3780960655" lat="26.8856674" lon="75.7470948"/>
  <node id="3780960657" lat="26.8856695" lon="75.7505816"/>
  <node id="3780960658" lat="26.8857214" lon="75.7407506"/>
  <node id="3780960659" lat="26.8857263" lon="75.7452925"/>
  <node id="3780960662" lat="26.8858424" lon="75.7475093"/>
  <node id="3780960663" lat="26.8857810" lon="75.7409092"/>
  <node id="3780960664" lat="26.8858772" lon="75.7491221"/>
  <node id="3780960665" lat="26.8858117" lon="75.7409919"/>
  <node id="3780960668" lat="26.8858667" lon="75.7411399"/>
  <node id="3780960671" lat="26.8858740" lon="75.7411596"/>
  <node id="3780960672" lat="26.8858924" lon="75.7469369"/>
  <node id="3780960673" lat="26.8859069" lon="75.7457883"/>
  <node id="3780960674" lat="26.8859280" lon="75.7413140"/>
  <node id="3780960677" lat="26.8859716" lon="75.7414290"/>
  <node id="3780960679" lat="26.8860209" lon="75.7415591"/>
  <node id="3780960680" lat="26.8860616" lon="75.7462279"/>
  <node id="3780960682" lat="26.8861469" lon="75.7483389"/>
  <node id="3780960683" lat="26.8861577" lon="75.7419427"/>
  <node id="3780960685" lat="26.8862314" lon="75.7472401"/>
  <node id="3780960691" lat="26.8861768" lon="75.7450366"/>
  <node id="3780960692" lat="26.8862315" lon="75.7467040"/>
  <node id="3780960693" lat="26.8862647" lon="75.7422401"/>
  <node id="3780960695" lat="26.8862946" lon="75.7423233"/>
  <node id="3780960696" lat="26.8863558" lon="75.7386633"/>
  <node id="3780960697" lat="26.8862887" lon="75.7488139"/>
  <node id="3780960708" lat="26.8864169" lon="75.7426775"/>
  <node id="3780960711" lat="26.8864525" lon="75.7427807"/>
  <node id="3780960714" lat="26.8862719" lon="75.7422601"/>
  <node id="3780960719" lat="26.8865691" lon="75.7430618"/>
  <node id="3780960724" lat="26.8865004" lon="75.7459334"/>
  <node id="3780960738" lat="26.8866619" lon="75.7447194"/>
  <node id="3780960744" lat="26.8866827" lon="75.7464342"/>
  <node id="3780960745" lat="26.8868132" lon="75.7478992"/>
  <node id="3780960756" lat="26.8868242" lon="75.7468166"/>
  <node id="3780960771" lat="26.8870379" lon="75.7474074"/>
  <node id="3780960775" lat="26.8871414" lon="75.7476946"/>
  <node id="3780960777" lat="26.8871994" lon="75.7443698"/>
  <node id="3780960788" lat="26.8872723" lon="75.7443224"/>
  <node id="3780960803" lat="26.8873771" lon="75.7482930"/>
  <node id="3780960811" lat="26.8875802" lon="75.7441342"/>
  <node id="3780960848" lat="26.8879406" lon="75.7439139"/>
  <node id="3780960873" lat="26.8882882" lon="75.7437014"/>
  <node id="3780960878" lat="26.8883196" lon="75.7436822"/>
  <node id="3780960947" lat="26.8891358" lon="75.7431776"/>
  <node id="3780961000" lat="26.8896275" lon="75.7428737"/>
  <node id="3780961013" lat="26.8897333" lon="75.7428070"/>
  <node id="3780961085" lat="26.8906353" lon="75.7422383"/>
  <node id="3780961088" lat="26.8907038" lon="75.7421951"/>
  <node id="3783103756" lat="26.8792322" lon="75.7534788"/>
  <node id="3783103759" lat="26.8793481" lon="75.7444896"/>
  <node id="3783103760" lat="26.8793482" lon="75.7541323"/>
  <node id="3783103761" lat="26.8793792" lon="75.7439766"/>
  <node id="3783103762" lat="26.8793631" lon="75.7545239"/>
  <node id="3783103763" lat="26.8793951" lon="75.7534338"/>
  <node id="3783103764" lat="26.8794253" lon="75.7547481"/>
  <node id="3783103766" lat="26.8796210" lon="75.7434992"/>
  <node id="3783103767" lat="26.8795239" lon="75.7455665"/>
  <node id="3783103769" lat="26.8795670" lon="75.7441583"/>
  <node id="3783103771" lat="26.8795375" lon="75.7610305"/>
  <node id="3783103774" lat="26.8795399" lon="75.7612711"/>
  <node id="3783103776" lat="26.8795490" lon="75.7608667"/>
  <node id="3783103778" lat="26.8795531" lon="75.7512303"/>
  <node id="3783103780" lat="26.8796061" lon="75.7605912"/>
  <node id="3783103781" lat="26.8796095" lon="75.7616858"/>
  <node id="3783103782" lat="26.8796598" lon="75.7422813"/>
  <node id="3783103784" lat="26.8798607" lon="75.7600523"/>
  <node id="3783103788" lat="26.8799427" lon="75.7565562"/>
  <node id="3783103790" lat="26.8799861" lon="75.7567259">
    <tag k="highway" v="traffic_signals"/>
    <tag k="traffic_signals" v="signal"/>
    <tag k="traffic_signals:direction" v="forward"/>
  </node>
  <node id="3783103795" lat="26.8801906" lon="75.7593576"/>
  <node id="3783103796" lat="26.8802877" lon="75.7578789">
    <tag k="bus" v="yes"/>
    <tag k="bus_routes" v="7, 32, 23. AC5"/>
    <tag k="highway" v="bus_stop"/>
    <tag k="name" v="Ganga Jamuna"/>
    <tag k="public_transport" v="platform"/>
  </node>
  <node id="3783103797" lat="26.8802141" lon="75.7367815"/>
  <node id="3783103798" lat="26.8802844" lon="75.7590816"/>
  <node id="3783103799" lat="26.8803134" lon="75.7580132"/>
  <node id="3783103800" lat="26.8803346" lon="75.7588600"/>
  <node id="3783103801" lat="26.8803305" lon="75.7581775"/>
  <node id="3783103802" lat="26.8803497" lon="75.7584000"/>
  <node id="3783103803" lat="26.8803547" lon="75.7586272"/>
  <node id="3783104408" lat="26.8762016" lon="75.7300768"/>
  <node id="3783104409" lat="26.8764161" lon="75.7300836"/>
  <node id="3783104410" lat="26.8769877" lon="75.7310038"/>
  <node id="3783104412" lat="26.8785864" lon="75.7324691"/>
  <node id="3783104413" lat="26.8789090" lon="75.7328831"/>
  <node id="3783104414" lat="26.8791052" lon="75.7332081"/>
  <node id="3783104415" lat="26.8792699" lon="75.7335397"/>
  <node id="3783104418" lat="26.8800916" lon="75.7355425"/>
  <node id="3783104420" lat="26.8801691" lon="75.7358713"/>
  <node id="3783104421" lat="26.8802079" lon="75.7362898"/>
  <node id="3783110400" lat="26.8856296" lon="75.7389348"/>
  <node id="3783110401" lat="26.8878908" lon="75.7374290"/>
  <node id="3783124388" lat="26.8478741" lon="75.7693512"/>
  <node id="3783124389" lat="26.8477605" lon="75.7695084"/>
  <node id="3783124391" lat="26.8494942" lon="75.7687028"/>
  <node id="3783124392" lat="26.8499186" lon="75.7685066"/>
  <node id="3783124393" lat="26.8504414" lon="75.7683096"/>
  <node id="3783124394" lat="26.8522437" lon="75.7674724"/>
  <node id="3783124396" lat="26.8535434" lon="75.7668210"/>
  <node id="3783124397" lat="26.8544196" lon="75.7663665"/>
  <node id="3783124398" lat="26.8545427" lon="75.7663335"/>
  <node id="3783124399" lat="26.8565123" lon="75.7663130"/>
  <node id="3783124400" lat="26.8580759" lon="75.7662864"/>
  <node id="3783124401" lat="26.8581397" lon="75.7661910"/>
  <node id="3783124402" lat="26.8581879" lon="75.7662676"/>
  <node id="3783124403" lat="26.8583231" lon="75.7661653"/>
  <node id="3783124404" lat="26.8589379" lon="75.7655709"/>
  <node id="3783124405" lat="26.8594138" lon="75.7649816"/>
  <node id="3783124406" lat="26.8596596" lon="75.7648485"/>
  <node id="3783124407" lat="26.8599392" lon="75.7644549"/>
  <node id="3783124409" lat="26.8608736" lon="75.7635988"/>
  <node id="3783124410" lat="26.8616616" lon="75.7628359"/>
  <node id="3783124411" lat="26.8620308" lon="75.7624734"/>
  <node id="3783124412" lat="26.8621714" lon="75.7621953"/>
  <node id="3783124413" lat="26.8622028" lon="75.7623027"/>
  <node id="3783124414" lat="26.8623704" lon="75.7620374"/>
  <node id="3783124415" lat="26.8626900" lon="75.7613133"/>
  <node id="3783124416" lat="26.8631206" lon="75.7601779"/>
  <node id="3783124417" lat="26.8632645" lon="75.7597861"/>
  <node id="3783124418" lat="26.8635514" lon="75.7590265"/>
  <node id="3783124419" lat="26.8635749" lon="75.7588824"/>
  <node id="3783124420" lat="26.8636197" lon="75.7589406"/>
  <node id="3783124421" lat="26.8636813" lon="75.7588997"/>
  <node id="3783124422" lat="26.8647359" lon="75.7584076"/>
  <node id="3783124423" lat="26.8675300" lon="75.7569784"/>
  <node id="3783124424" lat="26.8689150" lon="75.7563039"/>
  <node id="3783124425" lat="26.8713665" lon="75.7550987"/>
  <node id="3783124426" lat="26.8715510" lon="75.7548980"/>
  <node id="3783124427" lat="26.8717020" lon="75.7549007"/>
  <node id="3783124428" lat="26.8734075" lon="75.7540060"/>
  <node id="3783124429" lat="26.8734693" lon="75.7540374"/>
  <node id="3783124430" lat="26.8756038" lon="75.7530400"/>
  <node id="3783124431" lat="26.8760480" lon="75.7528479"/>
  <node id="3783124432" lat="26.8760645" lon="75.7529300"/>
  <node id="3783124433" lat="26.8765748" lon="75.7474286"/>
  <node id="3783124434" lat="26.8766446" lon="75.7477237"/>
  <node id="3783124435" lat="26.8767067" lon="75.7476207"/>
  <node id="3783124436" lat="26.8767927" lon="75.7478331"/>
  <node id="3783124437" lat="26.8771404" lon="75.7487505"/>
  <node id="3783124438" lat="26.8772057" lon="75.7477793"/>
  <node id="3783124440" lat="26.8776365" lon="75.7505127"/>
  <node id="3783124441" lat="26.8776321" lon="75.7502093"/>
  <node id="3783124442" lat="26.8776882" lon="75.7507290"/>
  <node id="3783124443" lat="26.8776787" lon="75.7560772"/>
  <node id="3783124445" lat="26.8777084" lon="75.7562971"/>
  <node id="3783124446" lat="26.8776856" lon="75.7527587"/>
  <node id="3783124447" lat="26.8777725" lon="75.7507035"/>
  <node id="3783124448" lat="26.8777796" lon="75.7512370"/>
  <node id="3783124449" lat="26.8777895" lon="75.7538568"/>
  <node id="3783124450" lat="26.8777649" lon="75.7527508"/>
  <node id="3783124451" lat="26.8778798" lon="75.7538777"/>
  <node id="3783124452" lat="26.8778245" lon="75.7527486"/>
  <node id="3783124453" lat="26.8778603" lon="75.7512291"/>
  <node id="3783124454" lat="26.8778709" lon="75.7565230"/>
  <node id="3783124455" lat="26.8778710" lon="75.7526409"/>
  <node id="3783124456" lat="26.8778858" lon="75.7527443"/>
  <node id="3783130957" lat="26.8778848" lon="75.7530572"/>
  <node id="3783130958" lat="26.8777481" lon="75.7564688"/>
  <node id="3783130959" lat="26.8780883" lon="75.7573873"/>
  <node id="3783133866" lat="26.8685402" lon="75.7619912"/>
  <node id="3783133868" lat="26.8691921" lon="75.7613220"/>
  <node id="3783215153" lat="26.8494463" lon="75.7738605"/>
  <node id="3783215154" lat="26.8495403" lon="75.7737883"/>
  <node id="3783215155" lat="26.8495874" lon="75.7737557"/>
  <node id="3783215156" lat="26.8498660" lon="75.7736598"/>
  <node id="3783217157" lat="26.8502707" lon="75.7735343"/>
  <node id="3783217158" lat="26.8503723" lon="75.7735762"/>
  <node id="3783217159" lat="26.8504890" lon="75.7734777"/>
  <node id="3783217160" lat="26.8506239" lon="75.7734648"/>
  <node id="3783217161" lat="26.8516782" lon="75.7736291"/>
  <node id="3783217162" lat="26.8519138" lon="75.7736411"/>
  <node id="3783217163" lat="26.8519861" lon="75.7736291"/>
  <node id="3783217164" lat="26.8522733" lon="75.7735793"/>
  <node id="3783217165" lat="26.8545779" lon="75.7732555"/>
  <node id="3783217166" lat="26.8555849" lon="75.7730550"/>
  <node id="3783217167" lat="26.8561519" lon="75.7729554"/>
  <node id="3783217168" lat="26.8562392" lon="75.7729471"/>
  <node id="3783217173" lat="26.8584181" lon="75.7731871"/>
  <node id="3783217174" lat="26.8601365" lon="75.7734059"/>
  <node id="3783217175" lat="26.8626396" lon="75.7737154"/>
  <node id="3783217176" lat="26.8633201" lon="75.7737864"/>
  <node id="3783217177" lat="26.8634138" lon="75.7737797"/>
  <node id="3783217178" lat="26.8635270" lon="75.7737497"/>
  <node id="3783217179" lat="26.8635523" lon="75.7738304"/>
  <node id="3783217180" lat="26.8637112" lon="75.7736644"/>
  <node id="3783217181" lat="26.8646073" lon="75.7730476"/>
  <node id="3783217182" lat="26.8647401" lon="75.7729590"/>
  <node id="3783217183" lat="26.8651786" lon="75.7725754"/>
  <node id="3783217184" lat="26.8652720" lon="75.7726508"/>
  <node id="3783217185" lat="26.8656494" lon="75.7720888"/>
  <node id="3783217186" lat="26.8659390" lon="75.7718868">
    <tag k="highway" v="traffic_signals"/>
    <tag k="traffic_signals" v="signal"/>
    <tag k="traffic_signals:direction" v="forward"/>
  </node>
  <node id="3783217188" lat="26.8663689" lon="75.7712029"/>
  <node id="3783217189" lat="26.8665869" lon="75.7708423"/>
  <node id="3783217190" lat="26.8667544" lon="75.7704981"/>
  <node id="3783217191" lat="26.8668652" lon="75.7701528"/>
  <node id="3783217192" lat="26.8671710" lon="75.7690793"/>
  <node id="3783217193" lat="26.8672095" lon="75.7638973"/>
  <node id="3783217194" lat="26.8672243" lon="75.7637562"/>
  <node id="3783217195" lat="26.8672746" lon="75.7638757"/>
  <node id="3783217196" lat="26.8672879" lon="75.7636202"/>
  <node id="3783217197" lat="26.8672818" lon="75.7677126"/>
  <node id="3783217198" lat="26.8676204" lon="75.7630470"/>
  <node id="3783217199" lat="26.8676646" lon="75.7629702"/>
  <node id="3783217200" lat="26.8679885" lon="75.7624711"/>
  <node id="3783217201" lat="26.8685017" lon="75.7619492"/>
  <node id="3783217202" lat="26.8692036" lon="75.7612080"/>
  <node id="3783217203" lat="26.8693350" lon="75.7610980"/>
  <node id="3783217204" lat="26.8694520" lon="75.7610167"/>
  <node id="3783217205" lat="26.8701491" lon="75.7606351"/>
  <node id="3783217206" lat="26.8705633" lon="75.7604070"/>
  <node id="3783217208" lat="26.8719627" lon="75.7598735"/>
  <node id="3783217210" lat="26.8731385" lon="75.7595864"/>
  <node id="3783217211" lat="26.8736407" lon="75.7594470"/>
  <node id="3783217212" lat="26.8749070" lon="75.7589962"/>
  <node id="3783217215" lat="26.8764324" lon="75.7585111"/>
  <node id="3783217216" lat="26.8776896" lon="75.7578984"/>
  <node id="3783217217" lat="26.8782424" lon="75.7577428"/>
  <node id="3783217218" lat="26.8786787" lon="75.7576175"/>
  <node id="3783217219" lat="26.8801472" lon="75.7580795"/>
  <node id="3783260008" lat="26.8827580" lon="75.7383849"/>
  <node id="3783260011" lat="26.8826423" lon="75.7376231"/>
  <node id="3783260012" lat="26.8827700" lon="75.7373030"/>
  <node id="3783260013" lat="26.8828271" lon="75.7397636"/>
  <node id="3783260014" lat="26.8829076" lon="75.7387635"/>
  <node id="3783260017" lat="26.8829776" lon="75.7371246"/>
  <node id="3783260019" lat="26.8830002" lon="75.7389648"/>
  <node id="3783260023" lat="26.8830748" lon="75.7391112"/>
  <node id="3783260027" lat="26.8830858" lon="75.7374451"/>
  <node id="3783260029" lat="26.8830639" lon="75.7395942"/>
  <node id="3783260030" lat="26.8830827" lon="75.7384202"/>
  <node id="3783260034" lat="26.8831732" lon="75.7373914"/>
  <node id="3783260035" lat="26.8832457" lon="75.7369472"/>
  <node id="3783260037" lat="26.8832792" lon="75.7394821"/>
  <node id="3783260038" lat="26.8832885" lon="75.7383331"/>
  <node id="3783260040" lat="26.8833279" lon="75.7394135"/>
  <node id="3783260041" lat="26.8833516" lon="75.7391985"/>
  <node id="3783260042" lat="26.8833460" lon="75.7393412"/>
  <node id="3783260043" lat="26.8833753" lon="75.7390453"/>
  <node id="3783260046" lat="26.8833998" lon="75.7382910"/>
  <node id="3783260047" lat="26.8834488" lon="75.7386567"/>
  <node id="3783260048" lat="26.8834601" lon="75.7368113"/>
  <node id="3783260050" lat="26.8834923" lon="75.7384670"/>
  <node id="3783260052" lat="26.8835455" lon="75.7383171"/>
  <node id="3783260053" lat="26.8835576" lon="75.7381823"/>
  <node id="3783260054" lat="26.8834197" lon="75.7372736"/>
  <node id="3783260055" lat="26.8836386" lon="75.7401107"/>
  <node id="3783279257" lat="26.8836578" lon="75.7376296"/>
  <node id="3783279260" lat="26.8837149" lon="75.7338065"/>
  <node id="3783279262" lat="26.8837728" lon="75.7371240"/>
  <node id="3783279263" lat="26.8837125" lon="75.7395055"/>
  <node id="3783279266" lat="26.8838290" lon="75.7343370"/>
  <node id="3783279268" lat="26.8838936" lon="75.7365923"/>
  <node id="3783279269" lat="26.8838565" lon="75.7399875"/>
  <node id="3783279272" lat="26.8839672" lon="75.7386134"/>
  <node id="3783279277" lat="26.8839822" lon="75.7351054"/>
  <node id="3783279284" lat="26.8841216" lon="75.7355897"/>
  <node id="3783279287" lat="26.8841735" lon="75.7374287"/>
  <node id="3783279294" lat="26.8843230" lon="75.7396603"/>
  <node id="3783279296" lat="26.8842421" lon="75.7391332"/>
  <node id="3783279310" lat="26.8845405" lon="75.7372398"/>
  <node id="3783279313" lat="26.8845551" lon="75.7394913"/>
  <node id="3783279317" lat="26.8846742" lon="75.7371553"/>
  <node id="3783279320" lat="26.8848083" lon="75.7351689"/>
  <node id="3783279327" lat="26.8848972" lon="75.7346955"/>
  <node id="3783279329" lat="26.8848598" lon="75.7369581"/>
  <node id="3783279332" lat="26.8849941" lon="75.7344340"/>
  <node id="3783279336" lat="26.8849061" lon="75.7352206"/>
  <node id="3783279338" lat="26.8849426" lon="75.7392043"/>
  <node id="3783279344" lat="26.8850052" lon="75.7372331"/>
  <node id="3783279347" lat="26.8850935" lon="75.7383335"/>
  <node id="3783279355" lat="26.8852472" lon="75.7376909"/>
  <node id="3783279563" lat="26.8853417" lon="75.7352176"/>
  <node id="3783279569" lat="26.8853900" lon="75.7389200"/>
  <node id="3783279574" lat="26.8855575" lon="75.7387859"/>
  <node id="3783279575" lat="26.8854569" lon="75.7380876"/>
  <node id="3783279609" lat="26.8857949" lon="75.7352018"/>
  <node id="3783279610" lat="26.8857560" lon="75.7386652"/>
  <node id="3783279615" lat="26.8858753" lon="75.7330435"/>
  <node id="3783279625" lat="26.8860999" lon="75.7329130"/>
  <node id="3783279632" lat="26.8861268" lon="75.7384291"/>
  <node id="3783279636" lat="26.8863337" lon="75.7352026"/>
  <node id="3783279641" lat="26.8864225" lon="75.7356347"/>
  <node id="3783279648" lat="26.8864978" lon="75.7356336"/>
  <node id="3783279655" lat="26.8864378" lon="75.7382145"/>
  <node id="3783279858" lat="26.8866555" lon="75.7380751"/>
  <node id="3783279884" lat="26.8869641" lon="75.7378659"/>
  <node id="3783279891" lat="26.8870354" lon="75.7380063"/>
  <node id="3783279905" lat="26.8872321" lon="75.7376808"/>
  <node id="3783279926" lat="26.8874809" lon="75.7375360"/>
  <node id="3783279943" lat="26.8877320" lon="75.7373697"/>
  <node id="3783279960" lat="26.8880959" lon="75.7372856"/>
  <node id="3784288833" lat="26.8884844" lon="75.7372677"/>
  <node id="3784288835" lat="26.8885962" lon="75.7372059"/>
  <node id="3784288836" lat="26.8885472" lon="75.7373704"/>
  <node id="3785914842" lat="26.8820897" lon="75.7670069"/>
  <node id="3785914843" lat="26.8821552" lon="75.7667487"/>
  <node id="3785914846" lat="26.8822948" lon="75.7661982"/>
  <node id="3785914847" lat="26.8824063" lon="75.7657585"/>
  <node id="3785914849" lat="26.8824571" lon="75.7655582"/>
  <node id="3785914850" lat="26.8825152" lon="75.7653288"/>
  <node id="3785914851" lat="26.8825726" lon="75.7651025"/>
  <node id="3785914853" lat="26.8826237" lon="75.7649010"/>
  <node id="3785914860" lat="26.8827261" lon="75.7644974"/>
  <node id="3785914864" lat="26.8829902" lon="75.7634559"/>
  <node id="3786540215" lat="26.8795646" lon="75.7497427"/>
  <node id="3786540218" lat="26.8801113" lon="75.7430445"/>
  <node id="3786540219" lat="26.8810096" lon="75.7421440"/>
  <node id="3786540220" lat="26.8810862" lon="75.7422942"/>
  <node id="3787112537" lat="26.8683074" lon="75.7621480"/>
  <node id="3787114645" lat="26.8661603" lon="75.7618528"/>
  <node id="3787114816" lat="26.8638783" lon="75.7735589"/>
  <node id="3787115158" lat="26.8664117" lon="75.7621091"/>
  <node id="3787115189" lat="26.8667240" lon="75.7623384"/>
  <node id="3787115216" lat="26.8670075" lon="75.7625630"/>
  <node id="3787115231" lat="26.8672123" lon="75.7639833"/>
  <node id="3787115232" lat="26.8672294" lon="75.7644757"/>
  <node id="3787115233" lat="26.8672395" lon="75.7648743"/>
  <node id="3787115236" lat="26.8672158" lon="75.7627270"/>
  <node id="3787115238" lat="26.8672707" lon="75.7688172"/>
  <node id="3787115239" lat="26.8672728" lon="75.7681896"/>
  <node id="3787115241" lat="26.8672923" lon="75.7665954"/>
  <node id="3787115243" lat="26.8673762" lon="75.7628615"/>
  <node id="3787115245" lat="26.8673475" lon="75.7658710"/>
  <node id="3787115248" lat="26.8673827" lon="75.7671632"/>
  <node id="3787115254" lat="26.8674535" lon="75.7629218"/>
  <node id="3787250000" lat="26.8693251" lon="75.7484329"/>
  <node id="3787250001" lat="26.8696545" lon="75.7496449"/>
  <node id="3787250003" lat="26.8711373" lon="75.7460257"/>
  <node id="3787250004" lat="26.8711525" lon="75.7455850"/>
  <node id="3787250005" lat="26.8711626" lon="75.7396603"/>
  <node id="3787250006" lat="26.8711897" lon="75.7420878"/>
  <node id="3787250009" lat="26.8712040" lon="75.7459753"/>
  <node id="3787250011" lat="26.8712284" lon="75.7396607"/>
  <node id="3787250012" lat="26.8712347" lon="75.7442198"/>
  <node id="3787250013" lat="26.8712391" lon="75.7428439"/>
  <node id="3787250015" lat="26.8712554" lon="75.7420852"/>
  <node id="3787250017" lat="26.8713004" lon="75.7442224"/>
  <node id="3787250018" lat="26.8713049" lon="75.7428413"/>
  <node id="3787250019" lat="26.8713168" lon="75.7373831"/>
  <node id="3787250020" lat="26.8713106" lon="75.7462500"/>
  <node id="3787250022" lat="26.8713625" lon="75.7373134"/>
  <node id="3787250026" lat="26.8715218" lon="75.7467938"/>
  <node id="3787250029" lat="26.8718784" lon="75.7452690"/>
  <node id="3787250030" lat="26.8719000" lon="75.7426631"/>
  <node id="3787250031" lat="26.8719179" lon="75.7430411"/>
  <node id="3787250032" lat="26.8719159" lon="75.7446981"/>
  <node id="3787250033" lat="26.8719804" lon="75.7438464"/>
  <node id="3787250034" lat="26.8719410" lon="75.7442152"/>
  <node id="3787250036" lat="26.8720469" lon="75.7451841"/>
  <node id="3787250037" lat="26.8720605" lon="75.7484491"/>
  <node id="3787250038" lat="26.8721076" lon="75.7465167"/>
  <node id="3787250039" lat="26.8721489" lon="75.7483996"/>
  <node id="3787250041" lat="26.8722796" lon="75.7458212"/>
  <node id="3787250042" lat="26.8723265" lon="75.7471000"/>
  <node id="3787250043" lat="26.8723485" lon="75.7464027"/>
  <node id="3787250044" lat="26.8724170" lon="75.7425925"/>
  <node id="3787250045" lat="26.8724493" lon="75.7494289"/>
  <node id="3787250046" lat="26.8724705" lon="75.7463437"/>
  <node id="3787250047" lat="26.8724985" lon="75.7475585"/>
  <node id="3787250048" lat="26.8725462" lon="75.7493779"/>
  <node id="3787250049" lat="26.8725541" lon="75.7434485"/>
  <node id="3787250050" lat="26.8725546" lon="75.7449282"/>
  <node id="3787250051" lat="26.8726959" lon="75.7438120"/>
  <node id="3787250052" lat="26.8726426" lon="75.7481315"/>
  <node id="3787250054" lat="26.8727032" lon="75.7481041"/>
  <node id="3787250055" lat="26.8727322" lon="75.7441422"/>
  <node id="3787250056" lat="26.8727725" lon="75.7454553"/>
  <node id="3787292416" lat="26.8774046" lon="75.7421968"/>
  <node id="3787292417" lat="26.8774046" lon="75.7425748"/>
  <node id="3787292418" lat="26.8774226" lon="75.7429277"/>
  <node id="3787292419" lat="26.8774332" lon="75.7431098"/>
  <node id="3787292420" lat="26.8774738" lon="75.7436577"/>
  <node id="3787292421" lat="26.8775077" lon="75.7611750"/>
  <node id="3787292422" lat="26.8775722" lon="75.7455188"/>
  <node id="3787292423" lat="26.8775925" lon="75.7459805"/>
  <node id="3787292424" lat="26.8776360" lon="75.7436306"/>
  <node id="3787292425" lat="26.8778853" lon="75.7416028"/>
  <node id="3787292426" lat="26.8777735" lon="75.7399543"/>
  <node id="3787292428" lat="26.8777438" lon="75.7608322"/>
  <node id="3787292429" lat="26.8778840" lon="75.7411503"/>
  <node id="3787292431" lat="26.8782107" lon="75.7430469"/>
  <node id="3787292433" lat="26.8779313" lon="75.7468969"/>
  <node id="3787292435" lat="26.8779741" lon="75.7604800"/>
  <node id="3787292439" lat="26.8782449" lon="75.7435621"/>
  <node id="3787292442" lat="26.8781816" lon="75.7415886"/>
  <node id="3787292444" lat="26.8782226" lon="75.7421804"/>
  <node id="3787292445" lat="26.8782224" lon="75.7600889"/>
  <node id="3787292447" lat="26.8782398" lon="75.7427043"/>
  <node id="3787292448" lat="26.8783968" lon="75.7435524"/>
  <node id="3787292449" lat="26.8783303" lon="75.7440553"/>
  <node id="3787292450" lat="26.8781280" lon="75.7444085"/>
  <node id="3787292455" lat="26.8784428" lon="75.7597382"/>
  <node id="3787303974" lat="26.8795815" lon="75.7418955"/>
  <node id="3787303975" lat="26.8796360" lon="75.7425163"/>
  <node id="3787303977" lat="26.8797160" lon="75.7486075"/>
  <node id="3787303980" lat="26.8796589" lon="75.7555646"/>
  <node id="3787303981" lat="26.8796606" lon="75.7512587"/>
  <node id="3787303982" lat="26.8796614" lon="75.7505448"/>
  <node id="3787303985" lat="26.8796495" lon="75.7555317"/>
  <node id="3787303986" lat="26.8797268" lon="75.7426792"/>
  <node id="3787303987" lat="26.8798917" lon="75.7431739"/>
  <node id="3787303988" lat="26.8797764" lon="75.7427153"/>
  <node id="3787303989" lat="26.8797837" lon="75.7596233"/>
  <node id="3787303990" lat="26.8799785" lon="75.7427770"/>
  <node id="3787303991" lat="26.8797416" lon="75.7414853"/>
  <node id="3787303992" lat="26.8800864" lon="75.7431491"/>
  <node id="3787303993" lat="26.8799137" lon="75.7485988"/>
  <node id="3787303995" lat="26.8799443" lon="75.7485934"/>
  <node id="3787303996" lat="26.8799385" lon="75.7545516"/>
  <node id="3787303998" lat="26.8799690" lon="75.7493913"/>
  <node id="3787303999" lat="26.8799823" lon="75.7553988"/>
  <node id="3787304000" lat="26.8800015" lon="75.7540444"/>
  <node id="3787304001" lat="26.8800315" lon="75.7536168"/>
  <node id="3787304002" lat="26.8800675" lon="75.7455526"/>
  <node id="3787304003" lat="26.8800896" lon="75.7428017"/>
  <node id="3787304004" lat="26.8800666" lon="75.7481315"/>
  <node id="3787304005" lat="26.8800820" lon="75.7394340"/>
  <node id="3787304006" lat="26.8800780" lon="75.7530463"/>
  <node id="3787304007" lat="26.8800732" lon="75.7554811"/>
  <node id="3787304008" lat="26.8801607" lon="75.7468059"/>
  <node id="3787304009" lat="26.8802132" lon="75.7471834"/>
  <node id="3787304010" lat="26.8802428" lon="75.7443707"/>
  <node id="3787304011" lat="26.8802322" lon="75.7449911"/>
  <node id="3787304012" lat="26.8802523" lon="75.7455333"/>
  <node id="3787304013" lat="26.8802527" lon="75.7505277"/>
  <node id="3787304014" lat="26.8802718" lon="75.7510368"/>
  <node id="3787304015" lat="26.8803365" lon="75.7480085"/>
  <node id="3787304016" lat="26.8802931" lon="75.7514601"/>
  <node id="3787304017" lat="26.8803006" lon="75.7579490"/>
  <node id="3787304018" lat="26.8802739" lon="75.7556829"/>
  <node id="3787304020" lat="26.8803408" lon="75.7587887"/>
  <node id="3787304021" lat="26.8803841" lon="75.7565007"/>
  <node id="3787304022" lat="26.8803942" lon="75.7415468"/>
  <node id="3787304023" lat="26.8804077" lon="75.7498403"/>
  <node id="3787304024" lat="26.8804243" lon="75.7485086"/>
  <node id="3787304025" lat="26.8804211" lon="75.7423907"/>
  <node id="3787304026" lat="26.8805428" lon="75.7414842"/>
  <node id="3787304027" lat="26.8804484" lon="75.7505237"/>
  <node id="3787304028" lat="26.8804519" lon="75.7490177"/>
  <node id="3787304030" lat="26.8804904" lon="75.7497263"/>
  <node id="3787304031" lat="26.8806028" lon="75.7408224"/>
  <node id="3787304032" lat="26.8805232" lon="75.7570923"/>
  <node id="3787304033" lat="26.8806140" lon="75.7441086"/>
  <node id="3787304034" lat="26.8805706" lon="75.7470995"/>
  <node id="3787304035" lat="26.8806475" lon="75.7455378"/>
  <node id="3787304036" lat="26.8806544" lon="75.7449854"/>
  <node id="3787304037" lat="26.8806585" lon="75.7575833"/>
  <node id="3787304038" lat="26.8806598" lon="75.7467310"/>
  <node id="3787304039" lat="26.8806617" lon="75.7510070"/>
  <node id="3787304040" lat="26.8806762" lon="75.7478781"/>
  <node id="3787304041" lat="26.8807347" lon="75.7395395"/>
  <node id="3787304042" lat="26.8806873" lon="75.7515879"/>
  <node id="3787304043" lat="26.8806692" lon="75.7560092"/>
  <node id="3787304044" lat="26.8807171" lon="75.7577963"/>
  <node id="3787304045" lat="26.8808153" lon="75.7590624"/>
  <node id="3787304046" lat="26.8807720" lon="75.7579954"/>
  <node id="3787304047" lat="26.8808253" lon="75.7449831"/>
  <node id="3787304048" lat="26.8808315" lon="75.7584258"/>
  <node id="3787304050" lat="26.8808619" lon="75.7500551"/>
  <node id="3787304051" lat="26.8808914" lon="75.7504815"/>
  <node id="3787304053" lat="26.8808839" lon="75.7588053"/>
  <node id="3787304054" lat="26.8807406" lon="75.7560912"/>
  <node id="3787304056" lat="26.8809590" lon="75.7591193"/>
  <node id="3787305057" lat="26.8726156" lon="75.7382023"/>
  <node id="3787305059" lat="26.8728935" lon="75.7401659"/>
  <node id="3787305061" lat="26.8729657" lon="75.7447033"/>
  <node id="3787305062" lat="26.8729480" lon="75.7405710"/>
  <node id="3787305063" lat="26.8729993" lon="75.7409717"/>
  <node id="3787305064" lat="26.8730569" lon="75.7414370"/>
  <node id="3787305065" lat="26.8731284" lon="75.7422581"/>
  <node id="3787305068" lat="26.8731484" lon="75.7425091"/>
  <node id="3787305069" lat="26.8731800" lon="75.7433266"/>
  <node id="3787305070" lat="26.8731710" lon="75.7430599"/>
  <node id="3787305072" lat="26.8732496" lon="75.7439675"/>
  <node id="3787305073" lat="26.8732604" lon="75.7459621"/>
  <node id="3787305075" lat="26.8734392" lon="75.7445004"/>
  <node id="3787305076" lat="26.8734888" lon="75.7465734"/>
  <node id="3787305077" lat="26.8735672" lon="75.7447186"/>
  <node id="3787305078" lat="26.8736118" lon="75.7448342"/>
  <node id="3787305079" lat="26.8736480" lon="75.7448153"/>
  <node id="3787305080" lat="26.8736617" lon="75.7470361"/>
  <node id="3787305081" lat="26.8736662" lon="75.7431896"/>
  <node id="3787305082" lat="26.8736898" lon="75.7450369"/>
  <node id="3787305083" lat="26.8738643" lon="75.7475783"/>
  <node id="3787305084" lat="26.8738461" lon="75.7395954"/>
  <node id="3787305085" lat="26.8738893" lon="75.7400014"/>
  <node id="3787305086" lat="26.8739230" lon="75.7456420"/>
  <node id="3787305087" lat="26.8739513" lon="75.7404078"/>
  <node id="3787305088" lat="26.8740003" lon="75.7408493"/>
  <node id="3787305089" lat="26.8740393" lon="75.7412616"/>
  <node id="3787305090" lat="26.8741286" lon="75.7460408"/>
  <node id="3787305091" lat="26.8741050" lon="75.7417438"/>
  <node id="3787305093" lat="26.8741462" lon="75.7421262"/>
  <node id="3787305094" lat="26.8741806" lon="75.7423907"/>
  <node id="3787305095" lat="26.8743111" lon="75.7396593"/>
  <node id="3787305096" lat="26.8743517" lon="75.7400682"/>
  <node id="3787305097" lat="26.8743871" lon="75.7404395"/>
  <node id="3787305098" lat="26.8744137" lon="75.7458776"/>
  <node id="3787305099" lat="26.8743418" lon="75.7444858"/>
  <node id="3787305100" lat="26.8744038" lon="75.7431041"/>
  <node id="3787305101" lat="26.8744391" lon="75.7469812"/>
  <node id="3787305102" lat="26.8746535" lon="75.7458028"/>
  <node id="3787305103" lat="26.8744319" lon="75.7413812"/>
  <node id="3787305104" lat="26.8745160" lon="75.7439497"/>
  <node id="3787305105" lat="26.8744907" lon="75.7417976"/>
  <node id="3787305106" lat="26.8745438" lon="75.7472705"/>
  <node id="3787305107" lat="26.8745650" lon="75.7473290"/>
  <node id="3787305108" lat="26.8745786" lon="75.7444258"/>
  <node id="3787305111" lat="26.8746652" lon="75.7444165"/>
  <node id="3787305112" lat="26.8747181" lon="75.7478912"/>
  <node id="3787305113" lat="26.8747647" lon="75.7449073"/>
  <node id="3787305114" lat="26.8748497" lon="75.7482829"/>
  <node id="3787305115" lat="26.8748428" lon="75.7454649"/>
  <node id="3787305117" lat="26.8748431" lon="75.7457494"/>
  <node id="3787305120" lat="26.8749348" lon="75.7590707"/>
  <node id="3787305121" lat="26.8749420" lon="75.7461780"/>
  <node id="3787305122" lat="26.8749583" lon="75.7400067"/>
  <node id="3787305123" lat="26.8750961" lon="75.7417508"/>
  <node id="3787305124" lat="26.8751109" lon="75.7413349"/>
  <node id="3787305125" lat="26.8751483" lon="75.7417171"/>
  <node id="3787305126" lat="26.8751697" lon="75.7422071"/>
  <node id="3787305128" lat="26.8752127" lon="75.7469611"/>
  <node id="3787305129" lat="26.8752184" lon="75.7425692"/>
  <node id="3787305130" lat="26.8752888" lon="75.7430495"/>
  <node id="3787305132" lat="26.8754433" lon="75.7616467"/>
  <node id="3787305133" lat="26.8753421" lon="75.7434128"/>
  <node id="3787305134" lat="26.8754471" lon="75.7403517"/>
  <node id="3787305135" lat="26.8754331" lon="75.7475235"/>
  <node id="3787305136" lat="26.8755072" lon="75.7464322"/>
  <node id="3787305137" lat="26.8755778" lon="75.7414050"/>
  <node id="3787305138" lat="26.8754817" lon="75.7437882"/>
  <node id="3787305139" lat="26.8755843" lon="75.7479175"/>
  <node id="3787305140" lat="26.8756128" lon="75.7467760"/>
  <node id="3787305141" lat="26.8756566" lon="75.7467557"/>
  <node id="3787305143" lat="26.8757925" lon="75.7396338"/>
  <node id="3787305144" lat="26.8757944" lon="75.7452311"/>
  <node id="3787305145" lat="26.8758104" lon="75.7398737"/>
  <node id="3787305146" lat="26.8758612" lon="75.7402973"/>
  <node id="3787305147" lat="26.8758576" lon="75.7412412"/>
  <node id="3787305148" lat="26.8758910" lon="75.7457462"/>
  <node id="3787305149" lat="26.8759310" lon="75.7411894"/>
  <node id="3787305150" lat="26.8759918" lon="75.7420689"/>
  <node id="3787305151" lat="26.8760988" lon="75.7402004"/>
  <node id="3787305152" lat="26.8760588" lon="75.7420913"/>
  <node id="3787305153" lat="26.8761016" lon="75.7424151"/>
  <node id="3787305155" lat="26.8761645" lon="75.7428914"/>
  <node id="3787305156" lat="26.8762246" lon="75.7451577"/>
  <node id="3787305257" lat="26.8762216" lon="75.7431697"/>
  <node id="3787305259" lat="26.8763019" lon="75.7455803"/>
  <node id="3787305262" lat="26.8763853" lon="75.7460315"/>
  <node id="3787305263" lat="26.8764295" lon="75.7464025"/>
  <node id="3787305264" lat="26.8764399" lon="75.7464895"/>
  <node id="3787305265" lat="26.8765183" lon="75.7422353"/>
  <node id="3787305269" lat="26.8765353" lon="75.7469656"/>
  <node id="3787305271" lat="26.8765611" lon="75.7427049"/>
  <node id="3787305272" lat="26.8765971" lon="75.7430301"/>
  <node id="3787305274" lat="26.8766421" lon="75.7433426"/>
  <node id="3787305276" lat="26.8766882" lon="75.7407147"/>
  <node id="3787305277" lat="26.8766694" lon="75.7434938"/>
  <node id="3787305279" lat="26.8767742" lon="75.7418785"/>
  <node id="3787305280" lat="26.8768473" lon="75.7397747"/>
  <node id="3787305281" lat="26.8767962" lon="75.7437528"/>
  <node id="3787305282" lat="26.8768916" lon="75.7410983"/>
  <node id="3787305284" lat="26.8769729" lon="75.7422231"/>
  <node id="3787305285" lat="26.8770041" lon="75.7426268"/>
  <node id="3787305286" lat="26.8770458" lon="75.7431778"/>
  <node id="3787305287" lat="26.8773586" lon="75.7417286"/>
  <node id="3787305288" lat="26.8770741" lon="75.7475030"/>
  <node id="3787305289" lat="26.8771001" lon="75.7469507"/>
  <node id="3787305290" lat="26.8770800" lon="75.7403877"/>
  <node id="3787305291" lat="26.8771801" lon="75.7450600"/>
  <node id="3787305292" lat="26.8771805" lon="75.7459979"/>
  <node id="3787305294" lat="26.8771932" lon="75.7455372"/>
  <node id="3787305295" lat="26.8772171" lon="75.7464574"/>
  <node id="3787305296" lat="26.8772550" lon="75.7469407"/>
  <node id="3787305297" lat="26.8770592" lon="75.7432978"/>
  <node id="3787305298" lat="26.8773014" lon="75.7402564"/>
  <node id="3787305557" lat="26.8785038" lon="75.7410786"/>
  <node id="3787305558" lat="26.8785189" lon="75.7468589"/>
  <node id="3787305560" lat="26.8785140" lon="75.7440169"/>
  <node id="3787305563" lat="26.8785463" lon="75.7400788"/>
  <node id="3787305564" lat="26.8786474" lon="75.7593852"/>
  <node id="3787305565" lat="26.8785062" lon="75.7435493"/>
  <node id="3787305566" lat="26.8786895" lon="75.7452263"/>
  <node id="3787305567" lat="26.8786917" lon="75.7450127"/>
  <node id="3787305568" lat="26.8786978" lon="75.7454667"/>
  <node id="3787305569" lat="26.8786952" lon="75.7443677"/>
  <node id="3787305570" lat="26.8786911" lon="75.7440960"/>
  <node id="3787305571" lat="26.8787081" lon="75.7401098"/>
  <node id="3787305572" lat="26.8787137" lon="75.7459316"/>
  <node id="3787305573" lat="26.8787268" lon="75.7463951"/>
  <node id="3787305574" lat="26.8787528" lon="75.7468486"/>
  <node id="3787305575" lat="26.8788470" lon="75.7401396"/>
  <node id="3787305577" lat="26.8788844" lon="75.7415398"/>
  <node id="3787305579" lat="26.8788769" lon="75.7589885"/>
  <node id="3787305580" lat="26.8789719" lon="75.7415935"/>
  <node id="3787305582" lat="26.8789466" lon="75.7608375"/>
  <node id="3787305583" lat="26.8789478" lon="75.7410477"/>
  <node id="3787305584" lat="26.8789554" lon="75.7609883"/>
  <node id="3787305585" lat="26.8789807" lon="75.7606069"/>
  <node id="3787305586" lat="26.8789851" lon="75.7468789"/>
  <node id="3787305587" lat="26.8790073" lon="75.7605174"/>
  <node id="3787305588" lat="26.8792364" lon="75.7584246"/>
  <node id="3787305589" lat="26.8791293" lon="75.7402214"/>
  <node id="3787305590" lat="26.8791142" lon="75.7602353"/>
  <node id="3787305591" lat="26.8789862" lon="75.7417008"/>
  <node id="3787305594" lat="26.8793445" lon="75.7468861"/>
  <node id="3787305595" lat="26.8792680" lon="75.7610760"/>
  <node id="3787305596" lat="26.8793726" lon="75.7606319"/>
  <node id="3787305597" lat="26.8794072" lon="75.7436574"/>
  <node id="3787305598" lat="26.8793095" lon="75.7582601"/>
  <node id="3787305600" lat="26.8792759" lon="75.7598173"/>
  <node id="3787305602" lat="26.8793570" lon="75.7544248"/>
  <node id="3787305603" lat="26.8794268" lon="75.7576800"/>
  <node id="3787305606" lat="26.8793986" lon="75.7418669"/>
  <node id="3787305607" lat="26.8794990" lon="75.7594369"/>
  <node id="3787305611" lat="26.8793565" lon="75.7484847">
    <tag k="highway" v="traffic_signals"/>
    <tag k="traffic_signals" v="signal"/>
    <tag k="traffic_signals:direction" v="forward"/>
  </node>
  <node id="3787305613" lat="26.8794612" lon="75.7545311"/>
  <node id="3787305614" lat="26.8795416" lon="75.7505326"/>
  <node id="3787305615" lat="26.8797473" lon="75.7481892"/>
  <node id="3787305621" lat="26.8812536" lon="75.7417685"/>
  <node id="3787305622" lat="26.8812407" lon="75.7466971"/>
  <node id="3787305623" lat="26.8812571" lon="75.7582847"/>
  <node id="3787305624" lat="26.8812603" lon="75.7590475"/>
  <node id="3787305625" lat="26.8812722" lon="75.7483589"/>
  <node id="3787305627" lat="26.8813087" lon="75.7488601"/>
  <node id="3787305628" lat="26.8813429" lon="75.7402818"/>
  <node id="3787305629" lat="26.8813318" lon="75.7408099"/>
  <node id="3787305631" lat="26.8813794" lon="75.7498058"/>
  <node id="3787305632" lat="26.8813917" lon="75.7500027"/>
  <node id="3787305633" lat="26.8814080" lon="75.7502270"/>
  <node id="3787305634" lat="26.8814191" lon="75.7470491"/>
  <node id="3787305635" lat="26.8814196" lon="75.7504533"/>
  <node id="3787305636" lat="26.8814318" lon="75.7506913"/>
  <node id="3787305638" lat="26.8814433" lon="75.7509428"/>
  <node id="3787305639" lat="26.8814535" lon="75.7511666"/>
  <node id="3787305640" lat="26.8814580" lon="75.7518311"/>
  <node id="3787305641" lat="26.8814590" lon="75.7516161"/>
  <node id="3787305642" lat="26.8814699" lon="75.7466837"/>
  <node id="3787305643" lat="26.8815007" lon="75.7477533"/>
  <node id="3787305644" lat="26.8815304" lon="75.7604031"/>
  <node id="3787305645" lat="26.8815168" lon="75.7401548"/>
  <node id="3787305647" lat="26.8815601" lon="75.7406421"/>
  <node id="3787305648" lat="26.8815706" lon="75.7546744"/>
  <node id="3787305649" lat="26.8816161" lon="75.7601403"/>
  <node id="3787305650" lat="26.8816107" lon="75.7542116"/>
  <node id="3787305651" lat="26.8816561" lon="75.7560569"/>
  <node id="3787305652" lat="26.8816386" lon="75.7614750"/>
  <node id="3787305653" lat="26.8816453" lon="75.7454625"/>
  <node id="3787305654" lat="26.8816651" lon="75.7600357"/>
  <node id="3787305655" lat="26.8816488" lon="75.7537730"/>
  <node id="3787305656" lat="26.8816545" lon="75.7581530"/>
  <node id="3787305958" lat="26.8809950" lon="75.7470307"/>
  <node id="3787305959" lat="26.8810288" lon="75.7424570"/>
  <node id="3787305960" lat="26.8810172" lon="75.7509672"/>
  <node id="3787305961" lat="26.8810087" lon="75.7563001"/>
  <node id="3787305962" lat="26.8810379" lon="75.7516985"/>
  <node id="3787305963" lat="26.8810686" lon="75.7404778"/>
  <node id="3787305964" lat="26.8811114" lon="75.7390033"/>
  <node id="3787305965" lat="26.8811105" lon="75.7478167"/>
  <node id="3787305966" lat="26.8811128" lon="75.7551334"/>
  <node id="3787305967" lat="26.8811502" lon="75.7546290"/>
  <node id="3787305969" lat="26.8811777" lon="75.7483763"/>
  <node id="3787305971" lat="26.8812149" lon="75.7454844"/>
  <node id="3787305972" lat="26.8812203" lon="75.7408919"/>
  <node id="3787306657" lat="26.8816760" lon="75.7587892"/>
  <node id="3787306658" lat="26.8816817" lon="75.7449453"/>
  <node id="3787306659" lat="26.8816838" lon="75.7586952"/>
  <node id="3787306660" lat="26.8817010" lon="75.7414412"/>
  <node id="3787306661" lat="26.8816971" lon="75.7532156"/>
  <node id="3787306662" lat="26.8817238" lon="75.7482792"/>
  <node id="3787306663" lat="26.8816168" lon="75.7577601"/>
  <node id="3787306664" lat="26.8817561" lon="75.7565624"/>
  <node id="3787306665" lat="26.8817955" lon="75.7598975"/>
  <node id="3787306666" lat="26.8817599" lon="75.7460072"/>
  <node id="3787306667" lat="26.8817622" lon="75.7609810"/>
  <node id="3787306668" lat="26.8817626" lon="75.7426678"/>
  <node id="3787306669" lat="26.8817853" lon="75.7566725"/>
  <node id="3787306670" lat="26.8817873" lon="75.7491267"/>
  <node id="3787306671" lat="26.8818498" lon="75.7464785"/>
  <node id="3787306672" lat="26.8818502" lon="75.7492477"/>
  <node id="3787306673" lat="26.8818552" lon="75.7569365"/>
  <node id="3787306674" lat="26.8818694" lon="75.7471219"/>
  <node id="3787306675" lat="26.8818675" lon="75.7605641"/>
  <node id="3787306676" lat="26.8818799" lon="75.7466714"/>
  <node id="3787306677" lat="26.8819111" lon="75.7572030"/>
  <node id="3787306678" lat="26.8819150" lon="75.7468968"/>
  <node id="3787306679" lat="26.8819267" lon="75.7493182"/>
  <node id="3787306680" lat="26.8819310" lon="75.7468925"/>
  <node id="3787306681" lat="26.8819328" lon="75.7573065"/>
  <node id="3787306682" lat="26.8819408" lon="75.7476818"/>
  <node id="3787306683" lat="26.8819488" lon="75.7602728"/>
  <node id="3787306684" lat="26.8819712" lon="75.7469825"/>
  <node id="3787306685" lat="26.8820575" lon="75.7411784"/>
  <node id="3787306686" lat="26.8820342" lon="75.7601014"/>
  <node id="3787306687" lat="26.8820521" lon="75.7578965"/>
  <node id="3787306689" lat="26.8821460" lon="75.7596588"/>
  <node id="3787306690" lat="26.8820831" lon="75.7580109"/>
  <node id="3787306692" lat="26.8821054" lon="75.7559124"/>
  <node id="3787306693" lat="26.8821085" lon="75.7552390"/>
  <node id="3787306694" lat="26.8821113" lon="75.7547452"/>
  <node id="3787306695" lat="26.8821155" lon="75.7539913"/>
  <node id="3787306696" lat="26.8821515" lon="75.7482094"/>
  <node id="3787306699" lat="26.8821345" lon="75.7525193"/>
  <node id="3787306700" lat="26.8821903" lon="75.7583082"/>
  <node id="3787306701" lat="26.8821570" lon="75.7532601"/>
  <node id="3787306703" lat="26.8821735" lon="75.7401913"/>
  <node id="3787306704" lat="26.8822008" lon="75.7489219"/>
  <node id="3787306705" lat="26.8821850" lon="75.7476421"/>
  <node id="3787306706" lat="26.8821950" lon="75.7520556"/>
  <node id="3787306709" lat="26.8822725" lon="75.7598191"/>
  <node id="3787306712" lat="26.8823148" lon="75.7549662"/>
  <node id="3787306714" lat="26.8823375" lon="75.7395553"/>
  <node id="3787306716" lat="26.8823445" lon="75.7595801"/>
  <node id="3787306717" lat="26.8823714" lon="75.7596188"/>
  <node id="3787306718" lat="26.8823956" lon="75.7597117"/>
  <node id="3787306719" lat="26.8824065" lon="75.7414254"/>
  <node id="3787306720" lat="26.8824217" lon="75.7544407"/>
  <node id="3787306721" lat="26.8824274" lon="75.7597990"/>
  <node id="3787306722" lat="26.8824731" lon="75.7539025"/>
  <node id="3787306726" lat="26.8824897" lon="75.7577630"/>
  <node id="3787306728" lat="26.8825357" lon="75.7399543"/>
  <node id="3787306730" lat="26.8825387" lon="75.7600325"/>
  <node id="3787306732" lat="26.8824881" lon="75.7582154"/>
  <node id="3787306733" lat="26.8825954" lon="75.7481253"/>
  <node id="3787306734" lat="26.8826181" lon="75.7601305"/>
  <node id="3787306735" lat="26.8826714" lon="75.7614945"/>
  <node id="3787306737" lat="26.8826644" lon="75.7487238"/>
  <node id="3787306738" lat="26.8826826" lon="75.7562106"/>
  <node id="3787306739" lat="26.8827288" lon="75.7602148"/>
  <node id="3787306740" lat="26.8827681" lon="75.7611350"/>
  <node id="3787306741" lat="26.8827468" lon="75.7601795"/>
  <node id="3787306742" lat="26.8827805" lon="75.7600787"/>
  <node id="3787306743" lat="26.8827840" lon="75.7543517"/>
  <node id="3787306744" lat="26.8828059" lon="75.7456957"/>
  <node id="3787306745" lat="26.8828470" lon="75.7406098"/>
  <node id="3787306746" lat="26.8828966" lon="75.7548379"/>
  <node id="3787306747" lat="26.8828980" lon="75.7475288"/>
  <node id="3787306748" lat="26.8829107" lon="75.7461578"/>
  <node id="3787306749" lat="26.8829342" lon="75.7569919"/>
  <node id="3787306750" lat="26.8830072" lon="75.7465971"/>
  <node id="3787306751" lat="26.8830862" lon="75.7404381"/>
  <node id="3787306752" lat="26.8831228" lon="75.7470123"/>
  <node id="3787306753" lat="26.8832330" lon="75.7474838"/>
  <node id="3787547443" lat="26.8527466" lon="75.7672317"/>
  <node id="3787547603" lat="26.8549244" lon="75.7662165"/>
  <node id="3787547613" lat="26.8553137" lon="75.7662176"/>
  <node id="3787547634" lat="26.8562109" lon="75.7729464"/>
  <node id="3787547654" lat="26.8566113" lon="75.7729878"/>
  <node id="3787547891" lat="26.8577913" lon="75.7662073"/>
  <node id="3787547912" lat="26.8588613" lon="75.7732441"/>
  <node id="3787547932" lat="26.8617078" lon="75.7735938"/>
  <node id="3787862262" lat="26.8464138" lon="75.7645547"/>
  <node id="3787862297" lat="26.8479528" lon="75.7638699"/>
  <node id="3787862299" lat="26.8487341" lon="75.7637036"/>
  <node id="3787862306" lat="26.8504407" lon="75.7629105"/>
  <node id="3788541414" lat="26.8647271" lon="75.7482184"/>
  <node id="3788541415" lat="26.8647391" lon="75.7486889"/>
  <node id="3788541416" lat="26.8647441" lon="75.7490649"/>
  <node id="3788541417" lat="26.8648497" lon="75.7430902"/>
  <node id="3788541418" lat="26.8647513" lon="75.7494682"/>
  <node id="3788541419" lat="26.8647563" lon="75.7498748"/>
  <node id="3788541420" lat="26.8647495" lon="75.7500648"/>
  <node id="3788541421" lat="26.8648633" lon="75.7426490"/>
  <node id="3788541422" lat="26.8647971" lon="75.7467327"/>
  <node id="3788541423" lat="26.8647909" lon="75.7559784"/>
  <node id="3788541424" lat="26.8647924" lon="75.7462481"/>
  <node id="3788541425" lat="26.8649154" lon="75.7422053"/>
  <node id="3788541427" lat="26.8649218" lon="75.7418085"/>
  <node id="3788541428" lat="26.8648747" lon="75.7587604"/>
  <node id="3788541429" lat="26.8648840" lon="75.7510551"/>
  <node id="3788541430" lat="26.8648917" lon="75.7588035"/>
  <node id="3788541431" lat="26.8649401" lon="75.7501703"/>
  <node id="3788541432" lat="26.8649064" lon="75.7576467"/>
  <node id="3788541433" lat="26.8648966" lon="75.7567000"/>
  <node id="3788541434" lat="26.8649451" lon="75.7413028"/>
  <node id="3788541435" lat="26.8649340" lon="75.7602035"/>
  <node id="3788541436" lat="26.8649415" lon="75.7559073"/>
  <node id="3788541437" lat="26.8649681" lon="75.7601493"/>
  <node id="3788541438" lat="26.8649496" lon="75.7568209"/>
  <node id="3788541441" lat="26.8650839" lon="75.7558267"/>
  <node id="3788541442" lat="26.8650930" lon="75.7581308"/>
  <node id="3788541443" lat="26.8651052" lon="75.7452437"/>
  <node id="3788541444" lat="26.8650903" lon="75.7567634"/>
  <node id="3788541445" lat="26.8651254" lon="75.7572448"/>
  <node id="3788541446" lat="26.8651107" lon="75.7447841"/>
  <node id="3788541447" lat="26.8651171" lon="75.7443408"/>
  <node id="3788541449" lat="26.8652105" lon="75.7596137"/>
  <node id="3788541450" lat="26.8652076" lon="75.7586185"/>
  <node id="3788541451" lat="26.8652116" lon="75.7494571"/>
  <node id="3788541452" lat="26.8652132" lon="75.7516720"/>
  <node id="3788541453" lat="26.8652439" lon="75.7566899"/>
  <node id="3788541454" lat="26.8652538" lon="75.7557395"/>
  <node id="3788541455" lat="26.8653388" lon="75.7438694"/>
  <node id="3788541456" lat="26.8652570" lon="75.7498578"/>
  <node id="3788542456" lat="26.8630067" lon="75.7498085"/>
  <node id="3788542678" lat="26.8659871" lon="75.7593992"/>
  <node id="3788542679" lat="26.8659989" lon="75.7404553"/>
  <node id="3788542680" lat="26.8660815" lon="75.7409053"/>
  <node id="3788542681" lat="26.8661300" lon="75.7411108"/>
  <node id="3788542682" lat="26.8661698" lon="75.7403164"/>
  <node id="3788542683" lat="26.8660083" lon="75.7577550"/>
  <node id="3788542684" lat="26.8661111" lon="75.7423355"/>
  <node id="3788542686" lat="26.8660381" lon="75.7568742"/>
  <node id="3788542687" lat="26.8660687" lon="75.7604817"/>
  <node id="3788542689" lat="26.8661548" lon="75.7415952"/>
  <node id="3788542690" lat="26.8661455" lon="75.7418303"/>
  <node id="3788542691" lat="26.8661225" lon="75.7438461"/>
  <node id="3788542692" lat="26.8660890" lon="75.7552885"/>
  <node id="3788542694" lat="26.8661738" lon="75.7441862"/>
  <node id="3788542695" lat="26.8661333" lon="75.7590344"/>
  <node id="3788542696" lat="26.8661417" lon="75.7604354"/>
  <node id="3788542697" lat="26.8661549" lon="75.7561681"/>
  <node id="3788542698" lat="26.8661639" lon="75.7581473"/>
  <node id="3788542699" lat="26.8661828" lon="75.7591422"/>
  <node id="3788542700" lat="26.8662628" lon="75.7438129"/>
  <node id="3788542701" lat="26.8662211" lon="75.7563298"/>
  <node id="3788542702" lat="26.8662048" lon="75.7593306"/>
  <node id="3788542704" lat="26.8662461" lon="75.7452640"/>
  <node id="3788542705" lat="26.8662849" lon="75.7516562"/>
  <node id="3788542706" lat="26.8662857" lon="75.7575229"/>
  <node id="3788542707" lat="26.8662916" lon="75.7551886"/>
  <node id="3788542708" lat="26.8663212" lon="75.7513921"/>
  <node id="3788542709" lat="26.8663294" lon="75.7477887"/>
  <node id="3788542710" lat="26.8663071" lon="75.7576221"/>
  <node id="3788542711" lat="26.8663569" lon="75.7567429"/>
  <node id="3788542712" lat="26.8663505" lon="75.7603451"/>
  <node id="3788542713" lat="26.8663898" lon="75.7473096"/>
  <node id="3788542715" lat="26.8663955" lon="75.7603230"/>
  <node id="3788542716" lat="26.8664794" lon="75.7467890"/>
  <node id="3788542717" lat="26.8664499" lon="75.7562183"/>
  <node id="3788542718" lat="26.8664595" lon="75.7579948"/>
  <node id="3788542720" lat="26.8664718" lon="75.7500607"/>
  <node id="3788542721" lat="26.8664701" lon="75.7593457"/>
  <node id="3788542722" lat="26.8665185" lon="75.7490636"/>
  <node id="3788542724" lat="26.8665014" lon="75.7495250"/>
  <node id="3788542725" lat="26.8665022" lon="75.7550848"/>
  <node id="3788542726" lat="26.8664937" lon="75.7497094"/>
  <node id="3788542727" lat="26.8665364" lon="75.7486816"/>
  <node id="3788542728" lat="26.8665083" lon="75.7589844"/>
  <node id="3788542729" lat="26.8665281" lon="75.7463582"/>
  <node id="3788542731" lat="26.8665235" lon="75.7441795"/>
  <node id="3788542733" lat="26.8665693" lon="75.7602257"/>
  <node id="3788542734" lat="26.8665957" lon="75.7573649"/>
  <node id="3788542735" lat="26.8666481" lon="75.7482714"/>
  <node id="3788542737" lat="26.8666121" lon="75.7559729"/>
  <node id="3788542738" lat="26.8666200" lon="75.7565957"/>
  <node id="3788542739" lat="26.8666402" lon="75.7438024"/>
  <node id="3788542740" lat="26.8666577" lon="75.7561198"/>
  <node id="3788542741" lat="26.8666775" lon="75.7452241"/>
  <node id="3788542742" lat="26.8667741" lon="75.7486932"/>
  <node id="3788542744" lat="26.8666807" lon="75.7432964"/>
  <node id="3788542745" lat="26.8667478" lon="75.7482800"/>
  <node id="3788542746" lat="26.8667789" lon="75.7483738"/>
  <node id="3788542748" lat="26.8667220" lon="75.7463644"/>
  <node id="3788542749" lat="26.8666111" lon="75.7592095"/>
  <node id="3788542751" lat="26.8666896" lon="75.7601725"/>
  <node id="3788542753" lat="26.8667234" lon="75.7452151"/>
  <node id="3788542754" lat="26.8667354" lon="75.7549699"/>
  <node id="3788542755" lat="26.8667411" lon="75.7429485"/>
  <node id="3788542756" lat="26.8667634" lon="75.7587088"/>
  <node id="3788542948" lat="26.8682659" lon="75.7593849"/>
  <node id="3788542949" lat="26.8682777" lon="75.7489963"/>
  <node id="3788542950" lat="26.8683277" lon="75.7408134"/>
  <node id="3788542952" lat="26.8683826" lon="75.7603075"/>
  <node id="3788542954" lat="26.8684111" lon="75.7603777"/>
  <node id="3788542956" lat="26.8684541" lon="75.7436323"/>
  <node id="3788542957" lat="26.8630214" lon="75.7469289"/>
  <node id="3788542958" lat="26.8630562" lon="75.7422902"/>
  <node id="3788542959" lat="26.8630528" lon="75.7435108"/>
  <node id="3788542961" lat="26.8631411" lon="75.7460600"/>
  <node id="3788542962" lat="26.8631439" lon="75.7464146"/>
  <node id="3788542963" lat="26.8631918" lon="75.7480420"/>
  <node id="3788542966" lat="26.8632400" lon="75.7491857"/>
  <node id="3788542968" lat="26.8632739" lon="75.7609367"/>
  <node id="3788542969" lat="26.8634136" lon="75.7605725"/>
  <node id="3788542972" lat="26.8633870" lon="75.7435293"/>
  <node id="3788542974" lat="26.8634635" lon="75.7577864"/>
  <node id="3788542977" lat="26.8633894" lon="75.7456101"/>
  <node id="3788542978" lat="26.8634336" lon="75.7461086"/>
  <node id="3788542979" lat="26.8634731" lon="75.7422937"/>
  <node id="3788542980" lat="26.8634627" lon="75.7464446"/>
  <node id="3788542982" lat="26.8634932" lon="75.7470015"/>
  <node id="3788542985" lat="26.8635012" lon="75.7475541"/>
  <node id="3788542986" lat="26.8634945" lon="75.7497740"/>
  <node id="3788542988" lat="26.8635016" lon="75.7491667"/>
  <node id="3788542990" lat="26.8635105" lon="75.7480964"/>
  <node id="3788542992" lat="26.8635015" lon="75.7487692"/>
  <node id="3788542996" lat="26.8636480" lon="75.7599887"/>
  <node id="3788542998" lat="26.8637795" lon="75.7419509"/>
  <node id="3788542999" lat="26.8638004" lon="75.7595939"/>
  <node id="3788543000" lat="26.8638215" lon="75.7433447"/>
  <node id="3788543001" lat="26.8638564" lon="75.7428838"/>
  <node id="3788543002" lat="26.8638998" lon="75.7424089"/>
  <node id="3788543003" lat="26.8639179" lon="75.7453423"/>
  <node id="3788543004" lat="26.8639159" lon="75.7593136"/>
  <node id="3788543005" lat="26.8640062" lon="75.7433733"/>
  <node id="3788543006" lat="26.8639421" lon="75.7563467"/>
  <node id="3788543009" lat="26.8641694" lon="75.7439169"/>
  <node id="3788543010" lat="26.8641720" lon="75.7443343"/>
  <node id="3788543011" lat="26.8641626" lon="75.7447821"/>
  <node id="3788543012" lat="26.8641916" lon="75.7453258"/>
  <node id="3788543013" lat="26.8641444" lon="75.7419911"/>
  <node id="3788543015" lat="26.8642041" lon="75.7570264"/>
  <node id="3788543018" lat="26.8642093" lon="75.7591778"/>
  <node id="3788543020" lat="26.8643271" lon="75.7482220"/>
  <node id="3788543022" lat="26.8643094" lon="75.7510535"/>
  <node id="3788543023" lat="26.8643086" lon="75.7511769"/>
  <node id="3788543024" lat="26.8643236" lon="75.7487793"/>
  <node id="3788543025" lat="26.8643217" lon="75.7490828"/>
  <node id="3788543026" lat="26.8643189" lon="75.7495300"/>
  <node id="3788543027" lat="26.8643157" lon="75.7500482"/>
  <node id="3788543028" lat="26.8643417" lon="75.7573862"/>
  <node id="3788543029" lat="26.8643141" lon="75.7561885"/>
  <node id="3788543030" lat="26.8644970" lon="75.7429420"/>
  <node id="3788543031" lat="26.8643947" lon="75.7575238"/>
  <node id="3788543033" lat="26.8644858" lon="75.7433960"/>
  <node id="3788543035" lat="26.8644070" lon="75.7597069"/>
  <node id="3788543037" lat="26.8645619" lon="75.7397253"/>
  <node id="3788543038" lat="26.8645176" lon="75.7425000"/>
  <node id="3788543039" lat="26.8644897" lon="75.7424801"/>
  <node id="3788543040" lat="26.8645942" lon="75.7398366"/>
  <node id="3788543041" lat="26.8645309" lon="75.7589731"/>
  <node id="3788543042" lat="26.8645582" lon="75.7452986"/>
  <node id="3788543043" lat="26.8646397" lon="75.7401122"/>
  <node id="3788543044" lat="26.8647001" lon="75.7398581"/>
  <node id="3788543045" lat="26.8645692" lon="75.7601397"/>
  <node id="3788543046" lat="26.8645243" lon="75.7420226"/>
  <node id="3788543047" lat="26.8645881" lon="75.7568447"/>
  <node id="3788543050" lat="26.8646276" lon="75.7560545"/>
  <node id="3788543051" lat="26.8646916" lon="75.7467258"/>
  <node id="3788543052" lat="26.8646190" lon="75.7417805"/>
  <node id="3788543054" lat="26.8648225" lon="75.7438970"/>
  <node id="3788543055" lat="26.8648432" lon="75.7435638"/>
  <node id="3788543057" lat="26.8653258" lon="75.7435909"/>
  <node id="3788543058" lat="26.8653602" lon="75.7431538"/>
  <node id="3788543059" lat="26.8653744" lon="75.7427108"/>
  <node id="3788543060" lat="26.8653801" lon="75.7451982"/>
  <node id="3788543061" lat="26.8654046" lon="75.7510657"/>
  <node id="3788543062" lat="26.8654035" lon="75.7453959"/>
  <node id="3788543063" lat="26.8654036" lon="75.7422224"/>
  <node id="3788543065" lat="26.8653559" lon="75.7599832"/>
  <node id="3788543067" lat="26.8654567" lon="75.7462553"/>
  <node id="3788543068" lat="26.8653938" lon="75.7579775"/>
  <node id="3788543069" lat="26.8653999" lon="75.7566099"/>
  <node id="3788543070" lat="26.8654396" lon="75.7556426"/>
  <node id="3788543071" lat="26.8654781" lon="75.7572967"/>
  <node id="3788543072" lat="26.8655243" lon="75.7593516"/>
  <node id="3788543073" lat="26.8655304" lon="75.7584652"/>
  <node id="3788543074" lat="26.8655565" lon="75.7594463"/>
  <node id="3788543075" lat="26.8655511" lon="75.7564897"/>
  <node id="3788543076" lat="26.8655736" lon="75.7565246"/>
  <node id="3788543078" lat="26.8656304" lon="75.7606941"/>
  <node id="3788543079" lat="26.8657958" lon="75.7413618"/>
  <node id="3788543081" lat="26.8656813" lon="75.7490297"/>
  <node id="3788543082" lat="26.8656685" lon="75.7494874"/>
  <node id="3788543083" lat="26.8657321" lon="75.7442545"/>
  <node id="3788543085" lat="26.8656309" lon="75.7597628"/>
  <node id="3788543086" lat="26.8656834" lon="75.7486462"/>
  <node id="3788543087" lat="26.8656854" lon="75.7482612"/>
  <node id="3788543088" lat="26.8656811" lon="75.7481623"/>
  <node id="3788543089" lat="26.8656338" lon="75.7555335"/>
  <node id="3788543090" lat="26.8656966" lon="75.7462888"/>
  <node id="3788543091" lat="26.8656877" lon="75.7578277"/>
  <node id="3788543092" lat="26.8657660" lon="75.7430704"/>
  <node id="3788543093" lat="26.8656962" lon="75.7477379"/>
  <node id="3788543094" lat="26.8656984" lon="75.7468192"/>
  <node id="3788543095" lat="26.8656997" lon="75.7466918"/>
  <node id="3788543096" lat="26.8658227" lon="75.7451520"/>
  <node id="3788543098" lat="26.8657496" lon="75.7609822"/>
  <node id="3788543099" lat="26.8657378" lon="75.7563927"/>
  <node id="3788543100" lat="26.8658266" lon="75.7427479"/>
  <node id="3788543101" lat="26.8657635" lon="75.7595168"/>
  <node id="3788543103" lat="26.8658336" lon="75.7592037"/>
  <node id="3788543104" lat="26.8659152" lon="75.7422979"/>
  <node id="3788543105" lat="26.8659138" lon="75.7400461"/>
  <node id="3788543107" lat="26.8658564" lon="75.7582962"/>
  <node id="3788543108" lat="26.8659603" lon="75.7396893"/>
  <node id="3788543109" lat="26.8658440" lon="75.7554198"/>
  <node id="3788543111" lat="26.8659360" lon="75.7402155"/>
  <node id="3788543112" lat="26.8659372" lon="75.7605587"/>
  <node id="3788543113" lat="26.8659403" lon="75.7562851"/>
  <node id="3788543115" lat="26.8671086" lon="75.7463953"/>
  <node id="3788543116" lat="26.8670416" lon="75.7591021"/>
  <node id="3788543117" lat="26.8671492" lon="75.7450756"/>
  <node id="3788543118" lat="26.8670416" lon="75.7419044"/>
  <node id="3788543119" lat="26.8671607" lon="75.7570769"/>
  <node id="3788543120" lat="26.8671954" lon="75.7599317"/>
  <node id="3788543121" lat="26.8671920" lon="75.7407185"/>
  <node id="3788543123" lat="26.8672112" lon="75.7590351"/>
  <node id="3788543125" lat="26.8672910" lon="75.7430612"/>
  <node id="3788543126" lat="26.8673390" lon="75.7434617"/>
  <node id="3788543128" lat="26.8674118" lon="75.7411781"/>
  <node id="3788543129" lat="26.8673728" lon="75.7438922"/>
  <node id="3788543130" lat="26.8673907" lon="75.7442046"/>
  <node id="3788543131" lat="26.8673942" lon="75.7497124"/>
  <node id="3788543132" lat="26.8673963" lon="75.7500207"/>
  <node id="3788543133" lat="26.8673431" lon="75.7584211"/>
  <node id="3788543134" lat="26.8674519" lon="75.7449274"/>
  <node id="3788543135" lat="26.8674067" lon="75.7495537"/>
  <node id="3788543136" lat="26.8673728" lon="75.7575455"/>
  <node id="3788543137" lat="26.8673587" lon="75.7598618"/>
  <node id="3788543139" lat="26.8673746" lon="75.7590123"/>
  <node id="3788543141" lat="26.8674060" lon="75.7585847"/>
  <node id="3788543142" lat="26.8674138" lon="75.7504746"/>
  <node id="3788543143" lat="26.8673237" lon="75.7433064"/>
  <node id="3788543144" lat="26.8674431" lon="75.7464244"/>
  <node id="3788543149" lat="26.8673718" lon="75.7407403"/>
  <node id="3788543150" lat="26.8674664" lon="75.7513602"/>
  <node id="3788543152" lat="26.8674899" lon="75.7588362"/>
  <node id="3788543153" lat="26.8674379" lon="75.7493172"/>
  <node id="3788543157" lat="26.8667731" lon="75.7450590"/>
  <node id="3788543158" lat="26.8667614" lon="75.7578603"/>
  <node id="3788543159" lat="26.8667739" lon="75.7601273"/>
  <node id="3788543160" lat="26.8668058" lon="75.7558835"/>
  <node id="3788543161" lat="26.8668605" lon="75.7504212"/>
  <node id="3788543162" lat="26.8669541" lon="75.7487479"/>
  <node id="3788543163" lat="26.8668698" lon="75.7572251"/>
  <node id="3788543164" lat="26.8668540" lon="75.7500455"/>
  <node id="3788543165" lat="26.8668876" lon="75.7553808"/>
  <node id="3788543167" lat="26.8668898" lon="75.7513783"/>
  <node id="3788543168" lat="26.8668875" lon="75.7591532"/>
  <node id="3788543169" lat="26.8669256" lon="75.7564636"/>
  <node id="3788543170" lat="26.8669417" lon="75.7497176"/>
  <node id="3788543172" lat="26.8669806" lon="75.7600290"/>
  <node id="3788543173" lat="26.8669643" lon="75.7424960"/>
  <node id="3788543174" lat="26.8670271" lon="75.7600035"/>
  <node id="3788543175" lat="26.8670518" lon="75.7557702"/>
  <node id="3788543176" lat="26.8670656" lon="75.7585455"/>
  <node id="3788543177" lat="26.8670642" lon="75.7577139"/>
  <node id="3788543178" lat="26.8704200" lon="75.7428090"/>
  <node id="3788543179" lat="26.8704236" lon="75.7413543"/>
  <node id="3788543181" lat="26.8704247" lon="75.7426540"/>
  <node id="3788543182" lat="26.8704383" lon="75.7422078"/>
  <node id="3788543183" lat="26.8704321" lon="75.7461276"/>
  <node id="3788543184" lat="26.8704438" lon="75.7418158"/>
  <node id="3788543186" lat="26.8704477" lon="75.7419010"/>
  <node id="3788543187" lat="26.8704477" lon="75.7408324"/>
  <node id="3788543188" lat="26.8704240" lon="75.7407042"/>
  <node id="3788543189" lat="26.8704570" lon="75.7458160"/>
  <node id="3788543190" lat="26.8704423" lon="75.7403321"/>
  <node id="3788543193" lat="26.8704756" lon="75.7399492"/>
  <node id="3788543194" lat="26.8704989" lon="75.7395185"/>
  <node id="3788543195" lat="26.8705293" lon="75.7446793"/>
  <node id="3788543196" lat="26.8706337" lon="75.7427865"/>
  <node id="3788543198" lat="26.8707146" lon="75.7446316"/>
  <node id="3788543199" lat="26.8707366" lon="75.7441427"/>
  <node id="3788543200" lat="26.8707657" lon="75.7436703"/>
  <node id="3788543201" lat="26.8709188" lon="75.7445557"/>
  <node id="3788543202" lat="26.8710257" lon="75.7476060"/>
  <node id="3788543203" lat="26.8710618" lon="75.7468521"/>
  <node id="3788543204" lat="26.8710763" lon="75.7475813"/>
  <node id="3788543205" lat="26.8710975" lon="75.7461849"/>
  <node id="3788543207" lat="26.8711906" lon="75.7417114"/>
  <node id="3788543208" lat="26.8711918" lon="75.7402080"/>
  <node id="3788543209" lat="26.8711885" lon="75.7412610"/>
  <node id="3788543210" lat="26.8711930" lon="75.7407700"/>
  <node id="3788543211" lat="26.8712270" lon="75.7443503"/>
  <node id="3788543212" lat="26.8712306" lon="75.7427139"/>
  <node id="3788543213" lat="26.8712363" lon="75.7437192"/>
  <node id="3788543214" lat="26.8712545" lon="75.7401498"/>
  <node id="3788543215" lat="26.8712696" lon="75.7412524"/>
  <node id="3788543216" lat="26.8712643" lon="75.7480982"/>
  <node id="3788543217" lat="26.8712959" lon="75.7427036"/>
  <node id="3788543218" lat="26.8714907" lon="75.7487202"/>
  <node id="3788543219" lat="26.8716320" lon="75.7473130"/>
  <node id="3788543220" lat="26.8722165" lon="75.7410781"/>
  <node id="3788543221" lat="26.8721250" lon="75.7400656"/>
  <node id="3788543224" lat="26.8725357" lon="75.7425722"/>
  <node id="3788543225" lat="26.8725688" lon="75.7429265"/>
  <node id="3788543226" lat="26.8728236" lon="75.7399250"/>
  <node id="3788543227" lat="26.8729327" lon="75.7437632"/>
  <node id="3788543228" lat="26.8731619" lon="75.7428631"/>
  <node id="3788543229" lat="26.8732202" lon="75.7437256"/>
  <node id="3788543230" lat="26.8815619" lon="75.7483078"/>
  <node id="3788543257" lat="26.8674971" lon="75.7487658"/>
  <node id="3788543259" lat="26.8675467" lon="75.7518382"/>
  <node id="3788543260" lat="26.8675064" lon="75.7597786"/>
  <node id="3788543261" lat="26.8675987" lon="75.7419048"/>
  <node id="3788543264" lat="26.8676432" lon="75.7587579"/>
  <node id="3788543265" lat="26.8676585" lon="75.7596936"/>
  <node id="3788543266" lat="26.8676659" lon="75.7479394"/>
  <node id="3788543267" lat="26.8677064" lon="75.7403898"/>
  <node id="3788543268" lat="26.8676774" lon="75.7573881"/>
  <node id="3788543269" lat="26.8676873" lon="75.7606159"/>
  <node id="3788543270" lat="26.8676992" lon="75.7584348"/>
  <node id="3788543273" lat="26.8675586" lon="75.7449332"/>
  <node id="3788543275" lat="26.8677505" lon="75.7596516"/>
  <node id="3788543276" lat="26.8677874" lon="75.7475070"/>
  <node id="3788543277" lat="26.8678945" lon="75.7435800"/>
  <node id="3788543278" lat="26.8677645" lon="75.7586309"/>
  <node id="3788543280" lat="26.8677983" lon="75.7596280"/>
  <node id="3788543281" lat="26.8678337" lon="75.7473425"/>
  <node id="3788543282" lat="26.8675375" lon="75.7440673"/>
  <node id="3788543283" lat="26.8675604" lon="75.7444836"/>
  <node id="3788543284" lat="26.8678964" lon="75.7496911"/>
  <node id="3788543285" lat="26.8679092" lon="75.7469892"/>
  <node id="3788543288" lat="26.8679580" lon="75.7469001"/>
  <node id="3788543289" lat="26.8679068" lon="75.7493108"/>
  <node id="3788543290" lat="26.8679163" lon="75.7432453"/>
  <node id="3788543291" lat="26.8680206" lon="75.7468882"/>
  <node id="3788543292" lat="26.8679187" lon="75.7585577"/>
  <node id="3788543293" lat="26.8679575" lon="75.7595392"/>
  <node id="3788543294" lat="26.8679407" lon="75.7500087"/>
  <node id="3788543295" lat="26.8679940" lon="75.7489689"/>
  <node id="3788543297" lat="26.8680154" lon="75.7504320"/>
  <node id="3788543298" lat="26.8680310" lon="75.7582583"/>
  <node id="3788543299" lat="26.8680490" lon="75.7505138"/>
  <node id="3788543300" lat="26.8680633" lon="75.7604491"/>
  <node id="3788543301" lat="26.8680635" lon="75.7594901"/>
  <node id="3788543302" lat="26.8680947" lon="75.7509955"/>
  <node id="3788543303" lat="26.8682216" lon="75.7404188"/>
  <node id="3788543304" lat="26.8680968" lon="75.7594738"/>
  <node id="3788543305" lat="26.8681474" lon="75.7515183"/>
  <node id="3788543306" lat="26.8683091" lon="75.7390878"/>
  <node id="3788543307" lat="26.8681838" lon="75.7497176"/>
  <node id="3788543308" lat="26.8682256" lon="75.7466474"/>
  <node id="3788543309" lat="26.8682522" lon="75.7462451"/>
  <node id="3788543310" lat="26.8682074" lon="75.7469265"/>
  <node id="3788543311" lat="26.8682284" lon="75.7493666"/>
  <node id="3788543313" lat="26.8682675" lon="75.7546804"/>
  <node id="3788543457" lat="26.8684898" lon="75.7499820"/>
  <node id="3788543458" lat="26.8684572" lon="75.7592959"/>
  <node id="3788543459" lat="26.8684699" lon="75.7498370"/>
  <node id="3788543460" lat="26.8685030" lon="75.7434042"/>
  <node id="3788543461" lat="26.8685274" lon="75.7432911"/>
  <node id="3788543463" lat="26.8685344" lon="75.7508674"/>
  <node id="3788543464" lat="26.8686179" lon="75.7493604"/>
  <node id="3788543465" lat="26.8686218" lon="75.7493117"/>
  <node id="3788543466" lat="26.8685863" lon="75.7501617"/>
  <node id="3788543467" lat="26.8685761" lon="75.7503945"/>
  <node id="3788543469" lat="26.8686558" lon="75.7501222"/>
  <node id="3788543470" lat="26.8685063" lon="75.7513466"/>
  <node id="3788543471" lat="26.8685067" lon="75.7418592"/>
  <node id="3788543472" lat="26.8686905" lon="75.7470243"/>
  <node id="3788543473" lat="26.8687027" lon="75.7412634"/>
  <node id="3788543474" lat="26.8687049" lon="75.7501088"/>
  <node id="3788543476" lat="26.8687116" lon="75.7424970"/>
  <node id="3788543477" lat="26.8687295" lon="75.7484240"/>
  <node id="3788543478" lat="26.8687370" lon="75.7408485"/>
  <node id="3788543479" lat="26.8688492" lon="75.7475266"/>
  <node id="3788543480" lat="26.8687718" lon="75.7404841"/>
  <node id="3788543481" lat="26.8687853" lon="75.7479501"/>
  <node id="3788543482" lat="26.8687910" lon="75.7440491"/>
  <node id="3788543483" lat="26.8687690" lon="75.7439311"/>
  <node id="3788543484" lat="26.8687907" lon="75.7437697"/>
  <node id="3788543485" lat="26.8687898" lon="75.7457509"/>
  <node id="3788543486" lat="26.8688122" lon="75.7404950"/>
  <node id="3788543487" lat="26.8688403" lon="75.7436119"/>
  <node id="3788543488" lat="26.8688208" lon="75.7601756"/>
  <node id="3788543489" lat="26.8688223" lon="75.7419840"/>
  <node id="3788543491" lat="26.8688797" lon="75.7400908"/>
  <node id="3788543492" lat="26.8688085" lon="75.7443136"/>
  <node id="3788543493" lat="26.8689436" lon="75.7500793"/>
  <node id="3788543494" lat="26.8688546" lon="75.7435337"/>
  <node id="3788543495" lat="26.8689037" lon="75.7397126"/>
  <node id="3788543496" lat="26.8688920" lon="75.7420116"/>
  <node id="3788543497" lat="26.8688988" lon="75.7615317"/>
  <node id="3788543498" lat="26.8689316" lon="75.7443229"/>
  <node id="3788543499" lat="26.8689652" lon="75.7496406"/>
  <node id="3788543500" lat="26.8690593" lon="75.7447586"/>
  <node id="3788543502" lat="26.8691584" lon="75.7493723"/>
  <node id="3788543503" lat="26.8693001" lon="75.7446607"/>
  <node id="3788543505" lat="26.8693128" lon="75.7430079"/>
  <node id="3788543506" lat="26.8693670" lon="75.7433459"/>
  <node id="3788543507" lat="26.8692397" lon="75.7480064"/>
  <node id="3788543508" lat="26.8693239" lon="75.7426683"/>
  <node id="3788543510" lat="26.8693175" lon="75.7484434"/>
  <node id="3788543511" lat="26.8693876" lon="75.7422181"/>
  <node id="3788543515" lat="26.8694976" lon="75.7489836"/>
  <node id="3788543517" lat="26.8694337" lon="75.7437130"/>
  <node id="3788543519" lat="26.8694767" lon="75.7435737"/>
  <node id="3788543520" lat="26.8695425" lon="75.7433778"/>
  <node id="3788543521" lat="26.8695686" lon="75.7402220"/>
  <node id="3788543523" lat="26.8694296" lon="75.7413358"/>
  <node id="3788543524" lat="26.8695400" lon="75.7405553"/>
  <node id="3788543525" lat="26.8696498" lon="75.7422293"/>
  <node id="3788543528" lat="26.8697088" lon="75.7443255"/>
  <node id="3788543529" lat="26.8697246" lon="75.7417629"/>
  <node id="3788543531" lat="26.8697395" lon="75.7446268"/>
  <node id="3788543532" lat="26.8697410" lon="75.7442125"/>
  <node id="3788543533" lat="26.8697739" lon="75.7405933"/>
  <node id="3788543534" lat="26.8697667" lon="75.7413599"/>
  <node id="3788543535" lat="26.8697712" lon="75.7441312"/>
  <node id="3788543536" lat="26.8697922" lon="75.7446731"/>
  <node id="3788543537" lat="26.8698166" lon="75.7402837"/>
  <node id="3788543539" lat="26.8698832" lon="75.7394592"/>
  <node id="3788543540" lat="26.8698395" lon="75.7399029"/>
  <node id="3788543541" lat="26.8698374" lon="75.7440722"/>
  <node id="3788543542" lat="26.8698834" lon="75.7447098"/>
  <node id="3788543543" lat="26.8700510" lon="75.7440880"/>
  <node id="3788543544" lat="26.8703932" lon="75.7467970"/>
  <node id="3788543545" lat="26.8703949" lon="75.7436318"/>
  <node id="3788543546" lat="26.8704134" lon="75.7430266"/>
  <node id="3788543547" lat="26.8704220" lon="75.7463445"/>
  <node id="3788668014" lat="26.8631491" lon="75.7542914"/>
  <node id="3788668015" lat="26.8634675" lon="75.7551104"/>
  <node id="3788668016" lat="26.8635679" lon="75.7540878"/>
  <node id="3788668017" lat="26.8637112" lon="75.7540283"/>
  <node id="3788668018" lat="26.8638833" lon="75.7549491"/>
  <node id="3788668019" lat="26.8639588" lon="75.7539285"/>
  <node id="3788668020" lat="26.8640379" lon="75.7548655"/>
  <node id="3788668022" lat="26.8640551" lon="75.7541807"/>
  <node id="3788668023" lat="26.8642592" lon="75.7547460"/>
  <node id="3788668024" lat="26.8643497" lon="75.7537535"/>
  <node id="3788668025" lat="26.8643835" lon="75.7561595"/>
  <node id="3788668027" lat="26.8645636" lon="75.7536444"/>
  <node id="3788668028" lat="26.8646634" lon="75.7538810"/>
  <node id="3788668029" lat="26.8647378" lon="75.7560031"/>
  <node id="3788668030" lat="26.8647723" lon="75.7544917"/>
  <node id="3788668032" lat="26.8648902" lon="75.7544331"/>
  <node id="3788668033" lat="26.8649430" lon="75.7534439"/>
  <node id="3788668035" lat="26.8652520" lon="75.7542622"/>
  <node id="3788668036" lat="26.8652972" lon="75.7532570"/>
  <node id="3788668038" lat="26.8655736" lon="75.7540896"/>
  <node id="3788668039" lat="26.8656066" lon="75.7531107"/>
  <node id="3788668040" lat="26.8655917" lon="75.7540060"/>
  <node id="3788668041" lat="26.8656998" lon="75.7530545"/>
  <node id="3788668042" lat="26.8657619" lon="75.7554632"/>
  <node id="3788668044" lat="26.8659163" lon="75.7529046"/>
  <node id="3788668045" lat="26.8659683" lon="75.7540418"/>
  <node id="3788668046" lat="26.8659770" lon="75.7540585"/>
  <node id="3788668047" lat="26.8660851" lon="75.7543128"/>
  <node id="3788668048" lat="26.8663024" lon="75.7538903"/>
  <node id="3788668049" lat="26.8664145" lon="75.7551280"/>
  <node id="3788668050" lat="26.8665985" lon="75.7525734"/>
  <node id="3788668051" lat="26.8672931" lon="75.7522060"/>
  <node id="3788668052" lat="26.8673285" lon="75.7540561"/>
  <node id="3788668053" lat="26.8674680" lon="75.7526181"/>
  <node id="3788668054" lat="26.8675135" lon="75.7544170"/>
  <node id="3788668055" lat="26.8676298" lon="75.7539044"/>
  <node id="3788668056" lat="26.8677812" lon="75.7542821"/>
  <node id="3788668057" lat="26.8679162" lon="75.7537601"/>
  <node id="3788668058" lat="26.8679889" lon="75.7539454"/>
  <node id="3788668059" lat="26.8680521" lon="75.7530523"/>
  <node id="3788668060" lat="26.8681572" lon="75.7585438"/>
  <node id="3788668061" lat="26.8682080" lon="75.7534118"/>
  <node id="3788668062" lat="26.8683432" lon="75.7537729"/>
  <node id="3788668063" lat="26.8682275" lon="75.7572776"/>
  <node id="3788668064" lat="26.8683940" lon="75.7516659"/>
  <node id="3788668065" lat="26.8684189" lon="75.7537361"/>
  <node id="3788668066" lat="26.8684275" lon="75.7516485"/>
  <node id="3788668067" lat="26.8684485" lon="75.7565275"/>
  <node id="3788668068" lat="26.8685667" lon="75.7554174"/>
  <node id="3788668069" lat="26.8686011" lon="75.7520763"/>
  <node id="3788668070" lat="26.8686823" lon="75.7570724"/>
  <node id="3788668071" lat="26.8687589" lon="75.7515663"/>
  <node id="3788668072" lat="26.8688223" lon="75.7535397"/>
  <node id="3788668073" lat="26.8688360" lon="75.7526553"/>
  <node id="3788668074" lat="26.8688381" lon="75.7548203"/>
  <node id="3788668075" lat="26.8689743" lon="75.7530344"/>
  <node id="3788668076" lat="26.8689960" lon="75.7521170"/>
  <node id="3788668077" lat="26.8689987" lon="75.7552107"/>
  <node id="3788668078" lat="26.8691025" lon="75.7514067"/>
  <node id="3788668079" lat="26.8691079" lon="75.7534007"/>
  <node id="3788668080" lat="26.8691098" lon="75.7568122"/>
  <node id="3788668081" lat="26.8691447" lon="75.7525105"/>
  <node id="3788668082" lat="26.8692012" lon="75.7545306"/>
  <node id="3788668083" lat="26.8692067" lon="75.7533526"/>
  <node id="3788668084" lat="26.8692894" lon="75.7572670"/>
  <node id="3788668085" lat="26.8693079" lon="75.7519472"/>
  <node id="3788668086" lat="26.8693185" lon="75.7560241"/>
  <node id="3788668087" lat="26.8693282" lon="75.7548697"/>
  <node id="3788668088" lat="26.8693895" lon="75.7550236"/>
  <node id="3788668089" lat="26.8694277" lon="75.7512406"/>
  <node id="3788668090" lat="26.8694156" lon="75.7532509"/>
  <node id="3788668091" lat="26.8694250" lon="75.7522880"/>
  <node id="3788668092" lat="26.8695440" lon="75.7542550"/>
  <node id="3788668093" lat="26.8695157" lon="75.7578492"/>
  <node id="3788668094" lat="26.8696021" lon="75.7531601"/>
  <node id="3788668095" lat="26.8696464" lon="75.7518224"/>
  <node id="3788668096" lat="26.8696558" lon="75.7565447"/>
  <node id="3788668097" lat="26.8697110" lon="75.7558316"/>
  <node id="3788668098" lat="26.8697297" lon="75.7530980"/>
  <node id="3788668099" lat="26.8697309" lon="75.7546787"/>
  <node id="3788668100" lat="26.8697463" lon="75.7521221"/>
  <node id="3788668101" lat="26.8697681" lon="75.7584884"/>
  <node id="3788668102" lat="26.8698678" lon="75.7574325"/>
  <node id="3788668103" lat="26.8699584" lon="75.7563964"/>
  <node id="3788668104" lat="26.8699924" lon="75.7529701"/>
  <node id="3788668105" lat="26.8700651" lon="75.7529347"/>
  <node id="3788668106" lat="26.8700842" lon="75.7556481"/>
  <node id="3788668107" lat="26.8701396" lon="75.7508462"/>
  <node id="3788668108" lat="26.8701233" lon="75.7544926"/>
  <node id="3788668109" lat="26.8701369" lon="75.7568492"/>
  <node id="3788668110" lat="26.8701562" lon="75.7520333"/>
  <node id="3788668111" lat="26.8701464" lon="75.7556950"/>
  <node id="3788668112" lat="26.8701874" lon="75.7546528"/>
  <node id="3788668113" lat="26.8702020" lon="75.7582721"/>
  <node id="3788668114" lat="26.8702372" lon="75.7571835"/>
  <node id="3788668115" lat="26.8702719" lon="75.7511530"/>
  <node id="3788668116" lat="26.8703053" lon="75.7524109"/>
  <node id="3788668117" lat="26.8702386" lon="75.7585912"/>
  <node id="3788668118" lat="26.8703462" lon="75.7562063"/>
  <node id="3788668119" lat="26.8704145" lon="75.7590159"/>
  <node id="3788668120" lat="26.8705534" lon="75.7506486"/>
  <node id="3788668121" lat="26.8704401" lon="75.7527522"/>
  <node id="3788668123" lat="26.8704870" lon="75.7554468"/>
  <node id="3788668124" lat="26.8705425" lon="75.7518489"/>
  <node id="3788668125" lat="26.8705675" lon="75.7594035"/>
  <node id="3788668126" lat="26.8705870" lon="75.7544621"/>
  <node id="3788668127" lat="26.8706010" lon="75.7580732"/>
  <node id="3788668128" lat="26.8706262" lon="75.7532236"/>
  <node id="3788668130" lat="26.8707578" lon="75.7521889"/>
  <node id="3788668131" lat="26.8707594" lon="75.7560071"/>
  <node id="3788668132" lat="26.8708084" lon="75.7536850"/>
  <node id="3788668133" lat="26.8708102" lon="75.7508989"/>
  <node id="3788668134" lat="26.8708855" lon="75.7552556"/>
  <node id="3788668135" lat="26.8708986" lon="75.7602787"/>
  <node id="3788668136" lat="26.8709146" lon="75.7525706"/>
  <node id="3788668137" lat="26.8709162" lon="75.7592430"/>
  <node id="3788668138" lat="26.8709458" lon="75.7564641"/>
  <node id="3788668139" lat="26.8709983" lon="75.7578751"/>
  <node id="3788668140" lat="26.8709817" lon="75.7566878"/>
  <node id="3788668141" lat="26.8710122" lon="75.7504362"/>
  <node id="3788668143" lat="26.8710685" lon="75.7515977"/>
  <node id="3788668144" lat="26.8710722" lon="75.7529846"/>
  <node id="3788668145" lat="26.8711300" lon="75.7507541"/>
  <node id="3788668146" lat="26.8711460" lon="75.7578014"/>
  <node id="3788668147" lat="26.8712389" lon="75.7503313"/>
  <node id="3788668148" lat="26.8712562" lon="75.7601418"/>
  <node id="3788668149" lat="26.8712655" lon="75.7590824"/>
  <node id="3788668150" lat="26.8713765" lon="75.7576865"/>
  <node id="3788668151" lat="26.8714026" lon="75.7514382"/>
  <node id="3788668152" lat="26.8714167" lon="75.7565910"/>
  <node id="3788668153" lat="26.8714203" lon="75.7584975"/>
  <node id="3788668154" lat="26.8714868" lon="75.7586662"/>
  <node id="3788668155" lat="26.8715112" lon="75.7554650"/>
  <node id="3788668156" lat="26.8715409" lon="75.7518024"/>
  <node id="3788668157" lat="26.8715676" lon="75.7556078"/>
  <node id="3788668158" lat="26.8715288" lon="75.7506652"/>
  <node id="3788668159" lat="26.8715896" lon="75.7589270"/>
  <node id="3788668160" lat="26.8716136" lon="75.7600062"/>
  <node id="3788668161" lat="26.8716517" lon="75.7558208"/>
  <node id="3788668162" lat="26.8716489" lon="75.7590774"/>
  <node id="3788668163" lat="26.8716900" lon="75.7521818"/>
  <node id="3788668164" lat="26.8717546" lon="75.7560816"/>
  <node id="3788668166" lat="26.8717547" lon="75.7574979"/>
  <node id="3788668167" lat="26.8718319" lon="75.7500783"/>
  <node id="3788668168" lat="26.8717883" lon="75.7512696"/>
  <node id="3788668169" lat="26.8718517" lon="75.7525931"/>
  <node id="3788668170" lat="26.8719722" lon="75.7566328"/>
  <node id="3788668171" lat="26.8719262" lon="75.7516129"/>
  <node id="3788668173" lat="26.8720015" lon="75.7589031"/>
  <node id="3788668174" lat="26.8720395" lon="75.7530707"/>
  <node id="3788668175" lat="26.8720984" lon="75.7569523"/>
  <node id="3788668176" lat="26.8721744" lon="75.7551397"/>
  <node id="3788668177" lat="26.8722077" lon="75.7523137"/>
  <node id="3788668178" lat="26.8722219" lon="75.7572650"/>
  <node id="3788668179" lat="26.8722461" lon="75.7573264"/>
  <node id="3788668180" lat="26.8723250" lon="75.7587363"/>
  <node id="3788668181" lat="26.8722998" lon="75.7554889"/>
  <node id="3788668182" lat="26.8723294" lon="75.7545900"/>
  <node id="3788668183" lat="26.8723463" lon="75.7597832"/>
  <node id="3788668184" lat="26.8723540" lon="75.7526778"/>
  <node id="3788668186" lat="26.8723779" lon="75.7497761"/>
  <node id="3788668187" lat="26.8724392" lon="75.7528898"/>
  <node id="3788668188" lat="26.8725047" lon="75.7530529"/>
  <node id="3788668189" lat="26.8724958" lon="75.7549958"/>
  <node id="3788668190" lat="26.8725281" lon="75.7580406"/>
  <node id="3788668191" lat="26.8728601" lon="75.7495587"/>
  <node id="3788668192" lat="26.8725970" lon="75.7501841"/>
  <node id="3788668193" lat="26.8725405" lon="75.7571818"/>
  <node id="3788668194" lat="26.8725529" lon="75.7581034"/>
  <node id="3788668195" lat="26.8726065" lon="75.7552368"/>
  <node id="3788668196" lat="26.8726475" lon="75.7534083"/>
  <node id="3788668197" lat="26.8726400" lon="75.7563097"/>
  <node id="3788668198" lat="26.8726907" lon="75.7554723"/>
  <node id="3788668199" lat="26.8726968" lon="75.7596943"/>
  <node id="3788668200" lat="26.8727219" lon="75.7585313"/>
  <node id="3788668201" lat="26.8727411" lon="75.7506208"/>
  <node id="3788668203" lat="26.8727799" lon="75.7586782"/>
  <node id="3788668204" lat="26.8727389" lon="75.7576591"/>
  <node id="3788668205" lat="26.8727713" lon="75.7524820"/>
  <node id="3788668206" lat="26.8727388" lon="75.7570844"/>
  <node id="3788668207" lat="26.8727849" lon="75.7537504"/>
  <node id="3788668208" lat="26.8727810" lon="75.7566338"/>
  <node id="3788668209" lat="26.8728786" lon="75.7520240"/>
  <node id="3788668210" lat="26.8728297" lon="75.7578866"/>
  <node id="3788668211" lat="26.8728974" lon="75.7510114"/>
  <node id="3788668212" lat="26.8729639" lon="75.7529176"/>
  <node id="3788668213" lat="26.8729442" lon="75.7575570"/>
  <node id="3788668214" lat="26.8729710" lon="75.7542136"/>
  <node id="3788668215" lat="26.8729546" lon="75.7569783"/>
  <node id="3788668217" lat="26.8730037" lon="75.7555903"/>
  <node id="3788668218" lat="26.8730716" lon="75.7532083"/>
  <node id="3788668219" lat="26.8730943" lon="75.7564704"/>
  <node id="3788668220" lat="26.8731347" lon="75.7494206"/>
  <node id="3788668221" lat="26.8731526" lon="75.7574485"/>
  <node id="3788668222" lat="26.8731801" lon="75.7584728"/>
  <node id="3788668223" lat="26.8732244" lon="75.7535711"/>
  <node id="3788668224" lat="26.8732947" lon="75.7493444"/>
  <node id="3788668225" lat="26.8732272" lon="75.7518878"/>
  <node id="3788668226" lat="26.8732559" lon="75.7571108"/>
  <node id="3788668227" lat="26.8732582" lon="75.7568291"/>
  <node id="3788668228" lat="26.8732472" lon="75.7576735"/>
  <node id="3788668229" lat="26.8732762" lon="75.7497482"/>
  <node id="3788668230" lat="26.8733083" lon="75.7578188"/>
  <node id="3788668232" lat="26.8733035" lon="75.7588355"/>
  <node id="3788668233" lat="26.8732964" lon="75.7541278"/>
  <node id="3788668234" lat="26.8734087" lon="75.7577658"/>
  <node id="3788668235" lat="26.8733705" lon="75.7559130"/>
  <node id="3788668236" lat="26.8734827" lon="75.7502742"/>
  <node id="3788668237" lat="26.8735166" lon="75.7492341"/>
  <node id="3788668238" lat="26.8734956" lon="75.7594933"/>
  <node id="3788668239" lat="26.8735458" lon="75.7547396"/>
  <node id="3788668240" lat="26.8736322" lon="75.7506327"/>
  <node id="3788668241" lat="26.8735985" lon="75.7539717"/>
  <node id="3788668242" lat="26.8736692" lon="75.7566152"/>
  <node id="3788668243" lat="26.8737226" lon="75.7554690"/>
  <node id="3788668244" lat="26.8737260" lon="75.7497655"/>
  <node id="3788668245" lat="26.8737205" lon="75.7549515"/>
  <node id="3788668247" lat="26.8737542" lon="75.7573330"/>
  <node id="3788668248" lat="26.8737660" lon="75.7544087"/>
  <node id="3788668249" lat="26.8737651" lon="75.7568337"/>
  <node id="3788668250" lat="26.8738042" lon="75.7551551"/>
  <node id="3788668252" lat="26.8738570" lon="75.7501009"/>
  <node id="3788668253" lat="26.8738628" lon="75.7575367"/>
  <node id="3788668254" lat="26.8738356" lon="75.7545922"/>
  <node id="3788668255" lat="26.8738602" lon="75.7586205"/>
  <node id="3788668256" lat="26.8738518" lon="75.7570261"/>
  <node id="3788668357" lat="26.8738946" lon="75.7556507"/>
  <node id="3788668358" lat="26.8738934" lon="75.7553812"/>
  <node id="3788668359" lat="26.8739364" lon="75.7548356"/>
  <node id="3788668360" lat="26.8739627" lon="75.7515284"/>
  <node id="3788668361" lat="26.8739480" lon="75.7572394"/>
  <node id="3788668362" lat="26.8740205" lon="75.7490099"/>
  <node id="3788668363" lat="26.8739970" lon="75.7504590"/>
  <node id="3788668364" lat="26.8740384" lon="75.7569316"/>
  <node id="3788668365" lat="26.8740488" lon="75.7592941"/>
  <node id="3788668366" lat="26.8740591" lon="75.7564149"/>
  <node id="3788668368" lat="26.8740789" lon="75.7581037"/>
  <node id="3788668369" lat="26.8741086" lon="75.7552649"/>
  <node id="3788668370" lat="26.8741507" lon="75.7508522"/>
  <node id="3788668371" lat="26.8742002" lon="75.7563468"/>
  <node id="3788668372" lat="26.8741858" lon="75.7585152"/>
  <node id="3788668373" lat="26.8742035" lon="75.7554799"/>
  <node id="3788668374" lat="26.8742535" lon="75.7495022"/>
  <node id="3788668375" lat="26.8742545" lon="75.7587798"/>
  <node id="3788668376" lat="26.8743531" lon="75.7565550"/>
  <node id="3788668377" lat="26.8743274" lon="75.7570497"/>
  <node id="3788668378" lat="26.8743365" lon="75.7513458"/>
  <node id="3788668379" lat="26.8743505" lon="75.7558234"/>
  <node id="3788668380" lat="26.8743513" lon="75.7513657"/>
  <node id="3788668381" lat="26.8743407" lon="75.7591022"/>
  <node id="3788668382" lat="26.8743960" lon="75.7513777"/>
  <node id="3788668383" lat="26.8743920" lon="75.7579897"/>
  <node id="3788668384" lat="26.8743924" lon="75.7540806"/>
  <node id="3788668385" lat="26.8745029" lon="75.7561885"/>
  <node id="3788668386" lat="26.8744895" lon="75.7583399"/>
  <node id="3788668387" lat="26.8746783" lon="75.7568684"/>
  <node id="3788668389" lat="26.8745839" lon="75.7487262"/>
  <node id="3788668390" lat="26.8745612" lon="75.7519029"/>
  <node id="3788668391" lat="26.8745779" lon="75.7586579"/>
  <node id="3788668392" lat="26.8746002" lon="75.7535085"/>
  <node id="3788668393" lat="26.8746735" lon="75.7505980"/>
  <node id="3788668394" lat="26.8747190" lon="75.7523066"/>
  <node id="3788668395" lat="26.8747469" lon="75.7538991"/>
  <node id="3788668396" lat="26.8747723" lon="75.7539418"/>
  <node id="3788668397" lat="26.8747779" lon="75.7492404"/>
  <node id="3788668398" lat="26.8747830" lon="75.7560485"/>
  <node id="3788668400" lat="26.8748469" lon="75.7551748"/>
  <node id="3788668401" lat="26.8748813" lon="75.7527218"/>
  <node id="3788668402" lat="26.8748751" lon="75.7562606"/>
  <node id="3788668403" lat="26.8749424" lon="75.7581860"/>
  <node id="3788668404" lat="26.8749786" lon="75.7555113"/>
  <node id="3788668405" lat="26.8749985" lon="75.7562360"/>
  <node id="3788668406" lat="26.8750180" lon="75.7584873"/>
  <node id="3788668407" lat="26.8751133" lon="75.7484614"/>
  <node id="3788668408" lat="26.8750667" lon="75.7531962"/>
  <node id="3788668409" lat="26.8750480" lon="75.7566713"/>
  <node id="3788668411" lat="26.8750980" lon="75.7532764"/>
  <node id="3788668412" lat="26.8751005" lon="75.7510591"/>
  <node id="3788668413" lat="26.8751129" lon="75.7574650"/>
  <node id="3788668414" lat="26.8751236" lon="75.7589227"/>
  <node id="3788668415" lat="26.8751580" lon="75.7576601"/>
  <node id="3788668416" lat="26.8752151" lon="75.7503346"/>
  <node id="3788668417" lat="26.8752012" lon="75.7578389"/>
  <node id="3788668418" lat="26.8752588" lon="75.7537204"/>
  <node id="3788668419" lat="26.8752713" lon="75.7580835"/>
  <node id="3788668421" lat="26.8753151" lon="75.7490162"/>
  <node id="3788668422" lat="26.8753081" lon="75.7515604"/>
  <node id="3788668423" lat="26.8753095" lon="75.7553264"/>
  <node id="3788668424" lat="26.8753057" lon="75.7560719"/>
  <node id="3788668425" lat="26.8753524" lon="75.7525324"/>
  <node id="3788668426" lat="26.8753822" lon="75.7520060"/>
  <node id="3788668428" lat="26.8754640" lon="75.7524981"/>
  <node id="3788668429" lat="26.8754620" lon="75.7557042"/>
  <node id="3788668430" lat="26.8754578" lon="75.7588141"/>
  <node id="3788668431" lat="26.8755018" lon="75.7508681"/>
  <node id="3788668432" lat="26.8755373" lon="75.7577281"/>
  <node id="3788668433" lat="26.8755496" lon="75.7559373"/>
  <node id="3788668434" lat="26.8755973" lon="75.7482201"/>
  <node id="3788668435" lat="26.8755940" lon="75.7546142"/>
  <node id="3788668436" lat="26.8755863" lon="75.7567846"/>
  <node id="3788668437" lat="26.8756427" lon="75.7535595"/>
  <node id="3788668438" lat="26.8756234" lon="75.7561263"/>
  <node id="3788668440" lat="26.8756958" lon="75.7583236"/>
  <node id="3788668441" lat="26.8756779" lon="75.7513659"/>
  <node id="3788668442" lat="26.8757409" lon="75.7500790"/>
  <node id="3788668443" lat="26.8757495" lon="75.7550326"/>
  <node id="3788668445" lat="26.8757919" lon="75.7587065"/>
  <node id="3788668446" lat="26.8758167" lon="75.7487593"/>
  <node id="3788668447" lat="26.8758101" lon="75.7481270"/>
  <node id="3788668448" lat="26.8758209" lon="75.7576305"/>
  <node id="3788668449" lat="26.8758337" lon="75.7566628"/>
  <node id="3788668450" lat="26.8758583" lon="75.7524252"/>
  <node id="3788668451" lat="26.8758411" lon="75.7560174"/>
  <node id="3788668452" lat="26.8759019" lon="75.7512746"/>
  <node id="3788668453" lat="26.8759189" lon="75.7554760"/>
  <node id="3788668454" lat="26.8759648" lon="75.7544064"/>
  <node id="3788668455" lat="26.8759622" lon="75.7491332"/>
  <node id="3788668456" lat="26.8759681" lon="75.7506460"/>
  <node id="3788668457" lat="26.8759462" lon="75.7569498"/>
  <node id="3788668459" lat="26.8759949" lon="75.7582074"/>
  <node id="3788668460" lat="26.8760368" lon="75.7534393"/>
  <node id="3788668461" lat="26.8760796" lon="75.7479881"/>
  <node id="3788668462" lat="26.8760706" lon="75.7558981"/>
  <node id="3788668463" lat="26.8760985" lon="75.7511906"/>
  <node id="3788668464" lat="26.8761175" lon="75.7543334"/>
  <node id="3788668465" lat="26.8761265" lon="75.7495554"/>
  <node id="3788668466" lat="26.8761602" lon="75.7548641"/>
  <node id="3788668467" lat="26.8761795" lon="75.7568341"/>
  <node id="3788668468" lat="26.8762291" lon="75.7534141"/>
  <node id="3788668469" lat="26.8762452" lon="75.7511279"/>
  <node id="3788668470" lat="26.8762456" lon="75.7523218"/>
  <node id="3788668472" lat="26.8762415" lon="75.7577640"/>
  <node id="3788668473" lat="26.8762685" lon="75.7553196"/>
  <node id="3788668474" lat="26.8762532" lon="75.7558085"/>
  <node id="3788668475" lat="26.8762854" lon="75.7499638"/>
  <node id="3788668476" lat="26.8762847" lon="75.7485293"/>
  <node id="3788668477" lat="26.8763100" lon="75.7528173"/>
  <node id="3788668479" lat="26.8763272" lon="75.7580742"/>
  <node id="3788668481" lat="26.8763833" lon="75.7510540"/>
  <node id="3788668482" lat="26.8764062" lon="75.7567156"/>
  <node id="3788668483" lat="26.8764389" lon="75.7489103"/>
  <node id="3788668484" lat="26.8764444" lon="75.7533877"/>
  <node id="3788668485" lat="26.8764377" lon="75.7552996"/>
  <node id="3788668487" lat="26.8764570" lon="75.7504047"/>
  <node id="3788668488" lat="26.8764754" lon="75.7538043"/>
  <node id="3788668489" lat="26.8764897" lon="75.7514736"/>
  <node id="3788668490" lat="26.8764968" lon="75.7558090"/>
  <node id="3788668491" lat="26.8764889" lon="75.7576367"/>
  <node id="3788668492" lat="26.8765261" lon="75.7543904"/>
  <node id="3788668493" lat="26.8765516" lon="75.7548636"/>
  <node id="3788668494" lat="26.8765795" lon="75.7520105"/>
  <node id="3788668495" lat="26.8766262" lon="75.7523460"/>
  <node id="3788668496" lat="26.8766343" lon="75.7476933"/>
  <node id="3788668497" lat="26.8766577" lon="75.7509204"/>
  <node id="3788668498" lat="26.8766857" lon="75.7527735"/>
  <node id="3788668500" lat="26.8767328" lon="75.7575111"/>
  <node id="3788668501" lat="26.8767539" lon="75.7564286"/>
  <node id="3788668502" lat="26.8768057" lon="75.7533373"/>
  <node id="3788668503" lat="26.8768047" lon="75.7558223"/>
  <node id="3788668505" lat="26.8769047" lon="75.7567721"/>
  <node id="3788668506" lat="26.8769450" lon="75.7574019"/>
  <node id="3788668507" lat="26.8769769" lon="75.7537475"/>
  <node id="3788668508" lat="26.8769873" lon="75.7543598"/>
  <node id="3788668509" lat="26.8769990" lon="75.7486484"/>
  <node id="3788668510" lat="26.8770730" lon="75.7507341"/>
  <node id="3788668511" lat="26.8771602" lon="75.7490801"/>
  <node id="3788668512" lat="26.8769471" lon="75.7563662"/>
  <node id="3788668513" lat="26.8771521" lon="75.7507026"/>
  <node id="3788668514" lat="26.8772698" lon="75.7511191"/>
  <node id="3788668515" lat="26.8772917" lon="75.7512405"/>
  <node id="3788668516" lat="26.8773098" lon="75.7494903"/>
  <node id="3788668517" lat="26.8773562" lon="75.7548185"/>
  <node id="3788668518" lat="26.8773672" lon="75.7522471"/>
  <node id="3788668519" lat="26.8773692" lon="75.7543345"/>
  <node id="3788668520" lat="26.8773870" lon="75.7537011"/>
  <node id="3788668521" lat="26.8774021" lon="75.7532741"/>
  <node id="3788668522" lat="26.8774004" lon="75.7526901"/>
  <node id="3788668523" lat="26.8776839" lon="75.7558859"/>
  <node id="3788668524" lat="26.8777221" lon="75.7553101"/>
  <node id="3788668525" lat="26.8777434" lon="75.7548149"/>
  <node id="3788668526" lat="26.8778709" lon="75.7532399"/>
  <node id="3788668527" lat="26.8801313" lon="75.7525526"/>
  <node id="3788668528" lat="26.8821418" lon="75.7527027"/>
  <node id="3788672290" lat="26.8562186" lon="75.7730439"/>
  <node id="3788672324" lat="26.8603220" lon="75.7734259"/>
  <node id="3788672884" lat="26.8529291" lon="75.7617885"/>
  <node id="3788672897" lat="26.8532288" lon="75.7668896"/>
  <node id="3788672908" lat="26.8534552" lon="75.7734120"/>
  <node id="3788672911" lat="26.8534882" lon="75.7735187"/>
  <node id="3788672936" lat="26.8539594" lon="75.7734568"/>
  <node id="3788675046" lat="26.8506823" lon="75.7734670"/>
  <node id="3788675048" lat="26.8508086" lon="75.7681688"/>
  <node id="3788675178" lat="26.8517852" lon="75.7623222"/>
  <node id="3788675183" lat="26.8517910" lon="75.7675886"/>
  <node id="3788675207" lat="26.8522052" lon="75.7737250"/>
  <node id="3788675284" lat="26.8548542" lon="75.7663148"/>
  <node id="3788675306" lat="26.8552818" lon="75.7732244"/>
  <node id="3788675332" lat="26.8557528" lon="75.7730255"/>
  <node id="3788675359" lat="26.8613019" lon="75.7630801"/>
  <node id="3788675363" lat="26.8613714" lon="75.7631169"/>
  <node id="3788675375" lat="26.8615740" lon="75.7628272"/>
  <node id="3788675387" lat="26.8619042" lon="75.7624963"/>
  <node id="3788675395" lat="26.8621271" lon="75.7736426"/>
  <node id="3788675401" lat="26.8622632" lon="75.7622301"/>
  <node id="3789897442" lat="26.8566274" lon="75.7730735"/>
  <node id="3789898257" lat="26.8570740" lon="75.7731412"/>
  <node id="3789943847" lat="26.8537782" lon="75.7611384"/>
  <node id="3789953539" lat="26.8511236" lon="75.7398597"/>
  <node id="3789953543" lat="26.8512373" lon="75.7623812"/>
  <node id="3789953581" lat="26.8516748" lon="75.7405544"/>
  <node id="3789953603" lat="26.8521023" lon="75.7411006"/>
  <node id="3789953654" lat="26.8531446" lon="75.7424099"/>
  <node id="3789953668" lat="26.8606547" lon="75.7467593"/>
  <node id="3789953669" lat="26.8607322" lon="75.7527502"/>
  <node id="3789953671" lat="26.8607644" lon="75.7554869"/>
  <node id="3789953672" lat="26.8607106" lon="75.7456722"/>
  <node id="3789953673" lat="26.8608151" lon="75.7520814"/>
  <node id="3789953674" lat="26.8608105" lon="75.7453009"/>
  <node id="3789953676" lat="26.8607719" lon="75.7456611"/>
  <node id="3789953677" lat="26.8608016" lon="75.7547992"/>
  <node id="3789953678" lat="26.8608914" lon="75.7433299"/>
  <node id="3789953679" lat="26.8607856" lon="75.7456306"/>
  <node id="3789953683" lat="26.8607980" lon="75.7454859"/>
  <node id="3789953684" lat="26.8609108" lon="75.7515423"/>
  <node id="3789953685" lat="26.8609249" lon="75.7428342"/>
  <node id="3789953686" lat="26.8608722" lon="75.7491639"/>
  <node id="3789953693" lat="26.8609291" lon="75.7486964"/>
  <node id="3789953694" lat="26.8609223" lon="75.7419041"/>
  <node id="3789953695" lat="26.8609936" lon="75.7542131"/>
  <node id="3789953696" lat="26.8609878" lon="75.7411469"/>
  <node id="3789953697" lat="26.8609726" lon="75.7442912"/>
  <node id="3789953698" lat="26.8609776" lon="75.7482977"/>
  <node id="3789953700" lat="26.8609617" lon="75.7438651"/>
  <node id="3789953702" lat="26.8610139" lon="75.7535750"/>
  <node id="3789953704" lat="26.8610314" lon="75.7438847"/>
  <node id="3789953705" lat="26.8610125" lon="75.7536681"/>
  <node id="3789953706" lat="26.8610541" lon="75.7476692"/>
  <node id="3789953707" lat="26.8610651" lon="75.7475663"/>
  <node id="3789953708" lat="26.8611367" lon="75.7509497"/>
  <node id="3789953709" lat="26.8611519" lon="75.7506379"/>
  <node id="3789953712" lat="26.8611591" lon="75.7546345"/>
  <node id="3789953713" lat="26.8611688" lon="75.7517444"/>
  <node id="3789953714" lat="26.8611494" lon="75.7521675"/>
  <node id="3789953715" lat="26.8611872" lon="75.7539779"/>
  <node id="3789953716" lat="26.8612585" lon="75.7516166"/>
  <node id="3789953717" lat="26.8614251" lon="75.7428742"/>
  <node id="3789953718" lat="26.8613119" lon="75.7514763"/>
  <node id="3789953719" lat="26.8612681" lon="75.7496531"/>
  <node id="3789953720" lat="26.8613496" lon="75.7519898"/>
  <node id="3789953721" lat="26.8612771" lon="75.7433602"/>
  <node id="3789953722" lat="26.8614334" lon="75.7512444"/>
  <node id="3789953723" lat="26.8613242" lon="75.7543731"/>
  <node id="3789953724" lat="26.8613772" lon="75.7505889"/>
  <node id="3789953725" lat="26.8613367" lon="75.7455649"/>
  <node id="3789953727" lat="26.8613795" lon="75.7486431"/>
  <node id="3789953728" lat="26.8613897" lon="75.7496729"/>
  <node id="3789953732" lat="26.8614410" lon="75.7484177"/>
  <node id="3789953733" lat="26.8615630" lon="75.7517740"/>
  <node id="3789953734" lat="26.8615507" lon="75.7496916"/>
  <node id="3789953735" lat="26.8615737" lon="75.7537815"/>
  <node id="3789953736" lat="26.8610170" lon="75.7479735"/>
  <node id="3789953738" lat="26.8616262" lon="75.7522579"/>
  <node id="3789953740" lat="26.8616518" lon="75.7487211"/>
  <node id="3789953743" lat="26.8617296" lon="75.7541944"/>
  <node id="3789953810" lat="26.8550425" lon="75.7453625"/>
  <node id="3789953812" lat="26.8548921" lon="75.7600878"/>
  <node id="3789953834" lat="26.8555114" lon="75.7462921"/>
  <node id="3789953839" lat="26.8555637" lon="75.7464043"/>
  <node id="3789953863" lat="26.8560448" lon="75.7462412"/>
  <node id="3789953865" lat="26.8560774" lon="75.7471083"/>
  <node id="3789953970" lat="26.8567165" lon="75.7480968"/>
  <node id="3789953996" lat="26.8571139" lon="75.7461274"/>
  <node id="3789954005" lat="26.8573929" lon="75.7496520"/>
  <node id="3789954014" lat="26.8575902" lon="75.7500863"/>
  <node id="3789954022" lat="26.8576826" lon="75.7574085"/>
  <node id="3789954037" lat="26.8579911" lon="75.7570670"/>
  <node id="3789954039" lat="26.8580205" lon="75.7460655"/>
  <node id="3789954040" lat="26.8580357" lon="75.7454397"/>
  <node id="3789954053" lat="26.8583306" lon="75.7514285"/>
  <node id="3789954055" lat="26.8583324" lon="75.7567746"/>
  <node id="3789954062" lat="26.8584267" lon="75.7454035"/>
  <node id="3789954066" lat="26.8584580" lon="75.7516528"/>
  <node id="3789954068" lat="26.8585195" lon="75.7566290"/>
  <node id="3789954069" lat="26.8585473" lon="75.7460092"/>
  <node id="3789954070" lat="26.8585666" lon="75.7518321"/>
  <node id="3789954071" lat="26.8584736" lon="75.7431167"/>
  <node id="3789954087" lat="26.8587035" lon="75.7408732"/>
  <node id="3789954090" lat="26.8588216" lon="75.7564416"/>
  <node id="3789954092" lat="26.8588955" lon="75.7523709"/>
  <node id="3789954096" lat="26.8589626" lon="75.7509650"/>
  <node id="3789954098" lat="26.8590115" lon="75.7453461"/>
  <node id="3789954099" lat="26.8590086" lon="75.7604183"/>
  <node id="3789954101" lat="26.8590701" lon="75.7563039"/>
  <node id="3789954103" lat="26.8591399" lon="75.7453518"/>
  <node id="3789954105" lat="26.8591310" lon="75.7409217"/>
  <node id="3789954108" lat="26.8617050" lon="75.7532559"/>
  <node id="3789954111" lat="26.8618835" lon="75.7444200"/>
  <node id="3789954112" lat="26.8619104" lon="75.7426565"/>
  <node id="3789954113" lat="26.8618426" lon="75.7604067"/>
  <node id="3789954114" lat="26.8619131" lon="75.7440441"/>
  <node id="3789954117" lat="26.8618501" lon="75.7497364"/>
  <node id="3789954118" lat="26.8619584" lon="75.7422032"/>
  <node id="3789954119" lat="26.8619568" lon="75.7434300"/>
  <node id="3789954120" lat="26.8619618" lon="75.7419928"/>
  <node id="3789954121" lat="26.8617996" lon="75.7469679"/>
  <node id="3789954124" lat="26.8619971" lon="75.7429226"/>
  <node id="3789954125" lat="26.8618986" lon="75.7485554"/>
  <node id="3789954127" lat="26.8620422" lon="75.7412622"/>
  <node id="3789954128" lat="26.8619429" lon="75.7488767"/>
  <node id="3789954131" lat="26.8619891" lon="75.7487573"/>
  <node id="3789954132" lat="26.8620257" lon="75.7548529"/>
  <node id="3789954134" lat="26.8620094" lon="75.7485832"/>
  <node id="3789954136" lat="26.8620141" lon="75.7482907"/>
  <node id="3789954137" lat="26.8619319" lon="75.7531392"/>
  <node id="3789954139" lat="26.8620483" lon="75.7623473"/>
  <node id="3789954140" lat="26.8620407" lon="75.7479526"/>
  <node id="3789954141" lat="26.8618784" lon="75.7471109"/>
  <node id="3789954142" lat="26.8620520" lon="75.7477839"/>
  <node id="3789954144" lat="26.8620769" lon="75.7471727"/>
  <node id="3789954145" lat="26.8621385" lon="75.7511978"/>
  <node id="3789954146" lat="26.8621102" lon="75.7520045"/>
  <node id="3789954147" lat="26.8621698" lon="75.7497636"/>
  <node id="3789954149" lat="26.8622353" lon="75.7463036"/>
  <node id="3789954150" lat="26.8621642" lon="75.7488840"/>
  <node id="3789954151" lat="26.8622226" lon="75.7468126"/>
  <node id="3789954153" lat="26.8623505" lon="75.7530127"/>
  <node id="3789954155" lat="26.8624009" lon="75.7532056"/>
  <node id="3789954156" lat="26.8624385" lon="75.7512482"/>
  <node id="3789954157" lat="26.8591454" lon="75.7459354"/>
  <node id="3789954158" lat="26.8591111" lon="75.7527650"/>
  <node id="3789954169" lat="26.8592502" lon="75.7453869"/>
  <node id="3789954170" lat="26.8592039" lon="75.7555003"/>
  <node id="3789954173" lat="26.8592217" lon="75.7515786"/>
  <node id="3789954176" lat="26.8593381" lon="75.7531528"/>
  <node id="3789954178" lat="26.8594708" lon="75.7454456"/>
  <node id="3789954180" lat="26.8594604" lon="75.7561323"/>
  <node id="3789954181" lat="26.8595315" lon="75.7432417"/>
  <node id="3789954182" lat="26.8594219" lon="75.7519697"/>
  <node id="3789954184" lat="26.8595180" lon="75.7448675"/>
  <node id="3789954185" lat="26.8595879" lon="75.7427394"/>
  <node id="3789954188" lat="26.8595081" lon="75.7475346"/>
  <node id="3789954190" lat="26.8595339" lon="75.7535495"/>
  <node id="3789954192" lat="26.8596268" lon="75.7422924"/>
  <node id="3789954195" lat="26.8595560" lon="75.7466199"/>
  <node id="3789954197" lat="26.8595286" lon="75.7599354"/>
  <node id="3789954198" lat="26.8595613" lon="75.7521869"/>
  <node id="3789954199" lat="26.8596416" lon="75.7417860"/>
  <node id="3789954201" lat="26.8596591" lon="75.7409751"/>
  <node id="3789954202" lat="26.8596791" lon="75.7438331"/>
  <node id="3789954203" lat="26.8597322" lon="75.7436612"/>
  <node id="3789954204" lat="26.8596497" lon="75.7552740"/>
  <node id="3789954205" lat="26.8597780" lon="75.7436417"/>
  <node id="3789954206" lat="26.8596658" lon="75.7523613"/>
  <node id="3789954212" lat="26.8599854" lon="75.7509551"/>
  <node id="3789954217" lat="26.8599986" lon="75.7541670"/>
  <node id="3789954219" lat="26.8600954" lon="75.7557959"/>
  <node id="3789954220" lat="26.8600703" lon="75.7546390"/>
  <node id="3789954221" lat="26.8601143" lon="75.7531354"/>
  <node id="3789954222" lat="26.8601286" lon="75.7550396"/>
  <node id="3789954223" lat="26.8600169" lon="75.7455477"/>
  <node id="3789954224" lat="26.8601674" lon="75.7551361"/>
  <node id="3789954225" lat="26.8602680" lon="75.7475831"/>
  <node id="3789954226" lat="26.8602912" lon="75.7470876"/>
  <node id="3789954227" lat="26.8602811" lon="75.7467259"/>
  <node id="3789954228" lat="26.8603383" lon="75.7490970"/>
  <node id="3789954229" lat="26.8603720" lon="75.7428021"/>
  <node id="3789954230" lat="26.8604294" lon="75.7515815"/>
  <node id="3789954231" lat="26.8604252" lon="75.7539438"/>
  <node id="3789954232" lat="26.8604691" lon="75.7486355"/>
  <node id="3789954234" lat="26.8604934" lon="75.7456336"/>
  <node id="3789954235" lat="26.8606241" lon="75.7543880"/>
  <node id="3789954257" lat="26.8624221" lon="75.7546666"/>
  <node id="3789954258" lat="26.8624484" lon="75.7519122"/>
  <node id="3789954259" lat="26.8626310" lon="75.7518723"/>
  <node id="3789954260" lat="26.8625449" lon="75.7523346"/>
  <node id="3789954261" lat="26.8625478" lon="75.7509148"/>
  <node id="3789954262" lat="26.8625643" lon="75.7497834"/>
  <node id="3789954263" lat="26.8625570" lon="75.7489017"/>
  <node id="3789954265" lat="26.8626235" lon="75.7456693"/>
  <node id="3789954266" lat="26.8625033" lon="75.7413197"/>
  <node id="3789954267" lat="26.8626937" lon="75.7510012"/>
  <node id="3789954268" lat="26.8627125" lon="75.7569926"/>
  <node id="3789954269" lat="26.8627662" lon="75.7611330"/>
  <node id="3789954270" lat="26.8630368" lon="75.7430199"/>
  <node id="3789954271" lat="26.8627791" lon="75.7486912"/>
  <node id="3789954272" lat="26.8629204" lon="75.7530550"/>
  <node id="3789954273" lat="26.8627978" lon="75.7483609"/>
  <node id="3789954274" lat="26.8628191" lon="75.7480042"/>
  <node id="3789954275" lat="26.8628788" lon="75.7517637"/>
  <node id="3789954276" lat="26.8629542" lon="75.7522516"/>
  <node id="3789954277" lat="26.8629018" lon="75.7607330"/>
  <node id="3789954278" lat="26.8629224" lon="75.7526135"/>
  <node id="3789954279" lat="26.8629847" lon="75.7505277"/>
  <node id="3789954282" lat="26.8630757" lon="75.7430306"/>
  <node id="3789954283" lat="26.8630013" lon="75.7487220"/>
  <node id="3789954285" lat="26.8630871" lon="75.7430865"/>
  <node id="3792284796" lat="26.8460109" lon="75.7647354"/>
  <node id="3792331974" lat="26.8828367" lon="75.7640611"/>
  <node id="3792331980" lat="26.8829544" lon="75.7635972"/>
  <node id="3792331988" lat="26.8830676" lon="75.7631725"/>
  <node id="3792331993" lat="26.8831865" lon="75.7627375"/>
  <node id="3792332007" lat="26.8833011" lon="75.7623179"/>
  <node id="3792332021" lat="26.8834208" lon="75.7618796"/>
  <node id="3792432901" lat="26.8729911" lon="75.7382142"/>
  <node id="3792432905" lat="26.8731533" lon="75.7367509"/>
  <node id="3792432906" lat="26.8730644" lon="75.7372540"/>
  <node id="3792432907" lat="26.8732665" lon="75.7382299"/>
  <node id="3792432908" lat="26.8732721" lon="75.7361523"/>
  <node id="3792432910" lat="26.8735012" lon="75.7350351"/>
  <node id="3792432912" lat="26.8736406" lon="75.7371863"/>
  <node id="3792432913" lat="26.8735805" lon="75.7382039"/>
  <node id="3792432914" lat="26.8740383" lon="75.7381921"/>
  <node id="3792432915" lat="26.8742163" lon="75.7387073"/>
  <node id="3792432916" lat="26.8743153" lon="75.7370821"/>
  <node id="3792432918" lat="26.8748444" lon="75.7386395"/>
  <node id="3792432920" lat="26.8748981" lon="75.7382118"/>
  <node id="3792432921" lat="26.8750647" lon="75.7369448"/>
  <node id="3792432922" lat="26.8751406" lon="75.7364521"/>
  <node id="3792432925" lat="26.8753950" lon="75.7369329"/>
  <node id="3792432926" lat="26.8752460" lon="75.7382312"/>
  <node id="3792432927" lat="26.8755120" lon="75.7369288"/>
  <node id="3792432928" lat="26.8756805" lon="75.7382112"/>
  <node id="3792432929" lat="26.8757388" lon="75.7385398"/>
  <node id="3792432931" lat="26.8757630" lon="75.7388276"/>
  <node id="3792432935" lat="26.8759437" lon="75.7369798"/>
  <node id="3792432947" lat="26.8765898" lon="75.7303060"/>
  <node id="3792432951" lat="26.8768116" lon="75.7347444"/>
  <node id="3792432953" lat="26.8771865" lon="75.7370236"/>
  <node id="3792433159" lat="26.8775246" lon="75.7347054"/>
  <node id="3792433169" lat="26.8779140" lon="75.7386761"/>
  <node id="3792433170" lat="26.8781175" lon="75.7397330"/>
  <node id="3792433171" lat="26.8780605" lon="75.7346692"/>
  <node id="3792433172" lat="26.8781564" lon="75.7386384"/>
  <node id="3792433174" lat="26.8782858" lon="75.7379624"/>
  <node id="3792433178" lat="26.8783409" lon="75.7370260"/>
  <node id="3792433179" lat="26.8784028" lon="75.7367471"/>
  <node id="3792433180" lat="26.8784613" lon="75.7364014"/>
  <node id="3792433181" lat="26.8783921" lon="75.7395477"/>
  <node id="3792433182" lat="26.8784737" lon="75.7386598"/>
  <node id="3792433184" lat="26.8786200" lon="75.7393877"/>
  <node id="3792433186" lat="26.8785179" lon="75.7379302"/>
  <node id="3792433187" lat="26.8786041" lon="75.7363327"/>
  <node id="3792433191" lat="26.8787049" lon="75.7386205"/>
  <node id="3792433192" lat="26.8786806" lon="75.7378913"/>
  <node id="3792433193" lat="26.8789212" lon="75.7384930"/>
  <node id="3792433195" lat="26.8789787" lon="75.7376940"/>
  <node id="3792433197" lat="26.8790597" lon="75.7401987"/>
  <node id="3792433198" lat="26.8792596" lon="75.7385095"/>
  <node id="3792433199" lat="26.8791568" lon="75.7390248"/>
  <node id="3792433356" lat="26.8793051" lon="75.7389396"/>
  <node id="3792433558" lat="26.8793382" lon="75.7362828"/>
  <node id="3792433561" lat="26.8795347" lon="75.7344774"/>
  <node id="3792433563" lat="26.8799549" lon="75.7383444"/>
  <node id="3792433567" lat="26.8801716" lon="75.7383751"/>
  <node id="3792433573" lat="26.8807229" lon="75.7359910"/>
  <node id="3792433574" lat="26.8807364" lon="75.7379120"/>
  <node id="3792433575" lat="26.8808469" lon="75.7360897"/>
  <node id="3792433576" lat="26.8807236" lon="75.7355416"/>
  <node id="3792433578" lat="26.8810703" lon="75.7360266"/>
  <node id="3792433579" lat="26.8811858" lon="75.7385968"/>
  <node id="3792433580" lat="26.8812264" lon="75.7359697"/>
  <node id="3792433581" lat="26.8811153" lon="75.7370118"/>
  <node id="3792433582" lat="26.8813745" lon="75.7367497"/>
  <node id="3792433583" lat="26.8814702" lon="75.7373913"/>
  <node id="3792433585" lat="26.8814898" lon="75.7353680"/>
  <node id="3792433586" lat="26.8814216" lon="75.7385727"/>
  <node id="3792433588" lat="26.8818768" lon="75.7379212"/>
  <node id="3792433589" lat="26.8820164" lon="75.7383502"/>
  <node id="3792433590" lat="26.8820146" lon="75.7397911"/>
  <node id="3792433591" lat="26.8820449" lon="75.7393401"/>
  <node id="3792433593" lat="26.8820977" lon="75.7370005"/>
  <node id="3792433595" lat="26.8823884" lon="75.7375287"/>
  <node id="3792433599" lat="26.8826549" lon="75.7380575"/>
  <node id="3793671498" lat="26.8727247" lon="75.7356297"/>
  <node id="3793671502" lat="26.8729973" lon="75.7348082"/>
  <node id="3793671509" lat="26.8733584" lon="75.7357322"/>
  <node id="3793671510" lat="26.8734449" lon="75.7353160"/>
  <node id="3793671514" lat="26.8738436" lon="75.7350765"/>
  <node id="3793671524" lat="26.8741723" lon="75.7350649"/>
  <node id="3793671525" lat="26.8742489" lon="75.7390822"/>
  <node id="3793671527" lat="26.8743526" lon="75.7331361"/>
  <node id="3793671528" lat="26.8744024" lon="75.7335773"/>
  <node id="3793671529" lat="26.8744690" lon="75.7345515"/>
  <node id="3793671530" lat="26.8745186" lon="75.7350195"/>
  <node id="3793671531" lat="26.8745632" lon="75.7355603"/>
  <node id="3793671532" lat="26.8746088" lon="75.7360080"/>
  <node id="3793671533" lat="26.8746674" lon="75.7365178"/>
  <node id="3793671535" lat="26.8749049" lon="75.7349816"/>
  <node id="3793671536" lat="26.8748767" lon="75.7390267"/>
  <node id="3793671538" lat="26.8749256" lon="75.7396138"/>
  <node id="3793671539" lat="26.8751617" lon="75.7349486"/>
  <node id="3793671540" lat="26.8753478" lon="75.7385655"/>
  <node id="3793671542" lat="26.8754187" lon="75.7395478"/>
  <node id="3793671546" lat="26.8757642" lon="75.7348937"/>
  <node id="3793671547" lat="26.8757840" lon="75.7395004"/>
  <node id="3793671550" lat="26.8760764" lon="75.7396059"/>
  <node id="3793671553" lat="26.8759324" lon="75.7348757"/>
  <node id="3793679353" lat="26.8771448" lon="75.7347281"/>
  <node id="3793679870" lat="26.8765281" lon="75.7347766"/>
  <node id="3793679872" lat="26.8765011" lon="75.7355861"/>
  <node id="3793679875" lat="26.8764725" lon="75.7369907"/>
  <node id="3793679894" lat="26.8769692" lon="75.7380444"/>
  <node id="3793679896" lat="26.8769592" lon="75.7370156"/>
  <node id="3793679958" lat="26.8774850" lon="75.7380177"/>
  <node id="3793679961" lat="26.8774930" lon="75.7371410"/>
  <node id="3793679962" lat="26.8775188" lon="75.7343560"/>
  <node id="3793679964" lat="26.8775195" lon="75.7367743"/>
  <node id="3793679965" lat="26.8775317" lon="75.7359678"/>
  <node id="3793679966" lat="26.8775259" lon="75.7355848"/>
  <node id="3793679967" lat="26.8775437" lon="75.7351401"/>
  <node id="3793679971" lat="26.8776116" lon="75.7380192"/>
  <node id="3793679973" lat="26.8777176" lon="75.7380349"/>
  <node id="3793679975" lat="26.8777691" lon="75.7380589"/>
  <node id="3793679978" lat="26.8778420" lon="75.7380724"/>
  <node id="3793679979" lat="26.8778821" lon="75.7319512"/>
  <node id="3793679982" lat="26.8779294" lon="75.7380671"/>
  <node id="3793679986" lat="26.8779964" lon="75.7380751"/>
  <node id="3793679989" lat="26.8780629" lon="75.7380689"/>
  <node id="3793679994" lat="26.8781507" lon="75.7380281"/>
  <node id="3793679997" lat="26.8784104" lon="75.7324803"/>
  <node id="3793680001" lat="26.8785202" lon="75.7346304"/>
  <node id="3793680002" lat="26.8785248" lon="75.7350528"/>
  <node id="3793680005" lat="26.8785842" lon="75.7359561"/>
  <node id="3793680006" lat="26.8788876" lon="75.7354190"/>
  <node id="3793680007" lat="26.8788798" lon="75.7358989"/>
  <node id="3793680008" lat="26.8790074" lon="75.7333056"/>
  <node id="3793680009" lat="26.8789473" lon="75.7345683"/>
  <node id="3793680011" lat="26.8794737" lon="75.7352430"/>
  <node id="3793680012" lat="26.8794184" lon="75.7345060"/>
  <node id="3793680013" lat="26.8794573" lon="75.7375800"/>
  <node id="3793680014" lat="26.8795225" lon="75.7362702"/>
  <node id="3793680015" lat="26.8796027" lon="75.7356754"/>
  <node id="3793680017" lat="26.8795837" lon="75.7402919"/>
  <node id="3793680018" lat="26.8797241" lon="75.7362645"/>
  <node id="3793680019" lat="26.8798023" lon="75.7351337"/>
  <node id="3793680020" lat="26.8797697" lon="75.7386380"/>
  <node id="3793680023" lat="26.8800099" lon="75.7375757"/>
  <node id="3793680025" lat="26.8800828" lon="75.7362456"/>
  <node id="3793731826" lat="26.8638474" lon="75.7359494"/>
  <node id="3793731829" lat="26.8639769" lon="75.7367360"/>
  <node id="3793731832" lat="26.8639991" lon="75.7365768"/>
  <node id="3793731834" lat="26.8642712" lon="75.7387899"/>
  <node id="3793731835" lat="26.8644124" lon="75.7388100"/>
  <node id="3793731836" lat="26.8644626" lon="75.7388603"/>
  <node id="3793731838" lat="26.8644860" lon="75.7389763"/>
  <node id="3793731840" lat="26.8645891" lon="75.7394381"/>
  <node id="3793731842" lat="26.8646319" lon="75.7390341"/>
  <node id="3793731848" lat="26.8648119" lon="75.7390595"/>
  <node id="3793731850" lat="26.8648552" lon="75.7382143"/>
  <node id="3793734959" lat="26.8651326" lon="75.7391130"/>
  <node id="3793734962" lat="26.8651732" lon="75.7381832"/>
  <node id="3793734973" lat="26.8654126" lon="75.7391497"/>
  <node id="3793734975" lat="26.8654796" lon="75.7391506"/>
  <node id="3793734983" lat="26.8655736" lon="75.7382613"/>
  <node id="3793734987" lat="26.8658310" lon="75.7391835"/>
  <node id="3793734988" lat="26.8667244" lon="75.7381738"/>
  <node id="3793734992" lat="26.8659472" lon="75.7396240"/>
  <node id="3793734994" lat="26.8659824" lon="75.7392183"/>
  <node id="3793734996" lat="26.8660119" lon="75.7392207"/>
  <node id="3793735000" lat="26.8661519" lon="75.7380764"/>
  <node id="3793735002" lat="26.8662284" lon="75.7357510"/>
  <node id="3793735004" lat="26.8662779" lon="75.7352226"/>
  <node id="3793735005" lat="26.8662486" lon="75.7358577"/>
  <node id="3793735007" lat="26.8663571" lon="75.7358975"/>
  <node id="3793735009" lat="26.8663665" lon="75.7345293"/>
  <node id="3793735012" lat="26.8664364" lon="75.7339942"/>
  <node id="3793735013" lat="26.8665039" lon="75.7334823"/>
  <node id="3793735021" lat="26.8666187" lon="75.7326108"/>
  <node id="3793735028" lat="26.8667549" lon="75.7397868"/>
  <node id="3793735030" lat="26.8667611" lon="75.7346164"/>
  <node id="3793735031" lat="26.8668902" lon="75.7393581"/>
  <node id="3793735037" lat="26.8670049" lon="75.7386263"/>
  <node id="3793735041" lat="26.8670785" lon="75.7384834"/>
  <node id="3793735044" lat="26.8670574" lon="75.7377836"/>
  <node id="3793735046" lat="26.8671015" lon="75.7374739"/>
  <node id="3793735047" lat="26.8670504" lon="75.7379031"/>
  <node id="3793735049" lat="26.8671273" lon="75.7372251"/>
  <node id="3793735050" lat="26.8671425" lon="75.7384637"/>
  <node id="3793735051" lat="26.8671483" lon="75.7370549"/>
  <node id="3793735053" lat="26.8672334" lon="75.7384513"/>
  <node id="3793735055" lat="26.8672747" lon="75.7383876"/>
  <node id="3793735056" lat="26.8673357" lon="75.7383399"/>
  <node id="3793735057" lat="26.8672500" lon="75.7390274"/>
  <node id="3793735061" lat="26.8672018" lon="75.7367299"/>
  <node id="3793735070" lat="26.8677345" lon="75.7394873"/>
  <node id="3793735071" lat="26.8677777" lon="75.7391599"/>
  <node id="3793735072" lat="26.8678264" lon="75.7388686"/>
  <node id="3793735073" lat="26.8678756" lon="75.7384836"/>
  <node id="3793735075" lat="26.8678861" lon="75.7383946"/>
  <node id="3793735076" lat="26.8679393" lon="75.7380358"/>
  <node id="3793735077" lat="26.8679567" lon="75.7379083"/>
  <node id="3793735078" lat="26.8679998" lon="75.7375467"/>
  <node id="3793735079" lat="26.8680009" lon="75.7375210"/>
  <node id="3793735080" lat="26.8680392" lon="75.7371694"/>
  <node id="3793735081" lat="26.8680455" lon="75.7370982"/>
  <node id="3793735082" lat="26.8681349" lon="75.7363515"/>
  <node id="3793735083" lat="26.8680696" lon="75.7368377"/>
  <node id="3793735084" lat="26.8680864" lon="75.7366909"/>
  <node id="3793735086" lat="26.8681395" lon="75.7384160"/>
  <node id="3793735088" lat="26.8682551" lon="75.7357322"/>
  <node id="3793735089" lat="26.8682118" lon="75.7388865"/>
  <node id="3793735090" lat="26.8682294" lon="75.7327488"/>
  <node id="3793735091" lat="26.8682395" lon="75.7350214"/>
  <node id="3793735092" lat="26.8683508" lon="75.7353365"/>
  <node id="3793735093" lat="26.8682582" lon="75.7389184"/>
  <node id="3793735094" lat="26.8682951" lon="75.7367286"/>
  <node id="3793735095" lat="26.8683532" lon="75.7350831"/>
  <node id="3793735096" lat="26.8683322" lon="75.7327081"/>
  <node id="3793735100" lat="26.8683535" lon="75.7334618"/>
  <node id="3793735105" lat="26.8685186" lon="75.7343792"/>
  <node id="3793735106" lat="26.8685370" lon="75.7344901"/>
  <node id="3793735108" lat="26.8686428" lon="75.7379970"/>
  <node id="3793735109" lat="26.8686482" lon="75.7343476"/>
  <node id="3793735111" lat="26.8686982" lon="75.7375914"/>
  <node id="3793735112" lat="26.8687529" lon="75.7371914"/>
  <node id="3793735114" lat="26.8687960" lon="75.7368386"/>
  <node id="3793735116" lat="26.8688865" lon="75.7353451"/>
  <node id="3793735117" lat="26.8689316" lon="75.7388891"/>
  <node id="3793735118" lat="26.8689155" lon="75.7365855"/>
  <node id="3793735119" lat="26.8689683" lon="75.7368583"/>
  <node id="3793735125" lat="26.8690647" lon="75.7366456"/>
  <node id="3793735127" lat="26.8692670" lon="75.7385377"/>
  <node id="3793735132" lat="26.8694105" lon="75.7385451"/>
  <node id="3793735133" lat="26.8694897" lon="75.7397844"/>
  <node id="3793735134" lat="26.8695855" lon="75.7368150"/>
  <node id="3793735135" lat="26.8695567" lon="75.7352430"/>
  <node id="3793735136" lat="26.8696328" lon="75.7353303"/>
  <node id="3793735137" lat="26.8696655" lon="75.7362951"/>
  <node id="3793735138" lat="26.8697212" lon="75.7354264"/>
  <node id="3793735141" lat="26.8697267" lon="75.7359474"/>
  <node id="3793735144" lat="26.8697961" lon="75.7359299"/>
  <node id="3793735146" lat="26.8698112" lon="75.7354630"/>
  <node id="3793735147" lat="26.8703434" lon="75.7369635"/>
  <node id="3793735148" lat="26.8697640" lon="75.7404867"/>
  <node id="3793735149" lat="26.8699204" lon="75.7393491"/>
  <node id="3793735151" lat="26.8699347" lon="75.7392613"/>
  <node id="3793735153" lat="26.8699652" lon="75.7392244"/>
  <node id="3793735154" lat="26.8701058" lon="75.7391399"/>
  <node id="3793735155" lat="26.8702086" lon="75.7386183"/>
  <node id="3793735157" lat="26.8702176" lon="75.7391071"/>
  <node id="3793735162" lat="26.8703667" lon="75.7366438"/>
  <node id="3793735163" lat="26.8703815" lon="75.7364354"/>
  <node id="3793735164" lat="26.8704169" lon="75.7362537"/>
  <node id="3793735166" lat="26.8704448" lon="75.7380484"/>
  <node id="3793735167" lat="26.8704488" lon="75.7377818"/>
  <node id="3793735168" lat="26.8704649" lon="75.7376734"/>
  <node id="3793735169" lat="26.8704343" lon="75.7360128"/>
  <node id="3793735170" lat="26.8704829" lon="75.7397876"/>
  <node id="3793735171" lat="26.8705010" lon="75.7358582"/>
  <node id="3793735173" lat="26.8705379" lon="75.7390921"/>
  <node id="3793735174" lat="26.8705254" lon="75.7376643"/>
  <node id="3793735175" lat="26.8705633" lon="75.7386269"/>
  <node id="3793735184" lat="26.8710501" lon="75.7359557"/>
  <node id="3793735186" lat="26.8711587" lon="75.7368049"/>
  <node id="3793735187" lat="26.8712246" lon="75.7386247"/>
  <node id="3793735188" lat="26.8712557" lon="75.7392307"/>
  <node id="3793735189" lat="26.8712565" lon="75.7381808"/>
  <node id="3793735191" lat="26.8712832" lon="75.7377599"/>
  <node id="3793735192" lat="26.8712664" lon="75.7363932"/>
  <node id="3793735193" lat="26.8712940" lon="75.7386280"/>
  <node id="3793735194" lat="26.8713017" lon="75.7368921"/>
  <node id="3793735195" lat="26.8712990" lon="75.7355358"/>
  <node id="3793735198" lat="26.8712923" lon="75.7357659"/>
  <node id="3793735199" lat="26.8712504" lon="75.7368084"/>
  <node id="3793735202" lat="26.8713949" lon="75.7357460"/>
  <node id="3793735204" lat="26.8714687" lon="75.7344548"/>
  <node id="3793735205" lat="26.8715152" lon="75.7318572"/>
  <node id="3793735210" lat="26.8715608" lon="75.7317632"/>
  <node id="3793735214" lat="26.8716128" lon="75.7318490"/>
  <node id="3793735217" lat="26.8716890" lon="75.7386799"/>
  <node id="3793735220" lat="26.8719538" lon="75.7386853"/>
  <node id="3793735221" lat="26.8721059" lon="75.7381468"/>
  <node id="3793735223" lat="26.8720394" lon="75.7345560"/>
  <node id="3793735225" lat="26.8720637" lon="75.7345674"/>
  <node id="3793735226" lat="26.8720438" lon="75.7367949"/>
  <node id="3793735227" lat="26.8720932" lon="75.7367876"/>
  <node id="3793735229" lat="26.8721191" lon="75.7363706"/>
  <node id="3793735234" lat="26.8722268" lon="75.7372149"/>
  <node id="3793735236" lat="26.8722317" lon="75.7357900"/>
  <node id="3793735237" lat="26.8723336" lon="75.7367887"/>
  <node id="3793735239" lat="26.8723453" lon="75.7390718"/>
  <node id="3793735240" lat="26.8724513" lon="75.7346707"/>
  <node id="3793735241" lat="26.8724869" lon="75.7346802"/>
  <node id="3793735249" lat="26.8727283" lon="75.7394874"/>
  <node id="3793735252" lat="26.8727449" lon="75.7399434"/>
  <node id="3793735253" lat="26.8728281" lon="75.7352515"/>
  <node id="3793735254" lat="26.8727799" lon="75.7397925"/>
  <node id="3793735255" lat="26.8729193" lon="75.7347775"/>
  <node id="3935230823" lat="26.8595255" lon="75.7377627"/>
  <node id="3935230824" lat="26.8595751" lon="75.7371092"/>
  <node id="3935230830" lat="26.8596236" lon="75.7398532"/>
  <node id="3935230833" lat="26.8596342" lon="75.7394562"/>
  <node id="3935230835" lat="26.8596693" lon="75.7392065"/>
  <node id="3935230847" lat="26.8602729" lon="75.7392296"/>
  <node id="3935230850" lat="26.8601851" lon="75.7349897"/>
  <node id="3935230852" lat="26.8601961" lon="75.7333468"/>
  <node id="3935230853" lat="26.8602947" lon="75.7383153"/>
  <node id="3935230854" lat="26.8603265" lon="75.7401284"/>
  <node id="3935230855" lat="26.8603172" lon="75.7378998"/>
  <node id="3935230856" lat="26.8603407" lon="75.7397200"/>
  <node id="3935230857" lat="26.8603764" lon="75.7392340"/>
  <node id="3935230859" lat="26.8603261" lon="75.7350303"/>
  <node id="3935230860" lat="26.8603842" lon="75.7336470"/>
  <node id="3935230862" lat="26.8604853" lon="75.7338052"/>
  <node id="3935230863" lat="26.8605075" lon="75.7350439"/>
  <node id="3935230865" lat="26.8606821" lon="75.7362887"/>
  <node id="3935230866" lat="26.8606463" lon="75.7358443"/>
  <node id="3935230867" lat="26.8606577" lon="75.7340750"/>
  <node id="3935230868" lat="26.8606862" lon="75.7364703"/>
  <node id="3935230871" lat="26.8607446" lon="75.7342308"/>
  <node id="3935230872" lat="26.8607717" lon="75.7352439"/>
  <node id="3935230873" lat="26.8607996" lon="75.7351155"/>
  <node id="3935230874" lat="26.8608172" lon="75.7368982"/>
  <node id="3935230876" lat="26.8608571" lon="75.7344327"/>
  <node id="3935230877" lat="26.8608715" lon="75.7346436"/>
  <node id="3935230878" lat="26.8608799" lon="75.7347456"/>
  <node id="3935230879" lat="26.8609312" lon="75.7373134"/>
  <node id="3935230881" lat="26.8610566" lon="75.7376711"/>
  <node id="3935230885" lat="26.8611941" lon="75.7380563"/>
  <node id="3935240024" lat="26.8606930" lon="75.7356209"/>
  <node id="3935240025" lat="26.8607828" lon="75.7356306"/>
  <node id="3935240026" lat="26.8610830" lon="75.7356623"/>
  <node id="3935240027" lat="26.8612644" lon="75.7356961"/>
  <node id="3935240028" lat="26.8616008" lon="75.7357707"/>
  <node id="3935240029" lat="26.8618505" lon="75.7358410"/>
  <node id="3935240030" lat="26.8620072" lon="75.7358617"/>
  <node id="3935240031" lat="26.8622439" lon="75.7358156"/>
  <node id="3935240034" lat="26.8623500" lon="75.7357569"/>
  <node id="3935240035" lat="26.8623696" lon="75.7356658"/>
  <node id="3935240036" lat="26.8623980" lon="75.7354518"/>
  <node id="3935240038" lat="26.8624087" lon="75.7351970"/>
  <node id="3935240040" lat="26.8625338" lon="75.7357820"/>
  <node id="3935240041" lat="26.8624409" lon="75.7350051"/>
  <node id="3935240048" lat="26.8625916" lon="75.7358015"/>
  <node id="3935242875" lat="26.8632176" lon="75.7364527"/>
  <node id="3935245625" lat="26.8608137" lon="75.7350550"/>
  <node id="3935245626" lat="26.8608622" lon="75.7345026"/>
  <node id="3935245628" lat="26.8610218" lon="75.7363451"/>
  <node id="3935245629" lat="26.8610126" lon="75.7350791"/>
  <node id="3935245631" lat="26.8612755" lon="75.7363853"/>
  <node id="3935245634" lat="26.8613770" lon="75.7374390"/>
  <node id="3935245637" lat="26.8616661" lon="75.7364510"/>
  <node id="3935245638" lat="26.8617546" lon="75.7366059"/>
  <node id="3935245639" lat="26.8616671" lon="75.7375294"/>
  <node id="3935245640" lat="26.8620719" lon="75.7352638"/>
  <node id="3935245642" lat="26.8620562" lon="75.7375387"/>
  <node id="3935245644" lat="26.8621909" lon="75.7367525"/>
  <node id="3935245646" lat="26.8623088" lon="75.7382873"/>
  <node id="3935245647" lat="26.8623938" lon="75.7352697"/>
  <node id="3935245648" lat="26.8624178" lon="75.7376358"/>
  <node id="3935245649" lat="26.8624868" lon="75.7349207"/>
  <node id="3935245650" lat="26.8625048" lon="75.7372221"/>
  <node id="3935245651" lat="26.8625800" lon="75.7368506"/>
  <node id="3935245652" lat="26.8627470" lon="75.7366240"/>
  <node id="3935245653" lat="26.8630414" lon="75.7364604"/>
  <node id="3935258405" lat="26.8605127" lon="75.7392365"/>
  <node id="3935258406" lat="26.8610600" lon="75.7392478"/>
  <node id="3935258407" lat="26.8616107" lon="75.7393451"/>
  <node id="3935258408" lat="26.8621828" lon="75.7397696"/>
  <node id="3935258409" lat="26.8622133" lon="75.7394434"/>
  <node id="3935258410" lat="26.8622836" lon="75.7388263"/>
  <node id="3935258412" lat="26.8629162" lon="75.7395709"/>
  <node id="3935277130" lat="26.8596082" lon="75.7368430"/>
  <node id="3935277132" lat="26.8597010" lon="75.7362659"/>
  <node id="3935277133" lat="26.8596879" lon="75.7368364"/>
  <node id="3935277134" lat="26.8596698" lon="75.7371092"/>
  <node id="3935277135" lat="26.8598550" lon="75.7371220"/>
  <node id="3935277136" lat="26.8599106" lon="75.7368683"/>
  <node id="3935277137" lat="26.8599267" lon="75.7362540"/>
  <node id="3935277138" lat="26.8601342" lon="75.7371762"/>
  <node id="3935277139" lat="26.8601564" lon="75.7362992"/>
  <node id="3935277140" lat="26.8602370" lon="75.7369225"/>
  <node id="3935277141" lat="26.8603735" lon="75.7371986"/>
  <node id="3935277142" lat="26.8604626" lon="75.7363579"/>
  <node id="3935277143" lat="26.8605070" lon="75.7369475"/>
  <node id="3935277144" lat="26.8605530" lon="75.7372497"/>
  <node id="3935277145" lat="26.8606679" lon="75.7363838"/>
  <node id="3935277146" lat="26.8607354" lon="75.7372721"/>
  <node id="3935277147" lat="26.8607842" lon="75.7367904"/>
  <node id="3935277148" lat="26.8608406" lon="75.7369832"/>
  <node id="3935277149" lat="26.8608736" lon="75.7367870"/>
  <node id="3935277150" lat="26.8609191" lon="75.7372694"/>
  <node id="3935277151" lat="26.8610469" lon="75.7368276"/>
  <node id="3935277152" lat="26.8612524" lon="75.7368638"/>
  <node id="3935277153" lat="26.8615662" lon="75.7369965"/>
  <node id="3935277155" lat="26.8616150" lon="75.7370309"/>
  <node id="3935277156" lat="26.8618246" lon="75.7370625"/>
  <node id="3935277657" lat="26.8620824" lon="75.7371303"/>
  <node id="3935277659" lat="26.8623242" lon="75.7371709"/>
  <node id="3935277660" lat="26.8624141" lon="75.7388481"/>
  <node id="3935277662" lat="26.8625458" lon="75.7388692"/>
  <node id="3935277663" lat="26.8629084" lon="75.7389234"/>
  <node id="3935277664" lat="26.8630867" lon="75.7396137"/>
  <node id="3935277665" lat="26.8631985" lon="75.7390589"/>
  <node id="3935277666" lat="26.8632069" lon="75.7389798"/>
  <node id="3935277667" lat="26.8632267" lon="75.7387924"/>
  <node id="4631496783" lat="26.8675892" lon="75.7550247"/>
  <node id="4631496785" lat="26.8677141" lon="75.7553165"/>
  <node id="4631497616" lat="26.8679557" lon="75.7559299"/>
  <node id="4631497695" lat="26.8682476" lon="75.7550179"/>
  <node id="4698882599" lat="26.8615988" lon="75.7594696"/>
  <node id="4699078269" lat="26.8767306" lon="75.7568703"/>
  <node id="4720164839" lat="26.8667592" lon="75.7706941"/>
  <node id="4720166698" lat="26.8658766" lon="75.7719650"/>
  <node id="4720195400" lat="26.8838768" lon="75.7602107"/>
  <node id="4720195401" lat="26.8834727" lon="75.7601011"/>
  <node id="4720196361" lat="26.8813887" lon="75.7524463"/>
  <node id="4720196362" lat="26.8801828" lon="75.7520216"/>
  <node id="4720197230" lat="26.8805424" lon="75.7521482"/>
  <node id="4720197231" lat="26.8804875" lon="75.7525792"/>
  <node id="4720197427" lat="26.8802462" lon="75.7514466"/>
  <node id="4720199070" lat="26.8800737" lon="75.7530987"/>
  <node id="4720199071" lat="26.8794246" lon="75.7530226"/>
  <node id="4757329648" lat="26.8677414" lon="75.7476708"/>
  <node id="4757329650" lat="26.8679173" lon="75.7477100"/>
  <node id="4757329651" lat="26.8680317" lon="75.7477406"/>
  <node id="4757329652" lat="26.8681396" lon="75.7477683"/>
  <node id="4757329653" lat="26.8682241" lon="75.7477858"/>
  <node id="4757329654" lat="26.8683034" lon="75.7478018"/>
  <node id="4757329662" lat="26.8675541" lon="75.7484428"/>
  <node id="4757329668" lat="26.8683050" lon="75.7486095"/>
  <node id="4757331754" lat="26.8693686" lon="75.7475954"/>
  <node id="4757332111" lat="26.8698095" lon="75.7482026"/>
  <node id="4757332112" lat="26.8696628" lon="75.7477622"/>
  <node id="4757332116" lat="26.8693748" lon="75.7478764"/>
  <node id="4757332523" lat="26.8694670" lon="75.7489395"/>
  <node id="4757332528" lat="26.8686586" lon="75.7488534"/>
  <node id="4757332543" lat="26.8692921" lon="75.7493640"/>
  <node id="4757332544" lat="26.8695493" lon="75.7492702"/>
  <node id="4757332670" lat="26.8695219" lon="75.7497181"/>
  <node id="4757332671" lat="26.8695372" lon="75.7498338"/>
  <node id="4757332672" lat="26.8695940" lon="75.7500191"/>
  <node id="4757332675" lat="26.8697631" lon="75.7505029"/>
  <node id="4757335050" lat="26.8699004" lon="75.7504352"/>
  <node id="4757335051" lat="26.8699562" lon="75.7506332"/>
  <node id="4757335523" lat="26.8693499" lon="75.7496985"/>
  <node id="4757335524" lat="26.8692514" lon="75.7497105"/>
  <node id="4757335525" lat="26.8691465" lon="75.7497418"/>
  <node id="4757335535" lat="26.8691544" lon="75.7502490"/>
  <node id="4757335559" lat="26.8656827" lon="75.7472243"/>
  <node id="4757339758" lat="26.8553267" lon="75.7596081"/>
  <node id="4766262107" lat="26.8829240" lon="75.7623423"/>
  <node id="4766885831" lat="26.8677946" lon="75.7576764"/>
  <node id="4766885832" lat="26.8678736" lon="75.7576359"/>
  <node id="4766885833" lat="26.8679057" lon="75.7576143"/>
  <node id="4766885834" lat="26.8678821" lon="75.7575303"/>
  <node id="4766885835" lat="26.8679400" lon="75.7575135"/>
  <node id="4766885836" lat="26.8680320" lon="75.7574583"/>
  <node id="4766885837" lat="26.8680663" lon="75.7575639"/>
  <node id="4766885838" lat="26.8681027" lon="75.7576623"/>
  <node id="4766885839" lat="26.8681283" lon="75.7577689"/>
  <node id="5480428427" lat="26.8477299" lon="75.7694205"/>
  <node id="5481791763" lat="26.8766680" lon="75.7474192"/>
  <node id="5481791764" lat="26.8764580" lon="75.7474548"/>
  <node id="5481791856" lat="26.8779497" lon="75.7478812"/>
  <node id="5481791857" lat="26.8789557" lon="75.7482634"/>
  <node id="5481791858" lat="26.8791202" lon="75.7482527"/>
  <node id="5481791859" lat="26.8791896" lon="75.7482467"/>
  <node id="5481799483" lat="26.8790866" lon="75.7490178"/>
  <node id="5481799484" lat="26.8792541" lon="75.7493274"/>
  <node id="5481799485" lat="26.8785706" lon="75.7484083"/>
  <node id="5481799486" lat="26.8787512" lon="75.7484713"/>
  <node id="5481799487" lat="26.8782260" lon="75.7482433"/>
  <node id="5481799488" lat="26.8779617" lon="75.7481092"/>
  <node id="5481799489" lat="26.8756625" lon="75.7480717"/>
  <node id="5481799490" lat="26.8759305" lon="75.7479349"/>
  <node id="5481799491" lat="26.8769413" lon="75.7474521"/>
  <node id="5481799492" lat="26.8767427" lon="75.7474186"/>
  <node id="5481799493" lat="26.8768691" lon="75.7476631"/>
  <node id="5481799494" lat="26.8793770" lon="75.7503314"/>
  <node id="5481810376" lat="26.8791870" lon="75.7543405"/>
  <node id="5481815221" lat="26.8795638" lon="75.7484713">
    <tag k="highway" v="traffic_signals"/>
    <tag k="traffic_signals" v="signal"/>
    <tag k="traffic_signals:direction" v="forward"/>
  </node>
  <node id="5481815222" lat="26.8789669" lon="75.7488179"/>
  <node id="5481815223" lat="26.8783062" lon="75.7480556"/>
  <node id="5481815224" lat="26.8785430" lon="75.7481602"/>
  <node id="5481815225" lat="26.8795455" lon="75.7478210"/>
  <node id="5481815226" lat="26.8795565" lon="75.7482090">
    <tag k="highway" v="traffic_signals"/>
    <tag k="traffic_signals" v="signal"/>
    <tag k="traffic_signals:direction" v="forward"/>
  </node>
  <node id="5481836396" lat="26.8735260" lon="75.7491311"/>
  <node id="5481836908" lat="26.8630443" lon="75.7540189"/>
  <node id="5482581996" lat="26.8657063" lon="75.7721520"/>
  <node id="5482581997" lat="26.8661030" lon="75.7716811"/>
  <node id="5487854413" lat="26.8565545" lon="75.7584803"/>
  <node id="5490080827" lat="26.8767744" lon="75.7477880"/>
  <node id="5490080828" lat="26.8766917" lon="75.7478253"/>
  <node id="5532569946" lat="26.8581593" lon="75.7732735"/>
  <node id="5532569947" lat="26.8575867" lon="75.7732121"/>
  <node id="5532571377" lat="26.8577636" lon="75.7731137"/>
  <node id="5534911962" lat="26.8532209" lon="75.7735529"/>
  <node id="5534911966" lat="26.8529618" lon="75.7735897"/>
  <node id="5535576858" lat="26.8576272" lon="75.7662925"/>
  <node id="5553599906" lat="26.8665056" lon="75.7711661"/>
  <node id="5553620247" lat="26.8714003" lon="75.7337781"/>
  <node id="5553620249" lat="26.8694383" lon="75.7467225"/>
  <node id="5553620251" lat="26.8669795" lon="75.7429941"/>
  <node id="5553635483" lat="26.8771942" lon="75.7571993"/>
  <node id="5553635484" lat="26.8778861" lon="75.7568518"/>
  <node id="5553635488" lat="26.8778306" lon="75.7564009"/>
  <node id="5553635496" lat="26.8773935" lon="75.7494401"/>
  <node id="5553635497" lat="26.8777893" lon="75.7558904"/>
  <node id="5553635502" lat="26.8776577" lon="75.7580277"/>
  <node id="5553638022" lat="26.8717089" lon="75.7472757"/>
  <node id="5553653103" lat="26.8713373" lon="75.7455556"/>
  <node id="5553653106" lat="26.8712249" lon="75.7455960"/>
  <node id="5578864583" lat="26.8602844" lon="75.7563110"/>
  <node id="6186953949" lat="26.8614850" lon="75.7324176"/>
  <node id="6186953950" lat="26.8624743" lon="75.7340035"/>
  <node id="6186953951" lat="26.8632921" lon="75.7352772"/>
  <node id="6186953952" lat="26.8642497" lon="75.7360393"/>
  <node id="6186953954" lat="26.8638007" lon="75.7357545"/>
  <node id="6186953955" lat="26.8633518" lon="75.7352093"/>
  <node id="6186953956" lat="26.8615842" lon="75.7323503"/>
  <node id="6186956292" lat="26.8626202" lon="75.7340030"/>
  <node id="6186956296" lat="26.8635353" lon="75.7414017"/>
  <node id="6237403994" lat="26.8595762" lon="75.7734414"/>
  <node id="6269817185" lat="26.8743626" lon="75.7591852"/>
  <node id="6304238590" lat="26.8745306" lon="75.7421237"/>
  <node id="6333547887" lat="26.8812527" lon="75.7449642"/>
  <node id="6333560285" lat="26.8688303" lon="75.7353586"/>
  <node id="6333601388" lat="26.8794488" lon="75.7617091"/>
  <node id="6731159030" lat="26.8562773" lon="75.7585340"/>
  <node id="6731565903" lat="26.8792883" lon="75.7480811"/>
  <node id="6731565904" lat="26.8792201" lon="75.7481307"/>
  <node id="6731565905" lat="26.8793511" lon="75.7479905"/>
  <node id="6731570663" lat="26.8730286" lon="75.7460741"/>
  <node id="6731755514" lat="26.8503504" lon="75.7627422"/>
  <node id="6734097306" lat="26.8549194" lon="75.7663182"/>
  <node id="6734327668" lat="26.8766397" lon="75.7306419"/>
  <node id="6734327669" lat="26.8767706" lon="75.7305376"/>
  <node id="6734327670" lat="26.8796570" lon="75.7344218"/>
  <node id="6734790963" lat="26.8877318" lon="75.7355086"/>
  <node id="6734790969" lat="26.8880378" lon="75.7371501"/>
  <node id="6735257459" lat="26.8672866" lon="75.7686384"/>
  <node id="6737843613" lat="26.8726193" lon="75.7543881"/>
  <node id="6737843614" lat="26.8722528" lon="75.7534794"/>
  <node id="6737843615" lat="26.8726076" lon="75.7533089"/>
  <node id="6737843616" lat="26.8714011" lon="75.7502559"/>
  <node id="6738451263" lat="26.8842106" lon="75.7398519"/>
  <node id="6868536708" lat="26.8639627" lon="75.7575589"/>
  <node id="6868536709" lat="26.8643399" lon="75.7584970"/>
  <node id="6868536710" lat="26.8640968" lon="75.7586091"/>
  <node id="6868536711" lat="26.8637124" lon="75.7576730"/>
  <node id="6868540506" lat="26.8664169" lon="75.7541642"/>
  <node id="6868540507" lat="26.8659220" lon="75.7539173"/>
  <node id="6868544989" lat="26.8773319" lon="75.7553069"/>
  <node id="6868544990" lat="26.8773267" lon="75.7558601"/>
  <node id="6868544991" lat="26.8769344" lon="75.7558317"/>
  <node id="6868544992" lat="26.8769395" lon="75.7553037"/>
  <node id="6876875548" lat="26.8783863" lon="75.7576860"/>
  <node id="6876875549" lat="26.8782995" lon="75.7575598"/>
  <node id="6876875550" lat="26.8782847" lon="75.7576378"/>
  <node id="6876875551" lat="26.8782667" lon="75.7575171"/>
  <node id="6876875552" lat="26.8785245" lon="75.7576190"/>
  <node id="6876875553" lat="26.8781298" lon="75.7574920"/>
  <node id="6876875554" lat="26.8782066" lon="75.7574161"/>
  <node id="6876875555" lat="26.8781982" lon="75.7576590"/>
  <node id="6876875556" lat="26.8781454" lon="75.7576820"/>
  <node id="6876875557" lat="26.8780837" lon="75.7578175"/>
  <node id="6876875558" lat="26.8780107" lon="75.7577477"/>
  <node id="6876875559" lat="26.8777906" lon="75.7603521"/>
  <node id="6876875560" lat="26.8778133" lon="75.7600343"/>
  <node id="6876875561" lat="26.8777081" lon="75.7596722"/>
  <node id="6876875562" lat="26.8775430" lon="75.7591921"/>
  <node id="6876875563" lat="26.8772607" lon="75.7584894"/>
  <node id="6876875564" lat="26.8772535" lon="75.7583472"/>
  <node id="6876875565" lat="26.8773525" lon="75.7581877"/>
  <node id="6880199279" lat="26.8493132" lon="75.7632181"/>
  <node id="6968193480" lat="26.8753920" lon="75.7437784"/>
  <node id="6968193481" lat="26.8759996" lon="75.7438350"/>
  <node id="6968193482" lat="26.8762149" lon="75.7434252"/>
  <node id="6968193483" lat="26.8762307" lon="75.7435789"/>
  <node id="6968193484" lat="26.8762490" lon="75.7437542"/>
  <node id="6968198685" lat="26.8755850" lon="75.7439083"/>
  <node id="6968198686" lat="26.8768858" lon="75.7437541"/>
  <node id="6971017329" lat="26.8727254" lon="75.7390639"/>
  <node id="6976242969" lat="26.8843473" lon="75.7401367"/>
  <node id="6976242974" lat="26.8793622" lon="75.7496303">
    <tag k="bus" v="yes"/>
    <tag k="bus_routes" v="7, 32"/>
    <tag k="highway" v="bus_stop"/>
    <tag k="name" v="Mansarovar Metro Station"/>
    <tag k="public_transport" v="platform"/>
  </node>
  <node id="6976242975" lat="26.8799991" lon="75.7574852">
    <tag k="bus" v="yes"/>
    <tag k="bus_routes" v="7, 32"/>
    <tag k="highway" v="bus_stop"/>
    <tag k="name" v="Ganga Jamuna"/>
    <tag k="public_transport" v="platform"/>
  </node>
  <node id="6976242976" lat="26.8799455" lon="75.7577753">
    <tag k="bus" v="yes"/>
    <tag k="bus_routes" v="23, AC5"/>
    <tag k="highway" v="bus_stop"/>
    <tag k="name" v="Ganga Jamuna"/>
    <tag k="public_transport" v="platform"/>
  </node>
  <node id="6976242977" lat="26.8793672" lon="75.7612340">
    <tag k="bus" v="yes"/>
    <tag k="bus_routes" v="7, 23, 32, AC 5"/>
    <tag k="highway" v="bus_stop"/>
    <tag k="name" v="ganga jamuna"/>
    <tag k="public_transport" v="platform"/>
  </node>
  <node id="6976254825" lat="26.8802736" lon="75.7578092"/>
  <node id="7033773795" lat="26.8740097" lon="75.7559129"/>
  <node id="7033773796" lat="26.8737544" lon="75.7565714"/>
  <node id="7071385641" lat="26.8582385" lon="75.7407034"/>
  <node id="7081575035" lat="26.8833617" lon="75.7429074"/>
  <node id="7081575036" lat="26.8837635" lon="75.7446985"/>
  <node id="7081589327" lat="26.8662868" lon="75.7713154"/>
  <node id="7081621540" lat="26.8649836" lon="75.7729006"/>
  <node id="7081827266" lat="26.8589933" lon="75.7525362"/>
  <node id="7085259193" lat="26.8778148" lon="75.7600961"/>
  <node id="7090374384" lat="26.8798320" lon="75.7561693"/>
  <node id="7090378388" lat="26.8800599" lon="75.7567323"/>
  <node id="7090378391" lat="26.8804010" lon="75.7565724"/>
  <node id="7090378396" lat="26.8828911" lon="75.7556612"/>
  <node id="7090378397" lat="26.8834638" lon="75.7555104"/>
  <node id="7090378398" lat="26.8838100" lon="75.7553862"/>
  <node id="7090378399" lat="26.8847112" lon="75.7550562"/>
  <node id="7090378400" lat="26.8852209" lon="75.7548936"/>
  <node id="7090378401" lat="26.8862958" lon="75.7545289"/>
  <node id="7090378402" lat="26.8865631" lon="75.7544418"/>
  <node id="7115839033" lat="26.8495372" lon="75.7738780"/>
  <node id="7417072468" lat="26.8557163" lon="75.7731349"/>
  <node id="8042108143" lat="26.8777752" lon="75.7504087"/>
  <node id="8042108144" lat="26.8779114" lon="75.7505502"/>
  <node id="8042108145" lat="26.8780455" lon="75.7508016"/>
  <node id="8042108146" lat="26.8780856" lon="75.7509497"/>
  <node id="8042108147" lat="26.8781056" lon="75.7510148"/>
  <node id="8042595518" lat="26.8795380" lon="75.7503875"/>
  <node id="8042595521" lat="26.8793700" lon="75.7513066"/>
  <node id="8064587229" lat="26.8797581" lon="75.7430513"/>
  <node id="8064587230" lat="26.8794724" lon="75.7429694"/>
  <node id="8064587231" lat="26.8795819" lon="75.7430035"/>
  <node id="8064587232" lat="26.8798610" lon="75.7403245"/>
  <node id="8064587233" lat="26.8823691" lon="75.7413405"/>
  <node id="8064587234" lat="26.8842895" lon="75.7400146"/>
  <node id="8079948088" lat="26.8658639" lon="75.7718253">
    <tag k="highway" v="traffic_signals"/>
    <tag k="traffic_signals" v="signal"/>
    <tag k="traffic_signals:direction" v="forward"/>
  </node>
  <node id="8093004202" lat="26.8740549" lon="75.7593804"/>
  <node id="8093004203" lat="26.8742006" lon="75.7602392"/>
  <node id="8093004204" lat="26.8742475" lon="75.7603116"/>
  <node id="8093004205" lat="26.8743624" lon="75.7603667"/>
  <node id="8093004206" lat="26.8749783" lon="75.7602030"/>
  <node id="8093004207" lat="26.8751397" lon="75.7601087"/>
  <node id="8093004208" lat="26.8749489" lon="75.7600977"/>
  <node id="8093004209" lat="26.8746144" lon="75.7601997"/>
  <node id="8093004210" lat="26.8744383" lon="75.7602491"/>
  <node id="8093004211" lat="26.8743620" lon="75.7602524"/>
  <node id="8093004212" lat="26.8742974" lon="75.7602162"/>
  <node id="8093004213" lat="26.8742622" lon="75.7601339"/>
  <node id="8093004214" lat="26.8741287" lon="75.7593560"/>
  <node id="8093004215" lat="26.8742978" lon="75.7603551"/>
  <node id="8093006067" lat="26.8796348" lon="75.7590800"/>
  <node id="8093006068" lat="26.8794585" lon="75.7594077"/>
  <node id="8093006072" lat="26.8795305" lon="75.7611202"/>
  <node id="8093020617" lat="26.8752996" lon="75.7609189"/>
  <node id="8120330650" lat="26.8682090" lon="75.7324995"/>
  <node id="8120330786" lat="26.8785335" lon="75.7326167"/>
  <node id="8120330787" lat="26.8793723" lon="75.7376087"/>
  <node id="8120330788" lat="26.8713840" lon="75.7360287"/>
  <node id="8120330789" lat="26.8712829" lon="75.7359930"/>
  <node id="8120330790" lat="26.8713559" lon="75.7367979"/>
  <node id="8120330791" lat="26.8713905" lon="75.7373866"/>
  <node id="8120330793" lat="26.8719286" lon="75.7372539"/>
  <node id="8120330803" lat="26.8883514" lon="75.7373423"/>
  <node id="8120330804" lat="26.8883849" lon="75.7374215"/>
  <node id="8120330805" lat="26.8876209" lon="75.7379520"/>
  <node id="8120330806" lat="26.8864041" lon="75.7387732"/>
  <node id="8120330807" lat="26.8860608" lon="75.7389782"/>
  <node id="8121281171" lat="26.8512021" lon="75.7399885"/>
  <node id="8125106432" lat="26.8887547" lon="75.7371091"/>
  <node id="8125106433" lat="26.8884620" lon="75.7370346"/>
  <node id="8125106435" lat="26.8795850" lon="75.7432041">
    <tag k="highway" v="traffic_signals"/>
    <tag k="traffic_signals" v="signal"/>
    <tag k="traffic_signals:direction" v="backward"/>
  </node>
  <node id="8125106437" lat="26.8794764" lon="75.7433287"/>
  <node id="8125106438" lat="26.8794229" lon="75.7435374"/>
  <node id="8125106439" lat="26.8795183" lon="75.7604139"/>
  <node id="8142083101" lat="26.8869847" lon="75.7355727"/>
  <node id="8142083115" lat="26.8875585" lon="75.7355293"/>
  <node id="8620229086" lat="26.8638049" lon="75.7536747"/>
  <node id="8620229088" lat="26.8636127" lon="75.7500207"/>
  <node id="8620267821" lat="26.8648079" lon="75.7582821"/>
  <node id="8620267822" lat="26.8645137" lon="75.7575176"/>
  <node id="8620267823" lat="26.8643044" lon="75.7569961"/>
  <node id="8620267824" lat="26.8640479" lon="75.7563365"/>
  <node id="8620267825" lat="26.8638932" lon="75.7559091"/>
  <node id="8620267826" lat="26.8635834" lon="75.7550910"/>
  <node id="8620267827" lat="26.8632262" lon="75.7542522"/>
  <node id="8620267828" lat="26.8677393" lon="75.7630097"/>
  <node id="8620267830" lat="26.8673254" lon="75.7627059"/>
  <node id="8620267831" lat="26.8670554" lon="75.7624880"/>
  <node id="8620267832" lat="26.8667682" lon="75.7622688"/>
  <node id="8620267833" lat="26.8655163" lon="75.7595492"/>
  <node id="8620267834" lat="26.8655535" lon="75.7594942"/>
  <node id="8620267835" lat="26.8650019" lon="75.7587280"/>
  <node id="8620267836" lat="26.8666465" lon="75.7621817"/>
  <node id="8620267837" lat="26.8665094" lon="75.7620793"/>
  <node id="8620267838" lat="26.8663859" lon="75.7619693"/>
  <node id="8620267839" lat="26.8662590" lon="75.7618404"/>
  <node id="8620267840" lat="26.8662320" lon="75.7617929"/>
  <node id="8620267841" lat="26.8661727" lon="75.7616981"/>
  <node id="8620267842" lat="26.8661051" lon="75.7615501"/>
  <node id="8620267843" lat="26.8660188" lon="75.7613548"/>
  <node id="8620267844" lat="26.8657498" lon="75.7606549"/>
  <node id="8620267845" lat="26.8655467" lon="75.7601523"/>
  <node id="8620267846" lat="26.8653471" lon="75.7596516"/>
  <node id="8620267847" lat="26.8648363" lon="75.7583561"/>
  <node id="8620299368" lat="26.8779545" lon="75.7561429"/>
  <node id="8620299369" lat="26.8779617" lon="75.7556221"/>
  <node id="8620299370" lat="26.8779521" lon="75.7559681"/>
  <node id="8620299371" lat="26.8779665" lon="75.7562873"/>
  <node id="8620299372" lat="26.8780047" lon="75.7564241"/>
  <node id="8620299373" lat="26.8782392" lon="75.7572502"/>
  <node id="8620299374" lat="26.8782691" lon="75.7573079"/>
  <node id="8620299375" lat="26.8783158" lon="75.7573360"/>
  <node id="8620299376" lat="26.8783660" lon="75.7573427"/>
  <node id="8620299377" lat="26.8792673" lon="75.7574193"/>
  <node id="8620299378" lat="26.8793857" lon="75.7574212"/>
  <node id="8620299379" lat="26.8794872" lon="75.7574079"/>
  <node id="8620299380" lat="26.8795694" lon="75.7573602"/>
  <node id="8620299381" lat="26.8796292" lon="75.7572784"/>
  <node id="8620299382" lat="26.8796902" lon="75.7571196"/>
  <node id="8620299383" lat="26.8797105" lon="75.7570495"/>
  <node id="8620299384" lat="26.8797173" lon="75.7569641"/>
  <node id="8620299385" lat="26.8797054" lon="75.7568731"/>
  <node id="8620299386" lat="26.8796817" lon="75.7567726"/>
  <node id="8620299387" lat="26.8795383" lon="75.7562658"/>
  <node id="8620299388" lat="26.8791370" lon="75.7548608"/>
  <node id="8620299389" lat="26.8790989" lon="75.7547015"/>
  <node id="8620299390" lat="26.8790706" lon="75.7545157"/>
  <node id="8620299391" lat="26.8790646" lon="75.7543950"/>
  <node id="8620299392" lat="26.8790646" lon="75.7541925"/>
  <node id="8620299393" lat="26.8791244" lon="75.7532912"/>
  <node id="8620299394" lat="26.8791483" lon="75.7529131"/>
  <node id="8620299395" lat="26.8791699" lon="75.7524946"/>
  <node id="8620299396" lat="26.8792416" lon="75.7510167"/>
  <node id="8620299397" lat="26.8792632" lon="75.7509255"/>
  <node id="8620299398" lat="26.8793014" lon="75.7508290"/>
  <node id="8620299399" lat="26.8793758" lon="75.7506896"/>
  <node id="8620299400" lat="26.8774108" lon="75.7527877"/>
  <node id="8620311234" lat="26.8673567" lon="75.7589715"/>
  <node id="8620311237" lat="26.8662577" lon="75.7594605"/>
  <node id="8620311238" lat="26.8668527" lon="75.7591591"/>
  <node id="8620311239" lat="26.8668597" lon="75.7591546"/>
  <node id="8620311240" lat="26.8668714" lon="75.7591524"/>
  <node id="8620311241" lat="26.8666366" lon="75.7592362"/>
  <node id="8620311242" lat="26.8666858" lon="75.7592765"/>
  <node id="8620311243" lat="26.8666604" lon="75.7592471"/>
  <node id="8620311244" lat="26.8667078" lon="75.7593140"/>
  <node id="8620311262" lat="26.8686563" lon="75.7617911"/>
  <node id="8620340132" lat="26.8669962" lon="75.7699776"/>
  <node id="8620384775" lat="26.8695531" lon="75.7610590"/>
  <node id="8620384776" lat="26.8654511" lon="75.7546873"/>
  <node id="8620384777" lat="26.8657749" lon="75.7545195"/>
  <node id="8620384780" lat="26.8657969" lon="75.7545796"/>
  <node id="8620384781" lat="26.8657446" lon="75.7545371"/>
  <node id="8620384782" lat="26.8652287" lon="75.7548001"/>
  <node id="8620384783" lat="26.8651847" lon="75.7548096"/>
  <node id="8620384784" lat="26.8651475" lon="75.7548039"/>
  <node id="8620384785" lat="26.8651153" lon="75.7547944"/>
  <node id="8620384786" lat="26.8650781" lon="75.7547982"/>
  <node id="8620384787" lat="26.8647448" lon="75.7549461"/>
  <node id="8620384788" lat="26.8636893" lon="75.7553621"/>
  <node id="8620384789" lat="26.8639648" lon="75.7552382"/>
  <node id="8620384790" lat="26.8640156" lon="75.7552211"/>
  <node id="8620384791" lat="26.8640562" lon="75.7552192"/>
  <node id="8620384792" lat="26.8640951" lon="75.7552230"/>
  <node id="8620384793" lat="26.8641272" lon="75.7552192"/>
  <node id="8620384794" lat="26.8643837" lon="75.7551224"/>
  <node id="8620384795" lat="26.8668872" lon="75.7564511"/>
  <node id="8620384796" lat="26.8668994" lon="75.7564539"/>
  <node id="8620384797" lat="26.8660476" lon="75.7568991"/>
  <node id="8620384798" lat="26.8654173" lon="75.7571107"/>
  <node id="8620384799" lat="26.8654233" lon="75.7570718"/>
  <node id="8620384800" lat="26.8659328" lon="75.7568121"/>
  <node id="8620384801" lat="26.8659760" lon="75.7568116"/>
  <node id="8620384802" lat="26.8660083" lon="75.7568264"/>
  <node id="8620384803" lat="26.8658708" lon="75.7568318"/>
  <node id="8620384804" lat="26.8654498" lon="75.7570450"/>
  <node id="8620384805" lat="26.8647965" lon="75.7573693"/>
  <node id="8620384806" lat="26.8650644" lon="75.7572354"/>
  <node id="8620384807" lat="26.8651051" lon="75.7572354"/>
  <node id="8620384808" lat="26.8651578" lon="75.7573252"/>
  <node id="8620384809" lat="26.8653958" lon="75.7571992"/>
  <node id="8620384810" lat="26.8654269" lon="75.7571979"/>
  <node id="8620384811" lat="26.8654496" lon="75.7572153"/>
  <node id="8620384812" lat="26.8659893" lon="75.7576740"/>
  <node id="8620384813" lat="26.8656923" lon="75.7569236"/>
  <node id="8620384814" lat="26.8661914" lon="75.7593083"/>
  <node id="8620384815" lat="26.8661753" lon="75.7593026"/>
  <node id="8620384816" lat="26.8661533" lon="75.7593055"/>
  <node id="8620397600" lat="26.8688227" lon="75.7506234"/>
  <node id="8620397601" lat="26.8681731" lon="75.7527454"/>
  <node id="8620397602" lat="26.8687534" lon="75.7524518"/>
  <node id="8620397604" lat="26.8691990" lon="75.7509980"/>
  <node id="8620397605" lat="26.8691423" lon="75.7508275"/>
  <node id="8620397607" lat="26.8679864" lon="75.7500832"/>
  <node id="8620397608" lat="26.8679661" lon="75.7500282"/>
  <node id="8620397609" lat="26.8680812" lon="75.7506712"/>
  <node id="8620397610" lat="26.8680677" lon="75.7505820"/>
  <node id="8620397611" lat="26.8674462" lon="75.7510206"/>
  <node id="8620397612" lat="26.8663754" lon="75.7509118"/>
  <node id="8620397613" lat="26.8668746" lon="75.7509013"/>
  <node id="8620397614" lat="26.8664377" lon="75.7504124"/>
  <node id="8620397615" lat="26.8662117" lon="75.7524893"/>
  <node id="8620397616" lat="26.8657535" lon="75.7527105"/>
  <node id="8620399617" lat="26.8657125" lon="75.7595388"/>
  <node id="8620399618" lat="26.8656914" lon="75.7595397"/>
  <node id="8620399619" lat="26.8656660" lon="75.7595274"/>
  <node id="8620399620" lat="26.8656356" lon="75.7594667"/>
  <node id="8620399621" lat="26.8656186" lon="75.7594458"/>
  <node id="8620399622" lat="26.8655941" lon="75.7594354"/>
  <node id="8620399623" lat="26.8675125" lon="75.7589040"/>
  <node id="8620399624" lat="26.8674733" lon="75.7587922"/>
  <node id="8620399625" lat="26.8674728" lon="75.7587727"/>
  <node id="8620399626" lat="26.8674830" lon="75.7587603"/>
  <node id="8620399627" lat="26.8675896" lon="75.7587128"/>
  <node id="8620399628" lat="26.8676192" lon="75.7587001"/>
  <node id="8620399629" lat="26.8678174" lon="75.7586070"/>
  <node id="8620399630" lat="26.8681167" lon="75.7584521"/>
  <node id="8620447017" lat="26.8657093" lon="75.7525230"/>
  <node id="8620447018" lat="26.8657058" lon="75.7524236"/>
  <node id="8620447019" lat="26.8651813" lon="75.7519438"/>
  <node id="8620447020" lat="26.8656449" lon="75.7519438"/>
  <node id="8620447021" lat="26.8660036" lon="75.7519229"/>
  <node id="8620447022" lat="26.8642981" lon="75.7514014"/>
  <node id="8620447023" lat="26.8643066" lon="75.7514488"/>
  <node id="8620447024" lat="26.8643201" lon="75.7514753"/>
  <node id="8620447025" lat="26.8643590" lon="75.7514867"/>
  <node id="8620447026" lat="26.8650566" lon="75.7515022"/>
  <node id="8620447028" lat="26.8663934" lon="75.7507512"/>
  <node id="8620447029" lat="26.8663460" lon="75.7511502"/>
  <node id="8620447030" lat="26.8654046" lon="75.7511643"/>
  <node id="8620447031" lat="26.8654009" lon="75.7516650"/>
  <node id="8620447032" lat="26.8654131" lon="75.7507546"/>
  <node id="8620447033" lat="26.8654131" lon="75.7503753"/>
  <node id="8620447034" lat="26.8654198" lon="75.7500946"/>
  <node id="8620447035" lat="26.8654283" lon="75.7500225"/>
  <node id="8620447036" lat="26.8654605" lon="75.7499789"/>
  <node id="8620447037" lat="26.8655095" lon="75.7499637"/>
  <node id="8620447038" lat="26.8656550" lon="75.7499656"/>
  <node id="8620447039" lat="26.8664727" lon="75.7499839"/>
  <node id="8620469099" lat="26.8724039" lon="75.7507941"/>
  <node id="8620469100" lat="26.8723991" lon="75.7507579"/>
  <node id="8620469101" lat="26.8724099" lon="75.7507324"/>
  <node id="8620469102" lat="26.8727236" lon="75.7505821"/>
  <node id="8620469103" lat="26.8730655" lon="75.7514582"/>
  <node id="8620469104" lat="26.8738039" lon="75.7510981"/>
  <node id="8620469105" lat="26.8726334" lon="75.7514327"/>
  <node id="8620469107" lat="26.8725639" lon="75.7511623"/>
  <node id="8620469109" lat="26.8724872" lon="75.7540606"/>
  <node id="8620469110" lat="26.8719538" lon="75.7540642"/>
  <node id="8620469111" lat="26.8719149" lon="75.7540566"/>
  <node id="8620469112" lat="26.8718844" lon="75.7540396"/>
  <node id="8620469113" lat="26.8718726" lon="75.7539846"/>
  <node id="8620469114" lat="26.8718828" lon="75.7536090"/>
  <node id="8620469115" lat="26.8718963" lon="75.7535749"/>
  <node id="8620469116" lat="26.8719234" lon="75.7535483"/>
  <node id="8620485017" lat="26.8719792" lon="75.7535237"/>
  <node id="8620485018" lat="26.8720824" lon="75.7535009"/>
  <node id="8620485019" lat="26.8717571" lon="75.7547996"/>
  <node id="8620485020" lat="26.8715964" lon="75.7543802"/>
  <node id="8620485021" lat="26.8715784" lon="75.7543360"/>
  <node id="8620485022" lat="26.8715461" lon="75.7542837"/>
  <node id="8620485023" lat="26.8714744" lon="75.7542220"/>
  <node id="8620485024" lat="26.8714540" lon="75.7541898"/>
  <node id="8620485025" lat="26.8714432" lon="75.7541496"/>
  <node id="8620485026" lat="26.8714361" lon="75.7540064"/>
  <node id="8620485027" lat="26.8714289" lon="75.7539082"/>
  <node id="8620485028" lat="26.8714229" lon="75.7538559"/>
  <node id="8620485029" lat="26.8714086" lon="75.7538009"/>
  <node id="8620485030" lat="26.8712641" lon="75.7534576"/>
  <node id="8620485031" lat="26.8710959" lon="75.7544132"/>
  <node id="8620485032" lat="26.8710304" lon="75.7542474"/>
  <node id="8620485033" lat="26.8701192" lon="75.7519395"/>
  <node id="8620521162" lat="26.8721514" lon="75.7583153"/>
  <node id="8620521163" lat="26.8719170" lon="75.7577558"/>
  <node id="8620521164" lat="26.8690217" lon="75.7565824"/>
  <node id="8620521165" lat="26.8692418" lon="75.7564748"/>
  <node id="8620521166" lat="26.8697708" lon="75.7562175"/>
  <node id="8620521167" lat="26.8698610" lon="75.7574060"/>
  <node id="8620521168" lat="26.8698619" lon="75.7573814"/>
  <node id="8620521169" lat="26.8698805" lon="75.7573548"/>
  <node id="8620521170" lat="26.8701082" lon="75.7569055"/>
  <node id="8620521171" lat="26.8701333" lon="75.7568787"/>
  <node id="8620521172" lat="26.8699132" lon="75.7573347"/>
  <node id="8620521173" lat="26.8706510" lon="75.7569863"/>
  <node id="8620521174" lat="26.8706111" lon="75.7568842"/>
  <node id="8620521175" lat="26.8713009" lon="75.7565166"/>
  <node id="8620521176" lat="26.8713404" lon="75.7565019"/>
  <node id="8620521177" lat="26.8713679" lon="75.7565045"/>
  <node id="8620521178" lat="26.8713858" lon="75.7565206"/>
  <node id="8620521179" lat="26.8705589" lon="75.7567507"/>
  <node id="8620521180" lat="26.8708810" lon="75.7566011"/>
  <node id="8620521181" lat="26.8709121" lon="75.7565850"/>
  <node id="8620521182" lat="26.8709372" lon="75.7565528"/>
  <node id="8620521183" lat="26.8709444" lon="75.7565126"/>
  <node id="8620521184" lat="26.8702616" lon="75.7559899"/>
  <node id="8620521185" lat="26.8711172" lon="75.7555644"/>
  <node id="8620521186" lat="26.8712771" lon="75.7554848"/>
  <node id="8620521187" lat="26.8714785" lon="75.7553823"/>
  <node id="8620521188" lat="26.8728979" lon="75.7528822"/>
  <node id="8620521189" lat="26.8729314" lon="75.7528795"/>
  <node id="8620521190" lat="26.8768429" lon="75.7497061"/>
  <node id="8620542141" lat="26.8731782" lon="75.7560167"/>
  <node id="8620542142" lat="26.8729078" lon="75.7553625"/>
  <node id="8620542143" lat="26.8731959" lon="75.7554843"/>
  <node id="8620542144" lat="26.8740043" lon="75.7559005"/>
  <node id="8620542145" lat="26.8733680" lon="75.7562221"/>
  <node id="8620542146" lat="26.8735580" lon="75.7566731"/>
  <node id="8620542147" lat="26.8732624" lon="75.7559713"/>
  <node id="8620542148" lat="26.8729587" lon="75.7561351"/>
  <node id="8620542149" lat="26.8728974" lon="75.7550828"/>
  <node id="8620542150" lat="26.8727909" lon="75.7548114"/>
  <node id="8620542151" lat="26.8726492" lon="75.7544372"/>
  <node id="8620542152" lat="26.8734443" lon="75.7544907"/>
  <node id="8620542153" lat="26.8761194" lon="75.7597780"/>
  <node id="8620542154" lat="26.8760057" lon="75.7593076"/>
  <node id="8620542155" lat="26.8755431" lon="75.7599535"/>
  <node id="8620542156" lat="26.8754591" lon="75.7595770"/>
  <node id="8620542157" lat="26.8754472" lon="75.7595207"/>
  <node id="8620542158" lat="26.8754496" lon="75.7594885"/>
  <node id="8620542159" lat="26.8754747" lon="75.7594670"/>
  <node id="8620542160" lat="26.8763444" lon="75.7596990"/>
  <node id="8620542161" lat="26.8763850" lon="75.7596534"/>
  <node id="8620542162" lat="26.8764138" lon="75.7595891"/>
  <node id="8620542163" lat="26.8764114" lon="75.7595032"/>
  <node id="8620542164" lat="26.8763348" lon="75.7592136"/>
  <node id="8620542165" lat="26.8762174" lon="75.7586696"/>
  <node id="8620542166" lat="26.8733818" lon="75.7591035"/>
  <node id="8620542167" lat="26.8739391" lon="75.7589022"/>
  <node id="8620542168" lat="26.8685254" lon="75.7576941"/>
  <node id="8620542169" lat="26.8689154" lon="75.7574849"/>
  <node id="8620542170" lat="26.8689489" lon="75.7574540"/>
  <node id="8620542171" lat="26.8689765" lon="75.7574084"/>
  <node id="8620542172" lat="26.8689956" lon="75.7573669"/>
  <node id="8620542173" lat="26.8690195" lon="75.7573333"/>
  <node id="8620542174" lat="26.8692608" lon="75.7571946"/>
  <node id="8620542175" lat="26.8691966" lon="75.7570320"/>
  <node id="8620542176" lat="26.8700436" lon="75.7566124"/>
  <node id="8620576931" lat="26.8754321" lon="75.7568664"/>
  <node id="8620576932" lat="26.8753932" lon="75.7568664"/>
  <node id="8620576933" lat="26.8753738" lon="75.7568522"/>
  <node id="8620576934" lat="26.8760251" lon="75.7571734"/>
  <node id="8620576935" lat="26.8757285" lon="75.7572740"/>
  <node id="8620576936" lat="26.8753392" lon="75.7567976"/>
  <node id="8620576937" lat="26.8750951" lon="75.7561844"/>
  <node id="8620576938" lat="26.8748727" lon="75.7567709"/>
  <node id="8620576939" lat="26.8752486" lon="75.7565696"/>
  <node id="8620576940" lat="26.8749678" lon="75.7569999"/>
  <node id="8620576941" lat="26.8747000" lon="75.7563553"/>
  <node id="8620576942" lat="26.8747725" lon="75.7571000"/>
  <node id="8620576943" lat="26.8745069" lon="75.7564619"/>
  <node id="8620576944" lat="26.8738986" lon="75.7547444"/>
  <node id="8620576945" lat="26.8745505" lon="75.7553154"/>
  <node id="8620576946" lat="26.8742521" lon="75.7545760"/>
  <node id="8620576947" lat="26.8741899" lon="75.7544205"/>
  <node id="8620613306" lat="26.8827022" lon="75.7594644"/>
  <node id="8620613307" lat="26.8817273" lon="75.7599512"/>
  <node id="8620613308" lat="26.8818733" lon="75.7598425"/>
  <node id="8620613309" lat="26.8820718" lon="75.7597071"/>
  <node id="8620613310" lat="26.8823075" lon="75.7595783"/>
  <node id="8620613311" lat="26.8815747" lon="75.7589081"/>
  <node id="8620613312" lat="26.8816407" lon="75.7588531"/>
  <node id="8620613313" lat="26.8811247" lon="75.7590959"/>
  <node id="8620613314" lat="26.8810455" lon="75.7591143"/>
  <node id="8620613315" lat="26.8827193" lon="75.7570594"/>
  <node id="8620613316" lat="26.8825957" lon="75.7566670"/>
  <node id="8620643017" lat="26.8821270" lon="75.7582592"/>
  <node id="8620643018" lat="26.8821423" lon="75.7583229"/>
  <node id="8620643021" lat="26.8826877" lon="75.7580825"/>
  <node id="8620643022" lat="26.8827110" lon="75.7580309"/>
  <node id="8620643023" lat="26.8827991" lon="75.7573736"/>
  <node id="8620832637" lat="26.8669129" lon="75.7564558"/>
  <node id="8620883907" lat="26.8607594" lon="75.7636041"/>
  <node id="8620883912" lat="26.8562045" lon="75.7586200"/>
  <node id="8620883914" lat="26.8608133" lon="75.7636659"/>
  <node id="8620884423" lat="26.8668971" lon="75.7703087"/>
  <node id="8620884424" lat="26.8668213" lon="75.7702603"/>
  <node id="8621480721" lat="26.8836219" lon="75.7518972"/>
  <node id="8621480722" lat="26.8830541" lon="75.7518952"/>
  <node id="8621480725" lat="26.8660811" lon="75.7614959"/>
  <node id="8621480727" lat="26.8718306" lon="75.7584847"/>
  <node id="8621480728" lat="26.8716167" lon="75.7579824"/>
  <node id="8621480729" lat="26.8701586" lon="75.7594338"/>
  <node id="8621480730" lat="26.8705196" lon="75.7592822"/>
  <node id="8621480731" lat="26.8723547" lon="75.7564478"/>
  <node id="8621480732" lat="26.8720271" lon="75.7556286"/>
  <node id="8621480733" lat="26.8742012" lon="75.7571128"/>
  <node id="8621480737" lat="26.8738603" lon="75.7565170"/>
  <node id="8621480738" lat="26.8736564" lon="75.7576408"/>
  <node id="8621480739" lat="26.8734043" lon="75.7570308"/>
  <node id="8621480740" lat="26.8736800" lon="75.7571788"/>
  <node id="8621480741" lat="26.8735759" lon="75.7569377"/>
  <node id="8621480742" lat="26.8704245" lon="75.7515453"/>
  <node id="8621480743" lat="26.8709515" lon="75.7512811"/>
  <node id="8621480744" lat="26.8681468" lon="75.7527508"/>
  <node id="8621480745" lat="26.8679566" lon="75.7523847"/>
  <node id="8621480746" lat="26.8681049" lon="75.7527354"/>
  <node id="8621480747" lat="26.8681253" lon="75.7527488"/>
  <node id="8621480748" lat="26.8647552" lon="75.7567666"/>
  <node id="8621480749" lat="26.8644832" lon="75.7561226"/>
  <node id="8621480750" lat="26.8644484" lon="75.7569192"/>
  <node id="8621480751" lat="26.8641685" lon="75.7562699"/>
  <node id="8621480752" lat="26.8668578" lon="75.7563584"/>
  <node id="8621480753" lat="26.8668649" lon="75.7563262"/>
  <node id="8621480754" lat="26.8668865" lon="75.7562993"/>
  <node id="8621480755" lat="26.8671990" lon="75.7561425"/>
  <node id="8621480769" lat="26.8642612" lon="75.7582921"/>
  <node id="8621480770" lat="26.8643454" lon="75.7584943"/>
  <node id="8621480771" lat="26.8639801" lon="75.7575510"/>
  <node id="8621480772" lat="26.8641405" lon="75.7585890"/>
  <node id="8621480773" lat="26.8637604" lon="75.7576511"/>
  <node id="8621480774" lat="26.8640919" lon="75.7575000"/>
  <node id="8621480775" lat="26.8635557" lon="75.7574750"/>
  <node id="8621480776" lat="26.8639917" lon="75.7572625"/>
  <node id="8621480777" lat="26.8635033" lon="75.7560810"/>
  <node id="8621480778" lat="26.8636456" lon="75.7577055"/>
  <node id="8621480779" lat="26.8654131" lon="75.7507002"/>
  <node id="8621480780" lat="26.8649237" lon="75.7506840"/>
  <node id="8634219473" lat="26.8861487" lon="75.7328856"/>
  <node id="8634219476" lat="26.8849271" lon="75.7380044"/>
  <node id="8634219477" lat="26.8844169" lon="75.7383298"/>
  <node id="8634219478" lat="26.8844239" lon="75.7388155"/>
  <node id="8634324620" lat="26.8845584" lon="75.7454896"/>
  <node id="8634324621" lat="26.8835825" lon="75.7413218"/>
  <node id="8634324622" lat="26.8839256" lon="75.7427566"/>
  <node id="8634324623" lat="26.8833902" lon="75.7405794"/>
  <node id="8634324624" lat="26.8834198" lon="75.7407009"/>
  <node id="8634324625" lat="26.8835607" lon="75.7412272"/>
  <node id="8634324626" lat="26.8843284" lon="75.7444770"/>
  <node id="8634324627" lat="26.8846630" lon="75.7459476"/>
  <node id="8634324628" lat="26.8847965" lon="75.7464822"/>
  <node id="8634324629" lat="26.8848986" lon="75.7469248"/>
  <node id="8634324630" lat="26.8850387" lon="75.7475435"/>
  <node id="8634324631" lat="26.8851423" lon="75.7480078"/>
  <node id="8634324632" lat="26.8852457" lon="75.7484460"/>
  <node id="8634324633" lat="26.8853529" lon="75.7489196"/>
  <node id="8634324634" lat="26.8841364" lon="75.7397917"/>
  <node id="8634324635" lat="26.8883324" lon="75.7507142"/>
  <node id="8634324637" lat="26.8881191" lon="75.7501506"/>
  <node id="8634324639" lat="26.8876580" lon="75.7488724"/>
  <node id="8634324640" lat="26.8874286" lon="75.7482562"/>
  <node id="8634324642" lat="26.8871036" lon="75.7473622"/>
  <node id="8634324644" lat="26.8868894" lon="75.7467760"/>
  <node id="8634324647" lat="26.8867259" lon="75.7463112"/>
  <node id="8634324648" lat="26.8865835" lon="75.7459206"/>
  <node id="8634324649" lat="26.8864291" lon="75.7455154"/>
  <node id="8634324650" lat="26.8862284" lon="75.7450125"/>
  <node id="8634324651" lat="26.8857357" lon="75.7436607"/>
  <node id="8634324652" lat="26.8855501" lon="75.7431739"/>
  <node id="8634324653" lat="26.8849705" lon="75.7415906"/>
  <node id="8634324654" lat="26.8848065" lon="75.7411409"/>
  <node id="8634324655" lat="26.8846633" lon="75.7407550"/>
  <node id="8634324656" lat="26.8844217" lon="75.7400846"/>
  <node id="8634324657" lat="26.8843728" lon="75.7399582"/>
  <node id="8634324658" lat="26.8842899" lon="75.7398001"/>
  <node id="8634324660" lat="26.8859800" lon="75.7516518"/>
  <node id="8634324661" lat="26.8859008" lon="75.7513023"/>
  <node id="8634324662" lat="26.8857844" lon="75.7507889"/>
  <node id="8634324663" lat="26.8854610" lon="75.7494000"/>
  <node id="8634324668" lat="26.8865525" lon="75.7486261"/>
  <node id="8634324669" lat="26.8863732" lon="75.7487516"/>
  <node id="8634324670" lat="26.8842413" lon="75.7486246"/>
  <node id="8634324671" lat="26.8844704" lon="75.7490118"/>
  <node id="8634324672" lat="26.8843646" lon="75.7378407"/>
  <node id="8634324673" lat="26.8847253" lon="75.7376053"/>
  <node id="8634324676" lat="26.8831870" lon="75.7331256"/>
  <node id="8634324681" lat="26.8843064" lon="75.7355437"/>
  <node id="8634324682" lat="26.8841995" lon="75.7387737"/>
  <node id="8634324685" lat="26.8855919" lon="75.7332617"/>
  <node id="8634348216" lat="26.8876063" lon="75.7378463"/>
  <node id="8634407617" lat="26.8876576" lon="75.7379274"/>
  <node id="8634407647" lat="26.8849403" lon="75.7471056"/>
  <node id="8634799691" lat="26.8845328" lon="75.7521268"/>
  <node id="8634799692" lat="26.8839591" lon="75.7506262"/>
  <node id="8634799693" lat="26.8863035" lon="75.7530793"/>
  <node id="8634799694" lat="26.8864625" lon="75.7537808"/>
  <node id="8634799695" lat="26.8865321" lon="75.7540745"/>
  <node id="8634799707" lat="26.8846377" lon="75.7567413"/>
  <node id="8634799708" lat="26.8844654" lon="75.7566695"/>
  <node id="8634799709" lat="26.8852350" lon="75.7572758"/>
  <node id="8634799711" lat="26.8836171" lon="75.7562256"/>
  <node id="8634799715" lat="26.8835140" lon="75.7536853"/>
  <node id="8634799716" lat="26.8835559" lon="75.7536071"/>
  <node id="8634951490" lat="26.8841800" lon="75.7593204"/>
  <node id="8635040569" lat="26.8617869" lon="75.7366542"/>
  <node id="8635040570" lat="26.8617666" lon="75.7366354"/>
  <node id="8635040571" lat="26.8617367" lon="75.7365046"/>
  <node id="8635040572" lat="26.8617247" lon="75.7364825"/>
  <node id="8635156130" lat="26.8595889" lon="75.7443856"/>
  <node id="8635156131" lat="26.8595236" lon="75.7470801"/>
  <node id="8635211646" lat="26.8619155" lon="75.7440111"/>
  <node id="8635211647" lat="26.8633652" lon="75.7441412"/>
  <node id="8635211649" lat="26.8556396" lon="75.7464908"/>
  <node id="8635211673" lat="26.8528242" lon="75.7420486"/>
  <node id="8635211675" lat="26.8532192" lon="75.7425076"/>
  <node id="8635211690" lat="26.8555797" lon="75.7462830"/>
  <node id="8635214127" lat="26.8602265" lon="75.7486025"/>
  <node id="8635214128" lat="26.8594593" lon="75.7485238"/>
  <node id="8635214129" lat="26.8602492" lon="75.7479656"/>
  <node id="8635214130" lat="26.8594973" lon="75.7479266"/>
  <node id="8635214131" lat="26.8602609" lon="75.7488656"/>
  <node id="8635214133" lat="26.8623163" lon="75.7459500"/>
  <node id="8635214134" lat="26.8617655" lon="75.7455909"/>
  <node id="8635214135" lat="26.8609519" lon="75.7443862"/>
  <node id="8635214136" lat="26.8596348" lon="75.7441173"/>
  <node id="8635214137" lat="26.8608765" lon="75.7448384"/>
  <node id="8635214138" lat="26.8595637" lon="75.7445741"/>
  <node id="8635214139" lat="26.8595002" lon="75.7450849"/>
  <node id="8635245490" lat="26.8595895" lon="75.7403802"/>
  <node id="8635245491" lat="26.8602937" lon="75.7405590"/>
  <node id="8635303974" lat="26.8622507" lon="75.7403129"/>
  <node id="8635303975" lat="26.8632555" lon="75.7405199"/>
  <node id="8635303976" lat="26.8632998" lon="75.7405105"/>
  <node id="8635303977" lat="26.8633177" lon="75.7404743"/>
  <node id="8635303978" lat="26.8634075" lon="75.7397083"/>
  <node id="8635303979" lat="26.8633692" lon="75.7401270"/>
  <node id="8635303980" lat="26.8630485" lon="75.7400840"/>
  <node id="8635303981" lat="26.8622916" lon="75.7399348"/>
  <node id="8635303982" lat="26.8614094" lon="75.7406370"/>
  <node id="8635303983" lat="26.8611271" lon="75.7405722"/>
  <node id="8635303984" lat="26.8608974" lon="75.7405588"/>
  <node id="8635303985" lat="26.8603507" lon="75.7405561"/>
  <node id="8635303986" lat="26.8614879" lon="75.7402261"/>
  <node id="8635303987" lat="26.8609189" lon="75.7401377"/>
  <node id="8635303988" lat="26.8613561" lon="75.7410322"/>
  <node id="8635303989" lat="26.8614476" lon="75.7404623"/>
  <node id="8635303990" lat="26.8616102" lon="75.7397878"/>
  <node id="8635303991" lat="26.8621715" lon="75.7398929"/>
  <node id="8635303992" lat="26.8610027" lon="75.7396898"/>
  <node id="8635303993" lat="26.8608878" lon="75.7397273"/>
  <node id="8635303994" lat="26.8618196" lon="75.7393792"/>
  <node id="8635303995" lat="26.8619019" lon="75.7387591"/>
  <node id="8635303996" lat="26.8614600" lon="75.7393101"/>
  <node id="8635303997" lat="26.8615267" lon="75.7387966"/>
  <node id="8635303998" lat="26.8615362" lon="75.7386906"/>
  <node id="8635303999" lat="26.8616045" lon="75.7387067"/>
  <node id="8635304000" lat="26.8627793" lon="75.7368359"/>
  <node id="8635304001" lat="26.8620587" lon="75.7411096"/>
  <node id="8635304002" lat="26.8621509" lon="75.7412758"/>
  <node id="8635304003" lat="26.8621633" lon="75.7411203"/>
  <node id="8635304004" lat="26.8623418" lon="75.7394703"/>
  <node id="8635304005" lat="26.8625604" lon="75.7376754"/>
  <node id="8635304006" lat="26.8627135" lon="75.7369834"/>
  <node id="8635304007" lat="26.8628798" lon="75.7366830"/>
  <node id="8635304008" lat="26.8629720" lon="75.7366320"/>
  <node id="8635304009" lat="26.8630557" lon="75.7365999"/>
  <node id="8635304010" lat="26.8629121" lon="75.7364912"/>
  <node id="8635304014" lat="26.8638950" lon="75.7360470"/>
  <node id="8635304015" lat="26.8595643" lon="75.7408575"/>
  <node id="8635304016" lat="26.8635449" lon="75.7412647"/>
  <node id="8635304018" lat="26.8620685" lon="75.7410128"/>
  <node id="8635304019" lat="26.8602657" lon="75.7409263"/>
  <node id="8635304020" lat="26.8602831" lon="75.7388019"/>
  <node id="8635304021" lat="26.8596890" lon="75.7387188"/>
  <node id="8635304022" lat="26.8594162" lon="75.7386947"/>
  <node id="8635304023" lat="26.8591985" lon="75.7386598"/>
  <node id="8635304024" lat="26.8586257" lon="75.7384825"/>
  <node id="8635304025" lat="26.8595646" lon="75.7407653"/>
  <node id="8635351528" lat="26.8602884" lon="75.7406291"/>
  <node id="8635351529" lat="26.8595784" lon="75.7405522"/>
  <node id="8635351530" lat="26.8596267" lon="75.7397376"/>
  <node id="8635351531" lat="26.8603382" lon="75.7397916"/>
  <node id="8635351532" lat="26.8596013" lon="75.7401972"/>
  <node id="8635351533" lat="26.8603164" lon="75.7402618"/>
  <node id="8635351534" lat="26.8596289" lon="75.7396553"/>
  <node id="8635351535" lat="26.8596078" lon="75.7400965"/>
  <node id="8637015688" lat="26.8610691" lon="75.7510878"/>
  <node id="8637015689" lat="26.8611014" lon="75.7510429"/>
  <node id="8637015690" lat="26.8614119" lon="75.7512404"/>
  <node id="8637015691" lat="26.8613984" lon="75.7512253"/>
  <node id="8637015692" lat="26.8613912" lon="75.7512005"/>
  <node id="8637015693" lat="26.8614020" lon="75.7506124"/>
  <node id="8637015694" lat="26.8613957" lon="75.7506003"/>
  <node id="8637015695" lat="26.8611813" lon="75.7505896"/>
  <node id="8637015696" lat="26.8611929" lon="75.7505866"/>
  <node id="8637186664" lat="26.8614290" lon="75.7602106"/>
  <node id="8637186665" lat="26.8612608" lon="75.7594481"/>
  <node id="8637186666" lat="26.8617032" lon="75.7598814"/>
  <node id="8637186667" lat="26.8619716" lon="75.7599685"/>
  <node id="8637186668" lat="26.8618174" lon="75.7599103"/>
  <node id="8637186669" lat="26.8615626" lon="75.7598680"/>
  <node id="8637186670" lat="26.8614394" lon="75.7598425"/>
  <node id="8637186671" lat="26.8600314" lon="75.7586782"/>
  <node id="8637197277" lat="26.8491542" lon="75.7632977"/>
  <node id="8637331789" lat="26.8743866" lon="75.7409653"/>
  <node id="8637331790" lat="26.8744423" lon="75.7404904"/>
  <node id="8637331791" lat="26.8744112" lon="75.7404757"/>
  <node id="8637331792" lat="26.8749931" lon="75.7404241"/>
  <node id="8637331793" lat="26.8744788" lon="75.7404897"/>
  <node id="8637331794" lat="26.8740206" lon="75.7410124"/>
  <node id="8637331795" lat="26.8750783" lon="75.7409111"/>
  <node id="8637331796" lat="26.8757415" lon="75.7383265"/>
  <node id="8637331797" lat="26.8757313" lon="75.7382742"/>
  <node id="8637331798" lat="26.8824273" lon="75.7367379"/>
  <node id="8637331801" lat="26.8788499" lon="75.7378343"/>
  <node id="8637461265" lat="26.8512743" lon="75.7736878"/>
  <node id="8637461266" lat="26.8512976" lon="75.7735671"/>
  <node id="8637504161" lat="26.8583243" lon="75.7732976"/>
  <node id="8637504165" lat="26.8578711" lon="75.7731258"/>
  <node id="8637592480" lat="26.8727024" lon="75.7387333"/>
  <node id="8637592481" lat="26.8752414" lon="75.7378726"/>
  <node id="8637592482" lat="26.8752354" lon="75.7378149"/>
  <node id="8637592483" lat="26.8752055" lon="75.7377827"/>
  <node id="8637592484" lat="26.8751625" lon="75.7377747"/>
  <node id="8637592485" lat="26.8735931" lon="75.7377290"/>
  <node id="8637592486" lat="26.8670186" lon="75.7450822"/>
  <node id="8637592487" lat="26.8669475" lon="75.7451494"/>
  <node id="8637592488" lat="26.8669104" lon="75.7451762"/>
  <node id="8637592489" lat="26.8684800" lon="75.7482353"/>
  <node id="8637592490" lat="26.8676267" lon="75.7480787"/>
  <node id="8637632279" lat="26.8683585" lon="75.7404371"/>
  <node id="8637632280" lat="26.8672077" lon="75.7384580"/>
  <node id="8637632281" lat="26.8673124" lon="75.7383386"/>
  <node id="8637632282" lat="26.8670432" lon="75.7385217"/>
  <node id="8637632283" lat="26.8660945" lon="75.7381287"/>
  <node id="8637632284" lat="26.8661124" lon="75.7380912"/>
  <node id="8637632285" lat="26.8705230" lon="75.7392927"/>
  <node id="8637632286" lat="26.8711923" lon="75.7391918"/>
  <node id="8637632287" lat="26.8696775" lon="75.7353982"/>
  <node id="8637632288" lat="26.8696252" lon="75.7352738"/>
  <node id="8637632289" lat="26.8696021" lon="75.7352531"/>
  <node id="8637632290" lat="26.8708171" lon="75.7355323"/>
  <node id="8637632291" lat="26.8708750" lon="75.7347196"/>
  <node id="8637632292" lat="26.8708678" lon="75.7346177"/>
  <node id="8637632293" lat="26.8708056" lon="75.7345855"/>
  <node id="8637632294" lat="26.8698750" lon="75.7345096"/>
  <node id="8637632296" lat="26.8698112" lon="75.7340728"/>
  <node id="8637632297" lat="26.8684700" lon="75.7334279"/>
  <node id="8637632303" lat="26.8714613" lon="75.7327582"/>
  <node id="8637632307" lat="26.8683843" lon="75.7351220"/>
  <node id="8637632315" lat="26.8713605" lon="75.7377722"/>
  <node id="8637642717" lat="26.8725797" lon="75.7364443"/>
  <node id="8637642718" lat="26.8726518" lon="75.7360059"/>
  <node id="8637642719" lat="26.8731832" lon="75.7365548"/>
  <node id="8637642721" lat="26.8732016" lon="75.7348806"/>
  <node id="8637642732" lat="26.8762511" lon="75.7301407"/>
  <node id="8637651261" lat="26.8645999" lon="75.7420213"/>
  <node id="8637651262" lat="26.8667001" lon="75.7460038"/>
  <node id="8637651263" lat="26.8662476" lon="75.7459822"/>
  <node id="8637651264" lat="26.8667094" lon="75.7456873"/>
  <node id="8637651265" lat="26.8662715" lon="75.7456443"/>
  <node id="8637651266" lat="26.8634994" lon="75.7455916"/>
  <node id="8637651267" lat="26.8702354" lon="75.7479567"/>
  <node id="8637651268" lat="26.8701490" lon="75.7477868"/>
  <node id="8637651269" lat="26.8700514" lon="75.7476136"/>
  <node id="8637651270" lat="26.8700475" lon="75.7472944"/>
  <node id="8637651271" lat="26.8693985" lon="75.7472578"/>
  <node id="8637651272" lat="26.8703104" lon="75.7473341"/>
  <node id="8637651273" lat="26.8703584" lon="75.7473030"/>
  <node id="8637651276" lat="26.8694079" lon="75.7471544"/>
  <node id="8637651277" lat="26.8687408" lon="75.7471195"/>
  <node id="8637651278" lat="26.8687300" lon="75.7470793"/>
  <node id="8637651279" lat="26.8686841" lon="75.7475013"/>
  <node id="8637651280" lat="26.8656692" lon="75.7434787"/>
  <node id="8637651281" lat="26.8656832" lon="75.7434697"/>
  <node id="8637651282" lat="26.8653365" lon="75.7434553"/>
  <node id="8637651283" lat="26.8657117" lon="75.7432947"/>
  <node id="8637651284" lat="26.8656943" lon="75.7434536"/>
  <node id="8637651285" lat="26.8653743" lon="75.7434583"/>
  <node id="8637651286" lat="26.8653870" lon="75.7429593"/>
  <node id="8637651287" lat="26.8655250" lon="75.7429782"/>
  <node id="8637651288" lat="26.8656064" lon="75.7430211"/>
  <node id="8637651289" lat="26.8646470" lon="75.7412776"/>
  <node id="8637651290" lat="26.8645943" lon="75.7407883"/>
  <node id="8637651291" lat="26.8669666" lon="75.7388705"/>
  <node id="8637651292" lat="26.8662979" lon="75.7387590"/>
  <node id="8637651293" lat="26.8670013" lon="75.7382736"/>
  <node id="8637651294" lat="26.8669750" lon="75.7382494"/>
  <node id="8637651295" lat="26.8666703" lon="75.7381645"/>
  <node id="8637651296" lat="26.8668697" lon="75.7367501"/>
  <node id="8637651297" lat="26.8692555" lon="75.7376936"/>
  <node id="8637651298" lat="26.8699294" lon="75.7377290"/>
  <node id="8637651299" lat="26.8699251" lon="75.7385935"/>
  <node id="8637651300" lat="26.8699564" lon="75.7374308"/>
  <node id="8637651301" lat="26.8699353" lon="75.7373903"/>
  <node id="8637651302" lat="26.8698784" lon="75.7373712"/>
  <node id="8637651303" lat="26.8691822" lon="75.7372911"/>
  <node id="8637651304" lat="26.8689235" lon="75.7393829"/>
  <node id="8637651305" lat="26.8682947" lon="75.7393238"/>
  <node id="8637651306" lat="26.8682480" lon="75.7400827"/>
  <node id="8637651307" lat="26.8677143" lon="75.7400552"/>
  <node id="8637651308" lat="26.8661531" lon="75.7415616"/>
  <node id="8637651309" lat="26.8669798" lon="75.7416585"/>
  <node id="8637651310" lat="26.8670420" lon="75.7407070"/>
  <node id="8637651311" lat="26.8669594" lon="75.7415432"/>
  <node id="8637651312" lat="26.8669864" lon="75.7410590"/>
  <node id="8637651313" lat="26.8670061" lon="75.7407519"/>
  <node id="8637651314" lat="26.8670695" lon="75.7407036"/>
  <node id="8637651315" lat="26.8654545" lon="75.7422314"/>
  <node id="8637651316" lat="26.8654738" lon="75.7418639"/>
  <node id="8637664117" lat="26.8657475" lon="75.7418811"/>
  <node id="8637664118" lat="26.8660672" lon="75.7434784"/>
  <node id="8637664121" lat="26.8657871" lon="75.7438505"/>
  <node id="8637664122" lat="26.8659621" lon="75.7431228"/>
  <node id="8637664123" lat="26.8658778" lon="75.7433360"/>
  <node id="8637664125" lat="26.8666567" lon="75.7435965"/>
  <node id="8637664126" lat="26.8649280" lon="75.7501021"/>
  <node id="8637664127" lat="26.8648886" lon="75.7500699"/>
  <node id="8637664128" lat="26.8652880" lon="75.7499807"/>
  <node id="8637664130" lat="26.8678531" lon="75.7462075"/>
  <node id="8637664133" lat="26.8676279" lon="75.7461708"/>
  <node id="8637664137" lat="26.8693153" lon="75.7431926"/>
  <node id="8637664138" lat="26.8686022" lon="75.7429595"/>
  <node id="8637664140" lat="26.8679610" lon="75.7429161"/>
  <node id="8637664142" lat="26.8679336" lon="75.7428921"/>
  <node id="8637664143" lat="26.8679398" lon="75.7426084"/>
  <node id="8637664144" lat="26.8679556" lon="75.7425603"/>
  <node id="8637664145" lat="26.8680768" lon="75.7425557"/>
  <node id="8637664146" lat="26.8686809" lon="75.7426107"/>
  <node id="8637664148" lat="26.8646995" lon="75.7477335"/>
  <node id="8637664150" lat="26.8646944" lon="75.7472905"/>
  <node id="8637664151" lat="26.8646230" lon="75.7420069"/>
  <node id="8637664153" lat="26.8645799" lon="75.7401578"/>
  <node id="8637664154" lat="26.8646170" lon="75.7401484"/>
  <node id="8637664155" lat="26.8645745" lon="75.7398158"/>
  <node id="8637664156" lat="26.8645105" lon="75.7390098"/>
  <node id="8637664157" lat="26.8637799" lon="75.7382989"/>
  <node id="8637664163" lat="26.8637540" lon="75.7387740"/>
  <node id="8637664164" lat="26.8635602" lon="75.7461555"/>
  <node id="8637664165" lat="26.8636922" lon="75.7400296"/>
  <node id="8637664166" lat="26.8636576" lon="75.7407320"/>
  <node id="8637664167" lat="26.8635941" lon="75.7419514"/>
  <node id="8637664168" lat="26.8635341" lon="75.7428704"/>
  <node id="8637664170" lat="26.8634704" lon="75.7439196"/>
  <node id="8637664171" lat="26.8634833" lon="75.7453947"/>
  <node id="8637664172" lat="26.8636019" lon="75.7495376"/>
  <node id="8637664173" lat="26.8636398" lon="75.7491159"/>
  <node id="8637664174" lat="26.8636354" lon="75.7487930"/>
  <node id="8637664175" lat="26.8636038" lon="75.7482325"/>
  <node id="8637664176" lat="26.8635881" lon="75.7466788"/>
  <node id="8637775758" lat="26.8685408" lon="75.7500897"/>
  <node id="8637775759" lat="26.8689095" lon="75.7501162"/>
  <node id="8637775760" lat="26.8689238" lon="75.7501142"/>
  <node id="8637775761" lat="26.8752753" lon="75.7429575"/>
  <node id="8637775762" lat="26.8749220" lon="75.7430211"/>
  <node id="8637775767" lat="26.8745774" lon="75.7420863"/>
  <node id="8637775768" lat="26.8781585" lon="75.7468822"/>
  <node id="8637775769" lat="26.8781387" lon="75.7464194"/>
  <node id="8637775770" lat="26.8781312" lon="75.7459570"/>
  <node id="8637775771" lat="26.8807919" lon="75.7387403"/>
  <node id="8637775772" lat="26.8808242" lon="75.7386987"/>
  <node id="8637775773" lat="26.8808553" lon="75.7386799"/>
  <node id="8637775774" lat="26.8723823" lon="75.7365020"/>
  <node id="8637775775" lat="26.8724218" lon="75.7364295"/>
  <node id="8637775776" lat="26.8724553" lon="75.7364242"/>
  <node id="8637775777" lat="26.8717609" lon="75.7360686"/>
  <node id="8637775779" lat="26.8666281" lon="75.7445392"/>
  <node id="8637775780" lat="26.8670468" lon="75.7445526"/>
  <node id="8637775781" lat="26.8671162" lon="75.7445419"/>
  <node id="8637775782" lat="26.8671329" lon="75.7445151"/>
  <node id="8637775783" lat="26.8671279" lon="75.7441981"/>
  <node id="8637775784" lat="26.8675122" lon="75.7441048"/>
  <node id="8637775787" lat="26.8810996" lon="75.7376492"/>
  <node id="8637775788" lat="26.8809618" lon="75.7373938"/>
  <node id="8637775789" lat="26.8809402" lon="75.7372838"/>
  <node id="8637775790" lat="26.8809402" lon="75.7371792"/>
  <node id="8637775791" lat="26.8811146" lon="75.7361319"/>
  <node id="8637775792" lat="26.8817378" lon="75.7365138"/>
  <node id="8637775793" lat="26.8815084" lon="75.7358483"/>
  <node id="8637775794" lat="26.8826334" lon="75.7389468"/>
  <node id="8637775795" lat="26.8825838" lon="75.7388469"/>
  <node id="8637775796" lat="26.8825587" lon="75.7388174"/>
  <node id="8637775797" lat="26.8825204" lon="75.7388046"/>
  <node id="8637775798" lat="26.8809136" lon="75.7496692"/>
  <node id="8637775802" lat="26.8809372" lon="75.7489284"/>
  <node id="8637775804" lat="26.8820719" lon="75.7388676"/>
  <node id="8637775806" lat="26.8815974" lon="75.7388886"/>
  <node id="8637775812" lat="26.8736171" lon="75.7469168"/>
  <node id="8637775813" lat="26.8743097" lon="75.7465894"/>
  <node id="8637775814" lat="26.8738522" lon="75.7454584"/>
  <node id="8637775815" lat="26.8740763" lon="75.7453305"/>
  <node id="8637775816" lat="26.8743634" lon="75.7451937"/>
  <node id="8637794817" lat="26.8747964" lon="75.7451150"/>
  <node id="8637794818" lat="26.8742170" lon="75.7440132"/>
  <node id="8637794819" lat="26.8741624" lon="75.7436219"/>
  <node id="8637794820" lat="26.8741385" lon="75.7435964"/>
  <node id="8637794821" lat="26.8741074" lon="75.7435897"/>
  <node id="8637794824" lat="26.8740523" lon="75.7440430"/>
  <node id="8637794825" lat="26.8733565" lon="75.7442529"/>
  <node id="8637794826" lat="26.8785861" lon="75.7426595"/>
  <node id="8637794827" lat="26.8786426" lon="75.7420319"/>
  <node id="8637794829" lat="26.8779186" lon="75.7447350"/>
  <node id="8637794830" lat="26.8777758" lon="75.7436089"/>
  <node id="8637794831" lat="26.8774692" lon="75.7450510"/>
  <node id="8637794832" lat="26.8773441" lon="75.7436809"/>
  <node id="8637794833" lat="26.8770266" lon="75.7450735"/>
  <node id="8637794834" lat="26.8773012" lon="75.7408304"/>
  <node id="8637794837" lat="26.8766023" lon="75.7380386"/>
  <node id="8637794838" lat="26.8764673" lon="75.7380000"/>
  <node id="8637794839" lat="26.8752067" lon="75.7448202"/>
  <node id="8637794840" lat="26.8753246" lon="75.7447202"/>
  <node id="8637794842" lat="26.8751074" lon="75.7448557"/>
  <node id="8637794843" lat="26.8752504" lon="75.7448007"/>
  <node id="8637794844" lat="26.8753581" lon="75.7447035"/>
  <node id="8637794845" lat="26.8756996" lon="75.7446098"/>
  <node id="8637794846" lat="26.8756199" lon="75.7442451"/>
  <node id="8637794847" lat="26.8659102" lon="75.7377022"/>
  <node id="8637794848" lat="26.8638490" lon="75.7373880"/>
  <node id="8637794849" lat="26.8656883" lon="75.7438546"/>
  <node id="8637794850" lat="26.8662431" lon="75.7451109"/>
  <node id="8637794851" lat="26.8659443" lon="75.7402866"/>
  <node id="8637794852" lat="26.8660598" lon="75.7403724"/>
  <node id="8637794853" lat="26.8651015" lon="75.7403389"/>
  <node id="8642138395" lat="26.8855160" lon="75.7496357"/>
  <node id="8642138397" lat="26.8846748" lon="75.7424331"/>
  <node id="8642138398" lat="26.8851319" lon="75.7422238"/>
  <node id="8642294427" lat="26.8819446" lon="75.7353537"/>
  <node id="8642294428" lat="26.8817369" lon="75.7343348"/>
  <node id="8642294429" lat="26.8801922" lon="75.7361209"/>
  <node id="8642294430" lat="26.8826077" lon="75.7427368"/>
  <node id="8642294431" lat="26.8826221" lon="75.7425195"/>
  <node id="8642294432" lat="26.8826125" lon="75.7424605"/>
  <node id="8642294433" lat="26.8825886" lon="75.7424122"/>
  <node id="8642294434" lat="26.8824361" lon="75.7421625"/>
  <node id="8642294435" lat="26.8818911" lon="75.7497613"/>
  <node id="8642294436" lat="26.8799629" lon="75.7494088"/>
  <node id="8642294437" lat="26.8799462" lon="75.7494181"/>
  <node id="8642294438" lat="26.8799055" lon="75.7494342"/>
  <node id="8642294439" lat="26.8798840" lon="75.7494543"/>
  <node id="8642294440" lat="26.8798756" lon="75.7494879"/>
  <node id="8642294441" lat="26.8798756" lon="75.7496193"/>
  <node id="8642294442" lat="26.8798888" lon="75.7496501"/>
  <node id="8642294443" lat="26.8799151" lon="75.7496716"/>
  <node id="8642294444" lat="26.8799438" lon="75.7496810"/>
  <node id="8642294445" lat="26.8802441" lon="75.7496756"/>
  <node id="8642294446" lat="26.8723931" lon="75.7364604"/>
  <node id="8642294447" lat="26.8781100" lon="75.7355055"/>
  <node id="8642294448" lat="26.8785580" lon="75.7354861"/>
  <node id="8642294449" lat="26.8759299" lon="75.7364959"/>
  <node id="8642294450" lat="26.8764725" lon="75.7365186"/>
  <node id="8642294451" lat="26.8789910" lon="75.7417236"/>
  <node id="8642294452" lat="26.8790048" lon="75.7417396"/>
  <node id="8642294453" lat="26.8790115" lon="75.7416205"/>
  <node id="8642294454" lat="26.8790825" lon="75.7413554"/>
  <node id="8642294455" lat="26.8790945" lon="75.7413299"/>
  <node id="8642294456" lat="26.8791065" lon="75.7413232"/>
  <node id="8642294457" lat="26.8791244" lon="75.7413219"/>
  <node id="8642294458" lat="26.8792345" lon="75.7413474"/>
  <node id="8642294459" lat="26.8762008" lon="75.7416263"/>
  <node id="8642294460" lat="26.8759350" lon="75.7416792"/>
  <node id="8642294461" lat="26.8751054" lon="75.7418118"/>
  <node id="8642294466" lat="26.8760376" lon="75.7420699"/>
  <node id="8642294467" lat="26.8770089" lon="75.7426901"/>
  <node id="8642294468" lat="26.8774085" lon="75.7426508"/>
  <node id="8642294469" lat="26.8778218" lon="75.7404766"/>
  <node id="8642294470" lat="26.8785962" lon="75.7406405"/>
  <node id="8642294471" lat="26.8778490" lon="75.7429008"/>
  <node id="8642294472" lat="26.8777822" lon="75.7421961"/>
  <node id="8642294473" lat="26.8786131" lon="75.7424195"/>
  <node id="8642294474" lat="26.8795195" lon="75.7424967"/>
  <node id="8642294475" lat="26.8711905" lon="75.7417684"/>
  <node id="8642294476" lat="26.8712610" lon="75.7417551"/>
  <node id="8642294477" lat="26.8722149" lon="75.7415915"/>
  <node id="8642294478" lat="26.8726018" lon="75.7434167"/>
  <node id="8642294479" lat="26.8725594" lon="75.7432088"/>
  <node id="8642294480" lat="26.8725379" lon="75.7431579"/>
  <node id="8642294481" lat="26.8725091" lon="75.7431310"/>
  <node id="8642294482" lat="26.8724685" lon="75.7431176"/>
  <node id="8642294483" lat="26.8719270" lon="75.7431582"/>
  <node id="8642294484" lat="26.8738123" lon="75.7390904"/>
  <node id="8642294485" lat="26.8750673" lon="75.7417732"/>
  <node id="8642294486" lat="26.8738322" lon="75.7417712"/>
  <node id="8642294488" lat="26.8693314" lon="75.7381106"/>
  <node id="8642294489" lat="26.8699323" lon="75.7381338"/>
  <node id="8642294490" lat="26.8708248" lon="75.7435098"/>
  <node id="8642294491" lat="26.8707609" lon="75.7427710"/>
  <node id="8642294492" lat="26.8703986" lon="75.7435118"/>
  <node id="8642294493" lat="26.8712370" lon="75.7435079"/>
  <node id="8642294494" lat="26.8654485" lon="75.7448074"/>
  <node id="8642294495" lat="26.8654269" lon="75.7443675"/>
  <node id="8642294496" lat="26.8657751" lon="75.7446806"/>
  <node id="8642294497" lat="26.8662070" lon="75.7446295"/>
  <node id="8642294498" lat="26.8670199" lon="75.7407204"/>
  <node id="8642294499" lat="26.8669576" lon="75.7410865"/>
  <node id="8642294500" lat="26.8669768" lon="75.7410778"/>
  <node id="8642294501" lat="26.8668871" lon="75.7410899"/>
  <node id="8642294502" lat="26.8660434" lon="75.7406979"/>
  <node id="8642294503" lat="26.8664582" lon="75.7406902"/>
  <node id="8642294508" lat="26.8690507" lon="75.7414915"/>
  <node id="8642294509" lat="26.8691420" lon="75.7405316"/>
  <node id="8642294510" lat="26.8681450" lon="75.7421735"/>
  <node id="8642294511" lat="26.8687592" lon="75.7422639"/>
  <node id="8642294512" lat="26.8698629" lon="75.7410282"/>
  <node id="8642294513" lat="26.8704344" lon="75.7410984"/>
  <node id="8642294514" lat="26.8689275" lon="75.7389733"/>
  <node id="8642294515" lat="26.8693495" lon="75.7389879"/>
  <node id="8642294516" lat="26.8691950" lon="75.7381141"/>
  <node id="8642294517" lat="26.8674276" lon="75.7387423">
    <tag k="noexit" v="yes"/>
  </node>
  <node id="8642294518" lat="26.8667327" lon="75.7377216"/>
  <node id="8642294519" lat="26.8662117" lon="75.7376271"/>
  <node id="8642294520" lat="26.8661591" lon="75.7376057"/>
  <node id="8642294521" lat="26.8661304" lon="75.7375762"/>
  <node id="8642294522" lat="26.8661160" lon="75.7375225"/>
  <node id="8642294523" lat="26.8661352" lon="75.7372946"/>
  <node id="8642313865" lat="26.8603154" lon="75.7735229"/>
  <node id="8642418140" lat="26.8623842" lon="75.7422369"/>
  <node id="8642418141" lat="26.8624458" lon="75.7413125"/>
  <node id="8642418143" lat="26.8572728" lon="75.7492623"/>
  <node id="8642418144" lat="26.8613903" lon="75.7453090"/>
  <node id="8642418145" lat="26.8618008" lon="75.7453378"/>
  <node id="8642418146" lat="26.8614860" lon="75.7448450"/>
  <node id="8642418147" lat="26.8618376" lon="75.7448884"/>
  <node id="8642418149" lat="26.8618904" lon="75.7405373"/>
  <node id="8642418150" lat="26.8619804" lon="75.7398571"/>
  <node id="8642418153" lat="26.8605397" lon="75.7338903"/>
  <node id="8642418154" lat="26.8625101" lon="75.7379516"/>
  <node id="8642418155" lat="26.8628509" lon="75.7380271"/>
  <node id="8642418156" lat="26.8625730" lon="75.7376186"/>
  <node id="8642418157" lat="26.8630312" lon="75.7377179"/>
  <node id="8642418158" lat="26.8606700" lon="75.7361387"/>
  <node id="8642418159" lat="26.8604236" lon="75.7360929"/>
  <node id="8642418160" lat="26.8603949" lon="75.7360782"/>
  <node id="8642418161" lat="26.8603830" lon="75.7360567"/>
  <node id="8642418162" lat="26.8603794" lon="75.7360326"/>
  <node id="8642418163" lat="26.8605358" lon="75.7350508"/>
  <node id="8642418171" lat="26.8592616" lon="75.7377296"/>
  <node id="8643083615" lat="26.8621843" lon="75.7579837"/>
  <node id="8643083616" lat="26.8620312" lon="75.7575730"/>
  <node id="8643101517" lat="26.8615094" lon="75.7582238"/>
  <node id="8643101518" lat="26.8616376" lon="75.7585376"/>
  <node id="8643101519" lat="26.8614867" lon="75.7581654"/>
  <node id="8643101520" lat="26.8614467" lon="75.7586278"/>
  <node id="8643101521" lat="26.8618971" lon="75.7584091"/>
  <node id="8643101522" lat="26.8619880" lon="75.7586250"/>
  <node id="8643101523" lat="26.8617431" lon="75.7580422"/>
  <node id="8643101525" lat="26.8603921" lon="75.7601183"/>
  <node id="8643101526" lat="26.8599412" lon="75.7595292"/>
  <node id="8643101544" lat="26.8621454" lon="75.7506917"/>
  <node id="8643101545" lat="26.8608027" lon="75.7503347"/>
  <node id="8643101549" lat="26.8584282" lon="75.7504567"/>
  <node id="8643101566" lat="26.8494178" lon="75.7631719"/>
  <node id="8651146958" lat="26.8802524" lon="75.7425919"/>
  <node id="8651146959" lat="26.8802188" lon="75.7427094"/>
  <node id="8651146960" lat="26.8802967" lon="75.7424954"/>
  <node id="8651146971" lat="26.8796137" lon="75.7436165"/>
  <node id="8651146972" lat="26.8795945" lon="75.7438190"/>
  <node id="8651146973" lat="26.8794414" lon="75.7434418"/>
  <node id="8651146974" lat="26.8827752" lon="75.7408458"/>
  <node id="8655462845" lat="26.8765956" lon="75.7475414"/>
  <node id="8655462846" lat="26.8766889" lon="75.7475358"/>
  <node id="8655462855" lat="26.8793538" lon="75.7483307"/>
  <node id="8655462858" lat="26.8794476" lon="75.7482172"/>
  <node id="8655462860" lat="26.8791340" lon="75.7481709"/>
  <node id="8655462861" lat="26.8790167" lon="75.7484928"/>
  <node id="8655462862" lat="26.8791806" lon="75.7484941"/>
  <node id="8655462863" lat="26.8793461" lon="75.7491016"/>
  <node id="8655462864" lat="26.8795700" lon="75.7491036"/>
  <node id="8655462865" lat="26.8795652" lon="75.7486160"/>
  <node id="8655588609" lat="26.8788254" lon="75.7482500"/>
  <node id="8655588610" lat="26.8583723" lon="75.7563472"/>
  <node id="8655588613" lat="26.8461329" lon="75.7648807"/>
  <node id="8655588615" lat="26.8461061" lon="75.7647008"/>
  <node id="8660158353" lat="26.8790190" lon="75.7429725"/>
  <node id="8660158354" lat="26.8789696" lon="75.7436049"/>
  <node id="8660158355" lat="26.8795702" lon="75.7441055"/>
  <node id="8660158356" lat="26.8798316" lon="75.7441486"/>
  <node id="8660158357" lat="26.8799742" lon="75.7441437"/>
  <node id="8660158358" lat="26.8800825" lon="75.7441006"/>
  <node id="8660158359" lat="26.8802354" lon="75.7440294"/>
  <node id="8660158360" lat="26.8804072" lon="75.7439682"/>
  <node id="8660158361" lat="26.8807226" lon="75.7438698"/>
  <node id="8660158363" lat="26.8779779" lon="75.7371545"/>
  <node id="8660158366" lat="26.8779966" lon="75.7374427"/>
  <node id="8660158367" lat="26.8782560" lon="75.7374604"/>
  <node id="8660158368" lat="26.8785002" lon="75.7374537"/>
  <node id="8665470546" lat="26.8795432" lon="75.7434107"/>
  <node id="8665470547" lat="26.8632013" lon="75.7541746"/>
  <node id="8665470548" lat="26.8631345" lon="75.7539730"/>
  <node id="8665470549" lat="26.8884551" lon="75.7510822"/>
  <node id="8666776879" lat="26.8717088" lon="75.7501289"/>
  <node id="8666776880" lat="26.8737688" lon="75.7491083"/>
  <node id="8667928668" lat="26.8475514" lon="75.7640485"/>
  <node id="8667928670" lat="26.8468580" lon="75.7643571"/>
  <node id="8668430535" lat="26.8614086" lon="75.7736613"/>
  <node id="8668446725" lat="26.8601867" lon="75.7643312"/>
  <node id="8668446726" lat="26.8604134" lon="75.7735358"/>
  <node id="8668446727" lat="26.8509572" lon="75.7736251"/>
  <node id="8668446728" lat="26.8509644" lon="75.7735017"/>
  <node id="8669534617" lat="26.8658027" lon="75.7719110"/>
  <node id="9366613259" lat="26.8621233" lon="75.7737492"/>
  <node id="9739652636" lat="26.8785688" lon="75.7415776"/>
  <node id="9739652640" lat="26.8778796" lon="75.7444272"/>
  <node id="9739652641" lat="26.8772472" lon="75.7459951"/>
  <node id="9739652642" lat="26.8769027" lon="75.7439276"/>
  <node id="9739652643" lat="26.8766303" lon="75.7439722"/>
  <node id="9739652647" lat="26.8759277" lon="75.7416236"/>
  <node id="9739652650" lat="26.8769000" lon="75.7413454"/>
  <node id="9739652651" lat="26.8773358" lon="75.7412750"/>
  <node id="9739652652" lat="26.8757878" lon="75.7473636"/>
  <node id="9739652653" lat="26.8723701" lon="75.7492291"/>
  <node id="9739652654" lat="26.8724676" lon="75.7491870"/>
  <node id="9739652655" lat="26.8731754" lon="75.7488441"/>
  <node id="9739652656" lat="26.8734106" lon="75.7489698"/>
  <node id="9739652658" lat="26.8661675" lon="75.7363628"/>
  <node id="9739652659" lat="26.8650509" lon="75.7361904"/>
  <node id="9739652672" lat="26.8608919" lon="75.7423578"/>
  <node id="9739652673" lat="26.8617681" lon="75.7423908"/>
  <node id="9739652674" lat="26.8619305" lon="75.7424668"/>
  <node id="9739652681" lat="26.8554372" lon="75.7461383"/>
  <node id="9739664218" lat="26.8856969" lon="75.7459137"/>
  <node id="9739664219" lat="26.8854481" lon="75.7454567"/>
  <node id="9739664220" lat="26.8829005" lon="75.7486182"/>
  <node id="9739664222" lat="26.8799362" lon="75.7473528"/>
  <node id="9739664223" lat="26.8799547" lon="75.7481517"/>
  <node id="9739664224" lat="26.8816969" lon="75.7588434"/>
  <node id="9739664225" lat="26.8818118" lon="75.7588434"/>
  <node id="9739664226" lat="26.8819601" lon="75.7587844"/>
  <node id="9739664234" lat="26.8598798" lon="75.7581251"/>
  <node id="9739664239" lat="26.8600839" lon="75.7590024"/>
  <node id="9739664240" lat="26.8602279" lon="75.7598944"/>
  <node id="9739664243" lat="26.8604463" lon="75.7594035"/>
  <node id="9739664244" lat="26.8606816" lon="75.7591818"/>
  <node id="9768707790" lat="26.8597347" lon="75.7647748"/>
  <node id="9768800360" lat="26.8673673" lon="75.7665853"/>
  <node id="9772424317" lat="26.8630996" lon="75.7602320"/>
  <node id="9792463948" lat="26.8785674" lon="75.7587100"/>
  <node id="9792463949" lat="26.8783869" lon="75.7586134"/>
  <node id="9792463950" lat="26.8781860" lon="75.7586226"/>
  <node id="9792463951" lat="26.8778948" lon="75.7587514"/>
  <node id="9792463952" lat="26.8777267" lon="75.7588020"/>
  <node id="9792463953" lat="26.8776405" lon="75.7587974"/>
  <node id="9792463954" lat="26.8776036" lon="75.7586364"/>
  <node id="9792463955" lat="26.8777062" lon="75.7584571"/>
  <node id="9792463956" lat="26.8779727" lon="75.7583927"/>
  <node id="9792463957" lat="26.8784772" lon="75.7581675"/>
  <node id="9792463958" lat="26.8786699" lon="75.7581491"/>
  <node id="9792463959" lat="26.8788422" lon="75.7581950"/>
  <node id="9792463960" lat="26.8789734" lon="75.7581766"/>
  <node id="9792463961" lat="26.8790144" lon="75.7581077"/>
  <node id="9792463962" lat="26.8790709" lon="75.7576480"/>
  <node id="9792463963" lat="26.8785346" lon="75.7582502"/>
  <node id="9792463964" lat="26.8785141" lon="75.7583422"/>
  <node id="9792463965" lat="26.8785223" lon="75.7584663"/>
  <node id="9792463966" lat="26.8774918" lon="75.7586261"/>
  <node id="9792463967" lat="26.8773252" lon="75.7586499"/>
  <node id="9816227426" lat="26.8700702" lon="75.7604944">
    <tag k="access" v="private"/>
    <tag k="barrier" v="gate"/>
  </node>
  <node id="9816227427" lat="26.8696785" lon="75.7594139"/>
  <node id="9901112306" lat="26.8693070" lon="75.7447521"/>
  <node id="9909269315" lat="26.8636310" lon="75.7412714"/>
  <node id="9909269316" lat="26.8636290" lon="75.7414166"/>
  <node id="9909274618" lat="26.8640801" lon="75.7414542"/>
  <node id="10078652380" lat="26.8573561" lon="75.7662056"/>
  <node id="10100629356" lat="26.8635114" lon="75.7482348"/>
  <node id="10233024940" lat="26.8800201" lon="75.7374734"/>
  <node id="10233024941" lat="26.8799251" lon="75.7373538"/>
  <node id="10233024942" lat="26.8797399" lon="75.7371929"/>
  <node id="10233024943" lat="26.8752643" lon="75.7370891"/>
  <node id="10233024944" lat="26.8743749" lon="75.7371809"/>
  <node id="10233024945" lat="26.8730551" lon="75.7373805"/>
  <node id="10233024946" lat="26.8713510" lon="75.7372351"/>
  <node id="10233024947" lat="26.8722280" lon="75.7373084"/>
  <node id="10233024948" lat="26.8726265" lon="75.7373590"/>
  <node id="10233024949" lat="26.8735789" lon="75.7373084"/>
  <node id="10233024950" lat="26.8800609" lon="75.7370657"/>
  <node id="10310301733" lat="26.8647044" lon="75.7375182"/>
  <node id="10310301734" lat="26.8650763" lon="75.7381635"/>
  <node id="10310301735" lat="26.8646008" lon="75.7375030"/>
  <node id="10310301736" lat="26.8649674" lon="75.7381414"/>
  <node id="10310301737" lat="26.8648648" lon="75.7381205"/>
  <node id="10310301738" lat="26.8654843" lon="75.7382465"/>
  <node id="10561744617" lat="26.8842511" lon="75.7397109"/>
  <node id="10561744618" lat="26.8841658" lon="75.7397710"/>
  <node id="10564408499" lat="26.8622095" lon="75.7621668"/>
  <node id="10578470434" lat="26.8713021" lon="75.7436986"/>
  <node id="10578470435" lat="26.8719748" lon="75.7437738"/>
  <node id="10578470436" lat="26.8719752" lon="75.7437798"/>
  <node id="10578470437" lat="26.8718685" lon="75.7438137"/>
  <node id="10578470438" lat="26.8713005" lon="75.7441974"/>
  <node id="10578470439" lat="26.8712362" lon="75.7437374"/>
  <node id="10592150364" lat="26.8779724" lon="75.7373133"/>
  <node id="10592150365" lat="26.8785335" lon="75.7391185"/>
  <node id="10592150366" lat="26.8785191" lon="75.7388046"/>
  <node id="10592150367" lat="26.8780024" lon="75.7395557"/>
  <node id="10592150368" lat="26.8780167" lon="75.7392874"/>
  <node id="10592150369" lat="26.8780083" lon="75.7389133"/>
  <node id="10592150370" lat="26.8806272" lon="75.7434427"/>
  <node id="10592150371" lat="26.8806149" lon="75.7438928"/>
  <node id="10592150373" lat="26.8797051" lon="75.7441457"/>
  <node id="10617420718" lat="26.8801530" lon="75.7465999"/>
  <node id="10617420719" lat="26.8797475" lon="75.7466072"/>
  <node id="10637913923" lat="26.8799582" lon="75.7394123"/>
  <node id="10903079835" lat="26.8840289" lon="75.7522739"/>
  <node id="11070383650" lat="26.8626550" lon="75.7509372"/>
  <node id="11073095441" lat="26.8712690" lon="75.7422921"/>
  <node id="11073095442" lat="26.8723524" lon="75.7421011"/>
  <node id="11073133527" lat="26.8719549" lon="75.7441027"/>
  <node id="11073133528" lat="26.8712851" lon="75.7445001"/>
  <node id="11080836060" lat="26.8660558" lon="75.7363486"/>
  <node id="11080836066" lat="26.8625136" lon="75.7340769"/>
  <node id="11080836068" lat="26.8621877" lon="75.7352779"/>
  <node id="11080836069" lat="26.8630140" lon="75.7358521"/>
  <node id="11080836070" lat="26.8630622" lon="75.7358427"/>
  <node id="11080836071" lat="26.8630936" lon="75.7358121"/>
  <node id="11080836072" lat="26.8631522" lon="75.7356126"/>
  <node id="11098676862" lat="26.8615094" lon="75.7369075"/>
  <node id="11098811023" lat="26.8764766" lon="75.7371227"/>
  <node id="11098811024" lat="26.8769679" lon="75.7371263"/>
  <node id="11098811025" lat="26.8794843" lon="75.7371881"/>
  <node id="11098811026" lat="26.8794981" lon="75.7370533"/>
  <node id="11098811027" lat="26.8794616" lon="75.7370530"/>
  <node id="11104047342" lat="26.8818652" lon="75.7378895"/>
  <node id="11104099692" lat="26.8730697" lon="75.7377295"/>
  <node id="11104106400" lat="26.8605194" lon="75.7530695"/>
  <node id="11104113075" lat="26.8716933" lon="75.7364671"/>
  <node id="11104131980" lat="26.8714342" lon="75.7332119"/>
  <node id="11104142095" lat="26.8696465" lon="75.7453156"/>
  <node id="11104142096" lat="26.8702922" lon="75.7453646"/>
  <node id="11104142097" lat="26.8704723" lon="75.7453743"/>
  <node id="11104142148" lat="26.8778750" lon="75.7385297"/>
  <node id="11104142149" lat="26.8778758" lon="75.7384365"/>
  <node id="11104142150" lat="26.8778795" lon="75.7383146"/>
  <node id="11104145924" lat="26.8704750" lon="75.7455328"/>
  <node id="11104148130" lat="26.8675204" lon="75.7415914"/>
  <node id="11104148131" lat="26.8682692" lon="75.7416192"/>
  <node id="11104153718" lat="26.8710394" lon="75.7473253"/>
  <node id="11104156232" lat="26.8609935" lon="75.7481669"/>
  <node id="11104156233" lat="26.8605845" lon="75.7481140"/>
  <node id="11104156235" lat="26.8609523" lon="75.7481614">
    <tag k="access" v="private"/>
    <tag k="barrier" v="gate"/>
  </node>
  <node id="11104160968" lat="26.8619462" lon="75.7536042"/>
  <node id="11104160969" lat="26.8624342" lon="75.7534338"/>
  <node id="11104160970" lat="26.8620744" lon="75.7535418"/>
  <node id="11104189687" lat="26.8603964" lon="75.7486191"/>
  <node id="11104216316" lat="26.8608837" lon="75.7502694"/>
  <node id="11104216317" lat="26.8621635" lon="75.7502332"/>
  <node id="11104216318" lat="26.8618014" lon="75.7502339"/>
  <node id="11104607930" lat="26.8713283" lon="75.7370808"/>
  <node id="11104607931" lat="26.8719995" lon="75.7372012"/>
  <node id="11104607932" lat="26.8720279" lon="75.7372865"/>
  <node id="11107015566" lat="26.8654633" lon="75.7482056"/>
  <node id="11107015567" lat="26.8654345" lon="75.7472186"/>
  <node id="11107015568" lat="26.8654452" lon="75.7494523"/>
  <node id="11107067156" lat="26.8671595" lon="75.7423696"/>
  <node id="11107067157" lat="26.8686368" lon="75.7416625"/>
  <node id="11107067158" lat="26.8686833" lon="75.7417935"/>
  <node id="11107067159" lat="26.8696286" lon="75.7405231"/>
  <node id="11107067160" lat="26.8696212" lon="75.7406536"/>
  <node id="11107067161" lat="26.8695829" lon="75.7408225"/>
  <node id="11107067162" lat="26.8694657" lon="75.7410747"/>
  <node id="11107067163" lat="26.8692599" lon="75.7413429"/>
  <node id="11107067164" lat="26.8690183" lon="75.7415145"/>
  <node id="11107067165" lat="26.8671145" lon="75.7422138"/>
  <node id="11107067166" lat="26.8697313" lon="75.7408145"/>
  <node id="11107067167" lat="26.8696045" lon="75.7410586"/>
  <node id="11107067168" lat="26.8692169" lon="75.7415253"/>
  <node id="11107067169" lat="26.8688939" lon="75.7417130"/>
  <node id="11107067170" lat="26.8696338" lon="75.7405635"/>
  <node id="11107067171" lat="26.8697413" lon="75.7402667"/>
  <node id="11155360372" lat="26.8698090" lon="75.7520914"/>
  <node id="11158884462" lat="26.8839563" lon="75.7386757"/>
  <node id="11160349735" lat="26.8726396" lon="75.7501144"/>
  <node id="11160349736" lat="26.8725751" lon="75.7502612"/>
  <node id="11160361435" lat="26.8685416" lon="75.7505986"/>
  <node id="11160361436" lat="26.8686519" lon="75.7512733"/>
  <node id="11160480832" lat="26.8677764" lon="75.7469660"/>
  <node id="11160489515" lat="26.8671857" lon="75.7464015"/>
  <node id="11160489516" lat="26.8670994" lon="75.7450781"/>
  <node id="11160489517" lat="26.8671002" lon="75.7451912">
    <tag k="access" v="private"/>
    <tag k="barrier" v="gate"/>
  </node>
  <node id="11160489518" lat="26.8671081" lon="75.7463240">
    <tag k="access" v="private"/>
    <tag k="barrier" v="gate"/>
  </node>
  <node id="11160502015" lat="26.8688009" lon="75.7442611"/>
  <node id="11160502016" lat="26.8689788" lon="75.7447665"/>
  <node id="11166505824" lat="26.8633858" lon="75.7453908"/>
  <node id="11199512523" lat="26.8560728" lon="75.7587657"/>
  <node id="11199708482" lat="26.8539417" lon="75.7433124"/>
  <node id="11204111420" lat="26.8675854" lon="75.7418517"/>
  <node id="11204111421" lat="26.8676521" lon="75.7418961"/>
  <node id="11204111422" lat="26.8677161" lon="75.7419255"/>
  <node id="11204111423" lat="26.8677877" lon="75.7419700"/>
  <node id="11204902695" lat="26.8658577" lon="75.7438475"/>
  <node id="11204902696" lat="26.8666543" lon="75.7436261"/>
  <node id="11204938907" lat="26.8652356" lon="75.7506958"/>
  <node id="11206853325" lat="26.8678313" lon="75.7388299"/>
  <node id="11209354648" lat="26.8611377" lon="75.7386184"/>
  <node id="11209387131" lat="26.8823540" lon="75.7355344"/>
  <node id="11209387132" lat="26.8824018" lon="75.7360676"/>
  <node id="11209387133" lat="26.8821642" lon="75.7361260"/>
  <node id="11209415522" lat="26.8844251" lon="75.7425485"/>
  <node id="11209422536" lat="26.8833463" lon="75.7368834"/>
  <node id="11209439233" lat="26.8820809" lon="75.7378417"/>
  <node id="11209439234" lat="26.8821974" lon="75.7382672"/>
  <node id="11209479337" lat="26.8836866" lon="75.7366898"/>
  <node id="11209479338" lat="26.8837845" lon="75.7370722"/>
  <node id="11209489571" lat="26.8820902" lon="75.7405704"/>
  <node id="11209489572" lat="26.8823559" lon="75.7409635"/>
  <node id="11209489729" lat="26.8840908" lon="75.7498274"/>
  <node id="11209497222" lat="26.8852691" lon="75.7408728"/>
  <node id="11209497224" lat="26.8856859" lon="75.7407161"/>
  <node id="11209528257" lat="26.8850216" lon="75.7470704"/>
  <node id="11209551927" lat="26.8856205" lon="75.7500656"/>
  <node id="11209561640" lat="26.8856831" lon="75.7503419"/>
  <node id="11209562560" lat="26.8837625" lon="75.7535190"/>
  <node id="11209562561" lat="26.8840229" lon="75.7534347"/>
  <node id="11209562562" lat="26.8842678" lon="75.7533304"/>
  <node id="11209571534" lat="26.8825033" lon="75.7534608"/>
  <node id="11209571535" lat="26.8826609" lon="75.7534366"/>
  <node id="11209572891" lat="26.8822952" lon="75.7501711"/>
  <node id="11209572892" lat="26.8823171" lon="75.7506395"/>
  <node id="11209572893" lat="26.8826341" lon="75.7506209"/>
  <node id="11209572894" lat="26.8826557" lon="75.7510776"/>
  <node id="11209572896" lat="26.8826960" lon="75.7501445"/>
  <node id="11209574197" lat="26.8863250" lon="75.7545194"/>
  <node id="11209574198" lat="26.8863385" lon="75.7545150"/>
  <node id="11209574199" lat="26.8862607" lon="75.7546258"/>
  <node id="11209574200" lat="26.8851158" lon="75.7550339"/>
  <node id="11209574201" lat="26.8833332" lon="75.7556734"/>
  <node id="11209574202" lat="26.8829420" lon="75.7558287"/>
  <node id="11209574203" lat="26.8847394" lon="75.7551689"/>
  <node id="11209574204" lat="26.8834877" lon="75.7556180"/>
  <node id="11209574205" lat="26.8838647" lon="75.7553662"/>
  <node id="11209574206" lat="26.8838947" lon="75.7554720"/>
  <node id="11209574207" lat="26.8837027" lon="75.7554247"/>
  <node id="11209574208" lat="26.8837347" lon="75.7555294"/>
  <node id="11209574209" lat="26.8854320" lon="75.7548220"/>
  <node id="11209574210" lat="26.8854602" lon="75.7549111"/>
  <node id="11209574211" lat="26.8851841" lon="75.7549054"/>
  <node id="11209574212" lat="26.8852108" lon="75.7550000"/>
  <node id="11209574213" lat="26.8858458" lon="75.7546816"/>
  <node id="11209574214" lat="26.8858743" lon="75.7547636"/>
  <node id="11209825457" lat="26.8687830" lon="75.7525247"/>
  <node id="11209825458" lat="26.8680450" lon="75.7528610"/>
  <node id="11209856509" lat="26.8687960" lon="75.7524491"/>
  <node id="11209856517" lat="26.8687600" lon="75.7524682"/>
  <node id="11209859942" lat="26.8701780" lon="75.7570017"/>
  <node id="11209859943" lat="26.8701683" lon="75.7569524"/>
  <node id="11209860885" lat="26.8673155" lon="75.7564371"/>
  <node id="11209860886" lat="26.8679917" lon="75.7560436"/>
  <node id="11209860887" lat="26.8681945" lon="75.7565694"/>
  <node id="11209863036" lat="26.8708315" lon="75.7579583"/>
  <node id="11209863791" lat="26.8687948" lon="75.7553785"/>
  <node id="11209863792" lat="26.8690869" lon="75.7561377"/>
  <node id="11209866806" lat="26.8698269" lon="75.7541148"/>
  <node id="11209866807" lat="26.8693355" lon="75.7543567"/>
  <node id="11209875523" lat="26.8678792" lon="75.7578847"/>
  <node id="11209875524" lat="26.8682792" lon="75.7576988"/>
  <node id="11209879737" lat="26.8710996" lon="75.7586628"/>
  <node id="11209879738" lat="26.8706324" lon="75.7584936"/>
  <node id="11209879739" lat="26.8707671" lon="75.7588342"/>
  <node id="11209882184" lat="26.8718648" lon="75.7500601"/>
  <node id="11209882185" lat="26.8719834" lon="75.7503768"/>
  <node id="11209882186" lat="26.8722145" lon="75.7498665"/>
  <node id="11209882187" lat="26.8723696" lon="75.7503036"/>
  <node id="11209891219" lat="26.8714102" lon="75.7496798"/>
  <node id="11209891222" lat="26.8712220" lon="75.7500218"/>
  <node id="11209892837" lat="26.8717685" lon="75.7512236"/>
  <node id="11209892838" lat="26.8718888" lon="75.7511663"/>
  <node id="11209892839" lat="26.8718981" lon="75.7511991"/>
  <node id="11209892840" lat="26.8719043" lon="75.7512108"/>
  <node id="11209892841" lat="26.8719117" lon="75.7512180"/>
  <node id="11209892842" lat="26.8719219" lon="75.7512220"/>
  <node id="11209892843" lat="26.8719333" lon="75.7512233"/>
  <node id="11209892844" lat="26.8719440" lon="75.7512227"/>
  <node id="11209892845" lat="26.8723958" lon="75.7510066"/>
  <node id="11209892846" lat="26.8724163" lon="75.7509889"/>
  <node id="11209892847" lat="26.8724226" lon="75.7509642"/>
  <node id="11209892848" lat="26.8724226" lon="75.7509394"/>
  <node id="11209892849" lat="26.8724179" lon="75.7509093"/>
  <node id="11209892850" lat="26.8722774" lon="75.7505784"/>
  <node id="11209892851" lat="26.8722600" lon="75.7505749"/>
  <node id="11209892852" lat="26.8722269" lon="75.7505696"/>
  <node id="11209892853" lat="26.8721937" lon="75.7505642"/>
  <node id="11209892854" lat="26.8721559" lon="75.7505589"/>
  <node id="11209892855" lat="26.8721069" lon="75.7505660"/>
  <node id="11209892856" lat="26.8720517" lon="75.7505766"/>
  <node id="11209892857" lat="26.8717407" lon="75.7507253"/>
  <node id="11209892858" lat="26.8717283" lon="75.7507444"/>
  <node id="11209892859" lat="26.8717236" lon="75.7507605"/>
  <node id="11209892860" lat="26.8717247" lon="75.7507873"/>
  <node id="11209892861" lat="26.8717367" lon="75.7508276"/>
  <node id="11209895548" lat="26.8643865" lon="75.7521327"/>
  <node id="11209895549" lat="26.8644029" lon="75.7522038"/>
  <node id="11209895550" lat="26.8644228" lon="75.7522363"/>
  <node id="11209895551" lat="26.8644536" lon="75.7522648"/>
  <node id="11209895552" lat="26.8644935" lon="75.7522790"/>
  <node id="11209895553" lat="26.8645534" lon="75.7522750"/>
  <node id="11209895554" lat="26.8646404" lon="75.7522648"/>
  <node id="11209895555" lat="26.8646604" lon="75.7522729"/>
  <node id="11209895556" lat="26.8646731" lon="75.7522872"/>
  <node id="11209895557" lat="26.8646857" lon="75.7523136"/>
  <node id="11209895558" lat="26.8647074" lon="75.7530137"/>
  <node id="11209895560" lat="26.8647541" lon="75.7532050"/>
  <node id="11209901913" lat="26.8649373" lon="75.7502595"/>
  <node id="11209901914" lat="26.8652213" lon="75.7502713"/>
  <node id="11209901915" lat="26.8652151" lon="75.7505959"/>
  <node id="11209901916" lat="26.8643126" lon="75.7505352"/>
  <node id="11209901917" lat="26.8646756" lon="75.7505398"/>
  <node id="11209945036" lat="26.8671431" lon="75.7560011"/>
  <node id="11209966635" lat="26.8660684" lon="75.7543388"/>
  <node id="11209966636" lat="26.8660910" lon="75.7543275"/>
  <node id="11209970699" lat="26.8778000" lon="75.7504345"/>
  <node id="11209970700" lat="26.8781129" lon="75.7503877"/>
  <node id="11209970701" lat="26.8780549" lon="75.7490381"/>
  <node id="11209970702" lat="26.8780598" lon="75.7489711"/>
  <node id="11209970703" lat="26.8780655" lon="75.7489444"/>
  <node id="11209970704" lat="26.8780823" lon="75.7489098"/>
  <node id="11209970705" lat="26.8781019" lon="75.7488641"/>
  <node id="11209970706" lat="26.8781188" lon="75.7488374"/>
  <node id="11209970707" lat="26.8781412" lon="75.7488059"/>
  <node id="11209970708" lat="26.8781735" lon="75.7487808"/>
  <node id="11209970709" lat="26.8782100" lon="75.7487572"/>
  <node id="11209970710" lat="26.8782380" lon="75.7487430"/>
  <node id="11209970711" lat="26.8782773" lon="75.7487289"/>
  <node id="11209970712" lat="26.8783194" lon="75.7487210"/>
  <node id="11209970713" lat="26.8783615" lon="75.7487163"/>
  <node id="11209970714" lat="26.8784303" lon="75.7487241"/>
  <node id="11209970715" lat="26.8784639" lon="75.7487320"/>
  <node id="11209970716" lat="26.8785032" lon="75.7487509"/>
  <node id="11209970717" lat="26.8785313" lon="75.7487713"/>
  <node id="11209970718" lat="26.8785618" lon="75.7488010"/>
  <node id="11209970719" lat="26.8785958" lon="75.7488421"/>
  <node id="11209970720" lat="26.8786239" lon="75.7488909"/>
  <node id="11209970721" lat="26.8786407" lon="75.7489349"/>
  <node id="11209970722" lat="26.8786477" lon="75.7489837"/>
  <node id="11209970723" lat="26.8787148" lon="75.7505936"/>
  <node id="11209970724" lat="26.8781682" lon="75.7506127"/>
  <node id="11209970725" lat="26.8781420" lon="75.7506126"/>
  <node id="11209970726" lat="26.8781307" lon="75.7505982"/>
  <node id="11209970727" lat="26.8781259" lon="75.7505747"/>
  <node id="11209970728" lat="26.8786715" lon="75.7495551"/>
  <node id="11209970729" lat="26.8787850" lon="75.7495519"/>
  <node id="11209970730" lat="26.8788033" lon="75.7495519"/>
  <node id="11209970731" lat="26.8788265" lon="75.7495601"/>
  <node id="11209970732" lat="26.8788399" lon="75.7495820"/>
  <node id="11209970733" lat="26.8788925" lon="75.7501368"/>
  <node id="11209970734" lat="26.8788920" lon="75.7501775"/>
  <node id="11209970735" lat="26.8788749" lon="75.7502008"/>
  <node id="11209970736" lat="26.8788517" lon="75.7502131"/>
  <node id="11209999189" lat="26.8799767" lon="75.7545540"/>
  <node id="11210000261" lat="26.8798096" lon="75.7505414"/>
  <node id="11210000262" lat="26.8798502" lon="75.7513125"/>
  <node id="11210000303" lat="26.8732512" lon="75.7508291"/>
  <node id="11210007937" lat="26.8786993" lon="75.7502214"/>
  <node id="11210007938" lat="26.8791245" lon="75.7505690"/>
  <node id="11210007939" lat="26.8787366" lon="75.7514520"/>
  <node id="11210007940" lat="26.8787367" lon="75.7514744"/>
  <node id="11210007941" lat="26.8787455" lon="75.7514837"/>
  <node id="11210007942" lat="26.8788048" lon="75.7514780"/>
  <node id="11210020838" lat="26.8810487" lon="75.7556985"/>
  <node id="11210037539" lat="26.8749143" lon="75.7495818"/>
  <node id="11210040065" lat="26.8730611" lon="75.7504712"/>
  <node id="11210040629" lat="26.8756763" lon="75.7548355"/>
  <node id="11210040630" lat="26.8753118" lon="75.7550123"/>
  <node id="11210040631" lat="26.8749992" lon="75.7542994"/>
  <node id="11210052340" lat="26.8745231" lon="75.7569486"/>
  <node id="11210055799" lat="26.8735244" lon="75.7577074"/>
  <node id="11210066598" lat="26.8776821" lon="75.7559526"/>
  <node id="11210066599" lat="26.8773465" lon="75.7559192"/>
  <node id="11210066600" lat="26.8769296" lon="75.7559955"/>
  <node id="11210066601" lat="26.8772255" lon="75.7567351"/>
  <node id="11210066602" lat="26.8770318" lon="75.7568216"/>
  <node id="11210066603" lat="26.8772745" lon="75.7559324"/>
  <node id="11210066604" lat="26.8776544" lon="75.7569682"/>
  <node id="11217090898" lat="26.8625277" lon="75.7538406"/>
  <node id="11217090899" lat="26.8629391" lon="75.7536219"/>
  <node id="11217097193" lat="26.8812586" lon="75.7586477"/>
  <node id="11217100866" lat="26.8615975" lon="75.7559812"/>
  <node id="11217100867" lat="26.8614542" lon="75.7556030"/>
  <node id="11217101475" lat="26.8623292" lon="75.7566141"/>
  <node id="11217101476" lat="26.8625115" lon="75.7570834"/>
  <node id="11217101477" lat="26.8623515" lon="75.7566042"/>
  <node id="11217101478" lat="26.8625335" lon="75.7570735"/>
  <node id="11217108259" lat="26.8628470" lon="75.7578882"/>
  <node id="11217108260" lat="26.8626486" lon="75.7579815"/>
  <node id="11217108317" lat="26.8601957" lon="75.7589017"/>
  <node id="11217108318" lat="26.8601407" lon="75.7585856"/>
  <node id="11217108643" lat="26.8632077" lon="75.7577196"/>
  <node id="11217108644" lat="26.8629238" lon="75.7584410"/>
  <node id="11217119033" lat="26.8595222" lon="75.7511611"/>
  <node id="11217141265" lat="26.8597529" lon="75.7587290"/>
  <node id="11217141266" lat="26.8600081" lon="75.7590763"/>
  <node id="11217152432" lat="26.8597839" lon="75.7578948"/>
  <node id="11217152434" lat="26.8603267" lon="75.7582850"/>
  <node id="11217165004" lat="26.8617088" lon="75.7569128"/>
  <node id="11217165005" lat="26.8618878" lon="75.7573651"/>
  <node id="11217506218" lat="26.8584961" lon="75.7517097"/>
  <node id="11217530065" lat="26.8618469" lon="75.7514273"/>
  <node id="11217530066" lat="26.8609945" lon="75.7523139"/>
  <node id="11219194694" lat="26.8807767" lon="75.7580295"/>
  <node id="11219206951" lat="26.8816523" lon="75.7537324"/>
  <node id="11219206952" lat="26.8800330" lon="75.7535958"/>
  <node id="11219245201" lat="26.8834738" lon="75.7616856"/>
  <node id="11219245202" lat="26.8831005" lon="75.7615583"/>
  <node id="11219316922" lat="26.8785971" lon="75.7386037"/>
  <node id="11219316923" lat="26.8792447" lon="75.7389743"/>
  <node id="11219316924" lat="26.8793418" lon="75.7376153"/>
  <node id="11219316925" lat="26.8790657" lon="75.7385142"/>
  <node id="11219316926" lat="26.8789604" lon="75.7377852"/>
  <node id="11219320977" lat="26.8804201" lon="75.7353954"/>
  <node id="11219320978" lat="26.8807807" lon="75.7360920"/>
  <node id="11221685175" lat="26.8785548" lon="75.7429488"/>
  <node id="11221696290" lat="26.8783390" lon="75.7443591"/>
  <node id="11221701455" lat="26.8784384" lon="75.7440117"/>
  <node id="11221701456" lat="26.8787855" lon="75.7441306"/>
  <node id="11221701457" lat="26.8788861" lon="75.7441579"/>
  <node id="11221701458" lat="26.8793683" lon="75.7441563"/>
  <node id="11221701459" lat="26.8781306" lon="75.7435735"/>
  <node id="11221701460" lat="26.8781762" lon="75.7441417"/>
  <node id="11221733702" lat="26.8831600" lon="75.7485609">
    <tag k="access" v="private"/>
    <tag k="barrier" v="gate"/>
  </node>
  <node id="11221754914" lat="26.8808371" lon="75.7497775"/>
  <node id="11221754915" lat="26.8809356" lon="75.7504773"/>
  <node id="11221754916" lat="26.8808875" lon="75.7489375"/>
  <node id="11222428567" lat="26.8620213" lon="75.7481612"/>
  <node id="11226276198" lat="26.8765164" lon="75.7380400"/>
  <node id="11226276199" lat="26.8765151" lon="75.7351658"/>
  <node id="11226276200" lat="26.8780472" lon="75.7396247"/>
  <node id="11226276201" lat="26.8779092" lon="75.7396793"/>
  <node id="11226276202" lat="26.8777986" lon="75.7396557"/>
  <node id="11226276203" lat="26.8774248" lon="75.7395140"/>
  <node id="11226276204" lat="26.8771931" lon="75.7393517"/>
  <node id="11226276205" lat="26.8769746" lon="75.7391657"/>
  <node id="11226334746" lat="26.8720040" lon="75.7378567"/>
  <node id="11226334747" lat="26.8726183" lon="75.7378555"/>
  <node id="11226334748" lat="26.8721536" lon="75.7378189"/>
  <node id="11226343182" lat="26.8753038" lon="75.7362633"/>
  <node id="11226343183" lat="26.8752073" lon="75.7369397"/>
  <node id="11226343184" lat="26.8751122" lon="75.7356743"/>
  <node id="11226344144" lat="26.8790805" lon="75.7363003"/>
  <node id="11226344145" lat="26.8790833" lon="75.7370439"/>
  <node id="11226350129" lat="26.8847935" lon="75.7370681"/>
  <node id="11226350130" lat="26.8845460" lon="75.7355814"/>
  <node id="11226356043" lat="26.8617926" lon="75.7457822"/>
  <node id="11226356044" lat="26.8606362" lon="75.7502392"/>
  <node id="11226356045" lat="26.8630775" lon="75.7498038"/>
  <node id="11226356046" lat="26.8620285" lon="75.7516896"/>
  <node id="11226356047" lat="26.8611267" lon="75.7525579"/>
  <node id="11226356048" lat="26.8591885" lon="75.7453673"/>
  <node id="11226586049" lat="26.8635604" lon="75.7602068"/>
  <node id="11226609495" lat="26.8656531" lon="75.7607489"/>
  <node id="11226705530" lat="26.8560281" lon="75.7662186"/>
  <node id="11235101887" lat="26.8538379" lon="75.7666695"/>
  <node id="11235110439" lat="26.8673077" lon="75.7635861"/>
  <node id="11235133450" lat="26.8545206" lon="75.7605204"/>
  <node id="11259107680" lat="26.8639365" lon="75.7419682"/>
  <node id="11575851203" lat="26.8511695" lon="75.7624084"/>
  <node id="11575853201" lat="26.8529284" lon="75.7615829"/>
  <node id="11576319315" lat="26.8821611" lon="75.7531874"/>
  <node id="11593554452" lat="26.8849357" lon="75.7361564"/>
  <node id="11593554453" lat="26.8862029" lon="75.7356379"/>
  <node id="11593554454" lat="26.8862708" lon="75.7360425"/>
  <node id="11593554455" lat="26.8862609" lon="75.7360873"/>
  <node id="11593554456" lat="26.8862105" lon="75.7361021"/>
  <node id="11593554457" lat="26.8855653" lon="75.7356470"/>
  <node id="11593554458" lat="26.8855888" lon="75.7365105"/>
  <node id="11593554459" lat="26.8855512" lon="75.7365619"/>
  <node id="11593554460" lat="26.8854573" lon="75.7365491"/>
  <node id="11593554461" lat="26.8853602" lon="75.7365337"/>
  <node id="11593554462" lat="26.8852522" lon="75.7365744"/>
  <node id="11593554463" lat="26.8851605" lon="75.7366271"/>
  <node id="11593554464" lat="26.8848869" lon="75.7366720"/>
  <node id="11593554465" lat="26.8855784" lon="75.7361290"/>
  <node id="11593568966" lat="26.8827675" lon="75.7584440"/>
  <node id="11593568967" lat="26.8821845" lon="75.7585915"/>
  <node id="11593581132" lat="26.8684290" lon="75.7438069"/>
  <node id="11593598203" lat="26.8771862" lon="75.7459466"/>
  <node id="11593634979" lat="26.8734547" lon="75.7564279"/>
  <node id="11593634980" lat="26.8737076" lon="75.7562936"/>
  <node id="11593665348" lat="26.8686863" lon="75.7389638"/>
  <node id="11593670836" lat="26.8601784" lon="75.7512682"/>
  <node id="11593676542" lat="26.8689219" lon="75.7394091"/>
  <node id="11593676543" lat="26.8694267" lon="75.7394266"/>
  <node id="11593684812" lat="26.8672618" lon="75.7429075"/>
  <node id="11593684813" lat="26.8677268" lon="75.7427491"/>
  <node id="11593690447" lat="26.8593205" lon="75.7517848"/>
  <node id="11593690944" lat="26.8682746" lon="75.7396504"/>
  <node id="11593690945" lat="26.8686944" lon="75.7397103"/>
  <node id="11593692101" lat="26.8768016" lon="75.7583311"/>
  <node id="11593692102" lat="26.8767916" lon="75.7582725">
    <tag k="access" v="private"/>
    <tag k="barrier" v="gate"/>
  </node>
  <node id="11593692103" lat="26.8767065" lon="75.7579859"/>
  <node id="11593694742" lat="26.8673265" lon="75.7433352"/>
  <node id="11593694743" lat="26.8678255" lon="75.7431484"/>
  <node id="11593694744" lat="26.8674654" lon="75.7432809">
    <tag k="access" v="private"/>
    <tag k="barrier" v="gate"/>
  </node>
  <node id="11593696244" lat="26.8653760" lon="75.7426847"/>
  <node id="11593696245" lat="26.8655002" lon="75.7426989"/>
  <node id="11593696274" lat="26.8622145" lon="75.7539909"/>
  <node id="11593705757" lat="26.8547131" lon="75.7447005"/>
  <node id="11593705892" lat="26.8719137" lon="75.7447312"/>
  <node id="11593705893" lat="26.8728051" lon="75.7443173"/>
  <node id="11593708389" lat="26.8635015" lon="75.7489678"/>
  <node id="11593708390" lat="26.8630023" lon="75.7489261"/>
  <node id="11593715770" lat="26.8654331" lon="75.7458742"/>
  <node id="11593715771" lat="26.8660818" lon="75.7458050"/>
  <node id="11593723709" lat="26.8629895" lon="75.7454386"/>
  <node id="11593723710" lat="26.8629684" lon="75.7450971"/>
  <node id="11593723711" lat="26.8629564" lon="75.7446745"/>
  <node id="11593723712" lat="26.8629426" lon="75.7446399"/>
  <node id="11593723713" lat="26.8629009" lon="75.7446152"/>
  <node id="11593723714" lat="26.8622020" lon="75.7445395"/>
  <node id="11593723715" lat="26.8621814" lon="75.7445465"/>
  <node id="11593723716" lat="26.8621562" lon="75.7445784"/>
  <node id="11593723717" lat="26.8621197" lon="75.7449902"/>
  <node id="11593723718" lat="26.8620738" lon="75.7455491"/>
  <node id="11593752728" lat="26.8708494" lon="75.7350785"/>
  <node id="11593752729" lat="26.8704165" lon="75.7350551"/>
  <node id="11597432645" lat="26.8708320" lon="75.7345991"/>
  <node id="11597660703" lat="26.8577024" lon="75.7732245"/>
  <node id="11613039680" lat="26.8812173" lon="75.7455919">
    <tag k="access" v="permissive"/>
    <tag k="barrier" v="gate"/>
  </node>
  <node id="11613067411" lat="26.8816706" lon="75.7455978">
    <tag k="access" v="permissive"/>
    <tag k="barrier" v="gate"/>
  </node>
  <node id="11613071273" lat="26.8827037" lon="75.7452951">
    <tag k="access" v="permissive"/>
    <tag k="barrier" v="gate"/>
  </node>
  <node id="11613071274" lat="26.8832297" lon="75.7474589">
    <tag k="access" v="permissive"/>
    <tag k="barrier" v="gate"/>
  </node>
  <node id="11613101837" lat="26.8804286" lon="75.7485830">
    <tag k="access" v="permissive"/>
    <tag k="barrier" v="gate"/>
  </node>
  <node id="11613101838" lat="26.8812672" lon="75.7488677">
    <tag k="access" v="permissive"/>
    <tag k="barrier" v="gate"/>
  </node>
  <node id="11613149047" lat="26.8831883" lon="75.7474884">
    <tag k="access" v="permissive"/>
    <tag k="barrier" v="gate"/>
  </node>
  <node id="11613166037" lat="26.8800747" lon="75.7456408">
    <tag k="access" v="permissive"/>
    <tag k="barrier" v="gate"/>
  </node>
  <node id="11613172369" lat="26.8806484" lon="75.7456214">
    <tag k="access" v="permissive"/>
    <tag k="barrier" v="gate"/>
  </node>
  <node id="11613186625" lat="26.8811728" lon="75.7483361">
    <tag k="access" v="permissive"/>
    <tag k="barrier" v="gate"/>
  </node>
  <node id="11613187771" lat="26.8815574" lon="75.7482640">
    <tag k="access" v="permissive"/>
    <tag k="barrier" v="gate"/>
  </node>
  <node id="11613210071" lat="26.8814302" lon="75.7498019">
    <tag k="access" v="permissive"/>
    <tag k="barrier" v="gate"/>
  </node>
  <node id="11613210072" lat="26.8833103" lon="75.7496648">
    <tag k="access" v="permissive"/>
    <tag k="barrier" v="gate"/>
  </node>
  <node id="11613210173" lat="26.8817313" lon="75.7483855">
    <tag k="access" v="permissive"/>
    <tag k="barrier" v="gate"/>
  </node>
  <node id="11613210174" lat="26.8832713" lon="75.7492772">
    <tag k="access" v="permissive"/>
    <tag k="barrier" v="gate"/>
  </node>
  <node id="11613281869" lat="26.8838033" lon="75.7497379"/>
  <node id="11613287546" lat="26.8839133" lon="75.7506666"/>
  <node id="11613287547" lat="26.8837577" lon="75.7506924"/>
  <node id="11613306701" lat="26.8856194" lon="75.7505970">
    <tag k="access" v="permissive"/>
    <tag k="barrier" v="gate"/>
  </node>
  <node id="11613308511" lat="26.8841919" lon="75.7506219">
    <tag k="access" v="permissive"/>
    <tag k="barrier" v="gate"/>
  </node>
  <node id="11613308512" lat="26.8845193" lon="75.7520726">
    <tag k="access" v="permissive"/>
    <tag k="barrier" v="gate"/>
  </node>
  <node id="11617741359" lat="26.8801917" lon="75.7505296">
    <tag k="access" v="permissive"/>
    <tag k="barrier" v="gate"/>
  </node>
  <node id="11617764296" lat="26.8838567" lon="75.7574257"/>
  <node id="11617788130" lat="26.8821555" lon="75.7482741">
    <tag k="access" v="permissive"/>
    <tag k="barrier" v="gate"/>
  </node>
  <node id="11617788626" lat="26.8806847" lon="75.7515300">
    <tag k="access" v="permissive"/>
    <tag k="barrier" v="gate"/>
  </node>
  <node id="11617789479" lat="26.8802889" lon="75.7513765">
    <tag k="access" v="permissive"/>
    <tag k="barrier" v="gate"/>
  </node>
  <node id="11617790700" lat="26.8798138" lon="75.7506225">
    <tag k="access" v="permissive"/>
    <tag k="barrier" v="gate"/>
  </node>
  <node id="11617790701" lat="26.8798478" lon="75.7512663">
    <tag k="access" v="permissive"/>
    <tag k="barrier" v="gate"/>
  </node>
  <node id="11617790702" lat="26.8798331" lon="75.7509882"/>
  <node id="11617806292" lat="26.8826872" lon="75.7580521"/>
  <node id="11621292435" lat="26.8744595" lon="75.7433873"/>
  <node id="11621292436" lat="26.8749690" lon="75.7432965"/>
  <node id="11621292437" lat="26.8750519" lon="75.7438398"/>
  <node id="11621298973" lat="26.8753529" lon="75.7435614"/>
  <node id="11621298974" lat="26.8758066" lon="75.7434633"/>
  <node id="11621298975" lat="26.8762426" lon="75.7433327"/>
  <node id="11621682426" lat="26.8759321" lon="75.7361938"/>
  <node id="11621682427" lat="26.8755043" lon="75.7361858"/>
  <node id="11621682428" lat="26.8754964" lon="75.7354084"/>
  <node id="11621682429" lat="26.8759328" lon="75.7353470"/>
  <node id="11621682430" lat="26.8748598" lon="75.7354825"/>
  <node id="11625891362" lat="26.8789662" lon="75.7590529"/>
  <node id="11625891363" lat="26.8793941" lon="75.7582825"/>
  <node id="11752176003" lat="26.8519152" lon="75.7737769"/>
  <node id="11752349689" lat="26.8833686" lon="75.7405942"/>
  <node id="11752349690" lat="26.8834598" lon="75.7405317"/>
  <node id="11752349693" lat="26.8865093" lon="75.7541307"/>
  <node id="11763301873" lat="26.8801069" lon="75.7579158"/>
  <node id="11763301874" lat="26.8800580" lon="75.7579542"/>
  <node id="11763301875" lat="26.8800331" lon="75.7580170"/>
  <node id="11763301876" lat="26.8800344" lon="75.7581081"/>
  <node id="11763301877" lat="26.8800655" lon="75.7581969"/>
  <node id="11763301878" lat="26.8801615" lon="75.7582141"/>
  <node id="11763301879" lat="26.8801126" lon="75.7582112"/>
  <node id="11763301880" lat="26.8800386" lon="75.7597032"/>
  <node id="11763301881" lat="26.8801016" lon="75.7597583"/>
  <node id="11763301882" lat="26.8801740" lon="75.7598147"/>
  <node id="11763301883" lat="26.8802393" lon="75.7598726"/>
  <node id="11763301884" lat="26.8802660" lon="75.7599624"/>
  <node id="11763301885" lat="26.8802105" lon="75.7600639"/>
  <node id="11763301886" lat="26.8801734" lon="75.7600644"/>
  <node id="11763301887" lat="26.8800871" lon="75.7600309"/>
  <node id="11763301888" lat="26.8799896" lon="75.7599868"/>
  <node id="11763301889" lat="26.8799088" lon="75.7599509"/>
  <node id="11763301890" lat="26.8802576" lon="75.7599119"/>
  <node id="11763369334" lat="26.8636101" lon="75.7499053"/>
  <node id="11763369335" lat="26.8634998" lon="75.7499042"/>
  <node id="11765731336" lat="26.8567058" lon="75.7461844"/>
  <node id="11765778229" lat="26.8615256" lon="75.7399010"/>
  <node id="11765778230" lat="26.8620882" lon="75.7407983"/>
  <node id="11765778231" lat="26.8613977" lon="75.7407235"/>
  <node id="11765821168" lat="26.8602518" lon="75.7410517"/>
  <node id="11765822345" lat="26.8587121" lon="75.7407600"/>
  <node id="11765850109" lat="26.8607419" lon="75.7456719"/>
  <node id="11765850110" lat="26.8595502" lon="75.7450821"/>
  <node id="11765850111" lat="26.8596216" lon="75.7445906"/>
  <node id="11765933771" lat="26.8608441" lon="75.7450653"/>
  <node id="11765933772" lat="26.8602614" lon="75.7449664"/>
  <node id="11765933773" lat="26.8604311" lon="75.7447505"/>
  <node id="11765933774" lat="26.8603993" lon="75.7449886"/>
  <node id="11765933775" lat="26.8603667" lon="75.7452239"/>
  <node id="11765934198" lat="26.8608678" lon="75.7492001"/>
  <node id="11765934199" lat="26.8611410" lon="75.7492430"/>
  <node id="11765987764" lat="26.8675898" lon="75.7450600"/>
  <node id="11765987765" lat="26.8676520" lon="75.7451732"/>
  <node id="11765987766" lat="26.8675254" lon="75.7440853"/>
  <node id="11765987767" lat="26.8674672" lon="75.7439761"/>
  <node id="11765987768" lat="26.8674171" lon="75.7439078"/>
  <node id="11766034692" lat="26.8696394" lon="75.7476930"/>
  <node id="11766046824" lat="26.8600074" lon="75.7558425"/>
  <node id="11766046825" lat="26.8600592" lon="75.7559923"/>
  <node id="11766046826" lat="26.8601002" lon="75.7561269"/>
  <node id="11766046827" lat="26.8601034" lon="75.7561726"/>
  <node id="11766046828" lat="26.8600773" lon="75.7562007"/>
  <node id="11766046829" lat="26.8599739" lon="75.7562498"/>
  <node id="11766046830" lat="26.8598908" lon="75.7561161"/>
  <node id="11766046831" lat="26.8598117" lon="75.7559462"/>
  <node id="11766046832" lat="26.8599491" lon="75.7562183"/>
  <node id="11766114022" lat="26.8806276" lon="75.7436553"/>
  <node id="11766114023" lat="26.8808219" lon="75.7433129"/>
  <node id="11766114024" lat="26.8804339" lon="75.7435716"/>
  <node id="11766114025" lat="26.8801874" lon="75.7437054"/>
  <node id="11766114026" lat="26.8801577" lon="75.7437366"/>
  <node id="11766114027" lat="26.8801299" lon="75.7438084"/>
  <node id="11766114028" lat="26.8801254" lon="75.7440806"/>
  <node id="11766114048" lat="26.8793965" lon="75.7437791"/>
  <node id="11766114049" lat="26.8788543" lon="75.7437437"/>
  <node id="11766114050" lat="26.8792034" lon="75.7437665">
    <tag k="access" v="private"/>
    <tag k="barrier" v="gate"/>
  </node>
  <node id="11768121684" lat="26.8469493" lon="75.7643165"/>
  <node id="11768121692" lat="26.8467223" lon="75.7644174"/>
  <node id="11768246970" lat="26.8663295" lon="75.7712585"/>
  <node id="11768476378" lat="26.8644967" lon="75.7407824"/>
  <node id="11768476379" lat="26.8644221" lon="75.7418392"/>
  <node id="11768499051" lat="26.8645242" lon="75.7471897"/>
  <node id="11768499052" lat="26.8645239" lon="75.7472504"/>
  <node id="11768499053" lat="26.8645435" lon="75.7472888"/>
  <node id="11768499054" lat="26.8646034" lon="75.7472997"/>
  <node id="11768499056" lat="26.8645109" lon="75.7476027"/>
  <node id="11768499057" lat="26.8646994" lon="75.7475984"/>
  <node id="11768499058" lat="26.8644977" lon="75.7479077"/>
  <node id="11768499059" lat="26.8647030" lon="75.7479013"/>
  <node id="11768696706" lat="26.8620601" lon="75.7540879"/>
  <node id="11768696707" lat="26.8621134" lon="75.7542286">
    <tag k="access" v="private"/>
    <tag k="barrier" v="gate"/>
  </node>
  <node id="11768696708" lat="26.8621894" lon="75.7544202"/>
  <node id="11770583065" lat="26.8795486" lon="75.7447586"/>
  <node id="11770583066" lat="26.8799106" lon="75.7447930"/>
  <node id="11770583331" lat="26.8793758" lon="75.7537213"/>
  <node id="11770583332" lat="26.8795318" lon="75.7537311">
    <tag k="access" v="private"/>
    <tag k="barrier" v="gate"/>
  </node>
  <node id="11770583333" lat="26.8799603" lon="75.7537482"/>
  <node id="11770583334" lat="26.8798246" lon="75.7537428"/>
  <node id="11770583335" lat="26.8798227" lon="75.7538667"/>
  <node id="11770586384" lat="26.8670648" lon="75.7379111"/>
  <node id="11770586385" lat="26.8670448" lon="75.7378809"/>
  <node id="11770586386" lat="26.8672170" lon="75.7367264"/>
  <node id="11770586387" lat="26.8671854" lon="75.7367530"/>
  <node id="11770586388" lat="26.8671923" lon="75.7367395"/>
  <node id="11770599212" lat="26.8725757" lon="75.7511632"/>
  <node id="11770599213" lat="26.8725532" lon="75.7511537"/>
  <node id="11770606783" lat="26.8761393" lon="75.7447388"/>
  <node id="11770606784" lat="26.8766661" lon="75.7447001"/>
  <node id="11770606785" lat="26.8760630" lon="75.7442453"/>
  <node id="11770606786" lat="26.8765324" lon="75.7441918"/>
  <node id="11770608950" lat="26.8740396" lon="75.7569191"/>
  <node id="11770608951" lat="26.8740335" lon="75.7569369"/>
  <node id="11770608952" lat="26.8740403" lon="75.7569248"/>
  <node id="11770612493" lat="26.8774354" lon="75.7447018"/>
  <node id="11770637829" lat="26.8836199" lon="75.7513512">
    <tag k="access" v="private"/>
    <tag k="barrier" v="gate"/>
  </node>
  <node id="11770642864" lat="26.8874898" lon="75.7380464"/>
  <node id="11770681099" lat="26.8767485" lon="75.7558199"/>
  <node id="11770681100" lat="26.8767751" lon="75.7564768"/>
  <node id="11770681101" lat="26.8769340" lon="75.7563802"/>
  <node id="11770681102" lat="26.8769478" lon="75.7563483"/>
  <node id="11770681103" lat="26.8769421" lon="75.7563332"/>
  <node id="11778102652" lat="26.8737500" lon="75.7390412"/>
  <node id="11778102653" lat="26.8737373" lon="75.7386098"/>
  <node id="12141756774" lat="26.8696352" lon="75.7458032"/>
  <node id="12141756775" lat="26.8696463" lon="75.7463082"/>
  <node id="12141756776" lat="26.8688694" lon="75.7457540"/>
  <node id="12141756777" lat="26.8688840" lon="75.7453496"/>
  <node id="12141756778" lat="26.8696468" lon="75.7453846"/>
  <node id="12211339951" lat="26.8828381" lon="75.7385876"/>
  <node id="12257697207" lat="26.8629251" lon="75.7571230"/>
  <node id="12343515855" lat="26.8638667" lon="75.7570606"/>
  <node id="12343515856" lat="26.8638418" lon="75.7570694"/>
  <node id="12343543817" lat="26.8655948" lon="75.7540497"/>
  <node id="12401598698" lat="26.8610564" lon="75.7599691"/>
  <node id="12401598700" lat="26.8639188" lon="75.7736578"/>
  <node id="12401611401" lat="26.8633062" lon="75.7738755"/>
  <node id="12401611416" lat="26.8597021" lon="75.7537490"/>
  <node id="12401617414" lat="26.8679678" lon="75.7490040"/>
  <node id="12401617415" lat="26.8680522" lon="75.7489658"/>
  <node id="12401617416" lat="26.8678829" lon="75.7496472"/>
  <node id="12401617417" lat="26.8679390" lon="75.7496962"/>
  <node id="12401617418" lat="26.8700818" lon="75.7476833"/>
  <node id="12401631098" lat="26.8606623" lon="75.7588383"/>
  <node id="12401631099" lat="26.8606117" lon="75.7588773"/>
  <node id="12876888426" lat="26.8588479" lon="75.7733514"/>
  <node id="12901240126" lat="26.8884528" lon="75.7373846"/>
  <node id="12919235785" lat="26.8884859" lon="75.7373764"/>
  <node id="13094064192" lat="26.8596950" lon="75.7734545"/>
  <node id="13105482943" lat="26.8710131" lon="75.7417847"/>
  <node id="13105482944" lat="26.8705306" lon="75.7418250"/>
  <node id="13105482945" lat="26.8705813" lon="75.7418250"/>
  <node id="13610929229" lat="26.8799408" lon="75.7475528"/>
  <node id="13610934299" lat="26.8800022" lon="75.7481431">
    <tag k="access" v="restricted"/>
    <tag k="name" v="barricades"/>
  </node>
  <node id="13651218059" lat="26.8800049" lon="75.7597674"/>
  <node id="13670801479" lat="26.8824212" lon="75.7558108"/>
  <node id="13670801480" lat="26.8823668" lon="75.7555871">
    <tag k="access" v="private"/>
    <tag k="barrier" v="gate"/>
  </node>
  <node id="13670801481" lat="26.8823208" lon="75.7554140"/>
  <node id="14021641658" lat="26.8768419" lon="75.7306134"/>
  <node id="14021641659" lat="26.8781505" lon="75.7320054"/>
  <node id="14021641660" lat="26.8799414" lon="75.7385328"/>
  <node id="14023643495" lat="26.8760292" lon="75.7440263"/>
  <node id="14023643496" lat="26.8763593" lon="75.7439270"/>
  <node id="14023643497" lat="26.8760749" lon="75.7440126">
    <tag k="access" v="private"/>
    <tag k="barrier" v="gate"/>
  </node>
  <node id="14023656234" lat="26.8734853" lon="75.7491507"/>
  <node id="14030364769" lat="26.8636958" lon="75.7358200"/>
  <node id="14030364770" lat="26.8639407" lon="75.7361621"/>
  <node id="14030364771" lat="26.8639736" lon="75.7363123"/>
  <node id="14030364772" lat="26.8639930" lon="75.7366422"/>
  <node id="14030364773" lat="26.8637929" lon="75.7380412"/>
  <node id="14030364774" lat="26.8638114" lon="75.7377307"/>
  <node id="14030364775" lat="26.8638284" lon="75.7375175"/>
  <node id="14030364776" lat="26.8638665" lon="75.7372783"/>
  <node id="14030364777" lat="26.8639528" lon="75.7369968"/>
  <node id="14030364778" lat="26.8639492" lon="75.7368695"/>
  <node id="14030364779" lat="26.8637093" lon="75.7380967"/>
  <node id="14030364780" lat="26.8637306" lon="75.7376506"/>
  <node id="14030364781" lat="26.8637634" lon="75.7373794"/>
  <node id="14030364782" lat="26.8638033" lon="75.7371505"/>
  <node id="14030364783" lat="26.8638704" lon="75.7369558"/>
  <node id="14030364784" lat="26.8639709" lon="75.7367709"/>
  <node id="14030364785" lat="26.8636878" lon="75.7385282"/>
  <node id="14030364786" lat="26.8637657" lon="75.7385356"/>
  <node id="14030364787" lat="26.8636751" lon="75.7387696"/>
  <node id="14030364788" lat="26.8639911" lon="75.7364445"/>
  <node id="14030364789" lat="26.8634909" lon="75.7435326"/>
  <node id="14030630200" lat="26.8729920" lon="75.7542733"/>
  <node id="14040075452" lat="26.8772080" lon="75.7537213"/>
  <node id="14045193629" lat="26.8507945" lon="75.7680816"/>
  <node id="14045193630" lat="26.8538122" lon="75.7665928"/>
  <node id="14045193631" lat="26.8548514" lon="75.7662208"/>
  <node id="14045193632" lat="26.8565122" lon="75.7662212"/>
  <node id="14045510090" lat="26.8587314" lon="75.7606738"/>
  <node id="14045758008" lat="26.8587989" lon="75.7655735"/>
  <node id="14045758009" lat="26.8588823" lon="75.7656246"/>
  <node id="14045758027" lat="26.8646554" lon="75.7730155"/>
  <node id="14045758028" lat="26.8647150" lon="75.7731021"/>
  <node id="14053170363" lat="26.8797120" lon="75.7583312"/>
  <node id="14053170364" lat="26.8797221" lon="75.7584888"/>
  <node id="14053170365" lat="26.8797042" lon="75.7586619"/>
  <node id="14053170366" lat="26.8796952" lon="75.7588282"/>
  <node id="14053170367" lat="26.8796933" lon="75.7589355"/>
  <node id="14053247533" lat="26.8772244" lon="75.7477875"/>
  <node id="14053247534" lat="26.8769936" lon="75.7478245"/>
  <node id="14053247535" lat="26.8769338" lon="75.7478486"/>
  <node id="14053247536" lat="26.8768812" lon="75.7479103"/>
  <node id="14053247537" lat="26.8768551" lon="75.7479979"/>
  <node id="14053292829" lat="26.8636949" lon="75.7532899"/>
  <node id="14053292830" lat="26.8655232" lon="75.7526085"/>
  <node id="14053292831" lat="26.8671080" lon="75.7518808"/>
  <node id="14053292832" lat="26.8680437" lon="75.7513685"/>
  <node id="14053292833" lat="26.8690555" lon="75.7508725"/>
  <node id="14053292834" lat="26.8696902" lon="75.7505432"/>
  <node id="14053292835" lat="26.8706476" lon="75.7500513"/>
  <node id="14053292836" lat="26.8685955" lon="75.7510980"/>
  <node id="14053292837" lat="26.8681568" lon="75.7513131"/>
  <node id="14053292838" lat="26.8675288" lon="75.7516504"/>
  <node id="14053292839" lat="26.8662094" lon="75.7522934"/>
  <node id="14053765724" lat="26.8636024" lon="75.7532984"/>
  <node id="14053765725" lat="26.8636486" lon="75.7535348"/>
  <node id="14053765726" lat="26.8635883" lon="75.7533993"/>
  <node id="14053765727" lat="26.8635689" lon="75.7534711"/>
  <node id="14053765728" lat="26.8635381" lon="75.7535262"/>
  <node id="14053765729" lat="26.8634495" lon="75.7535797"/>
  <node id="14053765730" lat="26.8629655" lon="75.7538249"/>
  <node id="14053765731" lat="26.8636860" lon="75.7534372"/>
  <node id="14053765732" lat="26.8635964" lon="75.7535974"/>
  <node id="14053765733" lat="26.8632161" lon="75.7537887"/>
  <node id="14053765734" lat="26.8630899" lon="75.7538538"/>
  <node id="14053765735" lat="26.8637284" lon="75.7533688"/>
  <node id="14053765736" lat="26.8637665" lon="75.7534073"/>
  <node id="14053765737" lat="26.8638262" lon="75.7534474"/>
  <node id="14053765738" lat="26.8629981" lon="75.7539050"/>
  <node id="14053765739" lat="26.8626125" lon="75.7540828"/>
  <node id="14053765740" lat="26.8621300" lon="75.7542727"/>
  <node id="14053765741" lat="26.8618144" lon="75.7544338"/>
  <node id="14053765742" lat="26.8608442" lon="75.7549119"/>
  <node id="14053765743" lat="26.8602083" lon="75.7552328"/>
  <node id="14053765744" lat="26.8592719" lon="75.7556806"/>
  <node id="14053765745" lat="26.8587152" lon="75.7559725"/>
  <node id="14053765746" lat="26.8580467" lon="75.7564344"/>
  <node id="14053765747" lat="26.8577447" lon="75.7566558"/>
  <node id="14053765748" lat="26.8575308" lon="75.7568799"/>
  <node id="14053765749" lat="26.8574493" lon="75.7569800"/>
  <node id="14053765750" lat="26.8569638" lon="75.7575211"/>
  <node id="14053765751" lat="26.8564137" lon="75.7581621"/>
  <node id="14053765752" lat="26.8570658" lon="75.7580721"/>
  <node id="14053765753" lat="26.8568959" lon="75.7581133"/>
  <node id="14053765754" lat="26.8568386" lon="75.7581749"/>
  <node id="14053765762" lat="26.8566847" lon="75.7581207"/>
  <node id="14053765767" lat="26.8574698" lon="75.7571828"/>
  <node id="14055787667" lat="26.8585890" lon="75.7461653"/>
  <node id="14056220663" lat="26.8699403" lon="75.7607494"/>
  <node id="14056220666" lat="26.8694717" lon="75.7610059"/>
  <node id="14056284403" lat="26.8844177" lon="75.7516447"/>
  <node id="14056284404" lat="26.8841153" lon="75.7517343"/>
  <node id="14060748252" lat="26.8750109" lon="75.7406383"/>
  <node id="14060748253" lat="26.8750557" lon="75.7407652"/>
  <node id="14060748254" lat="26.8737333" lon="75.7440953"/>
  <node id="14060748255" lat="26.8768121" lon="75.7413493"/>
  <node id="14060748256" lat="26.8767817" lon="75.7412822"/>
  <node id="14060748257" lat="26.8767886" lon="75.7411932"/>
  <node id="14060748258" lat="26.8768146" lon="75.7411505"/>
  <node id="14060748259" lat="26.8762821" lon="75.7419630"/>
  <node id="14060748260" lat="26.8748431" lon="75.7430188"/>
  <node id="14060748261" lat="26.8747212" lon="75.7429701"/>
  <node id="14060748262" lat="26.8746618" lon="75.7429396"/>
  <node id="14060748263" lat="26.8745981" lon="75.7429354"/>
  <node id="14060748264" lat="26.8743600" lon="75.7429641"/>
  <node id="14060748265" lat="26.8746387" lon="75.7424231"/>
  <node id="14060748266" lat="26.8755413" lon="75.7438265"/>
  <node id="14060862677" lat="26.8846193" lon="75.7594981"/>
  <node id="14060862678" lat="26.8847040" lon="75.7592433"/>
  <node id="14061170788" lat="26.8804355" lon="75.7564787"/>
  <node id="14061170789" lat="26.8805029" lon="75.7564902"/>
  <node id="14061170790" lat="26.8804574" lon="75.7565484"/>
  <node id="14061170791" lat="26.8829230" lon="75.7556493"/>
  <node id="14061170792" lat="26.8829937" lon="75.7556641"/>
  <node id="14061170793" lat="26.8830505" lon="75.7556455"/>
  <node id="14061170794" lat="26.8807946" lon="75.7561885"/>
  <node id="14061170795" lat="26.8808336" lon="75.7563659"/>
  <node id="14063203162" lat="26.8713615" lon="75.7344520"/>
  <node id="14063203166" lat="26.8713067" lon="75.7369274"/>
  <node id="14063670841" lat="26.8503164" lon="75.7627579"/>
  <node id="14063670843" lat="26.8503739" lon="75.7627322"/>
  <node id="14063670855" lat="26.8497365" lon="75.7630250"/>
  <node id="14074099645" lat="26.8672463" lon="75.7690297"/>
  <node id="14074099656" lat="26.8670390" lon="75.7698211"/>
  <node id="14074208351" lat="26.8882848" lon="75.7505885"/>
  <node id="14074447553" lat="26.8658042" lon="75.7720580"/>
  <node id="14074587031" lat="26.8698317" lon="75.7506953"/>
  <node id="14074587032" lat="26.8695928" lon="75.7505950"/>
  <node id="14076087150" lat="26.8690267" lon="75.7596921"/>
  <node id="14076087151" lat="26.8700677" lon="75.7592301"/>
  <node id="14076087152" lat="26.8699924" lon="75.7592656">
    <tag k="access" v="private"/>
    <tag k="barrier" v="gate"/>
  </node>
  <node id="14076332642" lat="26.8791884" lon="75.7436312"/>
  <node id="14076742121" lat="26.8642384" lon="75.7532445"/>
  <node id="14076742122" lat="26.8648576" lon="75.7531538"/>
  <node id="14078180610" lat="26.8633910" lon="75.7457064"/>
  <node id="14078180611" lat="26.8607914" lon="75.7459108"/>
  <node id="14078180612" lat="26.8596439" lon="75.7460115"/>
  <node id="14078180613" lat="26.8591338" lon="75.7460876"/>
  <node id="14078180615" lat="26.8613633" lon="75.7455898"/>
  <node id="14078180616" lat="26.8613843" lon="75.7456410"/>
  <node id="14078180617" lat="26.8607747" lon="75.7457212"/>
  <node id="14078180618" lat="26.8591697" lon="75.7456149"/>
  <node id="14078180619" lat="26.8598467" lon="75.7457289"/>
  <node id="14078180620" lat="26.8599691" lon="75.7457548"/>
  <node id="14078180621" lat="26.8600423" lon="75.7458174"/>
  <node id="14078180622" lat="26.8614414" lon="75.7458273"/>
  <node id="14078180623" lat="26.8613915" lon="75.7465949"/>
  <node id="14078180624" lat="26.8613763" lon="75.7466569"/>
  <node id="14078180625" lat="26.8613445" lon="75.7466827"/>
  <node id="14078180626" lat="26.8608470" lon="75.7466091"/>
  <node id="14078180627" lat="26.8607979" lon="75.7465855"/>
  <node id="14078180628" lat="26.8607740" lon="75.7465124"/>
  <node id="14078180629" lat="26.8607727" lon="75.7463717"/>
  <node id="14078180630" lat="26.8595988" lon="75.7460183"/>
  <node id="14078180631" lat="26.8595867" lon="75.7460614"/>
  <node id="14078180632" lat="26.8595867" lon="75.7461186"/>
  <node id="14078180633" lat="26.8596008" lon="75.7461571"/>
  <node id="14078180634" lat="26.8596413" lon="75.7461790"/>
  <node id="14078180635" lat="26.8607729" lon="75.7463973"/>
  <node id="14078464127" lat="26.8800389" lon="75.7431649"/>
  <node id="14078464128" lat="26.8800624" lon="75.7431593"/>
  <node id="14078464129" lat="26.8856686" lon="75.7392329"/>
  <way id="28810520">
    <nd ref="5481791856"/>
    <nd ref="5481815223"/>
    <nd ref="5481815224"/>
    <nd ref="316753357"/>
    <nd ref="8655588609"/>
    <nd ref="5481791857"/>
    <nd ref="5481791858"/>
    <nd ref="5481791859"/>
    <nd ref="316753358"/>
    <nd ref="316753359"/>
    <nd ref="8655462858"/>
    <nd ref="5481815226"/>
    <tag k="highway" v="trunk"/>
    <tag k="oneway" v="yes"/>
    <tag k="ref" v="NH52"/>
  </way>
  <way id="190147722">
    <nd ref="319082999"/>
    <nd ref="3783217198"/>
    <nd ref="3787115254"/>
    <nd ref="3787115243"/>
    <nd ref="3787115236"/>
    <nd ref="3787115216"/>
    <nd ref="3787115189"/>
    <nd ref="2007655160"/>
    <nd ref="3787115158"/>
    <nd ref="3787114645"/>
    <nd ref="2007655158"/>
    <nd ref="2007655156"/>
    <nd ref="3788543098"/>
    <nd ref="11226609495"/>
    <nd ref="3788543078"/>
    <nd ref="3788543065"/>
    <nd ref="3788541449"/>
    <nd ref="3788541430"/>
    <nd ref="3788541428"/>
    <nd ref="3783124422"/>
    <nd ref="2007655150"/>
    <nd ref="3788543031"/>
    <nd ref="3788543028"/>
    <nd ref="3788543015"/>
    <nd ref="3779216097"/>
    <nd ref="3788543006"/>
    <nd ref="3779216092"/>
    <nd ref="3779216089"/>
    <nd ref="3779216087"/>
    <nd ref="3788668015"/>
    <nd ref="3779216078"/>
    <nd ref="3788668014"/>
    <nd ref="3779216069"/>
    <tag k="highway" v="tertiary"/>
    <tag k="name" v="Rajat Path"/>
    <tag k="oneway" v="yes"/>
  </way>
  <way id="263930278">
    <nd ref="3780960803"/>
    <nd ref="3780960775"/>
    <nd ref="3780960771"/>
    <nd ref="3780960756"/>
    <nd ref="3780960744"/>
    <nd ref="3780960724"/>
    <nd ref="3780960691"/>
    <nd ref="2696139411"/>
    <nd ref="8642138398"/>
    <nd ref="3780960599"/>
    <nd ref="6976242969"/>
    <tag k="highway" v="tertiary"/>
    <tag k="name" v="Jan Path"/>
    <tag k="oneway" v="yes"/>
  </way>
  <way id="263930279">
    <nd ref="2696139321"/>
    <nd ref="2696139324"/>
    <nd ref="3792433585"/>
    <nd ref="2696139330"/>
    <nd ref="2696139349"/>
    <nd ref="11209387131"/>
    <nd ref="2696139361"/>
    <nd ref="2696139363"/>
    <nd ref="2696139381"/>
    <tag k="highway" v="residential"/>
  </way>
  <way id="263930280">
    <nd ref="2696139365"/>
    <nd ref="2696139373"/>
    <nd ref="2696139372"/>
    <nd ref="2696139371"/>
    <nd ref="8634324676"/>
    <nd ref="2696139374"/>
    <nd ref="2696139375"/>
    <nd ref="2696139376"/>
    <nd ref="2696139378"/>
    <nd ref="3096017360"/>
    <nd ref="2696139381"/>
    <tag k="highway" v="residential"/>
  </way>
  <way id="263930282">
    <nd ref="2830752724"/>
    <nd ref="2696139421"/>
    <nd ref="8634219473"/>
    <nd ref="3783279625"/>
    <nd ref="2696139414"/>
    <nd ref="3783279615"/>
    <nd ref="2696139409"/>
    <nd ref="8634324685"/>
    <nd ref="2696139408"/>
    <nd ref="2696139406"/>
    <nd ref="2696139405"/>
    <nd ref="3783279332"/>
    <nd ref="2696139400"/>
    <nd ref="3783279327"/>
    <nd ref="2696139399"/>
    <nd ref="3783279320"/>
    <nd ref="2696139396"/>
    <tag k="highway" v="residential"/>
    <tag k="name" v="siddharth path"/>
  </way>
  <way id="263930295">
    <nd ref="3779216098"/>
    <nd ref="3788668044"/>
    <nd ref="2696139169"/>
    <nd ref="3788668048"/>
    <nd ref="6868540506"/>
    <nd ref="3788542754"/>
    <nd ref="3788543165"/>
    <nd ref="3788543175"/>
    <nd ref="11209945036"/>
    <nd ref="8621480755"/>
    <nd ref="11209860885"/>
    <nd ref="2696139171"/>
    <nd ref="3783124423"/>
    <nd ref="3788543268"/>
    <nd ref="4766885831"/>
    <nd ref="11209875523"/>
    <nd ref="3788543298"/>
    <nd ref="8620399630"/>
    <nd ref="3788668060"/>
    <nd ref="3788543458"/>
    <nd ref="3788543488"/>
    <nd ref="2696139175"/>
    <nd ref="3783217202"/>
    <nd ref="3783133868"/>
    <tag k="highway" v="tertiary"/>
  </way>
  <way id="263930296">
    <nd ref="3788668051"/>
    <nd ref="3788668053"/>
    <nd ref="3788668057"/>
    <nd ref="3788668058"/>
    <nd ref="3788543313"/>
    <nd ref="3788668068"/>
    <nd ref="2696139174"/>
    <nd ref="3783124424"/>
    <nd ref="8620521164"/>
    <nd ref="3788668080"/>
    <nd ref="8620542175"/>
    <nd ref="8620542174"/>
    <nd ref="3788668084"/>
    <nd ref="3788668093"/>
    <nd ref="2696139177"/>
    <nd ref="3788668101"/>
    <nd ref="14076087151"/>
    <nd ref="8621480729"/>
    <nd ref="2696139179"/>
    <nd ref="3783217206"/>
    <tag k="highway" v="tertiary"/>
  </way>
  <way id="263930299">
    <nd ref="2696139324"/>
    <nd ref="2696139281"/>
    <tag k="highway" v="residential"/>
  </way>
  <way id="263930303">
    <nd ref="2696139349"/>
    <nd ref="11209387133"/>
    <nd ref="2696139355"/>
    <nd ref="8637775792"/>
    <nd ref="3792433582"/>
    <nd ref="2696139301"/>
    <nd ref="3792433581"/>
    <nd ref="2696139313"/>
    <nd ref="2696139322"/>
    <tag k="highway" v="residential"/>
  </way>
  <way id="263930305">
    <nd ref="2830764255"/>
    <nd ref="3779216101"/>
    <nd ref="2696139176"/>
    <nd ref="8620485033"/>
    <nd ref="3788668110"/>
    <nd ref="3788668116"/>
    <nd ref="3788668121"/>
    <nd ref="3788668128"/>
    <nd ref="3788668132"/>
    <nd ref="8620485032"/>
    <nd ref="8620485031"/>
    <nd ref="2696139181"/>
    <nd ref="3783124425"/>
    <nd ref="8620521187"/>
    <nd ref="3788668155"/>
    <nd ref="3788668157"/>
    <nd ref="3788668161"/>
    <nd ref="3788668164"/>
    <nd ref="3788668170"/>
    <nd ref="3788668175"/>
    <nd ref="3788668178"/>
    <nd ref="3788668179"/>
    <nd ref="3788668190"/>
    <nd ref="3788668194"/>
    <nd ref="3788668200"/>
    <nd ref="3788668203"/>
    <nd ref="3783217210"/>
    <nd ref="2830764257"/>
    <tag k="highway" v="tertiary"/>
  </way>
  <way id="263930309">
    <nd ref="3780960602"/>
    <nd ref="3780960597"/>
    <nd ref="2696139394"/>
    <tag k="highway" v="tertiary"/>
    <tag k="name" v="Gautam Marg"/>
    <tag k="oneway" v="yes"/>
  </way>
  <way id="263930310">
    <nd ref="2696139396"/>
    <nd ref="11226350130"/>
    <nd ref="8634324681"/>
    <nd ref="3783279284"/>
    <nd ref="2696139390"/>
    <nd ref="2696139385"/>
    <nd ref="8637331798"/>
    <nd ref="3792433593"/>
    <nd ref="3792433583"/>
    <nd ref="2696139322"/>
    <nd ref="8637775787"/>
    <nd ref="3792433574"/>
    <nd ref="3792433567"/>
    <nd ref="2830764260"/>
    <nd ref="3792433563"/>
    <tag k="highway" v="residential"/>
  </way>
  <way id="263930318">
    <nd ref="2696139358"/>
    <nd ref="2696139361"/>
    <tag k="highway" v="residential"/>
  </way>
  <way id="295276407">
    <nd ref="2696139378"/>
    <nd ref="2696139358"/>
    <nd ref="2696139356"/>
    <tag k="highway" v="residential"/>
  </way>
  <way id="374524843">
    <nd ref="3779216056"/>
    <nd ref="3779216061"/>
    <nd ref="3779216065"/>
    <nd ref="3779216070"/>
    <nd ref="3779216073"/>
    <nd ref="3779216076"/>
    <nd ref="3779216082"/>
    <nd ref="3788542974"/>
    <nd ref="3779216088"/>
    <nd ref="3779216091"/>
    <nd ref="3779216093"/>
    <tag k="highway" v="residential"/>
  </way>
  <way id="374524844">
    <nd ref="3779216016"/>
    <nd ref="3779216024"/>
    <nd ref="3779216042"/>
    <nd ref="3779216048"/>
    <nd ref="3779216051"/>
    <nd ref="3779216054"/>
    <nd ref="3779216058"/>
    <nd ref="3779216060"/>
    <nd ref="3779216062"/>
    <nd ref="3779216083"/>
    <nd ref="3779216091"/>
    <tag k="highway" v="residential"/>
  </way>
  <way id="374524845">
    <nd ref="3779216092"/>
    <nd ref="8621480777"/>
    <nd ref="3779216077"/>
    <nd ref="3779216056"/>
    <nd ref="3779216045"/>
    <nd ref="3779216038"/>
    <nd ref="11217101477"/>
    <nd ref="11217101475"/>
    <nd ref="3779216029"/>
    <nd ref="3779216022"/>
    <nd ref="3779216007"/>
    <nd ref="11217165004"/>
    <nd ref="3779215989"/>
    <nd ref="3779215984"/>
    <nd ref="3779215955"/>
    <nd ref="3779215950"/>
    <tag k="highway" v="residential"/>
  </way>
  <way id="374524847">
    <nd ref="3789954219"/>
    <nd ref="5578864583"/>
    <nd ref="3779215950"/>
    <nd ref="3779215957"/>
    <nd ref="3779215962"/>
    <nd ref="3779215965"/>
    <nd ref="3779215979"/>
    <nd ref="3779215983"/>
    <nd ref="3779215986"/>
    <nd ref="3779215990"/>
    <nd ref="4698882599"/>
    <nd ref="3779215996"/>
    <nd ref="3779216011"/>
    <nd ref="3779216064"/>
    <tag k="highway" v="tertiary"/>
  </way>
  <way id="374524851">
    <nd ref="3779215976"/>
    <nd ref="8643101520"/>
    <nd ref="3779215991"/>
    <tag k="highway" v="residential"/>
  </way>
  <way id="374524853">
    <nd ref="5578864583"/>
    <nd ref="3779215886"/>
    <tag k="highway" v="service"/>
  </way>
  <way id="374524855">
    <nd ref="8620267826"/>
    <nd ref="3779216087"/>
    <nd ref="3779216049"/>
    <tag k="highway" v="residential"/>
  </way>
  <way id="374524857">
    <nd ref="3779216012"/>
    <nd ref="3779216024"/>
    <tag k="highway" v="residential"/>
  </way>
  <way id="374524858">
    <nd ref="3779215960"/>
    <nd ref="3779215993"/>
    <tag k="highway" v="residential"/>
  </way>
  <way id="374524860">
    <nd ref="3779216041"/>
    <nd ref="3779216078"/>
    <tag k="highway" v="residential"/>
  </way>
  <way id="374524861">
    <nd ref="3779215996"/>
    <nd ref="3779216016"/>
    <tag k="highway" v="residential"/>
  </way>
  <way id="374524862">
    <nd ref="3779215964"/>
    <nd ref="3779215972"/>
    <tag k="highway" v="residential"/>
  </way>
  <way id="374524864">
    <nd ref="3779216053"/>
    <nd ref="3779216013"/>
    <nd ref="3789954113"/>
    <nd ref="3779215998"/>
    <nd ref="8637186664"/>
    <nd ref="3779215978"/>
    <nd ref="3779215975"/>
    <nd ref="3779215971"/>
    <nd ref="3779215967"/>
    <nd ref="12401598698"/>
    <nd ref="3779215958"/>
    <nd ref="3779215956"/>
    <nd ref="3779215952"/>
    <nd ref="3779262220"/>
    <nd ref="9739664244"/>
    <nd ref="3779215945"/>
    <nd ref="3779215943"/>
    <nd ref="3779215939"/>
    <nd ref="3779215935"/>
    <nd ref="3779215934"/>
    <nd ref="11217152434"/>
    <nd ref="3779215920"/>
    <nd ref="3779215909"/>
    <nd ref="3779215898"/>
    <nd ref="3779215896"/>
    <nd ref="3779215886"/>
    <nd ref="3789954180"/>
    <tag k="highway" v="tertiary"/>
  </way>
  <way id="374524865">
    <nd ref="3779216071"/>
    <nd ref="3779216081"/>
    <nd ref="3779216086"/>
    <tag k="highway" v="residential"/>
  </way>
  <way id="374524866">
    <nd ref="3779215989"/>
    <nd ref="3779215993"/>
    <nd ref="3779215995"/>
    <tag k="highway" v="residential"/>
  </way>
  <way id="374524869">
    <nd ref="3779216065"/>
    <nd ref="3779216055"/>
    <nd ref="3789954268"/>
    <nd ref="11217101478"/>
    <nd ref="11217101476"/>
    <nd ref="3779216030"/>
    <tag k="highway" v="residential"/>
  </way>
  <way id="374524870">
    <nd ref="3779216021"/>
    <nd ref="3779216000"/>
    <nd ref="11217100867"/>
    <nd ref="3779215954"/>
    <tag k="highway" v="residential"/>
  </way>
  <way id="374524871">
    <nd ref="3779216020"/>
    <nd ref="8643101522"/>
    <nd ref="3779215991"/>
    <nd ref="3779215979"/>
    <tag k="highway" v="residential"/>
  </way>
  <way id="374524872">
    <nd ref="3779216011"/>
    <nd ref="8637186667"/>
    <nd ref="3779215998"/>
    <tag k="highway" v="residential"/>
  </way>
  <way id="374524875">
    <nd ref="3779216042"/>
    <nd ref="3779216047"/>
    <nd ref="3779216079"/>
    <tag k="highway" v="residential"/>
  </way>
  <way id="374524876">
    <nd ref="3779215952"/>
    <nd ref="3779262208"/>
    <nd ref="3779215941"/>
    <nd ref="8643101525"/>
    <nd ref="3779215925"/>
    <tag k="highway" v="residential"/>
  </way>
  <way id="374524877">
    <nd ref="3779216016"/>
    <nd ref="3779216072"/>
    <tag k="highway" v="residential"/>
  </way>
  <way id="374524878">
    <nd ref="3779216084"/>
    <nd ref="3779216071"/>
    <nd ref="3779216061"/>
    <tag k="highway" v="residential"/>
  </way>
  <way id="374524879">
    <nd ref="3779216022"/>
    <nd ref="3779216030"/>
    <nd ref="3779216034"/>
    <tag k="highway" v="residential"/>
  </way>
  <way id="374524880">
    <nd ref="3779216017"/>
    <nd ref="3779215999"/>
    <nd ref="3779215973"/>
    <tag k="highway" v="residential"/>
  </way>
  <way id="374524881">
    <nd ref="3779216009"/>
    <nd ref="8643083615"/>
    <nd ref="3779216039"/>
    <nd ref="3779216035"/>
    <tag k="highway" v="residential"/>
  </way>
  <way id="374524882">
    <nd ref="3779216006"/>
    <nd ref="8643101523"/>
    <nd ref="8643101519"/>
    <nd ref="3779215976"/>
    <nd ref="3779215962"/>
    <tag k="highway" v="residential"/>
  </way>
  <way id="374524883">
    <nd ref="3779216000"/>
    <nd ref="3779216017"/>
    <nd ref="3779216029"/>
    <tag k="highway" v="residential"/>
  </way>
  <way id="374524884">
    <nd ref="3779216046"/>
    <nd ref="3779216050"/>
    <nd ref="3779216066"/>
    <tag k="highway" v="residential"/>
  </way>
  <way id="374524886">
    <nd ref="3779216089"/>
    <nd ref="3779216057"/>
    <nd ref="3779216037"/>
    <tag k="highway" v="residential"/>
  </way>
  <way id="374524888">
    <nd ref="3779216077"/>
    <nd ref="3779216084"/>
    <nd ref="3779216090"/>
    <tag k="highway" v="residential"/>
  </way>
  <way id="374524889">
    <nd ref="3779216007"/>
    <nd ref="3779216014"/>
    <nd ref="3779216023"/>
    <tag k="highway" v="residential"/>
  </way>
  <way id="374524890">
    <nd ref="3779216025"/>
    <nd ref="3779216032"/>
    <nd ref="3779216036"/>
    <tag k="highway" v="residential"/>
  </way>
  <way id="374524893">
    <nd ref="3779216080"/>
    <nd ref="3779216075"/>
    <nd ref="3779216052"/>
    <nd ref="3779216032"/>
    <tag k="highway" v="residential"/>
  </way>
  <way id="374524894">
    <nd ref="3789954257"/>
    <nd ref="3779216041"/>
    <nd ref="3779216049"/>
    <nd ref="3779216057"/>
    <tag k="highway" v="residential"/>
  </way>
  <way id="374524895">
    <nd ref="3779216010"/>
    <nd ref="3779216025"/>
    <nd ref="11217108260"/>
    <nd ref="11217108259"/>
    <nd ref="3779216067"/>
    <nd ref="11217108643"/>
    <nd ref="3779216082"/>
    <tag k="highway" v="residential"/>
  </way>
  <way id="374524897">
    <nd ref="3779215961"/>
    <nd ref="11217100866"/>
    <nd ref="3779215994"/>
    <nd ref="3779215999"/>
    <tag k="highway" v="residential"/>
  </way>
  <way id="374524898">
    <nd ref="3779215882"/>
    <nd ref="3779215893"/>
    <nd ref="11217152432"/>
    <nd ref="9739664234"/>
    <nd ref="3779215911"/>
    <nd ref="3779215914"/>
    <nd ref="11217152434"/>
    <tag k="highway" v="residential"/>
  </way>
  <way id="374524900">
    <nd ref="12257697207"/>
    <nd ref="3779216063"/>
    <nd ref="3779216066"/>
    <nd ref="3779216076"/>
    <tag k="highway" v="residential"/>
  </way>
  <way id="374524901">
    <nd ref="3779215986"/>
    <nd ref="3779215977"/>
    <nd ref="8637186665"/>
    <nd ref="3779215968"/>
    <nd ref="3779215963"/>
    <nd ref="3779215958"/>
    <tag k="highway" v="residential"/>
  </way>
  <way id="374524904">
    <nd ref="3779215907"/>
    <nd ref="3779215918"/>
    <nd ref="3779262182"/>
    <nd ref="3779215936"/>
    <nd ref="3779215944"/>
    <nd ref="3779215958"/>
    <tag k="highway" v="residential"/>
  </way>
  <way id="374524905">
    <nd ref="3779215897"/>
    <nd ref="3779262169"/>
    <nd ref="3779215925"/>
    <nd ref="3779215936"/>
    <tag k="highway" v="residential"/>
  </way>
  <way id="374524906">
    <nd ref="3779216063"/>
    <nd ref="3779216046"/>
    <nd ref="3779216035"/>
    <nd ref="3779216026"/>
    <nd ref="3779216015"/>
    <tag k="highway" v="residential"/>
  </way>
  <way id="374524907">
    <nd ref="3789953671"/>
    <nd ref="3779215954"/>
    <nd ref="3779215961"/>
    <nd ref="3779215973"/>
    <nd ref="3779215984"/>
    <tag k="highway" v="residential"/>
  </way>
  <way id="374524911">
    <nd ref="3779216073"/>
    <nd ref="3779216086"/>
    <nd ref="3779216090"/>
    <nd ref="12343515856"/>
    <nd ref="12343515855"/>
    <nd ref="3779216094"/>
    <nd ref="3779216095"/>
    <nd ref="3779216097"/>
    <tag k="highway" v="residential"/>
  </way>
  <way id="374524912">
    <nd ref="3779215955"/>
    <nd ref="3779215960"/>
    <nd ref="3779215964"/>
    <nd ref="3779215995"/>
    <nd ref="11217165005"/>
    <nd ref="3779216002"/>
    <nd ref="3779216014"/>
    <tag k="highway" v="residential"/>
  </way>
  <way id="374524913">
    <nd ref="8637186671"/>
    <nd ref="11217108318"/>
    <nd ref="3779215935"/>
    <tag k="highway" v="residential"/>
  </way>
  <way id="374524914">
    <nd ref="3789954132"/>
    <nd ref="3779216021"/>
    <nd ref="3779216037"/>
    <nd ref="3779216045"/>
    <nd ref="3779216055"/>
    <tag k="highway" v="residential"/>
  </way>
  <way id="374524915">
    <nd ref="3789953539"/>
    <nd ref="3779215748"/>
    <nd ref="8121281171"/>
    <nd ref="3779215750"/>
    <nd ref="3779215755"/>
    <nd ref="3789953581"/>
    <nd ref="3779215756"/>
    <nd ref="3789953603"/>
    <nd ref="3779215760"/>
    <nd ref="3779215762"/>
    <nd ref="3779215766"/>
    <nd ref="3779215772"/>
    <nd ref="8635211673"/>
    <nd ref="3779215773"/>
    <nd ref="3789953654"/>
    <nd ref="3779215782"/>
    <nd ref="8635211675"/>
    <nd ref="3779215784"/>
    <nd ref="3779261944"/>
    <nd ref="3779215785"/>
    <nd ref="11199708482"/>
    <nd ref="3779215787"/>
    <nd ref="3779215789"/>
    <nd ref="3779215791"/>
    <nd ref="3779215794"/>
    <nd ref="11593705757"/>
    <nd ref="3779215797"/>
    <nd ref="3779215798"/>
    <nd ref="3789953810"/>
    <nd ref="3779215799"/>
    <nd ref="3779215800"/>
    <nd ref="9739652681"/>
    <nd ref="3789953834"/>
    <nd ref="3789953839"/>
    <nd ref="3779215803"/>
    <nd ref="8635211649"/>
    <nd ref="3779215804"/>
    <nd ref="3779215805"/>
    <nd ref="3789953865"/>
    <nd ref="3779215809"/>
    <nd ref="3779215812"/>
    <nd ref="3779262073"/>
    <nd ref="3779215815"/>
    <nd ref="3789953970"/>
    <nd ref="3779215817"/>
    <nd ref="3779215819"/>
    <nd ref="8642418143"/>
    <nd ref="3779262093"/>
    <nd ref="3789954005"/>
    <nd ref="3779262096"/>
    <nd ref="3779215820"/>
    <nd ref="3789954014"/>
    <nd ref="3779262102"/>
    <nd ref="3779215824"/>
    <nd ref="3779262105"/>
    <nd ref="3779215825"/>
    <nd ref="3779215826"/>
    <nd ref="3779215829"/>
    <nd ref="3779215830"/>
    <nd ref="3779215839"/>
    <nd ref="3789954053"/>
    <nd ref="3789954066"/>
    <nd ref="11217506218"/>
    <nd ref="3789954070"/>
    <nd ref="3779215850"/>
    <nd ref="3789954092"/>
    <nd ref="7081827266"/>
    <nd ref="3789954158"/>
    <nd ref="3789954176"/>
    <nd ref="3779215870"/>
    <nd ref="3789954190"/>
    <nd ref="3779215878"/>
    <nd ref="3779215883"/>
    <nd ref="3779215894"/>
    <nd ref="12401611416"/>
    <nd ref="3779215901"/>
    <nd ref="3779215904"/>
    <nd ref="3779215906"/>
    <nd ref="3779215908"/>
    <nd ref="3789954217"/>
    <nd ref="3779215916"/>
    <nd ref="3789954220"/>
    <nd ref="3779262177"/>
    <nd ref="3789954222"/>
    <nd ref="3789954224"/>
    <nd ref="14053765743"/>
    <nd ref="3779215924"/>
    <nd ref="3779215912"/>
    <tag k="highway" v="tertiary"/>
  </way>
  <way id="374524916">
    <nd ref="3779216088"/>
    <nd ref="3779216080"/>
    <nd ref="11217108644"/>
    <nd ref="3779216036"/>
    <nd ref="3779216027"/>
    <nd ref="3779216012"/>
    <nd ref="3779215983"/>
    <tag k="highway" v="residential"/>
  </way>
  <way id="374524917">
    <nd ref="3779215866"/>
    <nd ref="3779215887"/>
    <nd ref="3779215895"/>
    <nd ref="3779215903"/>
    <nd ref="3779215905"/>
    <nd ref="11217141266"/>
    <nd ref="9739664239"/>
    <nd ref="11217108317"/>
    <nd ref="3779215933"/>
    <nd ref="3779215939"/>
    <tag k="highway" v="residential"/>
  </way>
  <way id="374524918">
    <nd ref="3779216001"/>
    <nd ref="3779216006"/>
    <nd ref="3779216009"/>
    <nd ref="3779216010"/>
    <nd ref="3779216018"/>
    <nd ref="3779216020"/>
    <nd ref="3779216027"/>
    <tag k="highway" v="residential"/>
  </way>
  <way id="374524922">
    <nd ref="3779215965"/>
    <nd ref="12401631098"/>
    <nd ref="12401631099"/>
    <nd ref="3779215943"/>
    <nd ref="3779215927"/>
    <nd ref="3779262174"/>
    <nd ref="8643101526"/>
    <nd ref="3779215897"/>
    <nd ref="3789954197"/>
    <nd ref="3779215872"/>
    <nd ref="3779215867"/>
    <nd ref="3789954099"/>
    <nd ref="14045510090"/>
    <nd ref="3779215845"/>
    <tag k="highway" v="residential"/>
  </way>
  <way id="374524923">
    <nd ref="3779216070"/>
    <nd ref="12257697207"/>
    <nd ref="3779216034"/>
    <nd ref="3779216023"/>
    <nd ref="8643083616"/>
    <nd ref="3779216001"/>
    <nd ref="3779215985"/>
    <nd ref="3779215972"/>
    <nd ref="3779215957"/>
    <tag k="highway" v="residential"/>
  </way>
  <way id="374530038">
    <nd ref="3779262249"/>
    <nd ref="3779262227"/>
    <nd ref="3779262188"/>
    <tag k="highway" v="residential"/>
  </way>
  <way id="374530039">
    <nd ref="3779262177"/>
    <nd ref="3779262170"/>
    <nd ref="3779262162"/>
    <nd ref="3779262160"/>
    <nd ref="3779262154"/>
    <nd ref="3779262152"/>
    <nd ref="3779262150"/>
    <nd ref="3779262146"/>
    <nd ref="3779262145"/>
    <nd ref="3779262147"/>
    <nd ref="3789954170"/>
    <nd ref="14053765744"/>
    <nd ref="3779215869"/>
    <tag k="highway" v="residential"/>
  </way>
  <way id="374530040">
    <nd ref="11217530066"/>
    <nd ref="3779262223"/>
    <nd ref="3789953673"/>
    <nd ref="3779262200"/>
    <nd ref="3789954230"/>
    <nd ref="3779262189"/>
    <tag k="highway" v="residential"/>
  </way>
  <way id="374530042">
    <nd ref="14030364785"/>
    <nd ref="3779262407"/>
    <nd ref="3779262386"/>
    <nd ref="3779262384"/>
    <nd ref="3779262381"/>
    <nd ref="3935245646"/>
    <nd ref="3779262375"/>
    <nd ref="3779262366"/>
    <nd ref="3779262252"/>
    <nd ref="3935230885"/>
    <nd ref="3779262228"/>
    <nd ref="3935230855"/>
    <nd ref="3935230823"/>
    <nd ref="8642418171"/>
    <nd ref="3779262131"/>
    <tag k="highway" v="residential"/>
  </way>
  <way id="374530047">
    <nd ref="3779262383"/>
    <nd ref="14053765739"/>
    <nd ref="11217090898"/>
    <nd ref="11104160969"/>
    <nd ref="3789954155"/>
    <nd ref="3789954153"/>
    <nd ref="3779262379"/>
    <nd ref="3779262374"/>
    <nd ref="3779262377"/>
    <nd ref="3779262376"/>
    <nd ref="3789954146"/>
    <nd ref="11226356046"/>
    <nd ref="11217530065"/>
    <nd ref="3779262357"/>
    <tag k="highway" v="residential"/>
  </way>
  <way id="374530056">
    <nd ref="3779215946"/>
    <nd ref="14053765742"/>
    <nd ref="3789953677"/>
    <nd ref="3779262218"/>
    <nd ref="3789954235"/>
    <nd ref="3789954231"/>
    <nd ref="3779262195"/>
    <nd ref="3779262188"/>
    <nd ref="3779262187"/>
    <nd ref="3779262184"/>
    <nd ref="3789954221"/>
    <nd ref="3779262172"/>
    <nd ref="3779262166"/>
    <nd ref="3779262163"/>
    <nd ref="3789954206"/>
    <nd ref="3789954198"/>
    <nd ref="3789954182"/>
    <nd ref="11593690447"/>
    <nd ref="3789954173"/>
    <nd ref="3779262148"/>
    <nd ref="3789954096"/>
    <nd ref="3779262136"/>
    <nd ref="3779262132"/>
    <tag k="highway" v="tertiary"/>
  </way>
  <way id="374530071">
    <nd ref="3779262220"/>
    <nd ref="3779262212"/>
    <nd ref="3779262197"/>
    <tag k="highway" v="residential"/>
  </way>
  <way id="374530072">
    <nd ref="3789954066"/>
    <nd ref="3779262148"/>
    <nd ref="11217119033"/>
    <nd ref="3789954212"/>
    <nd ref="3779262199"/>
    <tag k="highway" v="residential"/>
  </way>
  <way id="374530086">
    <nd ref="3779262172"/>
    <nd ref="3779262204"/>
    <nd ref="3779262223"/>
    <tag k="highway" v="residential"/>
  </way>
  <way id="374530088">
    <nd ref="3779262163"/>
    <nd ref="3779262200"/>
    <tag k="highway" v="residential"/>
  </way>
  <way id="374530089">
    <nd ref="3779262174"/>
    <nd ref="3779262183"/>
    <nd ref="3779262185"/>
    <nd ref="3779262192"/>
    <nd ref="3779262197"/>
    <nd ref="3779262208"/>
    <tag k="highway" v="residential"/>
  </way>
  <way id="374530097">
    <nd ref="3779262105"/>
    <nd ref="8643101549"/>
    <nd ref="3779262136"/>
    <nd ref="3779262206"/>
    <tag k="highway" v="residential"/>
  </way>
  <way id="374541237">
    <nd ref="6876875552"/>
    <nd ref="6876875548"/>
    <nd ref="3783217217"/>
    <nd ref="6876875557"/>
    <nd ref="5553635502"/>
    <nd ref="6876875565"/>
    <nd ref="319083010"/>
    <nd ref="8620542165"/>
    <nd ref="3787305120"/>
    <nd ref="8093004214"/>
    <nd ref="8093004202"/>
    <nd ref="319083007"/>
    <nd ref="319083006"/>
    <nd ref="2830764257"/>
    <nd ref="319083005"/>
    <nd ref="319083004"/>
    <nd ref="2830764256"/>
    <nd ref="319083003"/>
    <nd ref="8620384775"/>
    <nd ref="319083001"/>
    <nd ref="2830764254"/>
    <nd ref="3783133868"/>
    <nd ref="3783133866"/>
    <nd ref="319083000"/>
    <nd ref="8620267828"/>
    <nd ref="319082999"/>
    <nd ref="319082998"/>
    <nd ref="3783217195"/>
    <nd ref="319082997"/>
    <nd ref="319082995"/>
    <nd ref="3787115245"/>
    <nd ref="319082712"/>
    <nd ref="9768800360"/>
    <nd ref="3787115248"/>
    <nd ref="319082711"/>
    <nd ref="6735257459"/>
    <nd ref="3787115238"/>
    <nd ref="14074099645"/>
    <nd ref="319082710"/>
    <nd ref="14074099656"/>
    <nd ref="8620340132"/>
    <nd ref="2007655162"/>
    <nd ref="8620884423"/>
    <nd ref="319082709"/>
    <nd ref="4720164839"/>
    <nd ref="5553599906"/>
    <nd ref="319081954"/>
    <nd ref="5482581997"/>
    <nd ref="3783217186"/>
    <nd ref="4720166698"/>
    <nd ref="14074447553"/>
    <nd ref="5482581996"/>
    <nd ref="319082707"/>
    <nd ref="3783217184"/>
    <nd ref="7081621540"/>
    <nd ref="319083536"/>
    <nd ref="14045758028"/>
    <nd ref="319083535"/>
    <nd ref="12401598700"/>
    <nd ref="319083534"/>
    <nd ref="3783217179"/>
    <nd ref="319083533"/>
    <nd ref="12401611401"/>
    <nd ref="9366613259"/>
    <nd ref="319083532"/>
    <nd ref="8668430535"/>
    <nd ref="319083531"/>
    <nd ref="8668446726"/>
    <nd ref="8642313865"/>
    <nd ref="13094064192"/>
    <nd ref="6237403994"/>
    <nd ref="12876888426"/>
    <nd ref="319083529"/>
    <nd ref="8637504161"/>
    <nd ref="5532569946"/>
    <nd ref="11597660703"/>
    <nd ref="5532569947"/>
    <nd ref="319083528"/>
    <nd ref="3789898257"/>
    <nd ref="3789897442"/>
    <nd ref="319083527"/>
    <nd ref="3788672290"/>
    <nd ref="319083526"/>
    <nd ref="7417072468"/>
    <nd ref="3788675306"/>
    <nd ref="2007653883"/>
    <nd ref="3788672936"/>
    <nd ref="3788672911"/>
    <nd ref="5534911962"/>
    <nd ref="5534911966"/>
    <nd ref="319083525"/>
    <nd ref="3788675207"/>
    <nd ref="3227744436"/>
    <nd ref="11752176003"/>
    <nd ref="319083524"/>
    <nd ref="319083523"/>
    <nd ref="8637461265"/>
    <nd ref="8668446727"/>
    <nd ref="319083522"/>
    <nd ref="319083520"/>
    <nd ref="3783217158"/>
    <nd ref="319083519"/>
    <nd ref="319083518"/>
    <nd ref="7115839033"/>
    <nd ref="2007649407"/>
    <tag k="highway" v="tertiary"/>
    <tag k="maxspeed" v="40"/>
    <tag k="name" v="Shipra Path"/>
    <tag k="oneway" v="yes"/>
  </way>
  <way id="374698736">
    <nd ref="3780824728"/>
    <nd ref="3780824727"/>
    <nd ref="3780824726"/>
    <nd ref="3780824725"/>
    <nd ref="3780824724"/>
    <nd ref="3780824723"/>
    <nd ref="3780824717"/>
    <nd ref="3780824712"/>
    <nd ref="3780824701"/>
    <nd ref="3780824688"/>
    <nd ref="3780824659"/>
    <tag k="highway" v="residential"/>
  </way>
  <way id="374698742">
    <nd ref="3780825074"/>
    <nd ref="3780825033"/>
    <nd ref="3780824992"/>
    <nd ref="3780824959"/>
    <nd ref="3780824952"/>
    <nd ref="3780824943"/>
    <nd ref="3780824935"/>
    <nd ref="3780824923"/>
    <nd ref="3780824898"/>
    <nd ref="14060862677"/>
    <nd ref="3780824865"/>
    <nd ref="8634951490"/>
    <nd ref="3780824748"/>
    <tag k="highway" v="residential"/>
    <tag k="name" v="devi nagar road"/>
  </way>
  <way id="374698743">
    <nd ref="3780824247"/>
    <nd ref="3780824255"/>
    <nd ref="3780824658"/>
    <nd ref="3780824666"/>
    <nd ref="3780824671"/>
    <nd ref="3780824677"/>
    <nd ref="3780824682"/>
    <nd ref="3780824684"/>
    <nd ref="3780824692"/>
    <nd ref="3780824693"/>
    <nd ref="3780824700"/>
    <tag k="highway" v="residential"/>
  </way>
  <way id="374698751">
    <nd ref="3780824700"/>
    <nd ref="7090378397"/>
    <nd ref="11209574204"/>
    <nd ref="3780824710"/>
    <nd ref="8634799711"/>
    <nd ref="3780824720"/>
    <nd ref="3780824731"/>
    <nd ref="3780824732"/>
    <nd ref="3780824733"/>
    <nd ref="11617764296"/>
    <nd ref="3780824736"/>
    <nd ref="3780824739"/>
    <nd ref="3780824741"/>
    <nd ref="3780824745"/>
    <nd ref="3780824755"/>
    <nd ref="3780824867"/>
    <tag k="highway" v="residential"/>
  </way>
  <way id="374698770">
    <nd ref="3780825014"/>
    <nd ref="3780825001"/>
    <nd ref="3780824993"/>
    <nd ref="3780824987"/>
    <nd ref="3780824975"/>
    <nd ref="3780824953"/>
    <nd ref="3780824940"/>
    <nd ref="3780824938"/>
    <nd ref="3780824922"/>
    <nd ref="3780824908"/>
    <nd ref="3780824893"/>
    <nd ref="3780824892"/>
    <nd ref="3780824868"/>
    <nd ref="3780824747"/>
    <tag k="highway" v="residential"/>
  </way>
  <way id="374698772">
    <nd ref="3780824673"/>
    <nd ref="3780824248"/>
    <nd ref="3787306740"/>
    <nd ref="3787306735"/>
    <tag k="highway" v="residential"/>
  </way>
  <way id="374698776">
    <nd ref="3780824707"/>
    <nd ref="4720195401"/>
    <nd ref="3780824686"/>
    <nd ref="11219245202"/>
    <nd ref="4766262107"/>
    <tag k="highway" v="residential"/>
  </way>
  <way id="374698806">
    <nd ref="3780824255"/>
    <nd ref="3780824235"/>
    <tag k="highway" v="residential"/>
  </way>
  <way id="374698811">
    <nd ref="3780824682"/>
    <nd ref="3780824722"/>
    <tag k="highway" v="residential"/>
  </way>
  <way id="374698817">
    <nd ref="3780824862"/>
    <nd ref="3780824738"/>
    <tag k="highway" v="residential"/>
  </way>
  <way id="374698819">
    <nd ref="3780824676"/>
    <nd ref="3780824239"/>
    <nd ref="8620613316"/>
    <nd ref="3787306673"/>
    <tag k="highway" v="residential"/>
  </way>
  <way id="374698838">
    <nd ref="3780824664"/>
    <nd ref="3780824674"/>
    <nd ref="3780824680"/>
    <tag k="highway" v="residential"/>
  </way>
  <way id="374698840">
    <nd ref="3780824889"/>
    <nd ref="3780824896"/>
    <nd ref="3780824901"/>
    <tag k="highway" v="residential"/>
  </way>
  <way id="374698849">
    <nd ref="3780824697"/>
    <nd ref="3780824716"/>
    <nd ref="3780824733"/>
    <tag k="highway" v="residential"/>
  </way>
  <way id="374698870">
    <nd ref="3780824692"/>
    <nd ref="3780824714"/>
    <nd ref="3780824730"/>
    <tag k="highway" v="residential"/>
  </way>
  <way id="374698873">
    <nd ref="3780824756"/>
    <nd ref="3780824743"/>
    <nd ref="3780824734"/>
    <tag k="highway" v="residential"/>
  </way>
  <way id="374698874">
    <nd ref="3780824705"/>
    <nd ref="3780824679"/>
    <nd ref="3780824664"/>
    <nd ref="3780824245"/>
    <tag k="highway" v="residential"/>
  </way>
  <way id="374698891">
    <nd ref="3780824899"/>
    <nd ref="3780824875"/>
    <nd ref="3780824857"/>
    <nd ref="3780824753"/>
    <tag k="highway" v="residential"/>
  </way>
  <way id="374698908">
    <nd ref="3780824874"/>
    <nd ref="7090378399"/>
    <nd ref="11209574203"/>
    <nd ref="3780824885"/>
    <nd ref="3780824892"/>
    <nd ref="3780824899"/>
    <nd ref="3780824906"/>
    <tag k="highway" v="residential"/>
  </way>
  <way id="374698915">
    <nd ref="3780824746"/>
    <nd ref="3780824751"/>
    <nd ref="11209562562"/>
    <nd ref="3780824756"/>
    <nd ref="3780824860"/>
    <nd ref="3780824862"/>
    <nd ref="3780824869"/>
    <tag k="highway" v="residential"/>
    <tag k="name" v="Bhagwan Path"/>
  </way>
  <way id="374698920">
    <nd ref="3780824691"/>
    <nd ref="3780824698"/>
    <nd ref="3780824704"/>
    <nd ref="8634799716"/>
    <nd ref="3780824711"/>
    <nd ref="8634799715"/>
    <nd ref="3780824696"/>
    <nd ref="3780824677"/>
    <tag k="highway" v="residential"/>
  </way>
  <way id="374698922">
    <nd ref="3780824955"/>
    <nd ref="3780824936"/>
    <nd ref="3780824921"/>
    <nd ref="3780824905"/>
    <nd ref="3780824897"/>
    <nd ref="3780824877"/>
    <nd ref="3780824860"/>
    <tag k="highway" v="residential"/>
  </way>
  <way id="374698924">
    <nd ref="3780824867"/>
    <nd ref="3780824876"/>
    <nd ref="3780824882"/>
    <nd ref="3780824887"/>
    <nd ref="3780824880"/>
    <nd ref="3780824878"/>
    <nd ref="8634799707"/>
    <nd ref="3780824866"/>
    <tag k="highway" v="residential"/>
  </way>
  <way id="374698935">
    <nd ref="3780824931"/>
    <nd ref="3780824912"/>
    <nd ref="3780824910"/>
    <nd ref="3780824904"/>
    <nd ref="3780824898"/>
    <tag k="highway" v="residential"/>
  </way>
  <way id="374698941">
    <nd ref="3780824673"/>
    <nd ref="3780824663"/>
    <nd ref="3780824657"/>
    <nd ref="3780824254"/>
    <nd ref="3780824252"/>
    <nd ref="3780824249"/>
    <nd ref="3780824246"/>
    <nd ref="3780824243"/>
    <nd ref="3787306742"/>
    <nd ref="3787306741"/>
    <nd ref="3787306739"/>
    <tag k="highway" v="residential"/>
  </way>
  <way id="374698943">
    <nd ref="7090378396"/>
    <nd ref="11209574202"/>
    <nd ref="3780824667"/>
    <nd ref="3780824676"/>
    <nd ref="3780824681"/>
    <nd ref="3780824697"/>
    <nd ref="3780824699"/>
    <nd ref="3780824705"/>
    <nd ref="3780824715"/>
    <tag k="highway" v="residential"/>
  </way>
  <way id="374698944">
    <nd ref="3780824666"/>
    <nd ref="3780824242"/>
    <nd ref="3780824237"/>
    <nd ref="11209571535"/>
    <nd ref="3780824236"/>
    <nd ref="3780824238"/>
    <nd ref="3780824240"/>
    <nd ref="3787306743"/>
    <nd ref="3787306746"/>
    <nd ref="3780824250"/>
    <nd ref="3780824661"/>
    <nd ref="2696139370"/>
    <nd ref="14061170793"/>
    <tag k="highway" v="residential"/>
  </way>
  <way id="374698945">
    <nd ref="3785914842"/>
    <nd ref="3785914843"/>
    <nd ref="3785914846"/>
    <nd ref="3785914847"/>
    <nd ref="3785914849"/>
    <nd ref="3785914850"/>
    <nd ref="3785914851"/>
    <nd ref="3785914853"/>
    <nd ref="3785914860"/>
    <nd ref="3792331974"/>
    <nd ref="3792331980"/>
    <nd ref="3785914864"/>
    <nd ref="3792331988"/>
    <nd ref="3792331993"/>
    <nd ref="3780824689"/>
    <nd ref="3792332007"/>
    <nd ref="3792332021"/>
    <nd ref="11219245201"/>
    <nd ref="3780824709"/>
    <nd ref="3780824718"/>
    <nd ref="3780824721"/>
    <nd ref="4720195400"/>
    <nd ref="3780824737"/>
    <nd ref="3780824742"/>
    <nd ref="3780824748"/>
    <tag k="highway" v="residential"/>
    <tag k="name" v="Devi nagar road"/>
  </way>
  <way id="374698955">
    <nd ref="3780824896"/>
    <nd ref="3780824881"/>
    <nd ref="3780824873"/>
    <nd ref="3780824870"/>
    <nd ref="3780824872"/>
    <nd ref="3780824879"/>
    <nd ref="3780824888"/>
    <nd ref="3780824890"/>
    <nd ref="3780824897"/>
    <tag k="highway" v="residential"/>
  </way>
  <way id="374717287">
    <nd ref="3780960589"/>
    <nd ref="3780960598"/>
    <nd ref="3780960615"/>
    <nd ref="3780960630"/>
    <nd ref="3780960638"/>
    <tag k="access" v="permissive"/>
    <tag k="highway" v="residential"/>
  </way>
  <way id="374717292">
    <nd ref="3780960562"/>
    <nd ref="3780958455"/>
    <nd ref="3780958442"/>
    <nd ref="3780958438"/>
    <nd ref="3780958437"/>
    <nd ref="3780958431"/>
    <nd ref="3780958426"/>
    <tag k="highway" v="tertiary"/>
    <tag k="name" v="Gautam Marg"/>
    <tag k="oneway" v="yes"/>
  </way>
  <way id="374717303">
    <nd ref="3780960562"/>
    <nd ref="3780958444"/>
    <nd ref="7081575035"/>
    <nd ref="3780958419"/>
    <nd ref="3780958412"/>
    <nd ref="3780958391"/>
    <nd ref="3780958385"/>
    <nd ref="3780958379"/>
    <nd ref="3780958380"/>
    <nd ref="3780958382"/>
    <nd ref="3780958383"/>
    <nd ref="3780958384"/>
    <nd ref="3780958378"/>
    <nd ref="3780958376"/>
    <nd ref="3780958371"/>
    <tag k="highway" v="residential"/>
  </way>
  <way id="374717318">
    <nd ref="3780958454"/>
    <nd ref="11613281869"/>
    <nd ref="3780958456"/>
    <nd ref="3780960557"/>
    <nd ref="3780960560"/>
    <nd ref="3780960563"/>
    <nd ref="8634799692"/>
    <nd ref="3780960568"/>
    <nd ref="3780960576"/>
    <nd ref="3780960584"/>
    <nd ref="3780960612"/>
    <nd ref="3780960617"/>
    <nd ref="3780960653"/>
    <tag k="highway" v="residential"/>
  </way>
  <way id="374717319">
    <nd ref="3780958402"/>
    <nd ref="3780958405"/>
    <nd ref="3780958406"/>
    <nd ref="3780958416"/>
    <nd ref="3780958418"/>
    <nd ref="3780958421"/>
    <nd ref="3780958424"/>
    <nd ref="3780958428"/>
    <nd ref="3780958432"/>
    <nd ref="3780958433"/>
    <nd ref="3780958435"/>
    <nd ref="3780958436"/>
    <nd ref="3780958439"/>
    <nd ref="3780958440"/>
    <nd ref="3780958445"/>
    <nd ref="8621480721"/>
    <nd ref="3780958448"/>
    <tag k="highway" v="residential"/>
    <tag k="name" v="mandir shei radhe goving marg"/>
  </way>
  <way id="374717321">
    <nd ref="3780958427"/>
    <nd ref="3780960574"/>
    <nd ref="3780960602"/>
    <tag k="highway" v="residential"/>
    <tag k="name" v="Krishna Marg"/>
  </way>
  <way id="374717323">
    <nd ref="3780960651"/>
    <nd ref="3780960611"/>
    <tag k="highway" v="residential"/>
  </way>
  <way id="374717329">
    <nd ref="3780960642"/>
    <nd ref="3780960605"/>
    <tag k="highway" v="residential"/>
  </way>
  <way id="374717331">
    <nd ref="11613281869"/>
    <nd ref="3780958424"/>
    <tag k="highway" v="residential"/>
  </way>
  <way id="374717337">
    <nd ref="3780958418"/>
    <nd ref="11613210174"/>
    <nd ref="3780958370"/>
    <nd ref="3787306679"/>
    <nd ref="3787306672"/>
    <nd ref="3787306670"/>
    <nd ref="11613210173"/>
    <nd ref="3787306662"/>
    <tag k="access" v="permissive"/>
    <tag k="highway" v="residential"/>
    <tag k="name" v="7 number lane"/>
  </way>
  <way id="374717342">
    <nd ref="3780958439"/>
    <nd ref="11770637829"/>
    <nd ref="3780960566"/>
    <tag k="access" v="private"/>
    <tag k="highway" v="residential"/>
  </way>
  <way id="374717357">
    <nd ref="3780960623"/>
    <nd ref="3780960591"/>
    <tag k="highway" v="residential"/>
  </way>
  <way id="374717362">
    <nd ref="3780960594"/>
    <nd ref="3780960573"/>
    <tag k="highway" v="residential"/>
  </way>
  <way id="374717365">
    <nd ref="3780960719"/>
    <nd ref="3780960711"/>
    <nd ref="3780960708"/>
    <nd ref="3780960695"/>
    <nd ref="3780960714"/>
    <nd ref="3780960693"/>
    <nd ref="3780960683"/>
    <nd ref="3780960679"/>
    <nd ref="3780960677"/>
    <nd ref="3780960674"/>
    <nd ref="3780960671"/>
    <nd ref="3780960668"/>
    <nd ref="3780960665"/>
    <nd ref="3780960663"/>
    <nd ref="3780960658"/>
    <nd ref="11209497224"/>
    <nd ref="3780960654"/>
    <nd ref="3780960652"/>
    <nd ref="3780960641"/>
    <nd ref="11209497222"/>
    <nd ref="3780960628"/>
    <nd ref="8634324654"/>
    <tag k="highway" v="residential"/>
    <tag k="name" v="Lane Number 9"/>
  </way>
  <way id="374717382">
    <nd ref="8634324629"/>
    <nd ref="3780960648"/>
    <nd ref="3780960680"/>
    <tag k="highway" v="residential"/>
  </way>
  <way id="374717383">
    <nd ref="3780958417"/>
    <nd ref="3780960565"/>
    <nd ref="3780960597"/>
    <nd ref="8634324620"/>
    <tag k="highway" v="residential"/>
    <tag k="name" v="Gulab marg"/>
  </way>
  <way id="374717384">
    <nd ref="3780958428"/>
    <nd ref="3780958392"/>
    <nd ref="11209572896"/>
    <nd ref="3780958367"/>
    <nd ref="11209572891"/>
    <nd ref="3787305633"/>
    <tag k="highway" v="residential"/>
    <tag k="name" v="5 number lane"/>
  </way>
  <way id="374717388">
    <nd ref="3780958433"/>
    <nd ref="3780958400"/>
    <nd ref="3780958373"/>
    <nd ref="11209572893"/>
    <nd ref="11209572892"/>
    <nd ref="3787305636"/>
    <tag k="highway" v="residential"/>
    <tag k="name" v="4 number lane"/>
  </way>
  <way id="374717393">
    <nd ref="3780958452"/>
    <nd ref="8634324671"/>
    <nd ref="3780960595"/>
    <nd ref="3780960631"/>
    <tag k="highway" v="residential"/>
  </way>
  <way id="374717396">
    <nd ref="3780958407"/>
    <nd ref="3780958389"/>
    <nd ref="3780958365"/>
    <nd ref="3787306733"/>
    <nd ref="3787306696"/>
    <nd ref="3787306662"/>
    <nd ref="3788543230"/>
    <nd ref="3787305625"/>
    <nd ref="3787305969"/>
    <nd ref="3787304024"/>
    <nd ref="3787303995"/>
    <nd ref="3787303993"/>
    <nd ref="3787303977"/>
    <tag k="highway" v="residential"/>
    <tag k="name" v="Nirman nagar road"/>
  </way>
  <way id="374717403">
    <nd ref="3780958421"/>
    <nd ref="11613210072"/>
    <nd ref="3780958393"/>
    <nd ref="3780958368"/>
    <nd ref="8642294435"/>
    <nd ref="11613210071"/>
    <nd ref="3787305631"/>
    <tag k="access" v="permissive"/>
    <tag k="highway" v="residential"/>
    <tag k="name" v="6 number lane"/>
  </way>
  <way id="374717404">
    <nd ref="3780958434"/>
    <nd ref="3780960578"/>
    <nd ref="3780960606"/>
    <tag k="highway" v="residential"/>
    <tag k="name" v="Kalyan path"/>
  </way>
  <way id="374717409">
    <nd ref="3780960673"/>
    <nd ref="9739664218"/>
    <nd ref="3780960639"/>
    <nd ref="3780960624"/>
    <nd ref="8634324628"/>
    <nd ref="3780960608"/>
    <tag k="highway" v="residential"/>
  </way>
  <way id="374717414">
    <nd ref="3780958435"/>
    <nd ref="3780958398"/>
    <nd ref="3780958386"/>
    <nd ref="3780958372"/>
    <nd ref="11209572894"/>
    <nd ref="3787305639"/>
    <tag k="highway" v="residential"/>
    <tag k="name" v="3 number lane"/>
  </way>
  <way id="374717415">
    <nd ref="3780958440"/>
    <nd ref="3780958397"/>
    <nd ref="3780958387"/>
    <nd ref="3780958374"/>
    <nd ref="3787305641"/>
    <tag k="highway" v="residential"/>
    <tag k="name" v="2 number lane"/>
  </way>
  <way id="374717420">
    <nd ref="3780960668"/>
    <nd ref="3780960645"/>
    <nd ref="3780960643"/>
    <nd ref="8634324653"/>
    <tag k="highway" v="residential"/>
  </way>
  <way id="374717424">
    <nd ref="3780960590"/>
    <nd ref="3780960600"/>
    <nd ref="3780960603"/>
    <nd ref="3780960612"/>
    <tag k="highway" v="residential"/>
  </way>
  <way id="374717432">
    <nd ref="3780960581"/>
    <nd ref="3780960634"/>
    <nd ref="11613306701"/>
    <nd ref="3780960657"/>
    <tag k="access" v="permissive"/>
    <tag k="highway" v="residential"/>
  </way>
  <way id="374717435">
    <nd ref="3780960600"/>
    <nd ref="3780960629"/>
    <nd ref="3780960644"/>
    <nd ref="8634324663"/>
    <nd ref="3780960664"/>
    <nd ref="3780960697"/>
    <nd ref="8634324669"/>
    <nd ref="8634324668"/>
    <tag k="highway" v="residential"/>
    <tag k="name" v="3 number lane"/>
  </way>
  <way id="374717438">
    <nd ref="3780960613"/>
    <nd ref="3780960588"/>
    <nd ref="3780960559"/>
    <nd ref="3780958443"/>
    <nd ref="3780958404"/>
    <tag k="highway" v="residential"/>
    <tag k="name" v="Ashram marg"/>
  </way>
  <way id="374717439">
    <nd ref="3780960599"/>
    <nd ref="3780960580"/>
    <nd ref="3780960575"/>
    <nd ref="3780960564"/>
    <nd ref="8634324625"/>
    <nd ref="3780958437"/>
    <tag k="highway" v="residential"/>
  </way>
  <way id="374717440">
    <nd ref="3780958386"/>
    <nd ref="3780958387"/>
    <nd ref="3780958390"/>
    <nd ref="8621480722"/>
    <nd ref="3780958395"/>
    <nd ref="3780958396"/>
    <tag k="highway" v="residential"/>
  </way>
  <way id="374717442">
    <nd ref="8634324621"/>
    <nd ref="3780958438"/>
    <nd ref="3780958430"/>
    <nd ref="3780958415"/>
    <nd ref="3780958403"/>
    <nd ref="3780958381"/>
    <nd ref="3780958371"/>
    <tag k="highway" v="residential"/>
  </way>
  <way id="374717443">
    <nd ref="6976242969"/>
    <nd ref="3780960561"/>
    <nd ref="8634324624"/>
    <nd ref="3780958431"/>
    <nd ref="3780958399"/>
    <nd ref="3787306719"/>
    <tag k="highway" v="tertiary"/>
    <tag k="oneway" v="yes"/>
  </way>
  <way id="374717446">
    <nd ref="3780958415"/>
    <nd ref="3780958414"/>
    <nd ref="3780958413"/>
    <nd ref="3780958410"/>
    <nd ref="3780958411"/>
    <nd ref="3780958419"/>
    <tag k="highway" v="residential"/>
  </way>
  <way id="374717450">
    <nd ref="11613071274"/>
    <nd ref="3780958404"/>
    <nd ref="3787306752"/>
    <nd ref="3780958388"/>
    <nd ref="3787306750"/>
    <nd ref="3780958377"/>
    <nd ref="3787306748"/>
    <nd ref="3787306744"/>
    <nd ref="3780958375"/>
    <nd ref="11613071273"/>
    <nd ref="3780958366"/>
    <tag k="access" v="permissive"/>
    <tag k="highway" v="residential"/>
    <tag k="name" v="mohan marg"/>
  </way>
  <way id="374717452">
    <nd ref="3780958394"/>
    <nd ref="3780958408"/>
    <nd ref="3780958417"/>
    <nd ref="3780958427"/>
    <nd ref="3780958429"/>
    <nd ref="3780958434"/>
    <nd ref="3780958443"/>
    <tag k="highway" v="residential"/>
    <tag k="name" v="meera marg"/>
  </way>
  <way id="374717456">
    <nd ref="3780960744"/>
    <nd ref="3780960692"/>
    <nd ref="3780960672"/>
    <nd ref="3780960655"/>
    <nd ref="3780960640"/>
    <nd ref="3780960627"/>
    <nd ref="8634324630"/>
    <nd ref="3780960622"/>
    <tag k="highway" v="residential"/>
  </way>
  <way id="374717467">
    <nd ref="3780958456"/>
    <nd ref="11209489729"/>
    <nd ref="3780960587"/>
    <nd ref="3780960590"/>
    <nd ref="3780960609"/>
    <nd ref="3780960637"/>
    <nd ref="8634324633"/>
    <nd ref="3780960682"/>
    <nd ref="3780960745"/>
    <nd ref="3780960775"/>
    <tag k="highway" v="residential"/>
  </way>
  <way id="374717469">
    <nd ref="3780958450"/>
    <nd ref="3780960572"/>
    <nd ref="8634324670"/>
    <nd ref="3780960593"/>
    <nd ref="3780960616"/>
    <nd ref="3780960625"/>
    <nd ref="8634324631"/>
    <nd ref="3780960635"/>
    <nd ref="3780960662"/>
    <nd ref="3780960685"/>
    <tag k="highway" v="residential"/>
  </way>
  <way id="374717470">
    <nd ref="3780960575"/>
    <nd ref="3780960585"/>
    <nd ref="3780960594"/>
    <nd ref="3780960596"/>
    <nd ref="8642138397"/>
    <nd ref="3780960604"/>
    <nd ref="3780960621"/>
    <nd ref="3780960623"/>
    <nd ref="3780960626"/>
    <nd ref="3780960632"/>
    <tag k="highway" v="residential"/>
    <tag k="name" v="Raj marg"/>
  </way>
  <way id="374717472">
    <nd ref="3780960622"/>
    <nd ref="3780960601"/>
    <nd ref="3780960582"/>
    <nd ref="3780960567"/>
    <nd ref="3780958449"/>
    <nd ref="3780958447"/>
    <nd ref="3780958441"/>
    <nd ref="3780958423"/>
    <nd ref="3780958405"/>
    <tag k="highway" v="residential"/>
  </way>
  <way id="374717474">
    <nd ref="8634407647"/>
    <nd ref="3780960618"/>
    <nd ref="3780960592"/>
    <nd ref="3780960570"/>
    <nd ref="3780958446"/>
    <nd ref="3780958422"/>
    <tag k="highway" v="residential"/>
    <tag k="name" v="Devi marg"/>
  </way>
  <way id="374926592">
    <nd ref="6333601388"/>
    <nd ref="316753329"/>
    <nd ref="6976242977"/>
    <nd ref="316753328"/>
    <nd ref="316753326"/>
    <nd ref="8125106439"/>
    <nd ref="316753324"/>
    <nd ref="316753322"/>
    <nd ref="316753319"/>
    <nd ref="316753317"/>
    <nd ref="316753315"/>
    <nd ref="11763301878"/>
    <nd ref="3783217219"/>
    <nd ref="11763301873"/>
    <nd ref="319083018"/>
    <nd ref="6976242975"/>
    <nd ref="2891846125"/>
    <nd ref="316753311"/>
    <nd ref="316753309"/>
    <nd ref="5481810376"/>
    <nd ref="316753308"/>
    <nd ref="3783103756"/>
    <nd ref="316753307"/>
    <nd ref="8042595521"/>
    <nd ref="316753306"/>
    <nd ref="8620299399"/>
    <nd ref="5481799494"/>
    <tag k="highway" v="primary"/>
    <tag k="oneway" v="yes"/>
  </way>
  <way id="374926594">
    <nd ref="3787303987"/>
    <nd ref="3783103766"/>
    <nd ref="8651146971"/>
    <nd ref="8651146972"/>
    <nd ref="8660158355"/>
    <nd ref="3783103769"/>
    <nd ref="11770583065"/>
    <nd ref="3783103767"/>
    <tag k="highway" v="trunk"/>
    <tag k="oneway" v="yes"/>
    <tag k="ref" v="NH52"/>
  </way>
  <way id="374926595">
    <nd ref="3783104409"/>
    <nd ref="3792432947"/>
    <nd ref="6734327669"/>
    <nd ref="14021641658"/>
    <nd ref="14021641659"/>
    <nd ref="3783104412"/>
    <nd ref="3783104413"/>
    <nd ref="3783104414"/>
    <nd ref="3783104415"/>
    <nd ref="6734327670"/>
    <nd ref="2696139268"/>
    <nd ref="3783104418"/>
    <nd ref="3783104420"/>
    <nd ref="8642294429"/>
    <nd ref="3783104421"/>
    <nd ref="3783103797"/>
    <nd ref="2830764260"/>
    <nd ref="10637913923"/>
    <nd ref="8064587232"/>
    <nd ref="3787303991"/>
    <nd ref="3783103782"/>
    <nd ref="3787303975"/>
    <nd ref="8064587231"/>
    <nd ref="8125106435"/>
    <tag k="highway" v="tertiary"/>
    <tag k="name" v="Gopalpura Bypass Road"/>
    <tag k="oneway" v="yes"/>
  </way>
  <way id="374926867">
    <nd ref="8125106437"/>
    <nd ref="8064587230"/>
    <nd ref="8642294474"/>
    <nd ref="3787303974"/>
    <nd ref="316753301"/>
    <nd ref="14021641660"/>
    <nd ref="3792433563"/>
    <nd ref="3793680023"/>
    <nd ref="10233024940"/>
    <nd ref="10233024950"/>
    <nd ref="316927911"/>
    <nd ref="3793680025"/>
    <nd ref="316927910"/>
    <nd ref="3793680019"/>
    <nd ref="3792433561"/>
    <nd ref="316927908"/>
    <nd ref="3793680008"/>
    <nd ref="316927907"/>
    <nd ref="8120330786"/>
    <nd ref="3793679997"/>
    <nd ref="3793679979"/>
    <nd ref="3783104410"/>
    <nd ref="6734327668"/>
    <nd ref="8637642732"/>
    <nd ref="3783104408"/>
    <tag k="highway" v="tertiary"/>
    <tag k="name" v="Gopalpura Bypass Road"/>
    <tag k="oneway" v="yes"/>
  </way>
  <way id="374927714">
    <nd ref="8125106432"/>
    <nd ref="3784288835"/>
    <nd ref="3784288833"/>
    <nd ref="8120330803"/>
    <nd ref="1064318759"/>
    <nd ref="8634348216"/>
    <nd ref="3780960696"/>
    <nd ref="8634324657"/>
    <nd ref="8064587234"/>
    <tag k="highway" v="trunk"/>
    <tag k="oneway" v="yes"/>
    <tag k="ref" v="NH52"/>
  </way>
  <way id="374927716">
    <nd ref="8634324658"/>
    <nd ref="3783110400"/>
    <nd ref="3783279891"/>
    <nd ref="3783110401"/>
    <nd ref="3783279960"/>
    <nd ref="8125106433"/>
    <nd ref="2105397672"/>
    <tag k="highway" v="trunk"/>
    <tag k="oneway" v="yes"/>
    <tag k="ref" v="NH52"/>
  </way>
  <way id="374928526">
    <nd ref="3783124435"/>
    <nd ref="5490080827"/>
    <nd ref="3783124436"/>
    <nd ref="14053247537"/>
    <nd ref="3783124437"/>
    <nd ref="5553635496"/>
    <nd ref="3783124441"/>
    <nd ref="3783124447"/>
    <nd ref="3783124453"/>
    <nd ref="2696139221"/>
    <nd ref="2696139223"/>
    <nd ref="2696139224"/>
    <nd ref="3783124451"/>
    <nd ref="5553635497"/>
    <nd ref="2696139216"/>
    <nd ref="5553635488"/>
    <nd ref="3783124454"/>
    <nd ref="2696139219"/>
    <nd ref="6876875554"/>
    <nd ref="6876875551"/>
    <nd ref="6876875549"/>
    <nd ref="2696139226"/>
    <nd ref="6876875548"/>
    <tag k="highway" v="tertiary"/>
    <tag k="oneway" v="yes"/>
  </way>
  <way id="374928527">
    <nd ref="3783217217"/>
    <nd ref="6876875555"/>
    <nd ref="6876875553"/>
    <nd ref="3783130959"/>
    <nd ref="5553635484"/>
    <nd ref="3783130958"/>
    <nd ref="3783124445"/>
    <nd ref="3783124443"/>
    <nd ref="11210066598"/>
    <nd ref="3788668523"/>
    <nd ref="3788668524"/>
    <nd ref="3788668525"/>
    <nd ref="3783124449"/>
    <nd ref="3788668526"/>
    <nd ref="3783130957"/>
    <nd ref="3783124456"/>
    <nd ref="3783124455"/>
    <nd ref="3783124448"/>
    <nd ref="3783124442"/>
    <nd ref="3783124440"/>
    <nd ref="3788668516"/>
    <nd ref="3788668511"/>
    <nd ref="3788668509"/>
    <nd ref="5490080828"/>
    <nd ref="3783124434"/>
    <nd ref="3788668496"/>
    <nd ref="3779216105"/>
    <tag k="highway" v="tertiary"/>
    <tag k="oneway" v="yes"/>
  </way>
  <way id="374928529">
    <nd ref="3783124456"/>
    <nd ref="3783124452"/>
    <nd ref="3783124450"/>
    <nd ref="3783124446"/>
    <nd ref="8620299400"/>
    <nd ref="3783124432"/>
    <nd ref="3783124430"/>
    <nd ref="3788668411"/>
    <nd ref="3788668392"/>
    <nd ref="3788668241"/>
    <nd ref="3783124429"/>
    <nd ref="3788668233"/>
    <nd ref="14030630200"/>
    <nd ref="8620542151"/>
    <nd ref="3788668182"/>
    <nd ref="3783124427"/>
    <nd ref="3783124425"/>
    <nd ref="3788668111"/>
    <nd ref="3783124424"/>
    <nd ref="3788668067"/>
    <nd ref="3783124423"/>
    <nd ref="3788542710"/>
    <nd ref="3788542683"/>
    <nd ref="8620267847"/>
    <nd ref="3783124422"/>
    <nd ref="3783124421"/>
    <nd ref="3783124420"/>
    <nd ref="3783124418"/>
    <nd ref="3783124417"/>
    <nd ref="3783124416"/>
    <nd ref="9772424317"/>
    <nd ref="3789954277"/>
    <nd ref="3789954269"/>
    <nd ref="3783124415"/>
    <nd ref="3783124414"/>
    <nd ref="3788675401"/>
    <nd ref="3783124413"/>
    <nd ref="3783124411"/>
    <nd ref="3783124410"/>
    <nd ref="3788675363"/>
    <nd ref="3783124409"/>
    <nd ref="8620883914"/>
    <nd ref="8668446725"/>
    <nd ref="9768707790"/>
    <nd ref="3783124406"/>
    <nd ref="3783124404"/>
    <nd ref="14045758009"/>
    <nd ref="3783124403"/>
    <nd ref="3783124402"/>
    <nd ref="3783124400"/>
    <nd ref="5535576858"/>
    <nd ref="3783124399"/>
    <nd ref="6734097306"/>
    <nd ref="3788675284"/>
    <nd ref="3783124398"/>
    <nd ref="3783124397"/>
    <nd ref="11235101887"/>
    <nd ref="3783124396"/>
    <nd ref="3787547443"/>
    <nd ref="3783124394"/>
    <nd ref="3788675048"/>
    <nd ref="3783124393"/>
    <nd ref="3783124392"/>
    <nd ref="3783124391"/>
    <nd ref="3783124389"/>
    <tag k="highway" v="tertiary"/>
    <tag k="name" v="Madhyam Marg"/>
    <tag k="oneway" v="yes"/>
    <tag k="surface" v="asphalt"/>
  </way>
  <way id="374928530">
    <nd ref="5480428427"/>
    <nd ref="3783124388"/>
    <nd ref="2892027355"/>
    <nd ref="3077994634"/>
    <nd ref="2892027357"/>
    <nd ref="2892027358"/>
    <nd ref="14045193629"/>
    <nd ref="2892027359"/>
    <nd ref="3788675183"/>
    <nd ref="2007653881"/>
    <nd ref="2696139146"/>
    <nd ref="3788672897"/>
    <nd ref="14045193630"/>
    <nd ref="2696139148"/>
    <nd ref="2696139149"/>
    <nd ref="14045193631"/>
    <nd ref="3787547603"/>
    <nd ref="3787547613"/>
    <nd ref="11226705530"/>
    <nd ref="14045193632"/>
    <nd ref="10078652380"/>
    <nd ref="3787547891"/>
    <nd ref="2696139151"/>
    <nd ref="3783124401"/>
    <nd ref="2696139153"/>
    <nd ref="14045758008"/>
    <nd ref="2696139154"/>
    <nd ref="3783124405"/>
    <nd ref="3783124407"/>
    <nd ref="8620883907"/>
    <nd ref="2830764251"/>
    <nd ref="3788675359"/>
    <nd ref="3788675375"/>
    <nd ref="3788675387"/>
    <nd ref="2696139159"/>
    <nd ref="3789954139"/>
    <nd ref="3783124412"/>
    <nd ref="10564408499"/>
    <nd ref="2696139160"/>
    <nd ref="3779216044"/>
    <nd ref="3779216053"/>
    <nd ref="3779216064"/>
    <nd ref="3779216072"/>
    <nd ref="3779216079"/>
    <nd ref="2696139163"/>
    <nd ref="3783124419"/>
    <nd ref="2696139164"/>
    <nd ref="3779216093"/>
    <nd ref="6868536710"/>
    <nd ref="8621480772"/>
    <nd ref="6868536709"/>
    <nd ref="8621480770"/>
    <nd ref="2007655150"/>
    <nd ref="8620267821"/>
    <nd ref="3788541442"/>
    <nd ref="3788543068"/>
    <nd ref="3788543091"/>
    <nd ref="8620384812"/>
    <nd ref="3788542706"/>
    <nd ref="3788542734"/>
    <nd ref="3788543163"/>
    <nd ref="3788543119"/>
    <nd ref="2696139171"/>
    <nd ref="11209860887"/>
    <nd ref="2696139174"/>
    <nd ref="11209863792"/>
    <nd ref="3788668086"/>
    <nd ref="3788668097"/>
    <nd ref="3788668106"/>
    <nd ref="3788668123"/>
    <nd ref="3788668134"/>
    <nd ref="2696139181"/>
    <nd ref="3783124426"/>
    <nd ref="8620485019"/>
    <nd ref="6737843613"/>
    <nd ref="2696139187"/>
    <nd ref="3788668214"/>
    <nd ref="3783124428"/>
    <nd ref="3788668408"/>
    <nd ref="2696139197"/>
    <nd ref="3783124431"/>
    <nd ref="3788668477"/>
    <nd ref="3788668498"/>
    <nd ref="3788668522"/>
    <nd ref="2696139212"/>
    <nd ref="3783124455"/>
    <nd ref="2696139221"/>
    <tag k="highway" v="tertiary"/>
    <tag k="name" v="Madhyam Marg"/>
    <tag k="oneway" v="yes"/>
    <tag k="surface" v="asphalt"/>
  </way>
  <way id="374936749">
    <nd ref="3783215153"/>
    <nd ref="3783215154"/>
    <nd ref="3783215155"/>
    <nd ref="3783215156"/>
    <nd ref="3783217157"/>
    <nd ref="3783217159"/>
    <nd ref="3783217160"/>
    <nd ref="3788675046"/>
    <nd ref="8668446728"/>
    <nd ref="8637461266"/>
    <nd ref="3783217161"/>
    <nd ref="3783217162"/>
    <nd ref="3783217163"/>
    <nd ref="3783217164"/>
    <nd ref="3788672908"/>
    <nd ref="3783217165"/>
    <nd ref="3783217166"/>
    <nd ref="3788675332"/>
    <nd ref="3783217167"/>
    <nd ref="3787547634"/>
    <nd ref="3783217168"/>
    <nd ref="3787547654"/>
    <nd ref="5532571377"/>
    <nd ref="8637504165"/>
    <nd ref="3783217173"/>
    <nd ref="3787547912"/>
    <nd ref="3783217174"/>
    <nd ref="3788672324"/>
    <nd ref="3787547932"/>
    <nd ref="3788675395"/>
    <nd ref="3783217175"/>
    <nd ref="3783217176"/>
    <nd ref="3783217177"/>
    <nd ref="3783217178"/>
    <nd ref="3783217180"/>
    <nd ref="3787114816"/>
    <nd ref="3783217181"/>
    <nd ref="14045758027"/>
    <nd ref="3783217182"/>
    <nd ref="3783217183"/>
    <nd ref="3783217185"/>
    <nd ref="8669534617"/>
    <nd ref="8079948088"/>
    <nd ref="7081589327"/>
    <nd ref="11768246970"/>
    <nd ref="3783217188"/>
    <nd ref="3783217189"/>
    <nd ref="3783217190"/>
    <nd ref="8620884424"/>
    <nd ref="3783217191"/>
    <nd ref="3783217192"/>
    <nd ref="3787115239"/>
    <nd ref="3783217197"/>
    <nd ref="3787115241"/>
    <nd ref="3787115233"/>
    <nd ref="3787115232"/>
    <nd ref="3787115231"/>
    <nd ref="3783217193"/>
    <nd ref="3783217194"/>
    <nd ref="3783217196"/>
    <nd ref="11235110439"/>
    <nd ref="3783217198"/>
    <nd ref="3783217199"/>
    <nd ref="3783217200"/>
    <nd ref="3787112537"/>
    <nd ref="3783217201"/>
    <nd ref="8620311262"/>
    <nd ref="3788543497"/>
    <nd ref="3783217202"/>
    <nd ref="3783217203"/>
    <nd ref="3783217204"/>
    <nd ref="14056220666"/>
    <nd ref="14056220663"/>
    <nd ref="3783217205"/>
    <nd ref="3783217206"/>
    <nd ref="3788668135"/>
    <nd ref="3788668148"/>
    <nd ref="3788668160"/>
    <nd ref="3783217208"/>
    <nd ref="3788668183"/>
    <nd ref="3788668199"/>
    <nd ref="3783217210"/>
    <nd ref="3788668238"/>
    <nd ref="3783217211"/>
    <nd ref="3788668365"/>
    <nd ref="6269817185"/>
    <nd ref="3783217212"/>
    <nd ref="3788668414"/>
    <nd ref="3788668430"/>
    <nd ref="3788668445"/>
    <nd ref="3783217215"/>
    <nd ref="11593692101"/>
    <nd ref="3783217216"/>
    <nd ref="6876875558"/>
    <nd ref="6876875556"/>
    <nd ref="6876875555"/>
    <nd ref="6876875550"/>
    <nd ref="2696139226"/>
    <nd ref="6876875552"/>
    <tag k="highway" v="tertiary"/>
    <tag k="maxspeed" v="40"/>
    <tag k="name" v="Shipra Path"/>
    <tag k="oneway" v="yes"/>
  </way>
  <way id="374936753">
    <nd ref="3783217218"/>
    <nd ref="319083013"/>
    <nd ref="9792463962"/>
    <nd ref="319083014"/>
    <nd ref="3787305603"/>
    <nd ref="319083015"/>
    <nd ref="6976242976"/>
    <nd ref="319083018"/>
    <tag k="highway" v="tertiary"/>
    <tag k="lanes" v="2"/>
    <tag k="maxspeed" v="50"/>
    <tag k="name" v="Shipra Path"/>
    <tag k="oneway" v="no"/>
  </way>
  <way id="374945611">
    <nd ref="3783279287"/>
    <nd ref="3783279257"/>
    <nd ref="3792433599"/>
    <nd ref="11209439234"/>
    <nd ref="3792433589"/>
    <tag k="highway" v="residential"/>
    <tag k="name" v="jand baba marg"/>
  </way>
  <way id="374945617">
    <nd ref="3783279575"/>
    <nd ref="3783279355"/>
    <nd ref="3783279344"/>
    <nd ref="3783279329"/>
    <tag k="highway" v="residential"/>
  </way>
  <way id="374945626">
    <nd ref="3783279257"/>
    <nd ref="3783260053"/>
    <nd ref="3783260052"/>
    <nd ref="3783260050"/>
    <nd ref="3783260047"/>
    <nd ref="3783260043"/>
    <nd ref="3783260041"/>
    <nd ref="3783260042"/>
    <nd ref="3783260040"/>
    <nd ref="3783260037"/>
    <nd ref="3783260029"/>
    <nd ref="3783260013"/>
    <nd ref="3787306728"/>
    <nd ref="3787306703"/>
    <nd ref="3787305647"/>
    <nd ref="3787305629"/>
    <nd ref="3787305972"/>
    <nd ref="3787304026"/>
    <nd ref="3787304022"/>
    <nd ref="3787303991"/>
    <tag k="highway" v="residential"/>
    <tag k="name" v="mahaveer path"/>
  </way>
  <way id="374945661">
    <nd ref="6734790969"/>
    <nd ref="3783279943"/>
    <nd ref="3783279926"/>
    <nd ref="3783279905"/>
    <nd ref="3783279884"/>
    <nd ref="3783279858"/>
    <nd ref="3783279655"/>
    <nd ref="3783279632"/>
    <nd ref="3783279610"/>
    <nd ref="3783279574"/>
    <nd ref="3783279569"/>
    <nd ref="3783279338"/>
    <nd ref="3783279313"/>
    <nd ref="3783279294"/>
    <nd ref="10561744617"/>
    <nd ref="10561744618"/>
    <nd ref="8634324634"/>
    <nd ref="3783279269"/>
    <nd ref="3783260055"/>
    <tag k="highway" v="tertiary"/>
  </way>
  <way id="374945705">
    <nd ref="3783260017"/>
    <nd ref="3783260027"/>
    <tag k="highway" v="residential"/>
  </way>
  <way id="374945708">
    <nd ref="3783279272"/>
    <nd ref="3783260050"/>
    <tag k="highway" v="residential"/>
  </way>
  <way id="374945748">
    <nd ref="3783279260"/>
    <nd ref="3783279266"/>
    <nd ref="3783279277"/>
    <tag k="highway" v="residential"/>
  </way>
  <way id="374945807">
    <nd ref="2696139381"/>
    <nd ref="3783279277"/>
    <nd ref="2696139393"/>
    <nd ref="2696139399"/>
    <tag k="highway" v="residential"/>
  </way>
  <way id="374945812">
    <nd ref="3783279569"/>
    <nd ref="3783279347"/>
    <nd ref="8634219476"/>
    <nd ref="8634324673"/>
    <nd ref="3783279310"/>
    <tag k="highway" v="residential"/>
  </way>
  <way id="374945824">
    <nd ref="3783279263"/>
    <nd ref="3783279296"/>
    <nd ref="8634324682"/>
    <tag k="highway" v="residential"/>
  </way>
  <way id="374945826">
    <nd ref="3783260052"/>
    <nd ref="3783260046"/>
    <nd ref="3783260038"/>
    <nd ref="3783260030"/>
    <tag k="highway" v="residential"/>
  </way>
  <way id="374945855">
    <nd ref="3783279268"/>
    <nd ref="11209479337"/>
    <nd ref="3783260048"/>
    <nd ref="11209422536"/>
    <nd ref="3783260035"/>
    <nd ref="3783260017"/>
    <nd ref="3783260012"/>
    <nd ref="3792433595"/>
    <nd ref="3792433593"/>
    <tag k="highway" v="residential"/>
  </way>
  <way id="374945862">
    <nd ref="3783279262"/>
    <nd ref="3783260054"/>
    <nd ref="3783260034"/>
    <nd ref="3783260027"/>
    <nd ref="3783260011"/>
    <nd ref="11209439233"/>
    <nd ref="3792433588"/>
    <tag k="highway" v="residential"/>
  </way>
  <way id="374945876">
    <nd ref="3783279284"/>
    <nd ref="3783279268"/>
    <nd ref="11209479338"/>
    <nd ref="3783279262"/>
    <nd ref="3783279257"/>
    <tag k="highway" v="residential"/>
  </way>
  <way id="374945885">
    <nd ref="3783279636"/>
    <nd ref="3783279609"/>
    <nd ref="3783279563"/>
    <nd ref="3783279336"/>
    <nd ref="3783279320"/>
    <tag k="highway" v="residential"/>
  </way>
  <way id="374945891">
    <nd ref="2696139402"/>
    <nd ref="11593554452"/>
    <nd ref="11593554464"/>
    <nd ref="3783279329"/>
    <nd ref="11226350129"/>
    <nd ref="3783279317"/>
    <tag k="highway" v="residential"/>
  </way>
  <way id="374945898">
    <nd ref="3792433599"/>
    <nd ref="3783260008"/>
    <nd ref="12211339951"/>
    <nd ref="3783260014"/>
    <nd ref="3783260019"/>
    <nd ref="3783260023"/>
    <tag k="highway" v="residential"/>
    <tag k="name" v="Tejaji Path"/>
  </way>
  <way id="375265437">
    <nd ref="3786540215"/>
    <nd ref="8042595518"/>
    <nd ref="3787305614"/>
    <nd ref="3783103778"/>
    <tag k="highway" v="primary"/>
    <tag k="oneway" v="yes"/>
  </way>
  <way id="375265438">
    <nd ref="5481815221"/>
    <nd ref="8655462865"/>
    <nd ref="8655462864"/>
    <nd ref="3786540215"/>
    <tag k="highway" v="primary"/>
    <tag k="oneway" v="yes"/>
  </way>
  <way id="375265439">
    <nd ref="8064587234"/>
    <nd ref="11752349690"/>
    <nd ref="8634324623"/>
    <nd ref="11752349689"/>
    <nd ref="3780958426"/>
    <nd ref="8064587233"/>
    <nd ref="3786540220"/>
    <tag k="highway" v="trunk"/>
    <tag k="oneway" v="yes"/>
    <tag k="ref" v="NH52"/>
  </way>
  <way id="375265440">
    <nd ref="3786540220"/>
    <nd ref="3786540218"/>
    <nd ref="3787303987"/>
    <tag k="highway" v="trunk"/>
    <tag k="oneway" v="yes"/>
    <tag k="ref" v="NH52"/>
  </way>
  <way id="375265442">
    <nd ref="316753305"/>
    <nd ref="8655462863"/>
    <nd ref="3787305611"/>
    <tag k="highway" v="primary"/>
    <tag k="oneway" v="yes"/>
  </way>
  <way id="375359137">
    <nd ref="3787305070"/>
    <nd ref="3788543228"/>
    <nd ref="3787305068"/>
    <nd ref="3787305065"/>
    <nd ref="3787305064"/>
    <nd ref="3787305063"/>
    <nd ref="3787305062"/>
    <nd ref="3787305059"/>
    <nd ref="3788543226"/>
    <nd ref="3793735254"/>
    <nd ref="3793735249"/>
    <nd ref="6971017329"/>
    <nd ref="8637592480"/>
    <nd ref="3787305057"/>
    <tag k="highway" v="residential"/>
  </way>
  <way id="375359138">
    <nd ref="3787305625"/>
    <nd ref="3787305627"/>
    <nd ref="3787305631"/>
    <nd ref="3787305632"/>
    <nd ref="3787305633"/>
    <nd ref="3787305635"/>
    <nd ref="3787305636"/>
    <nd ref="3787305638"/>
    <nd ref="3787305639"/>
    <nd ref="3787305641"/>
    <nd ref="3787305640"/>
    <tag k="highway" v="residential"/>
  </way>
  <way id="375359140">
    <nd ref="5481815226"/>
    <nd ref="3787305615"/>
    <nd ref="9739664223"/>
    <nd ref="13610934299"/>
    <nd ref="3787304004"/>
    <nd ref="3787304015"/>
    <nd ref="3787304040"/>
    <nd ref="3787305965"/>
    <tag k="access" v="permissive"/>
    <tag k="highway" v="residential"/>
    <tag k="name" v="2A lane"/>
  </way>
  <way id="375359141">
    <nd ref="3787305603"/>
    <nd ref="3787305598"/>
    <nd ref="3787305588"/>
    <nd ref="3787305579"/>
    <nd ref="3787305564"/>
    <nd ref="3787292455"/>
    <nd ref="3787292445"/>
    <nd ref="3787292435"/>
    <nd ref="3787292428"/>
    <nd ref="3787292421"/>
    <tag k="highway" v="residential"/>
  </way>
  <way id="375359142">
    <nd ref="3787250045"/>
    <nd ref="9739652653"/>
    <nd ref="3787250037"/>
    <nd ref="3788543219"/>
    <nd ref="3787250003"/>
    <nd ref="3787250004"/>
    <nd ref="3788543211"/>
    <nd ref="3787250012"/>
    <nd ref="10578470439"/>
    <nd ref="3788543213"/>
    <nd ref="8642294493"/>
    <nd ref="3787250013"/>
    <nd ref="3788543212"/>
    <nd ref="3787250006"/>
    <nd ref="8642294475"/>
    <nd ref="3788543207"/>
    <nd ref="3788543209"/>
    <nd ref="3788543210"/>
    <nd ref="3788543208"/>
    <nd ref="3787250005"/>
    <nd ref="8637632286"/>
    <nd ref="3793735187"/>
    <nd ref="3793735189"/>
    <nd ref="3793735191"/>
    <nd ref="3787250019"/>
    <nd ref="3787250022"/>
    <tag k="highway" v="secondary"/>
    <tag k="name" v="80 Ft Road"/>
    <tag k="oneway" v="yes"/>
  </way>
  <way id="375359144">
    <nd ref="3787250022"/>
    <nd ref="8120330791"/>
    <nd ref="8637632315"/>
    <nd ref="3793735193"/>
    <nd ref="3793735188"/>
    <nd ref="3787250011"/>
    <nd ref="3788543214"/>
    <nd ref="3788543215"/>
    <nd ref="8642294476"/>
    <nd ref="3787250015"/>
    <nd ref="11073095441"/>
    <nd ref="3788543217"/>
    <nd ref="3787250018"/>
    <nd ref="10578470434"/>
    <nd ref="10578470438"/>
    <nd ref="3787250017"/>
    <nd ref="11073133528"/>
    <nd ref="5553653106"/>
    <nd ref="3787250009"/>
    <nd ref="3787250020"/>
    <nd ref="3787250026"/>
    <nd ref="5553638022"/>
    <nd ref="3787250039"/>
    <nd ref="9739652654"/>
    <nd ref="3787250048"/>
    <tag k="highway" v="secondary"/>
    <tag k="name" v="80 Ft Road"/>
    <tag k="oneway" v="yes"/>
  </way>
  <way id="375359146">
    <nd ref="3787305070"/>
    <nd ref="3787305069"/>
    <nd ref="3788543229"/>
    <nd ref="3787305072"/>
    <nd ref="8637794825"/>
    <nd ref="3787305075"/>
    <nd ref="3787305077"/>
    <nd ref="3787305078"/>
    <nd ref="3787305082"/>
    <nd ref="8637775814"/>
    <nd ref="3787305086"/>
    <nd ref="3787305090"/>
    <nd ref="8637775813"/>
    <nd ref="3787305101"/>
    <nd ref="3787305106"/>
    <nd ref="3787305107"/>
    <nd ref="3787305112"/>
    <nd ref="3787305114"/>
    <tag k="highway" v="residential"/>
  </way>
  <way id="375359147">
    <nd ref="3787305080"/>
    <nd ref="3787250047"/>
    <tag k="highway" v="residential"/>
  </way>
  <way id="375359148">
    <nd ref="3787303995"/>
    <nd ref="3787303998"/>
    <tag k="highway" v="residential"/>
  </way>
  <way id="375359149">
    <nd ref="3787306749"/>
    <nd ref="8620613315"/>
    <nd ref="3787306681"/>
    <tag k="highway" v="residential"/>
  </way>
  <way id="375359151">
    <nd ref="3787306719"/>
    <nd ref="3780958371"/>
    <tag k="highway" v="residential"/>
  </way>
  <way id="375359152">
    <nd ref="3787305150"/>
    <nd ref="3787305126"/>
    <tag k="highway" v="residential"/>
  </way>
  <way id="375359153">
    <nd ref="3780824238"/>
    <nd ref="3787306722"/>
    <tag k="highway" v="residential"/>
  </way>
  <way id="375359154">
    <nd ref="3787305650"/>
    <nd ref="3787304000"/>
    <tag k="highway" v="residential"/>
    <tag k="name" v="Lane Number 3"/>
  </way>
  <way id="375359155">
    <nd ref="3787306693"/>
    <nd ref="3787305966"/>
    <tag k="highway" v="residential"/>
  </way>
  <way id="375359156">
    <nd ref="3787305289"/>
    <nd ref="3787305288"/>
    <tag k="highway" v="residential"/>
  </way>
  <way id="375359157">
    <nd ref="3787306669"/>
    <nd ref="3787304032"/>
    <tag k="highway" v="residential"/>
  </way>
  <way id="375359159">
    <nd ref="3787305629"/>
    <nd ref="3787306660"/>
    <tag k="highway" v="residential"/>
  </way>
  <way id="375359160">
    <nd ref="3787305153"/>
    <nd ref="3787305129"/>
    <tag k="highway" v="residential"/>
  </way>
  <way id="375359161">
    <nd ref="3787305135"/>
    <nd ref="3787305112"/>
    <tag k="highway" v="residential"/>
  </way>
  <way id="375359162">
    <nd ref="3787305111"/>
    <nd ref="3787305108"/>
    <tag k="highway" v="residential"/>
  </way>
  <way id="375359164">
    <nd ref="3787305120"/>
    <nd ref="8093004207"/>
    <nd ref="8093020617"/>
    <nd ref="3787305132"/>
    <tag k="highway" v="residential"/>
  </way>
  <way id="375359165">
    <nd ref="3787306733"/>
    <nd ref="3787306737"/>
    <tag k="highway" v="residential"/>
  </way>
  <way id="375359166">
    <nd ref="3787305645"/>
    <nd ref="8637775806"/>
    <tag k="highway" v="residential"/>
  </way>
  <way id="375359167">
    <nd ref="3787305590"/>
    <nd ref="3787292455"/>
    <tag k="highway" v="residential"/>
  </way>
  <way id="375359168">
    <nd ref="3787250041"/>
    <nd ref="3787250020"/>
    <tag k="highway" v="residential"/>
  </way>
  <way id="375359170">
    <nd ref="3787305089"/>
    <nd ref="3787305064"/>
    <tag k="highway" v="residential"/>
  </way>
  <way id="375359171">
    <nd ref="3787305655"/>
    <nd ref="3787304001"/>
    <tag k="highway" v="residential"/>
    <tag k="name" v="Lane Number 4"/>
  </way>
  <way id="375359172">
    <nd ref="3787304039"/>
    <nd ref="11617788626"/>
    <nd ref="3787304042"/>
    <tag k="access" v="permissive"/>
    <tag k="highway" v="residential"/>
  </way>
  <way id="375359173">
    <nd ref="3787306748"/>
    <nd ref="3787306671"/>
    <tag k="access" v="permissive"/>
    <tag k="highway" v="residential"/>
  </way>
  <way id="375359174">
    <nd ref="3787305291"/>
    <nd ref="3787305294"/>
    <tag k="highway" v="residential"/>
  </way>
  <way id="375359175">
    <nd ref="3787305627"/>
    <nd ref="11613101838"/>
    <nd ref="8637775802"/>
    <nd ref="11221754916"/>
    <nd ref="3787304028"/>
    <tag k="access" v="permissive"/>
    <tag k="highway" v="residential"/>
  </way>
  <way id="375359176">
    <nd ref="3787305298"/>
    <nd ref="8637794834"/>
    <nd ref="9739652651"/>
    <nd ref="3787305287"/>
    <tag k="highway" v="residential"/>
  </way>
  <way id="375359177">
    <nd ref="3787305076"/>
    <nd ref="3787250042"/>
    <tag k="highway" v="residential"/>
  </way>
  <way id="375359178">
    <nd ref="3787250050"/>
    <nd ref="3787250056"/>
    <tag k="highway" v="residential"/>
  </way>
  <way id="375359179">
    <nd ref="3787292416"/>
    <nd ref="8642294472"/>
    <nd ref="3787292444"/>
    <tag k="highway" v="residential"/>
  </way>
  <way id="375359180">
    <nd ref="3787304034"/>
    <nd ref="3787304040"/>
    <tag k="highway" v="residential"/>
    <tag k="name" v="2B lane"/>
  </way>
  <way id="375359181">
    <nd ref="3787304036"/>
    <nd ref="3787304033"/>
    <tag k="highway" v="residential"/>
    <tag k="name" v="ganesh path"/>
  </way>
  <way id="375359182">
    <nd ref="3787305623"/>
    <nd ref="11217097193"/>
    <nd ref="3787305624"/>
    <tag k="highway" v="residential"/>
  </way>
  <way id="375359183">
    <nd ref="3787292422"/>
    <nd ref="3787292423"/>
    <tag k="highway" v="residential"/>
  </way>
  <way id="375359184">
    <nd ref="3787305104"/>
    <nd ref="11621292435"/>
    <nd ref="3787305100"/>
    <tag k="highway" v="residential"/>
  </way>
  <way id="375359185">
    <nd ref="3787306682"/>
    <nd ref="3787306674"/>
    <tag k="highway" v="residential"/>
  </way>
  <way id="375359186">
    <nd ref="3787305082"/>
    <nd ref="3787250056"/>
    <tag k="highway" v="residential"/>
  </way>
  <way id="375359187">
    <nd ref="3787304031"/>
    <nd ref="3787304041"/>
    <tag k="highway" v="residential"/>
    <tag k="name" v="satya path"/>
  </way>
  <way id="375359188">
    <nd ref="3787306746"/>
    <nd ref="3787306712"/>
    <tag k="highway" v="residential"/>
  </way>
  <way id="375359189">
    <nd ref="3787305085"/>
    <nd ref="3787305059"/>
    <tag k="highway" v="residential"/>
  </way>
  <way id="375359190">
    <nd ref="3787305971"/>
    <nd ref="11613039680"/>
    <nd ref="3787305622"/>
    <tag k="access" v="permissive"/>
    <tag k="highway" v="residential"/>
    <tag k="name" v="ganga path"/>
  </way>
  <way id="375359191">
    <nd ref="3787305285"/>
    <nd ref="3787305271"/>
    <tag k="highway" v="residential"/>
  </way>
  <way id="375359192">
    <nd ref="3787292433"/>
    <nd ref="5481791856"/>
    <tag k="highway" v="residential"/>
  </way>
  <way id="375359193">
    <nd ref="3787306677"/>
    <nd ref="3787304037"/>
    <tag k="highway" v="residential"/>
  </way>
  <way id="375359194">
    <nd ref="3787305571"/>
    <nd ref="8642294470"/>
    <nd ref="3787305557"/>
    <tag k="highway" v="residential"/>
  </way>
  <way id="375359195">
    <nd ref="3787306664"/>
    <nd ref="3787306738"/>
    <tag k="highway" v="residential"/>
  </way>
  <way id="375359196">
    <nd ref="3787304027"/>
    <nd ref="3787304023"/>
    <tag k="highway" v="residential"/>
  </way>
  <way id="375359197">
    <nd ref="3787305087"/>
    <nd ref="3787305062"/>
    <tag k="highway" v="residential"/>
  </way>
  <way id="375359198">
    <nd ref="3787305628"/>
    <nd ref="3787305647"/>
    <tag k="highway" v="residential"/>
  </way>
  <way id="375359199">
    <nd ref="3787305589"/>
    <nd ref="3787305583"/>
    <tag k="highway" v="residential"/>
  </way>
  <way id="375359201">
    <nd ref="3787305093"/>
    <nd ref="3787305065"/>
    <tag k="highway" v="residential"/>
  </way>
  <way id="375359202">
    <nd ref="3787304044"/>
    <nd ref="3787304017"/>
    <tag k="highway" v="residential"/>
  </way>
  <way id="375359204">
    <nd ref="3787306743"/>
    <nd ref="3787306720"/>
    <tag k="highway" v="residential"/>
  </way>
  <way id="375359205">
    <nd ref="3787305155"/>
    <nd ref="3787305130"/>
    <tag k="highway" v="residential"/>
  </way>
  <way id="375359206">
    <nd ref="3787305963"/>
    <nd ref="3787305964"/>
    <tag k="highway" v="residential"/>
    <tag k="name" v="shyam path"/>
  </way>
  <way id="375359208">
    <nd ref="3787305103"/>
    <nd ref="3787305124"/>
    <tag k="highway" v="residential"/>
  </way>
  <way id="375359220">
    <nd ref="3787304035"/>
    <nd ref="11613172369"/>
    <nd ref="3787304038"/>
    <tag k="access" v="permissive"/>
    <tag k="highway" v="residential"/>
    <tag k="name" v="hanuman path"/>
  </way>
  <way id="375359222">
    <nd ref="3780958371"/>
    <nd ref="8642294434"/>
    <nd ref="3787306668"/>
    <tag k="highway" v="residential"/>
  </way>
  <way id="375359224">
    <nd ref="3787305600"/>
    <nd ref="3787305564"/>
    <tag k="highway" v="residential"/>
  </way>
  <way id="375359226">
    <nd ref="11219194694"/>
    <nd ref="3787306663"/>
    <tag k="highway" v="residential"/>
  </way>
  <way id="375359228">
    <nd ref="3787305088"/>
    <nd ref="3787305063"/>
    <tag k="highway" v="residential"/>
  </way>
  <way id="375359230">
    <nd ref="6304238590"/>
    <nd ref="3787305105"/>
    <nd ref="3787305103"/>
    <tag k="highway" v="residential"/>
  </way>
  <way id="375359234">
    <nd ref="3787305960"/>
    <nd ref="3787305962"/>
    <tag k="highway" v="residential"/>
  </way>
  <way id="375359236">
    <nd ref="3787305634"/>
    <nd ref="3787305643"/>
    <tag k="highway" v="residential"/>
    <tag k="name" v="4 Number lane"/>
  </way>
  <way id="375359237">
    <nd ref="3787306696"/>
    <nd ref="11617788130"/>
    <nd ref="3787306704"/>
    <tag k="access" v="permissive"/>
    <tag k="highway" v="residential"/>
  </way>
  <way id="375359241">
    <nd ref="3787306744"/>
    <nd ref="3787306666"/>
    <tag k="access" v="permissive"/>
    <tag k="highway" v="residential"/>
  </way>
  <way id="375359244">
    <nd ref="3787292426"/>
    <nd ref="3787305298"/>
    <nd ref="3787305290"/>
    <nd ref="3787305276"/>
    <nd ref="3787305149"/>
    <nd ref="3787305147"/>
    <nd ref="3787305137"/>
    <nd ref="3787305125"/>
    <nd ref="3787305123"/>
    <nd ref="8642294485"/>
    <nd ref="8637775767"/>
    <nd ref="6304238590"/>
    <nd ref="3787305094"/>
    <nd ref="3787305070"/>
    <nd ref="8642294478"/>
    <nd ref="3787250049"/>
    <nd ref="3787250033"/>
    <tag k="highway" v="residential"/>
    <tag k="source" v="DigitalGlobe-Standard"/>
  </way>
  <way id="375359247">
    <nd ref="3787292429"/>
    <nd ref="3787305557"/>
    <nd ref="3787305583"/>
    <tag k="highway" v="residential"/>
  </way>
  <way id="375359250">
    <nd ref="3787305148"/>
    <nd ref="3787305144"/>
    <nd ref="8637794845"/>
    <nd ref="8637794846"/>
    <nd ref="6968198685"/>
    <nd ref="14060748266"/>
    <nd ref="3787305138"/>
    <tag k="highway" v="residential"/>
  </way>
  <way id="375359251">
    <nd ref="3787304024"/>
    <nd ref="11613101837"/>
    <nd ref="3787304028"/>
    <nd ref="3787304030"/>
    <tag k="access" v="permissive"/>
    <tag k="highway" v="residential"/>
  </way>
  <way id="375359254">
    <nd ref="3787306701"/>
    <nd ref="3787306661"/>
    <nd ref="3787304006"/>
    <tag k="highway" v="residential"/>
    <tag k="name" v="Lane Number 5"/>
  </way>
  <way id="375359256">
    <nd ref="3787305100"/>
    <nd ref="3787305081"/>
    <nd ref="3787305069"/>
    <tag k="highway" v="residential"/>
  </way>
  <way id="375359258">
    <nd ref="3787304012"/>
    <nd ref="3787304011"/>
    <nd ref="3787304010"/>
    <tag k="highway" v="residential"/>
    <tag k="name" v="mandir path"/>
  </way>
  <way id="375359262">
    <nd ref="3792432918"/>
    <nd ref="3793671536"/>
    <nd ref="3793671538"/>
    <nd ref="3787305122"/>
    <nd ref="8637331792"/>
    <nd ref="14060748252"/>
    <tag k="highway" v="residential"/>
  </way>
  <way id="375359263">
    <nd ref="5553638022"/>
    <nd ref="3788543219"/>
    <nd ref="3788543204"/>
    <nd ref="3788543202"/>
    <nd ref="8637651267"/>
    <nd ref="4757332111"/>
    <nd ref="3787250000"/>
    <nd ref="3788543510"/>
    <nd ref="4757332523"/>
    <nd ref="3788543515"/>
    <nd ref="4757332544"/>
    <nd ref="3787250001"/>
    <tag k="highway" v="residential"/>
  </way>
  <way id="375359266">
    <nd ref="3787292447"/>
    <nd ref="8642294471"/>
    <nd ref="3787292419"/>
    <nd ref="3787305297"/>
    <nd ref="3787305277"/>
    <tag k="highway" v="residential"/>
  </way>
  <way id="375359270">
    <nd ref="3787304056"/>
    <nd ref="8620613314"/>
    <nd ref="8620613313"/>
    <nd ref="3787305624"/>
    <nd ref="8620613311"/>
    <nd ref="8620613312"/>
    <nd ref="3787306657"/>
    <tag k="highway" v="residential"/>
  </way>
  <way id="375359272">
    <nd ref="3787305967"/>
    <nd ref="3787305966"/>
    <nd ref="11210020838"/>
    <nd ref="3787305961"/>
    <tag k="highway" v="residential"/>
  </way>
  <way id="375359274">
    <nd ref="3787306657"/>
    <nd ref="3787306659"/>
    <nd ref="3787305656"/>
    <tag k="highway" v="residential"/>
  </way>
  <way id="375359276">
    <nd ref="3787304020"/>
    <nd ref="3787304045"/>
    <nd ref="3787304056"/>
    <tag k="highway" v="residential"/>
  </way>
  <way id="375359277">
    <nd ref="3787305573"/>
    <nd ref="8637775769"/>
    <nd ref="3787305295"/>
    <nd ref="3787305264"/>
    <tag k="highway" v="residential"/>
  </way>
  <way id="375359279">
    <nd ref="3787250030"/>
    <nd ref="3787250044"/>
    <nd ref="3788543224"/>
    <nd ref="3787305068"/>
    <tag k="highway" v="residential"/>
  </way>
  <way id="375359281">
    <nd ref="3787305632"/>
    <nd ref="3787304050"/>
    <nd ref="3787304051"/>
    <tag k="highway" v="residential"/>
  </way>
  <way id="375359283">
    <nd ref="3787306680"/>
    <nd ref="3787306684"/>
    <nd ref="3787306752"/>
    <tag k="highway" v="residential"/>
  </way>
  <way id="375359284">
    <nd ref="3787305290"/>
    <nd ref="3787305151"/>
    <tag k="highway" v="residential"/>
  </way>
  <way id="375359285">
    <nd ref="3787306750"/>
    <nd ref="3787306680"/>
    <nd ref="3787306678"/>
    <tag k="access" v="permissive"/>
    <tag k="highway" v="residential"/>
  </way>
  <way id="375359286">
    <nd ref="3787305958"/>
    <nd ref="3787305965"/>
    <tag k="highway" v="residential"/>
    <tag k="name" v="2 Number lane"/>
  </way>
  <way id="375359290">
    <nd ref="3787305259"/>
    <nd ref="3787305148"/>
    <nd ref="3787305121"/>
    <tag k="highway" v="residential"/>
  </way>
  <way id="375359292">
    <nd ref="3787305567"/>
    <nd ref="8637794831"/>
    <nd ref="3787305291"/>
    <nd ref="8637794833"/>
    <nd ref="3787305156"/>
    <tag k="highway" v="residential"/>
  </way>
  <way id="375359293">
    <nd ref="3787305095"/>
    <nd ref="3793671525"/>
    <nd ref="3792432915"/>
    <tag k="highway" v="residential"/>
  </way>
  <way id="375359295">
    <nd ref="3787305146"/>
    <nd ref="3787305134"/>
    <nd ref="3787305137"/>
    <tag k="highway" v="residential"/>
  </way>
  <way id="375359297">
    <nd ref="3787292442"/>
    <nd ref="3787292444"/>
    <nd ref="3787292447"/>
    <tag k="highway" v="residential"/>
  </way>
  <way id="375359299">
    <nd ref="3787250036"/>
    <nd ref="3787250041"/>
    <nd ref="3787250046"/>
    <tag k="highway" v="residential"/>
  </way>
  <way id="375359301">
    <nd ref="3787305144"/>
    <nd ref="3787305115"/>
    <tag k="highway" v="residential"/>
  </way>
  <way id="375359302">
    <nd ref="3787305108"/>
    <nd ref="3787305104"/>
    <nd ref="11621292437"/>
    <nd ref="6968193480"/>
    <nd ref="3787305138"/>
    <tag k="highway" v="residential"/>
  </way>
  <way id="375359303">
    <nd ref="3787292425"/>
    <nd ref="3787292429"/>
    <nd ref="8642294469"/>
    <nd ref="3787292426"/>
    <tag k="highway" v="residential"/>
    <tag k="source" v="DigitalGlobe-Standard"/>
  </way>
  <way id="375359305">
    <nd ref="3787304013"/>
    <nd ref="3787304014"/>
    <nd ref="11617789479"/>
    <nd ref="3787304016"/>
    <tag k="access" v="permissive"/>
    <tag k="highway" v="residential"/>
  </way>
  <way id="375359307">
    <nd ref="3787305262"/>
    <nd ref="3787305136"/>
    <nd ref="3787305140"/>
    <tag k="highway" v="residential"/>
  </way>
  <way id="375359308">
    <nd ref="3787303989"/>
    <nd ref="3787305596"/>
    <nd ref="3787305595"/>
    <tag k="highway" v="residential"/>
  </way>
  <way id="375359309">
    <nd ref="3787250033"/>
    <nd ref="10578470436"/>
    <nd ref="10578470435"/>
    <nd ref="8642294483"/>
    <nd ref="3787250031"/>
    <nd ref="3787250030"/>
    <tag k="highway" v="residential"/>
  </way>
  <way id="375359310">
    <nd ref="3787305145"/>
    <nd ref="3787305122"/>
    <nd ref="3787305096"/>
    <tag k="highway" v="residential"/>
  </way>
  <way id="375359311">
    <nd ref="3787305292"/>
    <nd ref="3787305295"/>
    <tag k="highway" v="residential"/>
  </way>
  <way id="375359312">
    <nd ref="3787306687"/>
    <nd ref="3787306690"/>
    <nd ref="8620643017"/>
    <nd ref="8620643018"/>
    <nd ref="3787306700"/>
    <nd ref="3787306732"/>
    <tag k="highway" v="residential"/>
  </way>
  <way id="375359315">
    <nd ref="3787304002"/>
    <nd ref="11613166037"/>
    <nd ref="10617420718"/>
    <nd ref="3787304008"/>
    <nd ref="3787304009"/>
    <nd ref="3787304015"/>
    <tag k="access" v="permissive"/>
    <tag k="highway" v="residential"/>
    <tag k="name" v="2C number lane"/>
  </way>
  <way id="375359317">
    <nd ref="3787250033"/>
    <nd ref="11073133527"/>
    <nd ref="3787250034"/>
    <nd ref="3787250032"/>
    <nd ref="11593705892"/>
    <nd ref="3787250029"/>
    <tag k="highway" v="residential"/>
  </way>
  <way id="375359318">
    <nd ref="3787305108"/>
    <nd ref="3787305099"/>
    <nd ref="3787305079"/>
    <nd ref="3787305078"/>
    <tag k="highway" v="residential"/>
  </way>
  <way id="375359320">
    <nd ref="3787305073"/>
    <nd ref="3787305076"/>
    <nd ref="8637775812"/>
    <nd ref="3787305080"/>
    <nd ref="3787305083"/>
    <tag k="highway" v="residential"/>
  </way>
  <way id="375359321">
    <nd ref="3787250038"/>
    <nd ref="3787250042"/>
    <nd ref="3787250047"/>
    <nd ref="3787250054"/>
    <tag k="highway" v="residential"/>
  </way>
  <way id="375359323">
    <nd ref="3787303996"/>
    <nd ref="3787304000"/>
    <nd ref="3787304001"/>
    <nd ref="11219206952"/>
    <nd ref="4720199070"/>
    <nd ref="3787304006"/>
    <tag k="highway" v="residential"/>
  </way>
  <way id="375359324">
    <nd ref="3787305568"/>
    <nd ref="3787292422"/>
    <nd ref="3787305294"/>
    <nd ref="3787305259"/>
    <tag k="highway" v="residential"/>
  </way>
  <way id="375359328">
    <nd ref="3787306661"/>
    <nd ref="11219206951"/>
    <nd ref="3787305655"/>
    <nd ref="3787305650"/>
    <nd ref="3787305648"/>
    <tag k="highway" v="residential"/>
  </way>
  <way id="375359330">
    <nd ref="3787306690"/>
    <nd ref="3787305656"/>
    <nd ref="3787305623"/>
    <nd ref="3787304048"/>
    <tag k="highway" v="residential"/>
  </way>
  <way id="375359331">
    <nd ref="3787292419"/>
    <nd ref="3787292418"/>
    <nd ref="8642294468"/>
    <nd ref="3787292417"/>
    <nd ref="3787292416"/>
    <tag k="highway" v="residential"/>
  </way>
  <way id="375359333">
    <nd ref="316753322"/>
    <nd ref="3787303989"/>
    <nd ref="3787305607"/>
    <nd ref="8093006068"/>
    <nd ref="11625891362"/>
    <nd ref="3787305579"/>
    <tag k="highway" v="residential"/>
  </way>
  <way id="375359335">
    <nd ref="3787305572"/>
    <nd ref="8637775770"/>
    <nd ref="3787292423"/>
    <nd ref="9739652641"/>
    <nd ref="3787305292"/>
    <nd ref="3787305262"/>
    <tag k="highway" v="residential"/>
  </way>
  <way id="375359336">
    <nd ref="3787305638"/>
    <nd ref="3787305960"/>
    <nd ref="3787304039"/>
    <nd ref="3787304014"/>
    <tag k="highway" v="residential"/>
  </way>
  <way id="375359338">
    <nd ref="3787305149"/>
    <nd ref="3787305146"/>
    <nd ref="3787305145"/>
    <nd ref="3787305143"/>
    <nd ref="3793671547"/>
    <nd ref="3792432931"/>
    <tag k="highway" v="residential"/>
  </way>
  <way id="375359340">
    <nd ref="3787304011"/>
    <nd ref="3787304036"/>
    <nd ref="3787304047"/>
    <nd ref="6333547887"/>
    <nd ref="3787306658"/>
    <tag k="highway" v="residential"/>
    <tag k="name" v="udyan path"/>
  </way>
  <way id="375359341">
    <nd ref="3787250037"/>
    <nd ref="3788543218"/>
    <nd ref="3787250001"/>
    <tag k="highway" v="residential"/>
    <tag k="source" v="DigitalGlobe-Standard"/>
  </way>
  <way id="375359343">
    <nd ref="3787305263"/>
    <nd ref="3787305141"/>
    <nd ref="3787305140"/>
    <nd ref="3787305128"/>
    <nd ref="3787305106"/>
    <tag k="highway" v="residential"/>
  </way>
  <way id="375359345">
    <nd ref="3787303975"/>
    <nd ref="3787303986"/>
    <nd ref="3787303988"/>
    <nd ref="3787303990"/>
    <nd ref="3787304003"/>
    <tag k="highway" v="trunk_link"/>
    <tag k="oneway" v="yes"/>
  </way>
  <way id="375359347">
    <nd ref="3787304008"/>
    <nd ref="3787304038"/>
    <nd ref="3787305622"/>
    <nd ref="3787305642"/>
    <nd ref="3787306676"/>
    <tag k="highway" v="residential"/>
    <tag k="name" v="uday path"/>
  </way>
  <way id="375359351">
    <nd ref="3787305653"/>
    <nd ref="11613067411"/>
    <nd ref="3787306666"/>
    <nd ref="3787306671"/>
    <nd ref="3787306676"/>
    <nd ref="3787306678"/>
    <tag k="access" v="permissive"/>
    <tag k="highway" v="residential"/>
  </way>
  <way id="375359352">
    <nd ref="3787305075"/>
    <nd ref="3787305061"/>
    <nd ref="3787250050"/>
    <nd ref="3787250036"/>
    <nd ref="3787250029"/>
    <nd ref="5553653103"/>
    <nd ref="5553653106"/>
    <nd ref="3787250004"/>
    <tag k="highway" v="residential"/>
    <tag k="source" v="DigitalGlobe-Standard"/>
  </way>
  <way id="375359356">
    <nd ref="3787305106"/>
    <nd ref="3787305083"/>
    <nd ref="3787250054"/>
    <nd ref="3787250052"/>
    <nd ref="3787250039"/>
    <nd ref="3787250037"/>
    <tag k="highway" v="residential"/>
  </way>
  <way id="375359358">
    <nd ref="3787305117"/>
    <nd ref="3787305102"/>
    <nd ref="3787305098"/>
    <nd ref="3787305090"/>
    <tag k="highway" v="residential"/>
  </way>
  <way id="375359360">
    <nd ref="3787303974"/>
    <nd ref="3787305606"/>
    <nd ref="8642294452"/>
    <nd ref="8642294451"/>
    <nd ref="3787305591"/>
    <nd ref="8642294453"/>
    <nd ref="3787305580"/>
    <nd ref="3787305577"/>
    <tag k="highway" v="residential"/>
  </way>
  <way id="375359362">
    <nd ref="3787305284"/>
    <nd ref="3787305285"/>
    <nd ref="8642294467"/>
    <nd ref="3787305286"/>
    <nd ref="3787305297"/>
    <tag k="highway" v="residential"/>
  </way>
  <way id="375359364">
    <nd ref="3787292449"/>
    <nd ref="11221701455"/>
    <nd ref="3787305560"/>
    <nd ref="3787305570"/>
    <nd ref="11221701456"/>
    <nd ref="11221701457"/>
    <nd ref="11221701458"/>
    <tag k="highway" v="residential"/>
  </way>
  <way id="375359366">
    <nd ref="3787305644"/>
    <nd ref="3787305649"/>
    <nd ref="3787305654"/>
    <nd ref="8620613307"/>
    <nd ref="3787306665"/>
    <nd ref="8620613308"/>
    <nd ref="8620613309"/>
    <nd ref="3787306689"/>
    <nd ref="8620613310"/>
    <nd ref="3787306716"/>
    <tag k="highway" v="residential"/>
  </way>
  <way id="375359370">
    <nd ref="3787306719"/>
    <nd ref="3787305959"/>
    <nd ref="3787303992"/>
    <nd ref="14078464128"/>
    <nd ref="14078464127"/>
    <nd ref="3787303987"/>
    <tag k="highway" v="tertiary"/>
    <tag k="oneway" v="yes"/>
  </way>
  <way id="375359373">
    <nd ref="3787305635"/>
    <nd ref="11221754915"/>
    <nd ref="3787304051"/>
    <nd ref="3787304027"/>
    <nd ref="3787304013"/>
    <tag k="highway" v="residential"/>
  </way>
  <way id="375359375">
    <nd ref="3787305147"/>
    <nd ref="9739652647"/>
    <nd ref="8642294460"/>
    <nd ref="3787305150"/>
    <nd ref="8642294466"/>
    <nd ref="3787305152"/>
    <nd ref="3787305153"/>
    <nd ref="3787305155"/>
    <nd ref="3787305257"/>
    <tag k="highway" v="residential"/>
  </way>
  <way id="375359379">
    <nd ref="3787306709"/>
    <nd ref="3787306686"/>
    <nd ref="3787306683"/>
    <nd ref="3787306675"/>
    <nd ref="3787306667"/>
    <nd ref="3787305652"/>
    <tag k="highway" v="residential"/>
  </way>
  <way id="375359381">
    <nd ref="3787305086"/>
    <nd ref="3787305073"/>
    <nd ref="6731570663"/>
    <nd ref="3787250046"/>
    <nd ref="3787250043"/>
    <nd ref="3787250038"/>
    <nd ref="3787250026"/>
    <tag k="highway" v="residential"/>
  </way>
  <way id="375359388">
    <nd ref="3787306694"/>
    <nd ref="3787305648"/>
    <nd ref="3787305967"/>
    <nd ref="11209999189"/>
    <nd ref="3787303996"/>
    <nd ref="3787305613"/>
    <tag k="highway" v="residential"/>
    <tag k="name" v="Lane Number 2"/>
  </way>
  <way id="375359390">
    <nd ref="14061170795"/>
    <nd ref="14061170794"/>
    <nd ref="3787304054"/>
    <nd ref="3787304043"/>
    <nd ref="3787304018"/>
    <nd ref="3787304007"/>
    <nd ref="3787303999"/>
    <nd ref="3787303985"/>
    <tag k="highway" v="residential"/>
  </way>
  <way id="375359391">
    <nd ref="3787305607"/>
    <nd ref="3787305600"/>
    <nd ref="3787305590"/>
    <nd ref="3787305587"/>
    <nd ref="3787305585"/>
    <nd ref="3787305582"/>
    <nd ref="3787305584"/>
    <tag k="highway" v="residential"/>
  </way>
  <way id="375359393">
    <nd ref="3787292431"/>
    <nd ref="3787292439"/>
    <tag k="highway" v="residential"/>
  </way>
  <way id="375359395">
    <nd ref="8651146959"/>
    <nd ref="8651146958"/>
    <nd ref="8651146960"/>
    <nd ref="3787304025"/>
    <nd ref="3787305621"/>
    <nd ref="3787306660"/>
    <nd ref="3787306685"/>
    <nd ref="11209489572"/>
    <nd ref="3787306745"/>
    <nd ref="3787306751"/>
    <nd ref="3783260055"/>
    <tag k="highway" v="tertiary"/>
  </way>
  <way id="375359397">
    <nd ref="3787305123"/>
    <nd ref="8642294461"/>
    <nd ref="3787305126"/>
    <nd ref="3787305129"/>
    <nd ref="8637775761"/>
    <nd ref="3787305130"/>
    <nd ref="3787305133"/>
    <nd ref="11621298973"/>
    <nd ref="6968193480"/>
    <tag k="highway" v="residential"/>
  </way>
  <way id="375359399">
    <nd ref="8064587232"/>
    <nd ref="316753301"/>
    <nd ref="3793680017"/>
    <nd ref="3787305589"/>
    <nd ref="3792433197"/>
    <nd ref="3787305575"/>
    <nd ref="3787305571"/>
    <tag k="highway" v="residential"/>
  </way>
  <way id="375359402">
    <nd ref="3787304031"/>
    <nd ref="3787305963"/>
    <nd ref="3787305628"/>
    <nd ref="3787305645"/>
    <nd ref="3792433590"/>
    <nd ref="3787306714"/>
    <tag k="highway" v="residential"/>
    <tag k="name" v="ram path"/>
  </way>
  <way id="375359403">
    <nd ref="7090378391"/>
    <nd ref="3787304032"/>
    <nd ref="3787304037"/>
    <nd ref="3787304044"/>
    <nd ref="3787304046"/>
    <nd ref="11219194694"/>
    <nd ref="3787304048"/>
    <nd ref="3787304053"/>
    <tag k="highway" v="residential"/>
  </way>
  <way id="375359406">
    <nd ref="11221696290"/>
    <nd ref="3787305569"/>
    <nd ref="3787305567"/>
    <nd ref="3787305566"/>
    <nd ref="3787305568"/>
    <nd ref="3787305572"/>
    <nd ref="3787305573"/>
    <nd ref="3787305574"/>
    <tag k="highway" v="residential"/>
  </way>
  <way id="375359408">
    <nd ref="3787305281"/>
    <nd ref="3787305277"/>
    <nd ref="3787305274"/>
    <nd ref="3787305272"/>
    <nd ref="3787305271"/>
    <nd ref="3787305265"/>
    <tag k="highway" v="residential"/>
  </way>
  <way id="375359409">
    <nd ref="3787305651"/>
    <nd ref="3787306664"/>
    <nd ref="3787306669"/>
    <nd ref="3787306673"/>
    <nd ref="3787306677"/>
    <nd ref="3787306681"/>
    <nd ref="3787306687"/>
    <nd ref="3787306726"/>
    <tag k="highway" v="residential"/>
  </way>
  <way id="375359410">
    <nd ref="3787305094"/>
    <nd ref="3787305093"/>
    <nd ref="3787305091"/>
    <nd ref="3787305089"/>
    <nd ref="8637331794"/>
    <nd ref="3787305088"/>
    <nd ref="3787305087"/>
    <nd ref="3787305085"/>
    <nd ref="3787305084"/>
    <tag k="highway" v="residential"/>
  </way>
  <way id="375359411">
    <nd ref="3787305577"/>
    <nd ref="9739652636"/>
    <nd ref="3787292442"/>
    <nd ref="3787292425"/>
    <nd ref="3787305287"/>
    <nd ref="3787305279"/>
    <nd ref="14060748259"/>
    <tag k="highway" v="residential"/>
  </way>
  <way id="375359412">
    <nd ref="14076332642"/>
    <nd ref="8660158354"/>
    <nd ref="3787305565"/>
    <nd ref="3787292448"/>
    <nd ref="3787292439"/>
    <nd ref="11221701459"/>
    <nd ref="8637794830"/>
    <nd ref="3787292424"/>
    <nd ref="3787292420"/>
    <nd ref="8637794832"/>
    <nd ref="6968198686"/>
    <nd ref="3787305281"/>
    <tag k="highway" v="residential"/>
  </way>
  <way id="375359413">
    <nd ref="3787306706"/>
    <nd ref="3787306699"/>
    <nd ref="3788668528"/>
    <nd ref="11576319315"/>
    <nd ref="3787306701"/>
    <nd ref="3787306695"/>
    <nd ref="3787306694"/>
    <nd ref="3787306693"/>
    <nd ref="3787306692"/>
    <tag k="highway" v="residential"/>
  </way>
  <way id="375359414">
    <nd ref="3787305594"/>
    <nd ref="3787305586"/>
    <nd ref="3787305574"/>
    <nd ref="3787305558"/>
    <nd ref="8637775768"/>
    <nd ref="3787292433"/>
    <nd ref="3787305296"/>
    <nd ref="3787305289"/>
    <nd ref="3787305269"/>
    <tag k="highway" v="residential"/>
  </way>
  <way id="375359415">
    <nd ref="3787305139"/>
    <nd ref="3787305135"/>
    <nd ref="3787305128"/>
    <nd ref="3787305121"/>
    <nd ref="3787305117"/>
    <nd ref="3787305115"/>
    <nd ref="8637794817"/>
    <nd ref="3787305113"/>
    <nd ref="3787305111"/>
    <tag k="highway" v="residential"/>
  </way>
  <way id="375359417">
    <nd ref="3783124433"/>
    <nd ref="3787305269"/>
    <nd ref="3787305264"/>
    <nd ref="3787305263"/>
    <nd ref="3787305262"/>
    <nd ref="3787305259"/>
    <nd ref="3787305156"/>
    <nd ref="11770606783"/>
    <nd ref="11770606785"/>
    <nd ref="14023643495"/>
    <nd ref="6968193481"/>
    <tag k="highway" v="residential"/>
  </way>
  <way id="375359419">
    <nd ref="3787306739"/>
    <nd ref="3787306734"/>
    <nd ref="3787306730"/>
    <nd ref="3787306721"/>
    <nd ref="3787306718"/>
    <nd ref="3787306717"/>
    <nd ref="3787306716"/>
    <tag k="highway" v="residential"/>
  </way>
  <way id="375416540">
    <nd ref="3792284796"/>
    <nd ref="8655588615"/>
    <nd ref="3787862262"/>
    <nd ref="11768121692"/>
    <nd ref="8667928670"/>
    <nd ref="11768121684"/>
    <nd ref="8667928668"/>
    <nd ref="3787862297"/>
    <nd ref="8637197277"/>
    <nd ref="6880199279"/>
    <nd ref="8643101566"/>
    <nd ref="14063670855"/>
    <nd ref="14063670841"/>
    <nd ref="6731755514"/>
    <nd ref="14063670843"/>
    <nd ref="2007653879"/>
    <nd ref="11575851203"/>
    <nd ref="3789953543"/>
    <nd ref="3779261878"/>
    <nd ref="11575853201"/>
    <nd ref="3779261943"/>
    <nd ref="3789943847"/>
    <nd ref="2830764250"/>
    <nd ref="316753448"/>
    <nd ref="11235133450"/>
    <nd ref="3789953812"/>
    <nd ref="4757339758"/>
    <nd ref="3779262048"/>
    <nd ref="11199512523"/>
    <nd ref="8620883912"/>
    <nd ref="6731159030"/>
    <nd ref="3779215810"/>
    <nd ref="14053765762"/>
    <nd ref="3779262092"/>
    <nd ref="3779215821"/>
    <nd ref="14053765767"/>
    <nd ref="3779262103"/>
    <nd ref="316753450"/>
    <nd ref="3779215836"/>
    <nd ref="8655588610"/>
    <nd ref="3779262127"/>
    <nd ref="316753452"/>
    <nd ref="3779215855"/>
    <nd ref="3779215869"/>
    <nd ref="316753453"/>
    <nd ref="3779215912"/>
    <nd ref="3779215946"/>
    <nd ref="3779262361"/>
    <nd ref="11768696708"/>
    <nd ref="3779262383"/>
    <nd ref="5481836908"/>
    <nd ref="8665470548"/>
    <nd ref="3779262419"/>
    <nd ref="8620229086"/>
    <nd ref="11209895560"/>
    <nd ref="14076742122"/>
    <nd ref="8620397616"/>
    <nd ref="2830764252"/>
    <nd ref="8620397615"/>
    <nd ref="2830764253"/>
    <nd ref="3788543259"/>
    <nd ref="3788543305"/>
    <nd ref="3788543470"/>
    <nd ref="11160361436"/>
    <nd ref="8620397604"/>
    <nd ref="2830764255"/>
    <nd ref="14074587031"/>
    <nd ref="4757335051"/>
    <nd ref="11209891222"/>
    <nd ref="3787250045"/>
    <nd ref="3787250048"/>
    <nd ref="9739652656"/>
    <nd ref="316753457"/>
    <nd ref="3787305114"/>
    <nd ref="3787305139"/>
    <nd ref="316753336"/>
    <nd ref="5481791764"/>
    <nd ref="3783124433"/>
    <nd ref="5481791763"/>
    <nd ref="5481799492"/>
    <nd ref="316753337"/>
    <nd ref="5481799491"/>
    <nd ref="3787305288"/>
    <nd ref="316753338"/>
    <nd ref="5481791856"/>
    <tag k="highway" v="trunk"/>
    <tag k="oneway" v="yes"/>
    <tag k="ref" v="NH52"/>
  </way>
  <way id="375491056">
    <nd ref="3788543090"/>
    <nd ref="3788543095"/>
    <nd ref="3788543094"/>
    <nd ref="4757335559"/>
    <nd ref="3788543093"/>
    <nd ref="3788543088"/>
    <nd ref="3788543087"/>
    <nd ref="3788543086"/>
    <nd ref="3788543081"/>
    <nd ref="3788543082"/>
    <nd ref="8620447038"/>
    <tag k="highway" v="residential"/>
  </way>
  <way id="375491057">
    <nd ref="3788543533"/>
    <nd ref="11107067170"/>
    <nd ref="3788543524"/>
    <nd ref="8642294509"/>
    <nd ref="3788543486"/>
    <nd ref="3788543480"/>
    <nd ref="8637632279"/>
    <nd ref="3788543303"/>
    <nd ref="3788543267"/>
    <nd ref="3788542682"/>
    <tag k="highway" v="residential"/>
  </way>
  <way id="375491058">
    <nd ref="3788543511"/>
    <nd ref="3788543496"/>
    <nd ref="3788543489"/>
    <nd ref="3788543471"/>
    <tag k="highway" v="residential"/>
    <tag k="source" v="DigitalGlobe-Standard"/>
  </way>
  <way id="375491059">
    <nd ref="3788543503"/>
    <nd ref="9901112306"/>
    <nd ref="3788543500"/>
    <nd ref="11160502016"/>
    <nd ref="3788543273"/>
    <nd ref="3788543134"/>
    <nd ref="3788543117"/>
    <nd ref="11160489516"/>
    <nd ref="8637592486"/>
    <nd ref="3788543157"/>
    <nd ref="8637794850"/>
    <nd ref="3788543096"/>
    <nd ref="3788543060"/>
    <nd ref="3788541443"/>
    <tag k="highway" v="residential"/>
  </way>
  <way id="375491060">
    <nd ref="3788543281"/>
    <nd ref="8637651279"/>
    <nd ref="3788543479"/>
    <nd ref="3788543481"/>
    <nd ref="3788543477"/>
    <nd ref="4757332528"/>
    <nd ref="3788543465"/>
    <nd ref="3788543464"/>
    <nd ref="3788543459"/>
    <nd ref="3788543457"/>
    <nd ref="8637775758"/>
    <nd ref="3788543466"/>
    <nd ref="3788543467"/>
    <nd ref="11160361435"/>
    <nd ref="3788543463"/>
    <nd ref="14053292836"/>
    <tag k="highway" v="residential"/>
    <tag k="source" v="DigitalGlobe-Standard"/>
    <tag k="surface" v="asphalt"/>
  </way>
  <way id="375491061">
    <nd ref="3788542754"/>
    <nd ref="3788542725"/>
    <nd ref="3788668049"/>
    <nd ref="3788542707"/>
    <nd ref="3788542692"/>
    <nd ref="3788543109"/>
    <nd ref="3788668042"/>
    <nd ref="3788543089"/>
    <nd ref="3788543070"/>
    <nd ref="3788541454"/>
    <nd ref="3788541441"/>
    <nd ref="3788541436"/>
    <nd ref="3788541423"/>
    <nd ref="3788668029"/>
    <nd ref="3788543050"/>
    <nd ref="8621480749"/>
    <nd ref="3788668025"/>
    <nd ref="3788543029"/>
    <nd ref="8621480751"/>
    <nd ref="8620267824"/>
    <tag k="highway" v="residential"/>
  </way>
  <way id="375491062">
    <nd ref="14053292838"/>
    <nd ref="3788543150"/>
    <nd ref="8620397611"/>
    <nd ref="3788543142"/>
    <nd ref="3788543132"/>
    <nd ref="3788543131"/>
    <nd ref="3788543135"/>
    <nd ref="3788543153"/>
    <nd ref="3788543257"/>
    <nd ref="4757329662"/>
    <nd ref="8637592490"/>
    <nd ref="3788543266"/>
    <nd ref="4757329648"/>
    <nd ref="3788543276"/>
    <nd ref="3788543281"/>
    <nd ref="3788543285"/>
    <nd ref="3788543288"/>
    <nd ref="3788543291"/>
    <nd ref="3788543310"/>
    <tag k="highway" v="residential"/>
  </way>
  <way id="375491063">
    <nd ref="3788543545"/>
    <nd ref="8642294492"/>
    <nd ref="3788543546"/>
    <nd ref="3788543178"/>
    <nd ref="3788543181"/>
    <nd ref="3788543182"/>
    <nd ref="3788543186"/>
    <nd ref="3788543184"/>
    <nd ref="3788543179"/>
    <nd ref="8642294513"/>
    <nd ref="3788543187"/>
    <nd ref="3788543188"/>
    <nd ref="3788543190"/>
    <nd ref="3788543193"/>
    <nd ref="3793735170"/>
    <nd ref="3788543194"/>
    <nd ref="8637632285"/>
    <nd ref="3793735173"/>
    <nd ref="3793735175"/>
    <tag k="highway" v="residential"/>
  </way>
  <way id="375491064">
    <nd ref="3788541442"/>
    <nd ref="3788541432"/>
    <tag k="highway" v="residential"/>
  </way>
  <way id="375491065">
    <nd ref="3788543492"/>
    <nd ref="3788543283"/>
    <tag k="highway" v="residential"/>
    <tag k="source" v="DigitalGlobe-Standard"/>
  </way>
  <way id="375491066">
    <nd ref="8620384780"/>
    <nd ref="3788542692"/>
    <nd ref="3788542717"/>
    <tag k="highway" v="residential"/>
  </way>
  <way id="375491067">
    <nd ref="3788543035"/>
    <nd ref="3788542999"/>
    <tag k="highway" v="residential"/>
  </way>
  <way id="375491068">
    <nd ref="11160489516"/>
    <nd ref="11160489517"/>
    <nd ref="11160489518"/>
    <nd ref="3788543115"/>
    <tag k="access" v="private"/>
    <tag k="highway" v="service"/>
  </way>
  <way id="375491069">
    <nd ref="3788541424"/>
    <nd ref="3788541422"/>
    <tag k="highway" v="residential"/>
  </way>
  <way id="375491070">
    <nd ref="3788543096"/>
    <nd ref="8642294496"/>
    <nd ref="3788543083"/>
    <tag k="highway" v="residential"/>
  </way>
  <way id="375491071">
    <nd ref="3788542992"/>
    <nd ref="3789954283"/>
    <nd ref="11593708390"/>
    <nd ref="3788542456"/>
    <tag k="highway" v="residential"/>
  </way>
  <way id="375491072">
    <nd ref="3788542735"/>
    <nd ref="3788543087"/>
    <tag k="highway" v="residential"/>
  </way>
  <way id="375491073">
    <nd ref="3788541418"/>
    <nd ref="3788541451"/>
    <nd ref="11107015568"/>
    <tag k="highway" v="residential"/>
  </way>
  <way id="375491074">
    <nd ref="3788543297"/>
    <nd ref="3788543142"/>
    <tag k="highway" v="residential"/>
    <tag k="source" v="DigitalGlobe-Standard"/>
  </way>
  <way id="375491075">
    <nd ref="3788542712"/>
    <nd ref="3788542678"/>
    <tag k="highway" v="residential"/>
  </way>
  <way id="375491076">
    <nd ref="3788543028"/>
    <nd ref="8621480774"/>
    <nd ref="8621480771"/>
    <nd ref="6868536708"/>
    <nd ref="8621480773"/>
    <nd ref="6868536711"/>
    <nd ref="8621480778"/>
    <nd ref="3788542974"/>
    <tag k="highway" v="residential"/>
  </way>
  <way id="375491078">
    <nd ref="8620384787"/>
    <nd ref="3788541441"/>
    <nd ref="3788543069"/>
    <tag k="highway" v="residential"/>
  </way>
  <way id="375491079">
    <nd ref="3788542979"/>
    <nd ref="3788542958"/>
    <nd ref="8642418140"/>
    <nd ref="3789954118"/>
    <nd ref="9739652674"/>
    <nd ref="3789954112"/>
    <tag k="highway" v="residential"/>
  </way>
  <way id="375491080">
    <nd ref="3788543041"/>
    <nd ref="3788541437"/>
    <tag k="highway" v="residential"/>
  </way>
  <way id="375491081">
    <nd ref="3788541423"/>
    <nd ref="3788541444"/>
    <tag k="highway" v="residential"/>
  </way>
  <way id="375491082">
    <nd ref="3788542737"/>
    <nd ref="3788542740"/>
    <tag k="highway" v="residential"/>
  </way>
  <way id="375491083">
    <nd ref="3788543481"/>
    <nd ref="3788543507"/>
    <tag k="highway" v="residential"/>
    <tag k="source" v="DigitalGlobe-Standard"/>
  </way>
  <way id="375491084">
    <nd ref="3788542706"/>
    <nd ref="8620384797"/>
    <nd ref="3788542686"/>
    <tag k="highway" v="residential"/>
  </way>
  <way id="375491085">
    <nd ref="3788543208"/>
    <nd ref="3788543190"/>
    <tag k="highway" v="residential"/>
  </way>
  <way id="375491086">
    <nd ref="3788543519"/>
    <nd ref="3788543520"/>
    <tag k="highway" v="residential"/>
  </way>
  <way id="375491087">
    <nd ref="3788543216"/>
    <nd ref="3788543515"/>
    <tag k="highway" v="residential"/>
    <tag k="source" v="DigitalGlobe-Standard"/>
  </way>
  <way id="375491088">
    <nd ref="3788541438"/>
    <nd ref="3788541433"/>
    <tag k="highway" v="residential"/>
  </way>
  <way id="375491089">
    <nd ref="3788543303"/>
    <nd ref="8637651306"/>
    <nd ref="11593690944"/>
    <nd ref="8637651305"/>
    <nd ref="3788543306"/>
    <nd ref="3793735093"/>
    <nd ref="3793735089"/>
    <nd ref="3793735072"/>
    <tag k="highway" v="residential"/>
    <tag k="source" v="DigitalGlobe-Standard"/>
  </way>
  <way id="375491090">
    <nd ref="3788542949"/>
    <nd ref="12401617415"/>
    <nd ref="3788543295"/>
    <tag k="highway" v="residential"/>
    <tag k="source" v="DigitalGlobe-Standard"/>
  </way>
  <way id="375491091">
    <nd ref="8620384785"/>
    <nd ref="3788543070"/>
    <nd ref="3788543099"/>
    <tag k="highway" v="residential"/>
  </way>
  <way id="375491092">
    <nd ref="3788543510"/>
    <nd ref="3788543477"/>
    <tag k="highway" v="residential"/>
  </way>
  <way id="375491093">
    <nd ref="3788543275"/>
    <nd ref="3788543300"/>
    <tag k="highway" v="residential"/>
  </way>
  <way id="375491094">
    <nd ref="3788543190"/>
    <nd ref="3788543537"/>
    <tag k="highway" v="residential"/>
    <tag k="source" v="DigitalGlobe-Standard"/>
  </way>
  <way id="375491095">
    <nd ref="8635214134"/>
    <nd ref="8642418145"/>
    <nd ref="8642418147"/>
    <nd ref="3789954111"/>
    <nd ref="3789954114"/>
    <nd ref="8635211646"/>
    <nd ref="3789954119"/>
    <nd ref="3789954124"/>
    <tag k="highway" v="residential"/>
  </way>
  <way id="375491096">
    <nd ref="3788542948"/>
    <nd ref="3788543292"/>
    <tag k="highway" v="residential"/>
  </way>
  <way id="375491098">
    <nd ref="3788542713"/>
    <nd ref="3788542709"/>
    <tag k="highway" v="residential"/>
  </way>
  <way id="375491099">
    <nd ref="3788542985"/>
    <nd ref="3779262372"/>
    <tag k="highway" v="residential"/>
  </way>
  <way id="375491100">
    <nd ref="3788543058"/>
    <nd ref="3788541417"/>
    <tag k="highway" v="residential"/>
  </way>
  <way id="375491101">
    <nd ref="3788543310"/>
    <nd ref="3788543472"/>
    <nd ref="8637651278"/>
    <nd ref="8637651277"/>
    <nd ref="8637651279"/>
    <tag k="highway" v="residential"/>
    <tag k="source" v="DigitalGlobe-Standard"/>
  </way>
  <way id="375491103">
    <nd ref="3788543313"/>
    <nd ref="4631496783"/>
    <nd ref="3788543165"/>
    <tag k="highway" v="residential"/>
  </way>
  <way id="375491104">
    <nd ref="3788543057"/>
    <nd ref="3788543055"/>
    <tag k="highway" v="residential"/>
  </way>
  <way id="375491105">
    <nd ref="3788542733"/>
    <nd ref="8620311237"/>
    <nd ref="3788542702"/>
    <tag k="highway" v="residential"/>
  </way>
  <way id="375491106">
    <nd ref="3788543091"/>
    <nd ref="3788543071"/>
    <tag k="highway" v="residential"/>
  </way>
  <way id="375491107">
    <nd ref="3788543491"/>
    <nd ref="3788543521"/>
    <tag k="highway" v="residential"/>
    <tag k="source" v="DigitalGlobe-Standard"/>
  </way>
  <way id="375491108">
    <nd ref="3788543167"/>
    <nd ref="3788543150"/>
    <tag k="highway" v="residential"/>
  </way>
  <way id="375491109">
    <nd ref="3788543050"/>
    <nd ref="3788541433"/>
    <tag k="highway" v="residential"/>
  </way>
  <way id="375491110">
    <nd ref="3788543265"/>
    <nd ref="3788543139"/>
    <tag k="highway" v="residential"/>
  </way>
  <way id="375491111">
    <nd ref="3788541436"/>
    <nd ref="3788541453"/>
    <tag k="highway" v="residential"/>
  </way>
  <way id="375491112">
    <nd ref="3788543280"/>
    <nd ref="8620399623"/>
    <nd ref="3788543152"/>
    <tag k="highway" v="residential"/>
  </way>
  <way id="375491113">
    <nd ref="3788543025"/>
    <nd ref="8637664173"/>
    <tag k="highway" v="residential"/>
  </way>
  <way id="375491114">
    <nd ref="3788543163"/>
    <nd ref="3788542738"/>
    <tag k="highway" v="residential"/>
  </way>
  <way id="375491115">
    <nd ref="3788543205"/>
    <nd ref="3788543183"/>
    <tag k="highway" v="residential"/>
  </way>
  <way id="375491116">
    <nd ref="3788541429"/>
    <nd ref="3788543061"/>
    <tag k="highway" v="residential"/>
  </way>
  <way id="375491117">
    <nd ref="8642294475"/>
    <nd ref="13105482943"/>
    <nd ref="13105482945"/>
    <nd ref="13105482944"/>
    <nd ref="3788543184"/>
    <tag k="highway" v="residential"/>
  </way>
  <way id="375491118">
    <nd ref="3788543002"/>
    <nd ref="3788543001"/>
    <tag k="highway" v="residential"/>
  </way>
  <way id="375491119">
    <nd ref="3788543544"/>
    <nd ref="5553620249"/>
    <nd ref="3788543308"/>
    <tag k="highway" v="residential"/>
  </way>
  <way id="375491120">
    <nd ref="3788543029"/>
    <nd ref="3788543047"/>
    <tag k="highway" v="residential"/>
  </way>
  <way id="375491121">
    <nd ref="3788542713"/>
    <nd ref="3788543276"/>
    <tag k="highway" v="residential"/>
  </way>
  <way id="375491122">
    <nd ref="3788542701"/>
    <nd ref="3788542697"/>
    <tag k="highway" v="residential"/>
  </way>
  <way id="375491124">
    <nd ref="3788543112"/>
    <nd ref="3788543085"/>
    <tag k="highway" v="residential"/>
  </way>
  <way id="375491125">
    <nd ref="3787250030"/>
    <nd ref="3788543217"/>
    <tag k="highway" v="residential"/>
  </way>
  <way id="375491126">
    <nd ref="3783124421"/>
    <nd ref="3788543004"/>
    <tag k="highway" v="residential"/>
  </way>
  <way id="375491127">
    <nd ref="3788541419"/>
    <nd ref="3788541456"/>
    <tag k="highway" v="residential"/>
  </way>
  <way id="375491128">
    <nd ref="3788543075"/>
    <nd ref="3788543076"/>
    <tag k="highway" v="residential"/>
  </way>
  <way id="375491129">
    <nd ref="3788542696"/>
    <nd ref="3788543101"/>
    <tag k="highway" v="residential"/>
  </way>
  <way id="375491130">
    <nd ref="3788542716"/>
    <nd ref="3788543095"/>
    <tag k="highway" v="residential"/>
  </way>
  <way id="375491131">
    <nd ref="3788543059"/>
    <nd ref="3788541421"/>
    <tag k="highway" v="residential"/>
  </way>
  <way id="375491132">
    <nd ref="3788543203"/>
    <nd ref="3788543544"/>
    <tag k="highway" v="residential"/>
  </way>
  <way id="375491133">
    <nd ref="3788542956"/>
    <nd ref="3788543484"/>
    <tag k="highway" v="residential"/>
    <tag k="source" v="DigitalGlobe-Standard"/>
  </way>
  <way id="375491134">
    <nd ref="3788543030"/>
    <nd ref="3788543033"/>
    <tag k="highway" v="residential"/>
  </way>
  <way id="375491135">
    <nd ref="3788543461"/>
    <nd ref="3788543290"/>
    <tag k="highway" v="residential"/>
    <tag k="source" v="DigitalGlobe-Standard"/>
  </way>
  <way id="375491136">
    <nd ref="3788542724"/>
    <nd ref="3788543082"/>
    <tag k="highway" v="residential"/>
  </way>
  <way id="375491137">
    <nd ref="3788543465"/>
    <nd ref="3788543502"/>
    <nd ref="4757332543"/>
    <nd ref="4757332544"/>
    <tag k="highway" v="residential"/>
    <tag k="source" v="DigitalGlobe-Standard"/>
  </way>
  <way id="375491138">
    <nd ref="3788542734"/>
    <nd ref="3788542711"/>
    <tag k="highway" v="residential"/>
  </way>
  <way id="375491139">
    <nd ref="3788543210"/>
    <nd ref="3788543187"/>
    <tag k="highway" v="residential"/>
  </way>
  <way id="375491140">
    <nd ref="3788543026"/>
    <nd ref="8637664172"/>
    <tag k="highway" v="residential"/>
  </way>
  <way id="375491141">
    <nd ref="3788543284"/>
    <nd ref="12401617417"/>
    <nd ref="3788543307"/>
    <tag k="highway" v="residential"/>
    <tag k="source" v="DigitalGlobe-Standard"/>
  </way>
  <way id="375491142">
    <nd ref="3788543546"/>
    <nd ref="3788543505"/>
    <tag k="highway" v="residential"/>
    <tag k="source" v="DigitalGlobe-Standard"/>
  </way>
  <way id="375491143">
    <nd ref="3788542737"/>
    <nd ref="3788542707"/>
    <tag k="highway" v="residential"/>
  </way>
  <way id="375491144">
    <nd ref="3788543181"/>
    <nd ref="3788543508"/>
    <tag k="highway" v="residential"/>
    <tag k="source" v="DigitalGlobe-Standard"/>
  </way>
  <way id="375491145">
    <nd ref="3788543164"/>
    <nd ref="3788542720"/>
    <tag k="highway" v="residential"/>
  </way>
  <way id="375491146">
    <nd ref="3788542729"/>
    <nd ref="3788542716"/>
    <tag k="highway" v="residential"/>
  </way>
  <way id="375491147">
    <nd ref="3788543039"/>
    <nd ref="3788543002"/>
    <tag k="highway" v="residential"/>
  </way>
  <way id="375491148">
    <nd ref="3788543051"/>
    <nd ref="8637664150"/>
    <nd ref="11768499057"/>
    <nd ref="8637664148"/>
    <nd ref="11768499059"/>
    <nd ref="3788541414"/>
    <tag k="highway" v="residential"/>
  </way>
  <way id="375491149">
    <nd ref="3788543267"/>
    <nd ref="8637651307"/>
    <nd ref="3793735070"/>
    <nd ref="3793735071"/>
    <nd ref="3793735072"/>
    <nd ref="11206853325"/>
    <nd ref="3793735073"/>
    <nd ref="3793735075"/>
    <nd ref="3793735076"/>
    <nd ref="3793735077"/>
    <nd ref="3793735078"/>
    <nd ref="3793735079"/>
    <nd ref="3793735080"/>
    <nd ref="3793735081"/>
    <nd ref="3793735083"/>
    <nd ref="3793735084"/>
    <nd ref="3793735082"/>
    <tag k="highway" v="residential"/>
    <tag k="source" v="DigitalGlobe-Standard"/>
  </way>
  <way id="375491150">
    <nd ref="3788541446"/>
    <nd ref="3788543011"/>
    <tag k="highway" v="residential"/>
  </way>
  <way id="375491151">
    <nd ref="3788542755"/>
    <nd ref="3788543100"/>
    <tag k="highway" v="residential"/>
  </way>
  <way id="375491152">
    <nd ref="3788543260"/>
    <nd ref="3788543123"/>
    <tag k="highway" v="residential"/>
  </way>
  <way id="375491153">
    <nd ref="3788543109"/>
    <nd ref="3788542697"/>
    <tag k="highway" v="residential"/>
  </way>
  <way id="375491154">
    <nd ref="3788542982"/>
    <nd ref="3788542957"/>
    <nd ref="3789954151"/>
    <tag k="highway" v="residential"/>
  </way>
  <way id="375491155">
    <nd ref="3788543304"/>
    <nd ref="3788543278"/>
    <tag k="highway" v="residential"/>
  </way>
  <way id="375491156">
    <nd ref="3788543297"/>
    <nd ref="8620397607"/>
    <nd ref="8620397608"/>
    <nd ref="3788543294"/>
    <tag k="highway" v="residential"/>
  </way>
  <way id="375491157">
    <nd ref="3788542980"/>
    <nd ref="3788542962"/>
    <nd ref="3789954149"/>
    <tag k="highway" v="residential"/>
  </way>
  <way id="375491158">
    <nd ref="3788543167"/>
    <nd ref="3788542708"/>
    <tag k="highway" v="residential"/>
  </way>
  <way id="375491160">
    <nd ref="3788541447"/>
    <nd ref="3788543010"/>
    <tag k="highway" v="residential"/>
  </way>
  <way id="375491161">
    <nd ref="3788542755"/>
    <nd ref="5553620251"/>
    <nd ref="3788543125"/>
    <tag k="highway" v="residential"/>
  </way>
  <way id="375491162">
    <nd ref="3788543159"/>
    <nd ref="3788542721"/>
    <tag k="highway" v="residential"/>
  </way>
  <way id="375491164">
    <nd ref="3788543120"/>
    <nd ref="3788543168"/>
    <tag k="highway" v="residential"/>
  </way>
  <way id="375491165">
    <nd ref="3788543473"/>
    <nd ref="3788543128"/>
    <tag k="highway" v="residential"/>
    <tag k="source" v="DigitalGlobe-Standard"/>
  </way>
  <way id="375491166">
    <nd ref="3788543172"/>
    <nd ref="8620311244"/>
    <nd ref="8620311242"/>
    <nd ref="8620311243"/>
    <nd ref="8620311241"/>
    <nd ref="3788542749"/>
    <tag k="highway" v="residential"/>
  </way>
  <way id="375491167">
    <nd ref="3788543001"/>
    <nd ref="3788543000"/>
    <tag k="highway" v="residential"/>
  </way>
  <way id="375491168">
    <nd ref="3788543089"/>
    <nd ref="3788543113"/>
    <tag k="highway" v="residential"/>
  </way>
  <way id="375491169">
    <nd ref="3788542972"/>
    <nd ref="3788542959"/>
    <nd ref="3789954119"/>
    <tag k="highway" v="residential"/>
  </way>
  <way id="375491171">
    <nd ref="3788543508"/>
    <nd ref="3788543476"/>
    <tag k="highway" v="residential"/>
    <tag k="source" v="DigitalGlobe-Standard"/>
  </way>
  <way id="375491172">
    <nd ref="3788542680"/>
    <nd ref="8637651290"/>
    <nd ref="11768476378"/>
    <nd ref="8637664166"/>
    <tag k="highway" v="residential"/>
  </way>
  <way id="375491173">
    <nd ref="3788543460"/>
    <nd ref="3788543494"/>
    <tag k="highway" v="residential"/>
    <tag k="source" v="DigitalGlobe-Standard"/>
  </way>
  <way id="375491174">
    <nd ref="3788542986"/>
    <nd ref="11226356045"/>
    <nd ref="3788542456"/>
    <nd ref="3789954262"/>
    <nd ref="3789954147"/>
    <nd ref="3789954117"/>
    <nd ref="3789953734"/>
    <nd ref="3789953728"/>
    <nd ref="3789953719"/>
    <nd ref="3779262213"/>
    <tag k="highway" v="residential"/>
  </way>
  <way id="375491175">
    <nd ref="3788543209"/>
    <nd ref="3788543179"/>
    <tag k="highway" v="residential"/>
  </way>
  <way id="375491176">
    <nd ref="3788543073"/>
    <nd ref="3788543103"/>
    <tag k="highway" v="residential"/>
  </way>
  <way id="375491177">
    <nd ref="11107067156"/>
    <nd ref="11593684812"/>
    <nd ref="3788543125"/>
    <nd ref="3788543143"/>
    <nd ref="11593694742"/>
    <nd ref="3788543126"/>
    <nd ref="3788543129"/>
    <nd ref="3788543130"/>
    <nd ref="3788543134"/>
    <tag k="highway" v="residential"/>
    <tag k="source" v="DigitalGlobe-Standard"/>
  </way>
  <way id="375491178">
    <nd ref="3788543184"/>
    <nd ref="3788543529"/>
    <tag k="highway" v="residential"/>
    <tag k="source" v="DigitalGlobe-Standard"/>
  </way>
  <way id="375491179">
    <nd ref="3788542990"/>
    <nd ref="3788542963"/>
    <nd ref="3789954274"/>
    <nd ref="3789954273"/>
    <nd ref="3789954271"/>
    <nd ref="3789954134"/>
    <nd ref="3789954131"/>
    <nd ref="3789954128"/>
    <nd ref="3779262363"/>
    <tag k="highway" v="residential"/>
  </way>
  <way id="375491180">
    <nd ref="3788543160"/>
    <nd ref="3788542725"/>
    <tag k="highway" v="residential"/>
  </way>
  <way id="375491181">
    <nd ref="3788542988"/>
    <nd ref="3788542966"/>
    <tag k="highway" v="residential"/>
  </way>
  <way id="375491182">
    <nd ref="3788543193"/>
    <nd ref="3788543540"/>
    <tag k="highway" v="residential"/>
    <tag k="source" v="DigitalGlobe-Standard"/>
  </way>
  <way id="375491183">
    <nd ref="3788543293"/>
    <nd ref="3788543264"/>
    <nd ref="8620399628"/>
    <nd ref="8620399627"/>
    <nd ref="8620399626"/>
    <nd ref="8620399625"/>
    <nd ref="8620399624"/>
    <nd ref="3788543152"/>
    <tag k="highway" v="residential"/>
  </way>
  <way id="375491184">
    <nd ref="3788543119"/>
    <nd ref="3788543169"/>
    <tag k="highway" v="residential"/>
  </way>
  <way id="375491185">
    <nd ref="3788543483"/>
    <nd ref="3788543282"/>
    <nd ref="11765987766"/>
    <nd ref="8637775784"/>
    <nd ref="3788543283"/>
    <nd ref="3788543273"/>
    <tag k="highway" v="residential"/>
    <tag k="source" v="DigitalGlobe-Standard"/>
  </way>
  <way id="375491186">
    <nd ref="3788541454"/>
    <nd ref="3788543075"/>
    <tag k="highway" v="residential"/>
  </way>
  <way id="375491187">
    <nd ref="3788543136"/>
    <nd ref="3788543270"/>
    <tag k="highway" v="residential"/>
  </way>
  <way id="375491188">
    <nd ref="3788543517"/>
    <nd ref="3788543503"/>
    <tag k="highway" v="residential"/>
  </way>
  <way id="375491189">
    <nd ref="3788543024"/>
    <nd ref="8637664174"/>
    <tag k="highway" v="residential"/>
  </way>
  <way id="375491190">
    <nd ref="3788543458"/>
    <nd ref="3788542948"/>
    <nd ref="3788543304"/>
    <nd ref="3788543301"/>
    <nd ref="3788543293"/>
    <nd ref="3788543280"/>
    <nd ref="3788543275"/>
    <nd ref="3788543265"/>
    <nd ref="3788543260"/>
    <nd ref="3788543137"/>
    <nd ref="3788543120"/>
    <nd ref="3788543174"/>
    <nd ref="3788543172"/>
    <nd ref="3788543159"/>
    <nd ref="3788542751"/>
    <nd ref="3788542733"/>
    <nd ref="3788542715"/>
    <nd ref="3788542712"/>
    <nd ref="3788542696"/>
    <nd ref="3788542687"/>
    <nd ref="3788543112"/>
    <nd ref="8620267844"/>
    <nd ref="3788543078"/>
    <tag k="highway" v="residential"/>
  </way>
  <way id="375491191">
    <nd ref="3788542739"/>
    <nd ref="11204902696"/>
    <nd ref="8637664125"/>
    <nd ref="3788542744"/>
    <nd ref="3788542755"/>
    <tag k="highway" v="residential"/>
  </way>
  <way id="375491192">
    <nd ref="3788542722"/>
    <nd ref="3788543081"/>
    <nd ref="3788541416"/>
    <tag k="highway" v="residential"/>
  </way>
  <way id="375491193">
    <nd ref="3788542727"/>
    <nd ref="3788543086"/>
    <nd ref="3788541415"/>
    <tag k="highway" v="residential"/>
  </way>
  <way id="375491194">
    <nd ref="3788543228"/>
    <nd ref="3788543225"/>
    <nd ref="3788543224"/>
    <tag k="highway" v="residential"/>
  </way>
  <way id="375491195">
    <nd ref="3788543121"/>
    <nd ref="3788543128"/>
    <nd ref="11104148130"/>
    <nd ref="11204111420"/>
    <nd ref="3788543261"/>
    <tag k="highway" v="residential"/>
  </way>
  <way id="375491196">
    <nd ref="3788543094"/>
    <nd ref="3788541422"/>
    <nd ref="3788543051"/>
    <nd ref="8637664176"/>
    <tag k="highway" v="residential"/>
  </way>
  <way id="375491197">
    <nd ref="3788543261"/>
    <nd ref="3788543118"/>
    <tag k="highway" v="residential"/>
    <tag k="source" v="DigitalGlobe-Standard"/>
  </way>
  <way id="375491198">
    <nd ref="3788543158"/>
    <nd ref="3788543176"/>
    <nd ref="3788543133"/>
    <tag k="highway" v="residential"/>
  </way>
  <way id="375491199">
    <nd ref="3788542956"/>
    <nd ref="3788543277"/>
    <tag k="highway" v="residential"/>
    <tag k="source" v="DigitalGlobe-Standard"/>
  </way>
  <way id="375491200">
    <nd ref="3788543199"/>
    <nd ref="3788543543"/>
    <nd ref="3788543541"/>
    <nd ref="3788543535"/>
    <nd ref="3788543532"/>
    <nd ref="3788543528"/>
    <nd ref="3788543531"/>
    <nd ref="3788543536"/>
    <nd ref="3788543542"/>
    <nd ref="3788543195"/>
    <tag k="highway" v="residential"/>
    <tag k="source" v="DigitalGlobe-Standard"/>
  </way>
  <way id="375491201">
    <nd ref="3788543175"/>
    <nd ref="3788543160"/>
    <nd ref="3788542737"/>
    <tag k="highway" v="residential"/>
  </way>
  <way id="375491202">
    <nd ref="3788542716"/>
    <nd ref="3788542713"/>
    <tag k="highway" v="residential"/>
  </way>
  <way id="375491203">
    <nd ref="3788542740"/>
    <nd ref="3788542717"/>
    <nd ref="3788542701"/>
    <tag k="highway" v="residential"/>
  </way>
  <way id="375491205">
    <nd ref="3788542695"/>
    <nd ref="3788543103"/>
    <nd ref="3788543072"/>
    <tag k="highway" v="residential"/>
  </way>
  <way id="375491206">
    <nd ref="3788543189"/>
    <nd ref="12141756774"/>
    <nd ref="12141756776"/>
    <nd ref="3788543485"/>
    <tag k="highway" v="residential"/>
  </way>
  <way id="375491207">
    <nd ref="3788543211"/>
    <nd ref="3788543201"/>
    <nd ref="3788543198"/>
    <nd ref="3788543195"/>
    <tag k="highway" v="residential"/>
  </way>
  <way id="375491208">
    <nd ref="3788541431"/>
    <nd ref="11209901913"/>
    <nd ref="8621480780"/>
    <nd ref="3788541429"/>
    <nd ref="3788543022"/>
    <tag k="highway" v="residential"/>
  </way>
  <way id="375491209">
    <nd ref="3788543294"/>
    <nd ref="3788543132"/>
    <nd ref="3788543164"/>
    <tag k="highway" v="residential"/>
  </way>
  <way id="375491210">
    <nd ref="3788543126"/>
    <nd ref="3788542744"/>
    <nd ref="8637664122"/>
    <nd ref="3788543092"/>
    <tag k="highway" v="residential"/>
    <tag k="source" v="DigitalGlobe-Standard"/>
  </way>
  <way id="375491212">
    <nd ref="3788543179"/>
    <nd ref="3788543534"/>
    <nd ref="3788543523"/>
    <tag k="highway" v="residential"/>
    <tag k="source" v="DigitalGlobe-Standard"/>
  </way>
  <way id="375491213">
    <nd ref="3788543068"/>
    <nd ref="8620384808"/>
    <nd ref="3788541445"/>
    <nd ref="8620384807"/>
    <nd ref="8620384806"/>
    <nd ref="8620384805"/>
    <nd ref="8620267822"/>
    <tag k="highway" v="residential"/>
  </way>
  <way id="375491215">
    <nd ref="3788543018"/>
    <nd ref="3788543035"/>
    <nd ref="3788543045"/>
    <tag k="highway" v="residential"/>
  </way>
  <way id="375491216">
    <nd ref="3788543044"/>
    <nd ref="3788543043"/>
    <nd ref="8637664154"/>
    <nd ref="8637664153"/>
    <nd ref="8637664165"/>
    <tag k="highway" v="residential"/>
  </way>
  <way id="375491219">
    <nd ref="3788543104"/>
    <nd ref="3788543100"/>
    <nd ref="3788543092"/>
    <tag k="highway" v="residential"/>
  </way>
  <way id="375491220">
    <nd ref="3788543309"/>
    <nd ref="3788543308"/>
    <nd ref="3788543310"/>
    <tag k="highway" v="residential"/>
    <tag k="source" v="DigitalGlobe-Standard"/>
  </way>
  <way id="375491221">
    <nd ref="3788543200"/>
    <nd ref="3788543199"/>
    <nd ref="3788543198"/>
    <tag k="highway" v="residential"/>
  </way>
  <way id="375491222">
    <nd ref="3788541443"/>
    <nd ref="3788541446"/>
    <nd ref="3788541447"/>
    <tag k="highway" v="residential"/>
  </way>
  <way id="375491223">
    <nd ref="3788542710"/>
    <nd ref="3788542718"/>
    <nd ref="3788542756"/>
    <tag k="highway" v="residential"/>
  </way>
  <way id="375491224">
    <nd ref="3788543486"/>
    <nd ref="3788543491"/>
    <nd ref="3788543495"/>
    <nd ref="11593676542"/>
    <nd ref="8637651304"/>
    <nd ref="8642294514"/>
    <nd ref="3793735117"/>
    <tag k="highway" v="residential"/>
    <tag k="source" v="DigitalGlobe-Standard"/>
  </way>
  <way id="375491225">
    <nd ref="3788543229"/>
    <nd ref="3788543227"/>
    <nd ref="3787250051"/>
    <tag k="highway" v="residential"/>
  </way>
  <way id="375491226">
    <nd ref="3788542726"/>
    <nd ref="8620447039"/>
    <nd ref="3788542720"/>
    <nd ref="8620397614"/>
    <nd ref="8620447028"/>
    <nd ref="8620397612"/>
    <nd ref="8620447029"/>
    <nd ref="3788542708"/>
    <tag k="highway" v="residential"/>
  </way>
  <way id="375491227">
    <nd ref="3788543153"/>
    <nd ref="3788543289"/>
    <nd ref="3788543311"/>
    <tag k="highway" v="residential"/>
    <tag k="source" v="DigitalGlobe-Standard"/>
  </way>
  <way id="375491228">
    <nd ref="3788543226"/>
    <nd ref="3793735252"/>
    <nd ref="3788543221"/>
    <nd ref="3788543214"/>
    <tag k="highway" v="residential"/>
  </way>
  <way id="375491229">
    <nd ref="3788543295"/>
    <nd ref="12401617414"/>
    <nd ref="3788543289"/>
    <nd ref="12401617416"/>
    <nd ref="3788543284"/>
    <tag k="highway" v="residential"/>
    <tag k="source" v="DigitalGlobe-Standard"/>
  </way>
  <way id="375491230">
    <nd ref="3788543217"/>
    <nd ref="3788543212"/>
    <nd ref="8642294491"/>
    <nd ref="3788543196"/>
    <nd ref="3788543178"/>
    <tag k="highway" v="residential"/>
  </way>
  <way id="375491231">
    <nd ref="3788543204"/>
    <nd ref="3788543216"/>
    <nd ref="3788543218"/>
    <tag k="highway" v="residential"/>
    <tag k="source" v="DigitalGlobe-Standard"/>
  </way>
  <way id="375491232">
    <nd ref="3788543298"/>
    <nd ref="3788543270"/>
    <nd ref="3788543141"/>
    <tag k="highway" v="residential"/>
  </way>
  <way id="375491233">
    <nd ref="3788543269"/>
    <nd ref="3788543137"/>
    <nd ref="3788543116"/>
    <tag k="highway" v="residential"/>
  </way>
  <way id="375491235">
    <nd ref="3788543177"/>
    <nd ref="3788543133"/>
    <nd ref="3788543141"/>
    <tag k="highway" v="residential"/>
  </way>
  <way id="375491236">
    <nd ref="3788541433"/>
    <nd ref="8621480748"/>
    <nd ref="3788543047"/>
    <nd ref="8621480750"/>
    <nd ref="8620267823"/>
    <tag k="highway" v="residential"/>
  </way>
  <way id="375491237">
    <nd ref="3788543285"/>
    <nd ref="11160480832"/>
    <nd ref="3788542716"/>
    <tag k="highway" v="residential"/>
  </way>
  <way id="375491238">
    <nd ref="3788543164"/>
    <nd ref="3788543161"/>
    <nd ref="8620397613"/>
    <nd ref="3788543167"/>
    <tag k="highway" v="residential"/>
  </way>
  <way id="375491243">
    <nd ref="14053292837"/>
    <nd ref="3788543302"/>
    <nd ref="8620397609"/>
    <nd ref="8620397610"/>
    <nd ref="3788543299"/>
    <nd ref="3788543297"/>
    <tag k="highway" v="residential"/>
  </way>
  <way id="375491245">
    <nd ref="3788543012"/>
    <nd ref="3788543011"/>
    <nd ref="3788543010"/>
    <nd ref="3788543009"/>
    <tag k="highway" v="residential"/>
  </way>
  <way id="375491246">
    <nd ref="8637664170"/>
    <nd ref="3788543009"/>
    <nd ref="3788543054"/>
    <nd ref="3788541455"/>
    <tag k="highway" v="residential"/>
  </way>
  <way id="375491248">
    <nd ref="3788543000"/>
    <nd ref="3788543005"/>
    <nd ref="3788543033"/>
    <tag k="highway" v="residential"/>
  </way>
  <way id="375491251">
    <nd ref="3788543107"/>
    <nd ref="3788542695"/>
    <nd ref="3788542699"/>
    <nd ref="3788542728"/>
    <tag k="highway" v="residential"/>
  </way>
  <way id="375491253">
    <nd ref="3788542684"/>
    <nd ref="3788543104"/>
    <nd ref="8637651315"/>
    <nd ref="3788543063"/>
    <nd ref="3788541425"/>
    <tag k="highway" v="residential"/>
  </way>
  <way id="375491255">
    <nd ref="3788543130"/>
    <nd ref="8637775783"/>
    <nd ref="3788542731"/>
    <nd ref="3788542694"/>
    <nd ref="3788543083"/>
    <tag k="highway" v="residential"/>
    <tag k="source" v="DigitalGlobe-Standard"/>
  </way>
  <way id="375491256">
    <nd ref="3788543170"/>
    <nd ref="3788543162"/>
    <tag k="highway" v="residential"/>
  </way>
  <way id="375491260">
    <nd ref="3788543030"/>
    <nd ref="3788543038"/>
    <nd ref="3788543039"/>
    <tag k="highway" v="residential"/>
  </way>
  <way id="375491263">
    <nd ref="3788543182"/>
    <nd ref="3788543525"/>
    <nd ref="3788543511"/>
    <tag k="highway" v="residential"/>
    <tag k="source" v="DigitalGlobe-Standard"/>
  </way>
  <way id="375491265">
    <nd ref="3788543301"/>
    <nd ref="3788542952"/>
    <nd ref="3788542954"/>
    <nd ref="3788543488"/>
    <tag k="highway" v="residential"/>
  </way>
  <way id="375491267">
    <nd ref="8620229088"/>
    <nd ref="3788543027"/>
    <nd ref="3788541420"/>
    <tag k="highway" v="residential"/>
  </way>
  <way id="375491269">
    <nd ref="3788543534"/>
    <nd ref="3788543529"/>
    <nd ref="3788543525"/>
    <tag k="highway" v="residential"/>
    <tag k="source" v="DigitalGlobe-Standard"/>
  </way>
  <way id="375491270">
    <nd ref="3788541450"/>
    <nd ref="3788543072"/>
    <nd ref="3788543074"/>
    <nd ref="8620267834"/>
    <nd ref="8620267833"/>
    <nd ref="8620267846"/>
    <tag k="highway" v="residential"/>
  </way>
  <way id="375491273">
    <nd ref="3788542697"/>
    <nd ref="3788543113"/>
    <nd ref="3788543099"/>
    <nd ref="3788543075"/>
    <tag k="highway" v="residential"/>
  </way>
  <way id="375491275">
    <nd ref="3788543067"/>
    <nd ref="3788541424"/>
    <nd ref="8637664164"/>
    <tag k="highway" v="residential"/>
  </way>
  <way id="375491277">
    <nd ref="3788543105"/>
    <nd ref="3788543044"/>
    <nd ref="3788543040"/>
    <nd ref="8637664155"/>
    <nd ref="3788543037"/>
    <nd ref="3793731840"/>
    <nd ref="3793731842"/>
    <tag k="highway" v="residential"/>
  </way>
  <way id="375491279">
    <nd ref="3788543480"/>
    <nd ref="3788543478"/>
    <nd ref="3788543473"/>
    <nd ref="11107067157"/>
    <nd ref="11107067158"/>
    <tag k="highway" v="residential"/>
    <tag k="source" v="DigitalGlobe-Standard"/>
  </way>
  <way id="375491281">
    <nd ref="3788543266"/>
    <nd ref="3788542709"/>
    <nd ref="3788543093"/>
    <tag k="highway" v="residential"/>
  </way>
  <way id="375491282">
    <nd ref="3788542705"/>
    <nd ref="8620447031"/>
    <nd ref="3788541452"/>
    <tag k="highway" v="residential"/>
  </way>
  <way id="375491285">
    <nd ref="3788541455"/>
    <nd ref="3788543057"/>
    <nd ref="8637651282"/>
    <nd ref="3788543058"/>
    <nd ref="8637651286"/>
    <nd ref="3788543059"/>
    <nd ref="11593696244"/>
    <nd ref="3788543063"/>
    <tag k="highway" v="residential"/>
  </way>
  <way id="375491287">
    <nd ref="3788543466"/>
    <nd ref="3788543469"/>
    <nd ref="3788543474"/>
    <nd ref="8637775759"/>
    <nd ref="8637775760"/>
    <nd ref="3788543493"/>
    <nd ref="3788543499"/>
    <tag k="highway" v="residential"/>
    <tag k="source" v="DigitalGlobe-Standard"/>
  </way>
  <way id="375491289">
    <nd ref="3788543221"/>
    <nd ref="3788543220"/>
    <nd ref="3788543215"/>
    <tag k="highway" v="residential"/>
  </way>
  <way id="375491291">
    <nd ref="3788542742"/>
    <nd ref="3788542746"/>
    <nd ref="3788542745"/>
    <nd ref="3788542735"/>
    <tag k="highway" v="residential"/>
  </way>
  <way id="375491294">
    <nd ref="3788542977"/>
    <nd ref="8637651266"/>
    <nd ref="3788543062"/>
    <nd ref="3788542704"/>
    <nd ref="3788542741"/>
    <nd ref="3788542753"/>
    <nd ref="8637651264"/>
    <nd ref="8637651262"/>
    <nd ref="3788542748"/>
    <tag k="highway" v="residential"/>
  </way>
  <way id="375491295">
    <nd ref="3788543489"/>
    <nd ref="8642294511"/>
    <nd ref="3788543476"/>
    <nd ref="8637664146"/>
    <nd ref="8637664138"/>
    <nd ref="3788543461"/>
    <nd ref="3788543460"/>
    <nd ref="3788542956"/>
    <tag k="highway" v="residential"/>
    <tag k="source" v="DigitalGlobe-Standard"/>
  </way>
  <way id="375491296">
    <nd ref="3788542683"/>
    <nd ref="3788542698"/>
    <nd ref="3788542728"/>
    <nd ref="3788542749"/>
    <tag k="highway" v="residential"/>
  </way>
  <way id="375491297">
    <nd ref="10578470439"/>
    <nd ref="3788543200"/>
    <nd ref="3788543545"/>
    <nd ref="3788543519"/>
    <nd ref="3788543517"/>
    <tag k="highway" v="residential"/>
  </way>
  <way id="375491298">
    <nd ref="3788543202"/>
    <nd ref="11104153718"/>
    <nd ref="3788543203"/>
    <nd ref="3788543205"/>
    <nd ref="3787250003"/>
    <tag k="highway" v="residential"/>
  </way>
  <way id="375491299">
    <nd ref="3788541443"/>
    <nd ref="3788543042"/>
    <nd ref="3788543012"/>
    <nd ref="3788543003"/>
    <nd ref="8637664171"/>
    <tag k="highway" v="residential"/>
  </way>
  <way id="375491301">
    <nd ref="3788543129"/>
    <nd ref="3788542739"/>
    <nd ref="3788542700"/>
    <nd ref="3788542691"/>
    <nd ref="3788542694"/>
    <tag k="highway" v="residential"/>
  </way>
  <way id="375491303">
    <nd ref="8620267835"/>
    <nd ref="3788541450"/>
    <nd ref="3788543073"/>
    <nd ref="3788543107"/>
    <nd ref="3788542698"/>
    <tag k="highway" v="residential"/>
  </way>
  <way id="375491304">
    <nd ref="3788543076"/>
    <nd ref="3788543069"/>
    <nd ref="3788541453"/>
    <nd ref="3788541444"/>
    <nd ref="3788541438"/>
    <tag k="highway" v="residential"/>
  </way>
  <way id="375491306">
    <nd ref="8637794853"/>
    <nd ref="3788542679"/>
    <nd ref="8637794851"/>
    <nd ref="3788543111"/>
    <nd ref="3788543105"/>
    <nd ref="3788543108"/>
    <nd ref="3793734992"/>
    <nd ref="3793734994"/>
    <tag k="highway" v="residential"/>
  </way>
  <way id="375491307">
    <nd ref="8637664168"/>
    <nd ref="3788543001"/>
    <nd ref="3788543030"/>
    <tag k="highway" v="residential"/>
  </way>
  <way id="375491309">
    <nd ref="3788543268"/>
    <nd ref="3788543136"/>
    <nd ref="3788543177"/>
    <nd ref="3788543158"/>
    <nd ref="3788542718"/>
    <tag k="highway" v="residential"/>
  </way>
  <way id="375491311">
    <nd ref="3788543065"/>
    <nd ref="3788541437"/>
    <nd ref="3788541435"/>
    <nd ref="3788543045"/>
    <nd ref="3788542996"/>
    <tag k="highway" v="residential"/>
  </way>
  <way id="375491314">
    <nd ref="3788541414"/>
    <nd ref="3788541415"/>
    <nd ref="3788541416"/>
    <nd ref="3788541418"/>
    <nd ref="3788541419"/>
    <nd ref="3788541420"/>
    <tag k="highway" v="residential"/>
  </way>
  <way id="375491317">
    <nd ref="11107015566"/>
    <nd ref="3788541414"/>
    <nd ref="3788543020"/>
    <nd ref="8637664175"/>
    <tag k="highway" v="residential"/>
  </way>
  <way id="375491319">
    <nd ref="3788543478"/>
    <nd ref="3788542950"/>
    <nd ref="3788543149"/>
    <tag k="highway" v="residential"/>
    <tag k="source" v="DigitalGlobe-Standard"/>
  </way>
  <way id="375491321">
    <nd ref="3788543547"/>
    <nd ref="12141756775"/>
    <nd ref="3788543309"/>
    <nd ref="8637664130"/>
    <nd ref="8637664133"/>
    <nd ref="11765987765"/>
    <nd ref="11765987764"/>
    <nd ref="3788543273"/>
    <tag k="highway" v="residential"/>
    <tag k="source" v="DigitalGlobe-Standard"/>
  </way>
  <way id="375491327">
    <nd ref="8637664151"/>
    <nd ref="8637651261"/>
    <nd ref="3788543046"/>
    <nd ref="3788543013"/>
    <nd ref="11259107680"/>
    <nd ref="3788542998"/>
    <nd ref="8637664167"/>
    <tag k="highway" v="residential"/>
  </way>
  <way id="375491329">
    <nd ref="3788543131"/>
    <nd ref="3788543170"/>
    <nd ref="3788542726"/>
    <nd ref="3788542724"/>
    <nd ref="3788542722"/>
    <nd ref="3788542727"/>
    <nd ref="3788542742"/>
    <tag k="highway" v="residential"/>
  </way>
  <way id="375491330">
    <nd ref="3788541430"/>
    <nd ref="3788543041"/>
    <nd ref="3788543018"/>
    <nd ref="3788543004"/>
    <nd ref="3788542999"/>
    <nd ref="3788542996"/>
    <nd ref="11226586049"/>
    <nd ref="3788542969"/>
    <nd ref="3788542968"/>
    <tag k="highway" v="residential"/>
  </way>
  <way id="375491332">
    <nd ref="3788543020"/>
    <nd ref="3788543024"/>
    <nd ref="3788543025"/>
    <nd ref="3788543026"/>
    <nd ref="3788543027"/>
    <nd ref="11209901916"/>
    <nd ref="3788543022"/>
    <nd ref="3788543023"/>
    <tag k="highway" v="residential"/>
  </way>
  <way id="375491334">
    <nd ref="11160502016"/>
    <nd ref="3788543498"/>
    <nd ref="3788543492"/>
    <nd ref="11160502015"/>
    <nd ref="3788543482"/>
    <nd ref="3788543483"/>
    <tag k="highway" v="residential"/>
    <tag k="source" v="DigitalGlobe-Standard"/>
  </way>
  <way id="375491336">
    <nd ref="3788543520"/>
    <nd ref="3788543506"/>
    <nd ref="8637664137"/>
    <nd ref="3788543505"/>
    <nd ref="3788543508"/>
    <nd ref="3788543511"/>
    <tag k="highway" v="residential"/>
    <tag k="source" v="DigitalGlobe-Standard"/>
  </way>
  <way id="375491338">
    <nd ref="3788543054"/>
    <nd ref="3788543055"/>
    <nd ref="3788541417"/>
    <nd ref="3788541421"/>
    <nd ref="3788541425"/>
    <nd ref="3788541427"/>
    <nd ref="3788541434"/>
    <nd ref="3788543079"/>
    <tag k="highway" v="residential"/>
  </way>
  <way id="375491342">
    <nd ref="3788542684"/>
    <nd ref="3788542690"/>
    <nd ref="3788542689"/>
    <nd ref="8637651308"/>
    <nd ref="3788542681"/>
    <nd ref="3788542680"/>
    <nd ref="8642294502"/>
    <nd ref="3788542679"/>
    <nd ref="8637794852"/>
    <nd ref="3788542682"/>
    <tag k="highway" v="residential"/>
    <tag k="source" v="DigitalGlobe-Standard"/>
  </way>
  <way id="375491345">
    <nd ref="3788543060"/>
    <nd ref="3788543062"/>
    <nd ref="11593715770"/>
    <nd ref="3788543067"/>
    <nd ref="3788543090"/>
    <nd ref="3788542729"/>
    <nd ref="3788542748"/>
    <nd ref="3788543115"/>
    <nd ref="11160489515"/>
    <nd ref="3788543144"/>
    <tag k="highway" v="residential"/>
  </way>
  <way id="375503357">
    <nd ref="3788668036"/>
    <nd ref="3788668040"/>
    <nd ref="12343543817"/>
    <nd ref="3788668038"/>
    <nd ref="3788668035"/>
    <nd ref="3788668032"/>
    <nd ref="3788668030"/>
    <nd ref="3788668023"/>
    <nd ref="3788668020"/>
    <nd ref="3788668018"/>
    <nd ref="8620267826"/>
    <tag k="highway" v="residential"/>
  </way>
  <way id="375503358">
    <nd ref="3788668237"/>
    <nd ref="3788668244"/>
    <nd ref="3788668252"/>
    <nd ref="3788668363"/>
    <nd ref="3788668370"/>
    <nd ref="3788668380"/>
    <nd ref="3788668390"/>
    <nd ref="3788668394"/>
    <nd ref="3788668401"/>
    <nd ref="3788668408"/>
    <nd ref="3788668411"/>
    <tag k="highway" v="residential"/>
  </way>
  <way id="375503359">
    <nd ref="3788668526"/>
    <nd ref="3788668521"/>
    <nd ref="3788668502"/>
    <nd ref="3788668484"/>
    <nd ref="3788668468"/>
    <nd ref="3788668460"/>
    <nd ref="3788668437"/>
    <nd ref="3788668418"/>
    <nd ref="3788668396"/>
    <tag k="highway" v="residential"/>
  </way>
  <way id="375503360">
    <nd ref="3788668487"/>
    <nd ref="3788668456"/>
    <nd ref="3788668431"/>
    <nd ref="3788668412"/>
    <nd ref="3788668382"/>
    <nd ref="3788668380"/>
    <nd ref="3788668378"/>
    <nd ref="3788668360"/>
    <nd ref="3788668225"/>
    <nd ref="3788668209"/>
    <nd ref="3788668177"/>
    <tag k="highway" v="residential"/>
  </way>
  <way id="375503361">
    <nd ref="14030630200"/>
    <nd ref="3788668214"/>
    <nd ref="3788668207"/>
    <nd ref="3788668196"/>
    <nd ref="6737843615"/>
    <nd ref="3788668188"/>
    <nd ref="3788668187"/>
    <nd ref="3788668184"/>
    <nd ref="3788668177"/>
    <nd ref="3788668171"/>
    <nd ref="3788668168"/>
    <nd ref="11209892837"/>
    <nd ref="3788668158"/>
    <nd ref="6737843616"/>
    <tag k="highway" v="residential"/>
  </way>
  <way id="375503362">
    <nd ref="3788668121"/>
    <nd ref="3788668105"/>
    <nd ref="3788668104"/>
    <nd ref="3788668098"/>
    <nd ref="3788668094"/>
    <nd ref="3788668090"/>
    <nd ref="3788668083"/>
    <nd ref="3788668079"/>
    <nd ref="3788668072"/>
    <nd ref="3788668065"/>
    <nd ref="3788668062"/>
    <nd ref="3788668058"/>
    <tag k="highway" v="residential"/>
    <tag k="source" v="DigitalGlobe-Standard"/>
    <tag k="surface" v="asphalt"/>
  </way>
  <way id="375503363">
    <nd ref="3788668392"/>
    <nd ref="3788668395"/>
    <nd ref="3788668396"/>
    <nd ref="3788668423"/>
    <nd ref="3788668429"/>
    <nd ref="3788668433"/>
    <nd ref="3788668438"/>
    <nd ref="3788668449"/>
    <nd ref="3788668457"/>
    <nd ref="8620576934"/>
    <nd ref="3788668472"/>
    <nd ref="3788668479"/>
    <nd ref="3783217215"/>
    <nd ref="319083010"/>
    <tag k="highway" v="residential"/>
  </way>
  <way id="375503364">
    <nd ref="3788668524"/>
    <nd ref="6868544989"/>
    <nd ref="6868544992"/>
    <nd ref="3788668485"/>
    <nd ref="3788668473"/>
    <nd ref="3788668453"/>
    <nd ref="3788668429"/>
    <nd ref="3788668398"/>
    <nd ref="3788668385"/>
    <nd ref="3788668371"/>
    <nd ref="3788668366"/>
    <nd ref="8621480737"/>
    <nd ref="7033773796"/>
    <nd ref="3788668242"/>
    <nd ref="8620542146"/>
    <nd ref="3788668227"/>
    <nd ref="3788668215"/>
    <nd ref="3788668206"/>
    <nd ref="3788668193"/>
    <nd ref="3788668179"/>
    <tag k="highway" v="residential"/>
  </way>
  <way id="375503365">
    <nd ref="3788668511"/>
    <nd ref="3788668465"/>
    <tag k="highway" v="residential"/>
  </way>
  <way id="375503366">
    <nd ref="3788668093"/>
    <nd ref="3788668060"/>
    <tag k="highway" v="residential"/>
  </way>
  <way id="375503367">
    <nd ref="3788668150"/>
    <nd ref="3788668140"/>
    <tag k="highway" v="residential"/>
  </way>
  <way id="375503368">
    <nd ref="4699078269"/>
    <nd ref="3788668506"/>
    <tag k="highway" v="residential"/>
  </way>
  <way id="375503369">
    <nd ref="3788668104"/>
    <nd ref="3788668126"/>
    <tag k="highway" v="residential"/>
  </way>
  <way id="375503370">
    <nd ref="3788668212"/>
    <nd ref="3788668218"/>
    <tag k="highway" v="residential"/>
  </way>
  <way id="375503371">
    <nd ref="3788668133"/>
    <nd ref="8621480743"/>
    <nd ref="3788668143"/>
    <tag k="highway" v="residential"/>
  </way>
  <way id="375503372">
    <nd ref="3788668466"/>
    <nd ref="3788668443"/>
    <tag k="highway" v="residential"/>
  </way>
  <way id="375503373">
    <nd ref="3788668105"/>
    <nd ref="3788668100"/>
    <tag k="highway" v="residential"/>
  </way>
  <way id="375503374">
    <nd ref="3788668173"/>
    <nd ref="3788668183"/>
    <tag k="highway" v="residential"/>
  </way>
  <way id="375503375">
    <nd ref="3788668069"/>
    <nd ref="8621480745"/>
    <nd ref="3788668053"/>
    <tag k="highway" v="residential"/>
  </way>
  <way id="375503376">
    <nd ref="3788668518"/>
    <nd ref="3788668495"/>
    <tag k="highway" v="residential"/>
  </way>
  <way id="375503377">
    <nd ref="3788668029"/>
    <nd ref="8620384794"/>
    <tag k="highway" v="residential"/>
  </way>
  <way id="375503378">
    <nd ref="3788668055"/>
    <nd ref="3788668056"/>
    <tag k="highway" v="residential"/>
  </way>
  <way id="375503379">
    <nd ref="3788668028"/>
    <nd ref="3788668022"/>
    <tag k="highway" v="residential"/>
  </way>
  <way id="375503380">
    <nd ref="3788668516"/>
    <nd ref="8620521190"/>
    <nd ref="3788668475"/>
    <tag k="highway" v="residential"/>
  </way>
  <way id="375503381">
    <nd ref="3788668091"/>
    <nd ref="3788668098"/>
    <tag k="highway" v="residential"/>
  </way>
  <way id="375503382">
    <nd ref="3788668131"/>
    <nd ref="3788668138"/>
    <tag k="highway" v="residential"/>
  </way>
  <way id="375503383">
    <nd ref="3788668188"/>
    <nd ref="8620521188"/>
    <nd ref="8620521189"/>
    <nd ref="3788668212"/>
    <tag k="highway" v="residential"/>
  </way>
  <way id="375503384">
    <nd ref="3788668134"/>
    <nd ref="3788668126"/>
    <tag k="highway" v="residential"/>
  </way>
  <way id="375503385">
    <nd ref="11770681099"/>
    <nd ref="11770681103"/>
    <nd ref="11770681102"/>
    <nd ref="3788668512"/>
    <nd ref="11770681101"/>
    <nd ref="11770681100"/>
    <tag k="highway" v="residential"/>
  </way>
  <way id="375503386">
    <nd ref="3788668402"/>
    <nd ref="8620576941"/>
    <nd ref="8620576943"/>
    <nd ref="3788668376"/>
    <nd ref="11210052340"/>
    <tag k="highway" v="residential"/>
  </way>
  <way id="375503387">
    <nd ref="3788668090"/>
    <nd ref="3788668081"/>
    <tag k="highway" v="residential"/>
  </way>
  <way id="375503388">
    <nd ref="3788668163"/>
    <nd ref="3788668136"/>
    <tag k="highway" v="residential"/>
  </way>
  <way id="375503389">
    <nd ref="3788668229"/>
    <nd ref="11160349735"/>
    <nd ref="3788668192"/>
    <tag k="highway" v="residential"/>
  </way>
  <way id="375503390">
    <nd ref="3788668137"/>
    <nd ref="3788668148"/>
    <tag k="highway" v="residential"/>
  </way>
  <way id="375503391">
    <nd ref="3788668218"/>
    <nd ref="3788668196"/>
    <tag k="highway" v="residential"/>
  </way>
  <way id="375503392">
    <nd ref="3788668127"/>
    <nd ref="3788668114"/>
    <tag k="highway" v="residential"/>
  </way>
  <way id="375503393">
    <nd ref="3788668025"/>
    <nd ref="8620384790"/>
    <tag k="highway" v="residential"/>
  </way>
  <way id="375503394">
    <nd ref="3788668094"/>
    <nd ref="3788668108"/>
    <tag k="highway" v="residential"/>
  </way>
  <way id="375503395">
    <nd ref="3788668250"/>
    <nd ref="8620542143"/>
    <nd ref="3788668217"/>
    <tag k="highway" v="residential"/>
  </way>
  <way id="375503396">
    <nd ref="3788668125"/>
    <nd ref="3788668135"/>
    <tag k="highway" v="residential"/>
  </way>
  <way id="375503397">
    <nd ref="3788668033"/>
    <nd ref="3788668035"/>
    <tag k="highway" v="residential"/>
  </way>
  <way id="375503398">
    <nd ref="3788668075"/>
    <nd ref="3788668061"/>
    <tag k="highway" v="residential"/>
  </way>
  <way id="375503399">
    <nd ref="3788668249"/>
    <nd ref="8621480741"/>
    <nd ref="8621480739"/>
    <nd ref="3788668226"/>
    <nd ref="11210055799"/>
    <tag k="highway" v="residential"/>
  </way>
  <way id="375503400">
    <nd ref="3788668056"/>
    <nd ref="3788668054"/>
    <tag k="highway" v="residential"/>
  </way>
  <way id="375503401">
    <nd ref="3788668016"/>
    <nd ref="3788668018"/>
    <tag k="highway" v="residential"/>
  </way>
  <way id="375503402">
    <nd ref="3788668233"/>
    <nd ref="8620542152"/>
    <nd ref="3788668239"/>
    <tag k="highway" v="residential"/>
  </way>
  <way id="375503403">
    <nd ref="3788668490"/>
    <nd ref="3788668501"/>
    <tag k="highway" v="residential"/>
  </way>
  <way id="375503404">
    <nd ref="3788668255"/>
    <nd ref="8620542167"/>
    <nd ref="3788668365"/>
    <tag k="highway" v="residential"/>
  </way>
  <way id="375503405">
    <nd ref="3788668077"/>
    <nd ref="3788668086"/>
    <tag k="highway" v="residential"/>
  </way>
  <way id="375503406">
    <nd ref="3788668194"/>
    <nd ref="8620521162"/>
    <nd ref="8621480727"/>
    <nd ref="3788668154"/>
    <tag k="highway" v="residential"/>
  </way>
  <way id="375503407">
    <nd ref="3788668072"/>
    <nd ref="3788668082"/>
    <tag k="highway" v="residential"/>
  </way>
  <way id="375503408">
    <nd ref="3788668149"/>
    <nd ref="3788668160"/>
    <tag k="highway" v="residential"/>
  </way>
  <way id="375503409">
    <nd ref="3788668059"/>
    <nd ref="3788668073"/>
    <tag k="highway" v="residential"/>
  </way>
  <way id="375503410">
    <nd ref="3788668207"/>
    <nd ref="3788668223"/>
    <tag k="highway" v="residential"/>
  </way>
  <way id="375503411">
    <nd ref="3788668113"/>
    <nd ref="3788668102"/>
    <tag k="highway" v="residential"/>
  </way>
  <way id="375503412">
    <nd ref="3788668049"/>
    <nd ref="11209966636"/>
    <nd ref="3788668047"/>
    <tag k="highway" v="residential"/>
  </way>
  <way id="375503413">
    <nd ref="3788668083"/>
    <nd ref="3788668092"/>
    <tag k="highway" v="residential"/>
  </way>
  <way id="375503414">
    <nd ref="3788668153"/>
    <nd ref="11209879737"/>
    <nd ref="11209879739"/>
    <nd ref="3788668119"/>
    <tag k="highway" v="residential"/>
  </way>
  <way id="375503415">
    <nd ref="3788668424"/>
    <nd ref="3788668436"/>
    <tag k="highway" v="residential"/>
  </way>
  <way id="375503416">
    <nd ref="3788668089"/>
    <nd ref="3788668095"/>
    <tag k="highway" v="residential"/>
  </way>
  <way id="375503417">
    <nd ref="3788668426"/>
    <nd ref="3788668394"/>
    <tag k="highway" v="residential"/>
  </way>
  <way id="375503418">
    <nd ref="3788668164"/>
    <nd ref="3788668138"/>
    <tag k="highway" v="residential"/>
  </way>
  <way id="375503419">
    <nd ref="3788668057"/>
    <nd ref="3788668055"/>
    <tag k="highway" v="residential"/>
  </way>
  <way id="375503420">
    <nd ref="3788668374"/>
    <nd ref="3788668393"/>
    <tag k="highway" v="residential"/>
  </way>
  <way id="375503421">
    <nd ref="3788668366"/>
    <nd ref="3788668377"/>
    <tag k="highway" v="residential"/>
  </way>
  <way id="375503422">
    <nd ref="3788668357"/>
    <nd ref="8620542144"/>
    <nd ref="7033773795"/>
    <nd ref="3788668371"/>
    <tag k="highway" v="residential"/>
  </way>
  <way id="375503423">
    <nd ref="3788668181"/>
    <nd ref="8621480732"/>
    <nd ref="3788668161"/>
    <tag k="highway" v="residential"/>
  </way>
  <way id="375503424">
    <nd ref="3788668065"/>
    <nd ref="3788668074"/>
    <tag k="highway" v="residential"/>
  </way>
  <way id="375503425">
    <nd ref="3788668166"/>
    <nd ref="3788668152"/>
    <tag k="highway" v="residential"/>
  </way>
  <way id="375503426">
    <nd ref="3788668042"/>
    <nd ref="8620384776"/>
    <tag k="highway" v="residential"/>
  </way>
  <way id="375503427">
    <nd ref="3788668256"/>
    <nd ref="11770608951"/>
    <nd ref="3788668364"/>
    <tag k="highway" v="residential"/>
  </way>
  <way id="375503428">
    <nd ref="3788668048"/>
    <nd ref="3788668045"/>
    <tag k="highway" v="residential"/>
  </way>
  <way id="375503429">
    <nd ref="3788668437"/>
    <nd ref="3788668454"/>
    <tag k="highway" v="residential"/>
  </way>
  <way id="375503430">
    <nd ref="3788668184"/>
    <nd ref="3788668205"/>
    <tag k="highway" v="residential"/>
  </way>
  <way id="375503431">
    <nd ref="3788668100"/>
    <nd ref="3788668091"/>
    <tag k="highway" v="residential"/>
  </way>
  <way id="375503432">
    <nd ref="3788668206"/>
    <nd ref="3788668213"/>
    <tag k="highway" v="residential"/>
  </way>
  <way id="375503433">
    <nd ref="3788668180"/>
    <nd ref="3788668199"/>
    <tag k="highway" v="residential"/>
  </way>
  <way id="375503434">
    <nd ref="3788668514"/>
    <nd ref="3788668489"/>
    <tag k="highway" v="residential"/>
  </way>
  <way id="375503435">
    <nd ref="3788668507"/>
    <nd ref="3788668508"/>
    <tag k="highway" v="residential"/>
  </way>
  <way id="375503436">
    <nd ref="3788668240"/>
    <nd ref="8620469104"/>
    <nd ref="3788668360"/>
    <tag k="highway" v="residential"/>
  </way>
  <way id="375503437">
    <nd ref="3788668055"/>
    <nd ref="3788668052"/>
    <tag k="highway" v="residential"/>
  </way>
  <way id="375503438">
    <nd ref="3788668099"/>
    <nd ref="3788668106"/>
    <tag k="highway" v="residential"/>
  </way>
  <way id="375503439">
    <nd ref="3788668422"/>
    <nd ref="3788668390"/>
    <tag k="highway" v="residential"/>
  </way>
  <way id="375503440">
    <nd ref="3788668197"/>
    <nd ref="8621480731"/>
    <nd ref="3788668170"/>
    <tag k="highway" v="residential"/>
  </way>
  <way id="375503441">
    <nd ref="3788668124"/>
    <nd ref="8621480742"/>
    <nd ref="3788668115"/>
    <nd ref="3788668107"/>
    <tag k="highway" v="residential"/>
  </way>
  <way id="375503442">
    <nd ref="3788668221"/>
    <nd ref="3788668213"/>
    <nd ref="3788668204"/>
    <tag k="highway" v="residential"/>
  </way>
  <way id="375503443">
    <nd ref="3788668451"/>
    <nd ref="3788668467"/>
    <nd ref="3788668491"/>
    <tag k="highway" v="residential"/>
  </way>
  <way id="375503444">
    <nd ref="3788668117"/>
    <nd ref="3788668119"/>
    <nd ref="8621480730"/>
    <nd ref="3788668125"/>
    <tag k="highway" v="residential"/>
  </way>
  <way id="375503445">
    <nd ref="3788668479"/>
    <nd ref="3788668459"/>
    <nd ref="3788668440"/>
    <tag k="highway" v="residential"/>
  </way>
  <way id="375503446">
    <nd ref="3788668398"/>
    <nd ref="3788668402"/>
    <nd ref="3788668409"/>
    <tag k="highway" v="residential"/>
  </way>
  <way id="375503447">
    <nd ref="3788668222"/>
    <nd ref="3788668232"/>
    <nd ref="8620542166"/>
    <nd ref="3788668238"/>
    <tag k="highway" v="residential"/>
  </way>
  <way id="375503448">
    <nd ref="3788668372"/>
    <nd ref="3788668255"/>
    <nd ref="3788668232"/>
    <tag k="highway" v="residential"/>
  </way>
  <way id="375503449">
    <nd ref="3788668103"/>
    <nd ref="8620542176"/>
    <nd ref="3788668109"/>
    <nd ref="8620521171"/>
    <nd ref="8620521170"/>
    <nd ref="3788668084"/>
    <tag k="highway" v="residential"/>
  </way>
  <way id="375503450">
    <nd ref="3788668088"/>
    <nd ref="3788668077"/>
    <nd ref="3788668068"/>
    <tag k="highway" v="residential"/>
  </way>
  <way id="375503451">
    <nd ref="3788668433"/>
    <nd ref="3788668424"/>
    <nd ref="8620576937"/>
    <nd ref="3788668405"/>
    <tag k="highway" v="residential"/>
  </way>
  <way id="375503452">
    <nd ref="3783217208"/>
    <nd ref="3788668162"/>
    <nd ref="3788668159"/>
    <nd ref="3788668154"/>
    <nd ref="3788668153"/>
    <nd ref="3788668146"/>
    <tag k="highway" v="residential"/>
    <tag k="source" v="DigitalGlobe-Standard"/>
    <tag k="surface" v="asphalt"/>
  </way>
  <way id="375503453">
    <nd ref="3788668219"/>
    <nd ref="3788668208"/>
    <nd ref="3788668175"/>
    <tag k="highway" v="residential"/>
  </way>
  <way id="375503454">
    <nd ref="3788668062"/>
    <nd ref="3788668061"/>
    <nd ref="3788668059"/>
    <tag k="highway" v="residential"/>
  </way>
  <way id="375503455">
    <nd ref="3788668423"/>
    <nd ref="3788668404"/>
    <nd ref="3788668379"/>
    <tag k="highway" v="residential"/>
  </way>
  <way id="375503456">
    <nd ref="3788668520"/>
    <nd ref="14040075452"/>
    <nd ref="3788668507"/>
    <nd ref="3788668488"/>
    <tag k="highway" v="residential"/>
  </way>
  <way id="375503457">
    <nd ref="3788668169"/>
    <nd ref="3788668144"/>
    <nd ref="3788668128"/>
    <tag k="highway" v="residential"/>
  </way>
  <way id="375503458">
    <nd ref="3788668482"/>
    <nd ref="3788668467"/>
    <nd ref="3788668457"/>
    <tag k="highway" v="residential"/>
  </way>
  <way id="375503460">
    <nd ref="3788668254"/>
    <nd ref="3788668239"/>
    <nd ref="8620542149"/>
    <nd ref="3788668195"/>
    <tag k="highway" v="residential"/>
  </way>
  <way id="375503461">
    <nd ref="3788668144"/>
    <nd ref="3788668136"/>
    <nd ref="3788668130"/>
    <tag k="highway" v="residential"/>
  </way>
  <way id="375503462">
    <nd ref="3788668528"/>
    <nd ref="4720197231"/>
    <nd ref="3788668527"/>
    <nd ref="3787304006"/>
    <tag k="highway" v="residential"/>
    <tag k="name" v="Lane Number 6"/>
  </way>
  <way id="375503463">
    <nd ref="3788668189"/>
    <nd ref="3788668176"/>
    <nd ref="3788668155"/>
    <tag k="highway" v="residential"/>
  </way>
  <way id="375503464">
    <nd ref="3788668455"/>
    <nd ref="3788668483"/>
    <nd ref="3788668509"/>
    <tag k="highway" v="residential"/>
  </way>
  <way id="375503465">
    <nd ref="3788668384"/>
    <nd ref="3788668400"/>
    <nd ref="3788668404"/>
    <tag k="highway" v="residential"/>
  </way>
  <way id="375503466">
    <nd ref="3788668464"/>
    <nd ref="3788668454"/>
    <nd ref="3788668435"/>
    <tag k="highway" v="residential"/>
  </way>
  <way id="375503467">
    <nd ref="3788668145"/>
    <nd ref="3788668133"/>
    <nd ref="3788668115"/>
    <tag k="highway" v="residential"/>
  </way>
  <way id="375503468">
    <nd ref="3788668397"/>
    <nd ref="3788668374"/>
    <nd ref="3788668244"/>
    <tag k="highway" v="residential"/>
  </way>
  <way id="375503469">
    <nd ref="3788668220"/>
    <nd ref="3788668229"/>
    <nd ref="3788668236"/>
    <tag k="highway" v="residential"/>
  </way>
  <way id="375503470">
    <nd ref="3788668123"/>
    <nd ref="3788668112"/>
    <nd ref="3788668108"/>
    <tag k="highway" v="residential"/>
  </way>
  <way id="375503471">
    <nd ref="3788668228"/>
    <nd ref="3788668210"/>
    <nd ref="3788668190"/>
    <tag k="highway" v="residential"/>
  </way>
  <way id="375503472">
    <nd ref="3788668431"/>
    <nd ref="3788668441"/>
    <nd ref="3788668450"/>
    <tag k="highway" v="residential"/>
  </way>
  <way id="375503473">
    <nd ref="3788668027"/>
    <nd ref="3788668028"/>
    <nd ref="3788668032"/>
    <tag k="highway" v="residential"/>
  </way>
  <way id="375503474">
    <nd ref="3788668476"/>
    <nd ref="3788668446"/>
    <nd ref="3788668421"/>
    <tag k="highway" v="residential"/>
  </way>
  <way id="375503475">
    <nd ref="3788668403"/>
    <nd ref="3788668406"/>
    <nd ref="3788668414"/>
    <tag k="highway" v="residential"/>
  </way>
  <way id="375503476">
    <nd ref="3788668369"/>
    <nd ref="3788668358"/>
    <nd ref="3788668243"/>
    <tag k="highway" v="residential"/>
  </way>
  <way id="375503477">
    <nd ref="3788668245"/>
    <nd ref="3788668250"/>
    <nd ref="3788668358"/>
    <tag k="highway" v="residential"/>
  </way>
  <way id="375503478">
    <nd ref="3788668363"/>
    <nd ref="3788668240"/>
    <nd ref="11210000303"/>
    <nd ref="3788668211"/>
    <tag k="highway" v="residential"/>
  </way>
  <way id="375503479">
    <nd ref="3788668419"/>
    <nd ref="3788668403"/>
    <nd ref="3788668386"/>
    <tag k="highway" v="residential"/>
  </way>
  <way id="375503480">
    <nd ref="3788668519"/>
    <nd ref="3788668508"/>
    <nd ref="3788668492"/>
    <tag k="highway" v="residential"/>
  </way>
  <way id="375503481">
    <nd ref="3788668067"/>
    <nd ref="3788668070"/>
    <nd ref="3788668063"/>
    <tag k="highway" v="residential"/>
  </way>
  <way id="375503483">
    <nd ref="3788668087"/>
    <nd ref="3788668088"/>
    <nd ref="3788668097"/>
    <tag k="highway" v="residential"/>
  </way>
  <way id="375503484">
    <nd ref="3788668359"/>
    <nd ref="3788668245"/>
    <nd ref="8620542142"/>
    <nd ref="3788668198"/>
    <tag k="highway" v="residential"/>
  </way>
  <way id="375503485">
    <nd ref="3788668406"/>
    <nd ref="3788668391"/>
    <nd ref="3788668375"/>
    <tag k="highway" v="residential"/>
  </way>
  <way id="375503486">
    <nd ref="3788668108"/>
    <nd ref="3788668099"/>
    <nd ref="3788668087"/>
    <tag k="highway" v="residential"/>
  </way>
  <way id="375503487">
    <nd ref="3788668383"/>
    <nd ref="3788668386"/>
    <nd ref="3788668391"/>
    <tag k="highway" v="residential"/>
  </way>
  <way id="375503488">
    <nd ref="3788668389"/>
    <nd ref="3788668397"/>
    <nd ref="11210037539"/>
    <nd ref="3788668416"/>
    <tag k="highway" v="residential"/>
  </way>
  <way id="375503489">
    <nd ref="3788668252"/>
    <nd ref="3788668236"/>
    <nd ref="11210040065"/>
    <nd ref="3788668201"/>
    <tag k="highway" v="residential"/>
  </way>
  <way id="375503490">
    <nd ref="3788668462"/>
    <nd ref="3788668482"/>
    <nd ref="3788668500"/>
    <tag k="highway" v="residential"/>
  </way>
  <way id="375503491">
    <nd ref="3788668445"/>
    <nd ref="3788668440"/>
    <nd ref="3788668432"/>
    <tag k="highway" v="residential"/>
  </way>
  <way id="375503492">
    <nd ref="3788668073"/>
    <nd ref="11209825457"/>
    <nd ref="11209856517"/>
    <nd ref="8620397602"/>
    <nd ref="3788668069"/>
    <nd ref="3788668066"/>
    <tag k="highway" v="residential"/>
  </way>
  <way id="375503493">
    <nd ref="3788668187"/>
    <nd ref="3788668174"/>
    <nd ref="8620485030"/>
    <nd ref="3788668132"/>
    <tag k="highway" v="residential"/>
  </way>
  <way id="375503494">
    <nd ref="3788668461"/>
    <nd ref="3788668476"/>
    <nd ref="3788668483"/>
    <tag k="highway" v="residential"/>
  </way>
  <way id="375503495">
    <nd ref="3788668141"/>
    <nd ref="3788668145"/>
    <nd ref="3788668151"/>
    <tag k="highway" v="residential"/>
  </way>
  <way id="375503496">
    <nd ref="3788668019"/>
    <nd ref="3788668022"/>
    <nd ref="3788668023"/>
    <tag k="highway" v="residential"/>
  </way>
  <way id="375503497">
    <nd ref="3788668193"/>
    <nd ref="3788668204"/>
    <nd ref="3788668210"/>
    <tag k="highway" v="residential"/>
  </way>
  <way id="375503498">
    <nd ref="3788668463"/>
    <nd ref="3788668470"/>
    <nd ref="3788668477"/>
    <tag k="highway" v="residential"/>
  </way>
  <way id="375503499">
    <nd ref="3788668474"/>
    <nd ref="4699078269"/>
    <nd ref="3788668505"/>
    <nd ref="11770681100"/>
    <nd ref="3788668501"/>
    <tag k="highway" v="residential"/>
  </way>
  <way id="375503500">
    <nd ref="3783124434"/>
    <nd ref="3788668461"/>
    <nd ref="3788668447"/>
    <nd ref="3788668434"/>
    <nd ref="3788668407"/>
    <nd ref="3788668389"/>
    <nd ref="3788668362"/>
    <nd ref="8666776880"/>
    <nd ref="3788668237"/>
    <nd ref="3788668224"/>
    <nd ref="3788668220"/>
    <nd ref="3788668191"/>
    <nd ref="3788668186"/>
    <nd ref="11209882186"/>
    <nd ref="11209882184"/>
    <nd ref="3788668167"/>
    <nd ref="8666776879"/>
    <nd ref="6737843616"/>
    <nd ref="3788668147"/>
    <nd ref="3788668141"/>
    <nd ref="3788668120"/>
    <nd ref="3788668107"/>
    <nd ref="2696139176"/>
    <nd ref="3788668089"/>
    <nd ref="3788668078"/>
    <nd ref="3788668071"/>
    <nd ref="3788668066"/>
    <nd ref="3788668064"/>
    <nd ref="3788668051"/>
    <nd ref="3788668050"/>
    <nd ref="3788668044"/>
    <nd ref="3788668041"/>
    <nd ref="3788668039"/>
    <nd ref="3788668036"/>
    <nd ref="3788668033"/>
    <nd ref="3788668027"/>
    <nd ref="3788668024"/>
    <nd ref="3788668019"/>
    <nd ref="3788668017"/>
    <nd ref="3788668016"/>
    <nd ref="8620267827"/>
    <nd ref="3788668014"/>
    <tag k="highway" v="tertiary"/>
  </way>
  <way id="375503501">
    <nd ref="3788668459"/>
    <nd ref="3788668448"/>
    <nd ref="3788668432"/>
    <nd ref="3788668417"/>
    <tag k="highway" v="residential"/>
  </way>
  <way id="375503502">
    <nd ref="3788668171"/>
    <nd ref="3788668156"/>
    <nd ref="3788668130"/>
    <nd ref="3788668116"/>
    <tag k="highway" v="residential"/>
  </way>
  <way id="375503503">
    <nd ref="3788668442"/>
    <nd ref="3788668416"/>
    <nd ref="3788668393"/>
    <nd ref="3788668370"/>
    <tag k="highway" v="residential"/>
  </way>
  <way id="375503505">
    <nd ref="3788668484"/>
    <nd ref="3788668488"/>
    <nd ref="3788668492"/>
    <nd ref="3788668493"/>
    <tag k="highway" v="residential"/>
  </way>
  <way id="375503507">
    <nd ref="3788668412"/>
    <nd ref="3788668422"/>
    <nd ref="3788668426"/>
    <nd ref="3788668428"/>
    <tag k="highway" v="residential"/>
  </way>
  <way id="375503508">
    <nd ref="3788668521"/>
    <nd ref="3788668520"/>
    <nd ref="3788668519"/>
    <nd ref="3788668517"/>
    <tag k="highway" v="residential"/>
  </way>
  <way id="375503509">
    <nd ref="3788668400"/>
    <nd ref="8620576945"/>
    <nd ref="3788668373"/>
    <nd ref="3788668357"/>
    <nd ref="3788668235"/>
    <tag k="highway" v="residential"/>
  </way>
  <way id="375503510">
    <nd ref="3788668156"/>
    <nd ref="3788668163"/>
    <nd ref="3788668169"/>
    <nd ref="3788668174"/>
    <tag k="highway" v="residential"/>
  </way>
  <way id="375503511">
    <nd ref="3788668078"/>
    <nd ref="3788668085"/>
    <nd ref="3788668076"/>
    <nd ref="3788668071"/>
    <tag k="highway" v="residential"/>
  </way>
  <way id="375503512">
    <nd ref="3783124440"/>
    <nd ref="3788668513"/>
    <nd ref="3788668510"/>
    <nd ref="3788668497"/>
    <tag k="highway" v="residential"/>
  </way>
  <way id="375503513">
    <nd ref="3788668368"/>
    <nd ref="3788668372"/>
    <nd ref="3788668375"/>
    <nd ref="3788668381"/>
    <nd ref="6269817185"/>
    <tag k="highway" v="residential"/>
  </way>
  <way id="375503514">
    <nd ref="3788668506"/>
    <nd ref="3788668500"/>
    <nd ref="3788668491"/>
    <nd ref="3788668472"/>
    <tag k="highway" v="residential"/>
  </way>
  <way id="375503515">
    <nd ref="3788668395"/>
    <nd ref="3788668384"/>
    <nd ref="3788668248"/>
    <tag k="highway" v="residential"/>
  </way>
  <way id="375503516">
    <nd ref="3788668081"/>
    <nd ref="3788668073"/>
    <nd ref="3788668075"/>
    <nd ref="3788668079"/>
    <tag k="highway" v="residential"/>
  </way>
  <way id="375503517">
    <nd ref="3788668407"/>
    <nd ref="3788668421"/>
    <nd ref="3788668442"/>
    <nd ref="3788668456"/>
    <tag k="highway" v="residential"/>
  </way>
  <way id="375503518">
    <nd ref="3788668176"/>
    <nd ref="3788668181"/>
    <nd ref="3788668197"/>
    <nd ref="3788668208"/>
    <tag k="highway" v="residential"/>
  </way>
  <way id="375503519">
    <nd ref="3788668242"/>
    <nd ref="3788668249"/>
    <nd ref="3788668256"/>
    <nd ref="3788668361"/>
    <tag k="highway" v="residential"/>
  </way>
  <way id="375503520">
    <nd ref="3788668200"/>
    <nd ref="3788668180"/>
    <nd ref="3788668173"/>
    <nd ref="3788668162"/>
    <tag k="highway" v="residential"/>
  </way>
  <way id="375503521">
    <nd ref="3788668159"/>
    <nd ref="3788668149"/>
    <nd ref="3788668137"/>
    <nd ref="3788668125"/>
    <tag k="highway" v="residential"/>
  </way>
  <way id="375503522">
    <nd ref="3788668039"/>
    <nd ref="6868540507"/>
    <nd ref="3788668045"/>
    <nd ref="3788668046"/>
    <nd ref="3788668047"/>
    <tag k="highway" v="residential"/>
  </way>
  <way id="375503523">
    <nd ref="3788668111"/>
    <nd ref="8620521184"/>
    <nd ref="3788668118"/>
    <nd ref="8620521179"/>
    <nd ref="8620521174"/>
    <nd ref="8620521173"/>
    <nd ref="3788668139"/>
    <tag k="highway" v="residential"/>
    <tag k="source" v="DigitalGlobe-Standard"/>
    <tag k="surface" v="asphalt"/>
  </way>
  <way id="375503524">
    <nd ref="3788668168"/>
    <nd ref="3788668151"/>
    <nd ref="3788668143"/>
    <nd ref="3788668124"/>
    <nd ref="3788668110"/>
    <tag k="highway" v="residential"/>
  </way>
  <way id="375503525">
    <nd ref="3788668253"/>
    <nd ref="3788668247"/>
    <nd ref="3788668361"/>
    <nd ref="8621480733"/>
    <nd ref="3788668377"/>
    <nd ref="11210052340"/>
    <nd ref="3788668387"/>
    <tag k="highway" v="residential"/>
  </way>
  <way id="375503526">
    <nd ref="3788668225"/>
    <nd ref="8620469103"/>
    <nd ref="3788668211"/>
    <nd ref="3788668201"/>
    <nd ref="8620469102"/>
    <nd ref="11160349736"/>
    <nd ref="3788668192"/>
    <tag k="highway" v="residential"/>
  </way>
  <way id="375503527">
    <nd ref="3788668513"/>
    <nd ref="3788668514"/>
    <nd ref="3788668515"/>
    <nd ref="3788668518"/>
    <nd ref="3788668522"/>
    <tag k="highway" v="residential"/>
  </way>
  <way id="375503528">
    <nd ref="3788668411"/>
    <nd ref="3788668418"/>
    <nd ref="3788668435"/>
    <nd ref="11210040629"/>
    <nd ref="3788668443"/>
    <nd ref="3788668453"/>
    <tag k="highway" v="residential"/>
  </way>
  <way id="375503529">
    <nd ref="3788668481"/>
    <nd ref="3788668489"/>
    <nd ref="3788668494"/>
    <nd ref="3788668495"/>
    <nd ref="3788668498"/>
    <tag k="highway" v="residential"/>
  </way>
  <way id="375503530">
    <nd ref="3788668215"/>
    <nd ref="3788668221"/>
    <nd ref="3788668228"/>
    <nd ref="3788668230"/>
    <nd ref="3788668234"/>
    <tag k="highway" v="residential"/>
  </way>
  <way id="375503531">
    <nd ref="3788668470"/>
    <nd ref="3788668450"/>
    <nd ref="3788668428"/>
    <nd ref="3788668425"/>
    <nd ref="3788668401"/>
    <tag k="highway" v="residential"/>
  </way>
  <way id="375503532">
    <nd ref="3788668497"/>
    <nd ref="3788668481"/>
    <nd ref="3788668469"/>
    <nd ref="3788668463"/>
    <nd ref="3788668452"/>
    <nd ref="3788668441"/>
    <tag k="highway" v="residential"/>
  </way>
  <way id="375503533">
    <nd ref="3788668430"/>
    <nd ref="3788668419"/>
    <nd ref="3788668417"/>
    <nd ref="3788668415"/>
    <nd ref="3788668413"/>
    <nd ref="8620576935"/>
    <nd ref="8620576934"/>
    <tag k="highway" v="residential"/>
  </way>
  <way id="375503534">
    <nd ref="3788668525"/>
    <nd ref="3788668517"/>
    <nd ref="3788668493"/>
    <nd ref="3788668466"/>
    <nd ref="3788668464"/>
    <nd ref="3788668460"/>
    <tag k="highway" v="residential"/>
  </way>
  <way id="375503535">
    <nd ref="3788668415"/>
    <nd ref="3788668383"/>
    <nd ref="3788668368"/>
    <nd ref="3788668222"/>
    <nd ref="3788668203"/>
    <tag k="highway" v="residential"/>
  </way>
  <way id="375503536">
    <nd ref="3788668182"/>
    <nd ref="3788668189"/>
    <nd ref="3788668195"/>
    <nd ref="3788668198"/>
    <nd ref="8620542148"/>
    <nd ref="3788668219"/>
    <nd ref="3788668227"/>
    <tag k="highway" v="residential"/>
  </way>
  <way id="375503537">
    <nd ref="3788668157"/>
    <nd ref="3788668131"/>
    <nd ref="3788668118"/>
    <nd ref="3788668103"/>
    <nd ref="3788668096"/>
    <nd ref="3788668080"/>
    <tag k="highway" v="residential"/>
  </way>
  <way id="375503538">
    <nd ref="3788668178"/>
    <nd ref="3788668166"/>
    <nd ref="3788668150"/>
    <nd ref="3788668146"/>
    <nd ref="3788668139"/>
    <nd ref="11209863036"/>
    <nd ref="3788668127"/>
    <nd ref="3788668113"/>
    <nd ref="3788668101"/>
    <tag k="highway" v="residential"/>
    <tag k="source" v="DigitalGlobe-Standard"/>
    <tag k="surface" v="asphalt"/>
  </way>
  <way id="375503539">
    <nd ref="3788668449"/>
    <nd ref="3788668436"/>
    <nd ref="8620576931"/>
    <nd ref="8620576932"/>
    <nd ref="8620576933"/>
    <nd ref="8620576936"/>
    <nd ref="8620576940"/>
    <nd ref="8620576942"/>
    <nd ref="3788668253"/>
    <nd ref="8621480738"/>
    <nd ref="11210055799"/>
    <nd ref="3788668234"/>
    <tag k="highway" v="residential"/>
  </way>
  <way id="375503540">
    <nd ref="3788668523"/>
    <nd ref="6868544990"/>
    <nd ref="6868544991"/>
    <nd ref="3788668503"/>
    <nd ref="11770681099"/>
    <nd ref="3788668490"/>
    <nd ref="3788668474"/>
    <nd ref="3788668462"/>
    <nd ref="3788668451"/>
    <nd ref="3788668438"/>
    <tag k="highway" v="residential"/>
  </way>
  <way id="375503541">
    <nd ref="3788668434"/>
    <nd ref="3788668446"/>
    <nd ref="3788668455"/>
    <nd ref="3788668465"/>
    <nd ref="3788668475"/>
    <nd ref="3788668487"/>
    <nd ref="3788668497"/>
    <tag k="highway" v="residential"/>
  </way>
  <way id="375503542">
    <nd ref="3788668241"/>
    <nd ref="3788668248"/>
    <nd ref="3788668254"/>
    <nd ref="8620576944"/>
    <nd ref="3788668359"/>
    <nd ref="3788668369"/>
    <nd ref="3788668373"/>
    <nd ref="3788668379"/>
    <nd ref="3788668385"/>
    <tag k="highway" v="residential"/>
  </way>
  <way id="375645639">
    <nd ref="3788542959"/>
    <nd ref="3789954285"/>
    <nd ref="3789954282"/>
    <nd ref="3789954270"/>
    <nd ref="3789954124"/>
    <nd ref="3789953717"/>
    <nd ref="3789953685"/>
    <nd ref="3789953678"/>
    <nd ref="3789953721"/>
    <nd ref="3789954119"/>
    <tag k="highway" v="residential"/>
  </way>
  <way id="375645642">
    <nd ref="3789953698"/>
    <nd ref="3789953732"/>
    <nd ref="3789954125"/>
    <nd ref="3789954134"/>
    <nd ref="3789954136"/>
    <nd ref="11222428567"/>
    <nd ref="3789954140"/>
    <nd ref="3789954142"/>
    <nd ref="3779262372"/>
    <nd ref="3789954144"/>
    <nd ref="3789954141"/>
    <tag k="highway" v="residential"/>
  </way>
  <way id="375645654">
    <nd ref="14078180616"/>
    <nd ref="14078180615"/>
    <nd ref="3789953725"/>
    <nd ref="3789953683"/>
    <nd ref="3789953679"/>
    <nd ref="3789953676"/>
    <nd ref="11765850109"/>
    <nd ref="3789953672"/>
    <nd ref="3789954234"/>
    <nd ref="3789954223"/>
    <nd ref="3789954178"/>
    <nd ref="3789954169"/>
    <nd ref="11226356048"/>
    <nd ref="3789954103"/>
    <nd ref="3789954098"/>
    <nd ref="3789954062"/>
    <nd ref="3789954040"/>
    <tag k="highway" v="residential"/>
  </way>
  <way id="375645659">
    <nd ref="3779262376"/>
    <nd ref="3789953738"/>
    <tag k="highway" v="residential"/>
  </way>
  <way id="375645660">
    <nd ref="3779216038"/>
    <nd ref="3789954268"/>
    <tag k="highway" v="residential"/>
  </way>
  <way id="375645665">
    <nd ref="3789954221"/>
    <nd ref="3789954190"/>
    <tag k="highway" v="residential"/>
  </way>
  <way id="375645667">
    <nd ref="3789954273"/>
    <nd ref="3789954136"/>
    <tag k="highway" v="residential"/>
  </way>
  <way id="375645680">
    <nd ref="3789954262"/>
    <nd ref="3789954261"/>
    <nd ref="11070383650"/>
    <nd ref="3789954267"/>
    <tag k="highway" v="residential"/>
  </way>
  <way id="375645684">
    <nd ref="3789954263"/>
    <nd ref="3789954262"/>
    <tag k="highway" v="residential"/>
  </way>
  <way id="375645686">
    <nd ref="3789954272"/>
    <nd ref="3789954155"/>
    <tag k="highway" v="residential"/>
  </way>
  <way id="375645689">
    <nd ref="3789953693"/>
    <nd ref="3789954232"/>
    <tag k="highway" v="service"/>
  </way>
  <way id="375645691">
    <nd ref="3789953677"/>
    <nd ref="3789954224"/>
    <tag k="highway" v="residential"/>
  </way>
  <way id="375645695">
    <nd ref="3789953740"/>
    <nd ref="3789953734"/>
    <tag k="highway" v="residential"/>
  </way>
  <way id="375645697">
    <nd ref="3789953686"/>
    <nd ref="3789954228"/>
    <tag k="highway" v="service"/>
  </way>
  <way id="375645700">
    <nd ref="3789953684"/>
    <nd ref="3779262200"/>
    <tag k="highway" v="residential"/>
  </way>
  <way id="375645707">
    <nd ref="3788542456"/>
    <nd ref="3789954279"/>
    <tag k="highway" v="residential"/>
  </way>
  <way id="375645712">
    <nd ref="3789954231"/>
    <nd ref="3789954217"/>
    <tag k="highway" v="residential"/>
  </way>
  <way id="375645714">
    <nd ref="3789954274"/>
    <nd ref="3789954140"/>
    <tag k="highway" v="residential"/>
  </way>
  <way id="375645721">
    <nd ref="3789954227"/>
    <nd ref="3789954195"/>
    <tag k="highway" v="residential"/>
  </way>
  <way id="375645723">
    <nd ref="3789953727"/>
    <nd ref="3789953719"/>
    <tag k="highway" v="residential"/>
  </way>
  <way id="375645726">
    <nd ref="3789954222"/>
    <nd ref="3789954204"/>
    <tag k="highway" v="residential"/>
  </way>
  <way id="375645735">
    <nd ref="3789954111"/>
    <nd ref="3789953697"/>
    <tag k="highway" v="residential"/>
  </way>
  <way id="375645737">
    <nd ref="3789954156"/>
    <nd ref="3789954259"/>
    <tag k="highway" v="residential"/>
  </way>
  <way id="375645743">
    <nd ref="14053765753"/>
    <nd ref="14053765752"/>
    <nd ref="3789954022"/>
    <nd ref="3789954037"/>
    <nd ref="3789954055"/>
    <nd ref="3789954068"/>
    <nd ref="3789954090"/>
    <nd ref="3789954101"/>
    <nd ref="3789954180"/>
    <nd ref="11766046831"/>
    <nd ref="11766046824"/>
    <nd ref="3789954219"/>
    <nd ref="3789953671"/>
    <nd ref="3789954132"/>
    <nd ref="3789954257"/>
    <nd ref="3788668014"/>
    <tag k="highway" v="tertiary"/>
  </way>
  <way id="375645745">
    <nd ref="3779262204"/>
    <nd ref="3789953669"/>
    <nd ref="3779262227"/>
    <tag k="highway" v="residential"/>
  </way>
  <way id="375645750">
    <nd ref="3789953685"/>
    <nd ref="3789954229"/>
    <nd ref="3789954185"/>
    <tag k="highway" v="residential"/>
  </way>
  <way id="375645751">
    <nd ref="3789953678"/>
    <nd ref="3789954181"/>
    <nd ref="3789954071"/>
    <tag k="highway" v="residential"/>
  </way>
  <way id="375645752">
    <nd ref="3789954142"/>
    <nd ref="3789953707"/>
    <tag k="highway" v="residential"/>
  </way>
  <way id="375645760">
    <nd ref="3789954276"/>
    <nd ref="3789954260"/>
    <nd ref="3779262377"/>
    <tag k="highway" v="residential"/>
  </way>
  <way id="375645768">
    <nd ref="3789953668"/>
    <nd ref="3789954227"/>
    <nd ref="3789954226"/>
    <tag k="highway" v="residential"/>
  </way>
  <way id="375645772">
    <nd ref="3789954278"/>
    <nd ref="3779262379"/>
    <tag k="highway" v="residential"/>
  </way>
  <way id="375645784">
    <nd ref="3789954150"/>
    <nd ref="3789954147"/>
    <nd ref="11104216317"/>
    <nd ref="8643101544"/>
    <nd ref="3789954145"/>
    <tag k="highway" v="residential"/>
  </way>
  <way id="375645788">
    <nd ref="3789954226"/>
    <nd ref="8635156131"/>
    <tag k="highway" v="residential"/>
  </way>
  <way id="375645793">
    <nd ref="3789954120"/>
    <nd ref="3789953694"/>
    <nd ref="3789954199"/>
    <tag k="highway" v="residential"/>
  </way>
  <way id="375645807">
    <nd ref="3789954118"/>
    <nd ref="3789954120"/>
    <nd ref="3789954127"/>
    <tag k="highway" v="residential"/>
  </way>
  <way id="375645808">
    <nd ref="3789953706"/>
    <nd ref="3789954225"/>
    <nd ref="3789954188"/>
    <tag k="highway" v="residential"/>
  </way>
  <way id="375645823">
    <nd ref="3789953696"/>
    <nd ref="3789953694"/>
    <nd ref="9739652672"/>
    <nd ref="3789954192"/>
    <tag k="highway" v="residential"/>
  </way>
  <way id="375645835">
    <nd ref="3789953718"/>
    <nd ref="3789953716"/>
    <nd ref="3789953713"/>
    <nd ref="3789953673"/>
    <tag k="highway" v="residential"/>
  </way>
  <way id="375645840">
    <nd ref="3789953735"/>
    <nd ref="3789953715"/>
    <nd ref="3789953723"/>
    <nd ref="3789953743"/>
    <tag k="highway" v="residential"/>
  </way>
  <way id="375645842">
    <nd ref="11217530065"/>
    <nd ref="3789953733"/>
    <nd ref="3789953720"/>
    <nd ref="3789953714"/>
    <nd ref="11217530066"/>
    <tag k="highway" v="residential"/>
  </way>
  <way id="375645847">
    <nd ref="3779262242"/>
    <nd ref="3789954226"/>
    <tag k="highway" v="residential"/>
  </way>
  <way id="375645851">
    <nd ref="3789953677"/>
    <nd ref="3789953712"/>
    <nd ref="3789953695"/>
    <nd ref="3789954235"/>
    <nd ref="3789954220"/>
    <tag k="highway" v="residential"/>
  </way>
  <way id="375645854">
    <nd ref="3789954267"/>
    <nd ref="3789954275"/>
    <nd ref="3789954259"/>
    <nd ref="3789954258"/>
    <nd ref="3789954146"/>
    <tag k="highway" v="residential"/>
  </way>
  <way id="375645863">
    <nd ref="3779262357"/>
    <nd ref="3789953722"/>
    <nd ref="8637015690"/>
    <nd ref="8637015691"/>
    <nd ref="8637015692"/>
    <nd ref="8637015693"/>
    <nd ref="8637015694"/>
    <nd ref="3789953724"/>
    <nd ref="8637015696"/>
    <nd ref="8637015695"/>
    <nd ref="3789953709"/>
    <nd ref="3789953708"/>
    <nd ref="8637015689"/>
    <nd ref="8637015688"/>
    <nd ref="3789954230"/>
    <tag k="highway" v="residential"/>
  </way>
  <way id="375645865">
    <nd ref="11222428567"/>
    <nd ref="3789953736"/>
    <tag k="highway" v="residential"/>
  </way>
  <way id="375645885">
    <nd ref="3789954153"/>
    <nd ref="3789954137"/>
    <nd ref="3789954108"/>
    <nd ref="3779262251"/>
    <nd ref="3789953702"/>
    <nd ref="3789953705"/>
    <nd ref="3789954231"/>
    <tag k="highway" v="residential"/>
  </way>
  <way id="375645887">
    <nd ref="3789954114"/>
    <nd ref="3789953704"/>
    <nd ref="3789953697"/>
    <nd ref="8635214135"/>
    <nd ref="8635214137"/>
    <nd ref="11765933771"/>
    <nd ref="3789953674"/>
    <nd ref="3789953683"/>
    <tag k="highway" v="residential"/>
  </way>
  <way id="375645891">
    <nd ref="3789953704"/>
    <nd ref="3789953700"/>
    <nd ref="3789954205"/>
    <nd ref="3789954203"/>
    <nd ref="3789954202"/>
    <nd ref="8635214136"/>
    <nd ref="8635156130"/>
    <nd ref="8635214138"/>
    <nd ref="3789954184"/>
    <nd ref="8635214139"/>
    <nd ref="3789954178"/>
    <tag k="highway" v="residential"/>
  </way>
  <way id="375645899">
    <nd ref="3789953834"/>
    <nd ref="8635211690"/>
    <nd ref="3789953863"/>
    <nd ref="11765731336"/>
    <nd ref="3789953996"/>
    <nd ref="3789954039"/>
    <nd ref="3789954069"/>
    <nd ref="3789954157"/>
    <nd ref="14078180621"/>
    <nd ref="14078180617"/>
    <nd ref="14078180616"/>
    <nd ref="8635214134"/>
    <tag k="highway" v="residential"/>
  </way>
  <way id="375903368">
    <nd ref="3787304041"/>
    <nd ref="3787304005"/>
    <tag k="highway" v="residential"/>
  </way>
  <way id="375903370">
    <nd ref="3792433199"/>
    <nd ref="3792433197"/>
    <tag k="highway" v="residential"/>
  </way>
  <way id="375903373">
    <nd ref="3792432931"/>
    <nd ref="3792432929"/>
    <tag k="highway" v="residential"/>
  </way>
  <way id="375903374">
    <nd ref="3792433585"/>
    <nd ref="3792433576"/>
    <tag k="highway" v="residential"/>
  </way>
  <way id="375903375">
    <nd ref="10233024949"/>
    <nd ref="8637592485"/>
    <nd ref="3792432913"/>
    <tag k="highway" v="residential"/>
  </way>
  <way id="375903376">
    <nd ref="11219316923"/>
    <nd ref="3792433198"/>
    <tag k="highway" v="residential"/>
  </way>
  <way id="375903377">
    <nd ref="3792433182"/>
    <nd ref="10592150366"/>
    <nd ref="10592150365"/>
    <nd ref="3792433184"/>
    <tag k="highway" v="residential"/>
  </way>
  <way id="375903378">
    <nd ref="3792433578"/>
    <nd ref="8637775791"/>
    <nd ref="3792433582"/>
    <tag k="highway" v="residential"/>
  </way>
  <way id="375903379">
    <nd ref="3792433169"/>
    <nd ref="10592150369"/>
    <nd ref="10592150368"/>
    <nd ref="10592150367"/>
    <nd ref="11226276200"/>
    <nd ref="3792433170"/>
    <tag k="highway" v="residential"/>
  </way>
  <way id="375903380">
    <nd ref="8120330793"/>
    <nd ref="11104607931"/>
    <nd ref="3793735234"/>
    <nd ref="3792432906"/>
    <nd ref="3792432912"/>
    <nd ref="3792432916"/>
    <nd ref="3792432921"/>
    <nd ref="11226343183"/>
    <nd ref="3792432925"/>
    <nd ref="3792432927"/>
    <nd ref="3792432935"/>
    <nd ref="3793679875"/>
    <nd ref="3793679896"/>
    <nd ref="3792432953"/>
    <nd ref="3792433178"/>
    <tag k="highway" v="tertiary"/>
    <tag k="oneway" v="yes"/>
  </way>
  <way id="375903381">
    <nd ref="3783260014"/>
    <nd ref="8637775794"/>
    <nd ref="3792433591"/>
    <nd ref="3792433590"/>
    <tag k="highway" v="residential"/>
    <tag k="name" v="shiv path"/>
  </way>
  <way id="375903384">
    <nd ref="3792433586"/>
    <nd ref="3792433579"/>
    <nd ref="3792433574"/>
    <tag k="highway" v="residential"/>
  </way>
  <way id="375903385">
    <nd ref="3792433561"/>
    <nd ref="3793680012"/>
    <nd ref="3793680009"/>
    <nd ref="3793680001"/>
    <nd ref="3792433171"/>
    <nd ref="3792433159"/>
    <nd ref="3793679353"/>
    <nd ref="3792432951"/>
    <nd ref="3793679870"/>
    <nd ref="3793671553"/>
    <nd ref="3793671546"/>
    <nd ref="3793671539"/>
    <nd ref="3793671535"/>
    <nd ref="3793671530"/>
    <nd ref="3793671524"/>
    <nd ref="3793671514"/>
    <nd ref="3792432910"/>
    <nd ref="8637642721"/>
    <nd ref="3793671502"/>
    <nd ref="3793735255"/>
    <nd ref="3793735241"/>
    <nd ref="3793735240"/>
    <nd ref="3793735225"/>
    <nd ref="3793735223"/>
    <nd ref="3793735204"/>
    <nd ref="14063203162"/>
    <tag k="highway" v="residential"/>
  </way>
  <way id="375903386">
    <nd ref="3792432929"/>
    <nd ref="3793671540"/>
    <nd ref="3792432918"/>
    <nd ref="3792432915"/>
    <tag k="highway" v="residential"/>
  </way>
  <way id="375903388">
    <nd ref="3792433198"/>
    <nd ref="11219316925"/>
    <nd ref="3792433193"/>
    <nd ref="3792433191"/>
    <nd ref="11219316922"/>
    <nd ref="3792433182"/>
    <tag k="highway" v="residential"/>
  </way>
  <way id="375903390">
    <nd ref="3792432906"/>
    <nd ref="3792432905"/>
    <nd ref="8637642719"/>
    <nd ref="3792432908"/>
    <nd ref="3793671509"/>
    <nd ref="3793671510"/>
    <nd ref="3792432910"/>
    <tag k="highway" v="residential"/>
  </way>
  <way id="375903392">
    <nd ref="11226343183"/>
    <nd ref="3792432922"/>
    <nd ref="3793671533"/>
    <nd ref="3792432905"/>
    <tag k="highway" v="residential"/>
  </way>
  <way id="375903393">
    <nd ref="3793680023"/>
    <nd ref="3793680013"/>
    <nd ref="8120330787"/>
    <nd ref="11219316924"/>
    <nd ref="3792433195"/>
    <nd ref="8637331801"/>
    <nd ref="3792433192"/>
    <nd ref="3792433186"/>
    <nd ref="3792433174"/>
    <nd ref="3793679994"/>
    <tag k="highway" v="residential"/>
  </way>
  <way id="375903394">
    <nd ref="2696139330"/>
    <nd ref="8637775793"/>
    <nd ref="3792433580"/>
    <nd ref="3792433578"/>
    <nd ref="3792433575"/>
    <tag k="highway" v="residential"/>
  </way>
  <way id="375903395">
    <nd ref="3792432929"/>
    <nd ref="8637331796"/>
    <nd ref="8637331797"/>
    <nd ref="3792432928"/>
    <nd ref="3792432926"/>
    <nd ref="3792432920"/>
    <nd ref="3792432914"/>
    <nd ref="3792432913"/>
    <nd ref="3792432907"/>
    <nd ref="3792432901"/>
    <nd ref="3787305057"/>
    <nd ref="3793735221"/>
    <tag k="highway" v="residential"/>
  </way>
  <way id="375903398">
    <nd ref="14021641660"/>
    <nd ref="3793680020"/>
    <nd ref="3792433356"/>
    <nd ref="11219316923"/>
    <nd ref="3792433199"/>
    <nd ref="3792433184"/>
    <nd ref="3792433181"/>
    <nd ref="3792433170"/>
    <nd ref="3787292426"/>
    <tag k="highway" v="residential"/>
    <tag k="source" v="DigitalGlobe-Standard"/>
    <tag k="surface" v="asphalt"/>
  </way>
  <way id="375903400">
    <nd ref="3792433182"/>
    <nd ref="3792433172"/>
    <nd ref="3792433169"/>
    <tag k="highway" v="residential"/>
  </way>
  <way id="376025128">
    <nd ref="3793679994"/>
    <nd ref="3793679989"/>
    <nd ref="3793679986"/>
    <nd ref="3793679982"/>
    <nd ref="3793679978"/>
    <nd ref="3793679975"/>
    <nd ref="3793679973"/>
    <nd ref="3793679971"/>
    <nd ref="3793679958"/>
    <tag k="highway" v="residential"/>
  </way>
  <way id="376025129">
    <nd ref="3793679870"/>
    <nd ref="11226276199"/>
    <nd ref="3793679872"/>
    <nd ref="8642294450"/>
    <nd ref="3793679875"/>
    <nd ref="11098811023"/>
    <nd ref="8637794838"/>
    <nd ref="11226276198"/>
    <nd ref="8637794837"/>
    <nd ref="3793679894"/>
    <tag k="highway" v="residential"/>
  </way>
  <way id="376025131">
    <nd ref="3793679966"/>
    <nd ref="3793679872"/>
    <tag k="highway" v="residential"/>
  </way>
  <way id="376025132">
    <nd ref="3793680002"/>
    <nd ref="3793679967"/>
    <tag k="highway" v="residential"/>
  </way>
  <way id="376025133">
    <nd ref="3793680005"/>
    <nd ref="3793679965"/>
    <tag k="highway" v="residential"/>
  </way>
  <way id="376025135">
    <nd ref="3793680014"/>
    <nd ref="11098811026"/>
    <tag k="highway" v="residential"/>
  </way>
  <way id="376025141">
    <nd ref="3793671540"/>
    <nd ref="3793671542"/>
    <tag k="highway" v="residential"/>
  </way>
  <way id="376025142">
    <nd ref="3793680015"/>
    <nd ref="3793680007"/>
    <tag k="highway" v="residential"/>
  </way>
  <way id="376025143">
    <nd ref="3793671536"/>
    <nd ref="3793671525"/>
    <nd ref="8642294484"/>
    <nd ref="11778102652"/>
    <nd ref="6971017329"/>
    <tag k="highway" v="residential"/>
  </way>
  <way id="376025148">
    <nd ref="3793671510"/>
    <nd ref="3793735253"/>
    <tag k="highway" v="residential"/>
  </way>
  <way id="376025151">
    <nd ref="3793671532"/>
    <nd ref="3792432908"/>
    <tag k="highway" v="residential"/>
  </way>
  <way id="376025152">
    <nd ref="3793680019"/>
    <nd ref="3793680011"/>
    <nd ref="3793680006"/>
    <tag k="highway" v="residential"/>
  </way>
  <way id="376025153">
    <nd ref="3793671533"/>
    <nd ref="3793671532"/>
    <nd ref="3793671531"/>
    <tag k="highway" v="residential"/>
  </way>
  <way id="376025156">
    <nd ref="3793680011"/>
    <nd ref="3793680015"/>
    <nd ref="3793680018"/>
    <tag k="highway" v="residential"/>
  </way>
  <way id="376025160">
    <nd ref="3787305084"/>
    <nd ref="3793735254"/>
    <tag k="highway" v="residential"/>
  </way>
  <way id="376025161">
    <nd ref="3793671531"/>
    <nd ref="3793671509"/>
    <nd ref="3793671498"/>
    <tag k="highway" v="residential"/>
  </way>
  <way id="376025164">
    <nd ref="3793671527"/>
    <nd ref="3793671528"/>
    <nd ref="3793671529"/>
    <nd ref="3793671530"/>
    <tag k="highway" v="residential"/>
  </way>
  <way id="376025165">
    <nd ref="3793680001"/>
    <nd ref="3793680002"/>
    <nd ref="8642294448"/>
    <nd ref="3793680005"/>
    <nd ref="3792433187"/>
    <tag k="highway" v="residential"/>
  </way>
  <way id="376025166">
    <nd ref="3793679958"/>
    <nd ref="3793679961"/>
    <tag k="highway" v="residential"/>
  </way>
  <way id="376025169">
    <nd ref="3793671547"/>
    <nd ref="3793671542"/>
    <nd ref="3793671538"/>
    <nd ref="3787305095"/>
    <tag k="highway" v="residential"/>
  </way>
  <way id="376025170">
    <nd ref="3793679896"/>
    <nd ref="11098811024"/>
    <nd ref="3793679894"/>
    <tag k="highway" v="residential"/>
  </way>
  <way id="376025176">
    <nd ref="3793679962"/>
    <nd ref="3792433159"/>
    <nd ref="3793679967"/>
    <nd ref="3793679966"/>
    <nd ref="3793679965"/>
    <nd ref="3793679964"/>
    <tag k="highway" v="residential"/>
  </way>
  <way id="376031226">
    <nd ref="3793735021"/>
    <nd ref="3793735013"/>
    <nd ref="3793735012"/>
    <nd ref="3793735009"/>
    <nd ref="3793735004"/>
    <nd ref="3793735002"/>
    <nd ref="3793735005"/>
    <nd ref="3793735007"/>
    <nd ref="3793735082"/>
    <nd ref="3793735118"/>
    <nd ref="3793735125"/>
    <nd ref="3793735134"/>
    <nd ref="3793735147"/>
    <nd ref="11104607930"/>
    <tag k="highway" v="tertiary"/>
    <tag k="source" v="DigitalGlobe-Standard"/>
  </way>
  <way id="376031229">
    <nd ref="3793735194"/>
    <nd ref="3793735199"/>
    <nd ref="3793735192"/>
    <nd ref="8120330789"/>
    <nd ref="3793735198"/>
    <nd ref="3793735195"/>
    <nd ref="14063203162"/>
    <nd ref="5553620247"/>
    <nd ref="11104131980"/>
    <nd ref="8637632303"/>
    <nd ref="3793735205"/>
    <nd ref="3793735210"/>
    <tag k="highway" v="secondary"/>
    <tag k="name" v="80 Ft Road"/>
    <tag k="oneway" v="yes"/>
    <tag k="source" v="DigitalGlobe-Standard"/>
    <tag k="surface" v="asphalt"/>
  </way>
  <way id="376031233">
    <nd ref="3793735070"/>
    <nd ref="3793735031"/>
    <nd ref="3793734996"/>
    <nd ref="3793734994"/>
    <nd ref="3793734987"/>
    <nd ref="3793734975"/>
    <nd ref="3793734973"/>
    <nd ref="3793734959"/>
    <nd ref="3793731848"/>
    <nd ref="3793731842"/>
    <nd ref="8637664156"/>
    <nd ref="3793731838"/>
    <nd ref="3793731836"/>
    <nd ref="3793731835"/>
    <nd ref="3793731834"/>
    <nd ref="8637664163"/>
    <nd ref="14030364787"/>
    <tag k="highway" v="residential"/>
  </way>
  <way id="376031235">
    <nd ref="3793735088"/>
    <nd ref="3793735004"/>
    <tag k="highway" v="residential"/>
  </way>
  <way id="376031236">
    <nd ref="3793735111"/>
    <nd ref="3793735079"/>
    <tag k="highway" v="residential"/>
  </way>
  <way id="376031238">
    <nd ref="3793735083"/>
    <nd ref="11770586386"/>
    <nd ref="3793735061"/>
    <tag k="highway" v="residential"/>
  </way>
  <way id="376031239">
    <nd ref="3793734992"/>
    <nd ref="3793731840"/>
    <tag k="highway" v="residential"/>
  </way>
  <way id="376031240">
    <nd ref="3788543108"/>
    <nd ref="3793735028"/>
    <tag k="highway" v="residential"/>
  </way>
  <way id="376031242">
    <nd ref="3793731848"/>
    <nd ref="3793731850"/>
    <tag k="highway" v="residential"/>
  </way>
  <way id="376031243">
    <nd ref="3788543495"/>
    <nd ref="3793735133"/>
    <tag k="highway" v="residential"/>
  </way>
  <way id="376031246">
    <nd ref="3793735078"/>
    <nd ref="3793735046"/>
    <tag k="highway" v="residential"/>
  </way>
  <way id="376031248">
    <nd ref="3793735192"/>
    <nd ref="3793735164"/>
    <tag k="highway" v="residential"/>
  </way>
  <way id="376031249">
    <nd ref="3793735047"/>
    <nd ref="11770586384"/>
    <nd ref="3793735076"/>
    <tag k="highway" v="residential"/>
  </way>
  <way id="376031250">
    <nd ref="3793735173"/>
    <nd ref="3793735157"/>
    <tag k="highway" v="residential"/>
  </way>
  <way id="376031251">
    <nd ref="3787250005"/>
    <nd ref="3793735170"/>
    <tag k="highway" v="residential"/>
  </way>
  <way id="376031252">
    <nd ref="3793734975"/>
    <nd ref="3793734983"/>
    <tag k="highway" v="residential"/>
  </way>
  <way id="376031253">
    <nd ref="3793735119"/>
    <nd ref="3793735114"/>
    <tag k="highway" v="residential"/>
  </way>
  <way id="376031254">
    <nd ref="3793735071"/>
    <nd ref="3793735057"/>
    <tag k="highway" v="residential"/>
  </way>
  <way id="376031255">
    <nd ref="3793735163"/>
    <nd ref="3793735137"/>
    <tag k="highway" v="residential"/>
  </way>
  <way id="376031256">
    <nd ref="3793735112"/>
    <nd ref="3793735081"/>
    <tag k="highway" v="residential"/>
  </way>
  <way id="376031257">
    <nd ref="3793735135"/>
    <nd ref="3793735116"/>
    <nd ref="6333560285"/>
    <tag k="highway" v="residential"/>
  </way>
  <way id="376031259">
    <nd ref="3787250011"/>
    <nd ref="3793735249"/>
    <tag k="highway" v="residential"/>
  </way>
  <way id="376031261">
    <nd ref="3793735108"/>
    <nd ref="3793735077"/>
    <tag k="highway" v="residential"/>
  </way>
  <way id="376031262">
    <nd ref="3793734959"/>
    <nd ref="3793734962"/>
    <tag k="highway" v="residential"/>
  </way>
  <way id="376031264">
    <nd ref="10233024948"/>
    <nd ref="11226334747"/>
    <nd ref="3787305057"/>
    <tag k="highway" v="residential"/>
  </way>
  <way id="376031266">
    <nd ref="3793735080"/>
    <nd ref="3793735051"/>
    <tag k="highway" v="residential"/>
  </way>
  <way id="376031267">
    <nd ref="3793735255"/>
    <nd ref="3793735253"/>
    <nd ref="3793671498"/>
    <tag k="highway" v="residential"/>
  </way>
  <way id="376031269">
    <nd ref="3793735220"/>
    <nd ref="3793735217"/>
    <nd ref="3793735193"/>
    <tag k="highway" v="residential"/>
  </way>
  <way id="376031271">
    <nd ref="3793735114"/>
    <nd ref="3793735094"/>
    <nd ref="3793735084"/>
    <tag k="highway" v="residential"/>
  </way>
  <way id="376031272">
    <nd ref="3788543194"/>
    <nd ref="3788543539"/>
    <tag k="highway" v="residential"/>
  </way>
  <way id="376031275">
    <nd ref="3793735114"/>
    <nd ref="3793735112"/>
    <nd ref="3793735111"/>
    <nd ref="3793735108"/>
    <tag k="highway" v="residential"/>
  </way>
  <way id="376031281">
    <nd ref="3793735169"/>
    <nd ref="3793735144"/>
    <nd ref="3793735141"/>
    <nd ref="3793735137"/>
    <nd ref="3793735134"/>
    <tag k="highway" v="residential"/>
  </way>
  <way id="376031283">
    <nd ref="3793735171"/>
    <nd ref="3793735169"/>
    <nd ref="3793735164"/>
    <nd ref="3793735163"/>
    <nd ref="3793735162"/>
    <tag k="highway" v="residential"/>
  </way>
  <way id="376031284">
    <nd ref="3793735225"/>
    <nd ref="8637775777"/>
    <nd ref="8120330788"/>
    <tag k="highway" v="residential"/>
  </way>
  <way id="376031287">
    <nd ref="3793735195"/>
    <nd ref="8637632290"/>
    <nd ref="3793735146"/>
    <nd ref="3793735138"/>
    <nd ref="8637632287"/>
    <nd ref="3793735136"/>
    <nd ref="8637632288"/>
    <nd ref="8637632289"/>
    <nd ref="3793735135"/>
    <tag k="highway" v="residential"/>
  </way>
  <way id="376031289">
    <nd ref="3793735096"/>
    <nd ref="8637632297"/>
    <nd ref="3793735109"/>
    <nd ref="6333560285"/>
    <nd ref="3793735125"/>
    <nd ref="8637651303"/>
    <nd ref="8637651297"/>
    <nd ref="8642294488"/>
    <nd ref="3793735132"/>
    <nd ref="11107067171"/>
    <nd ref="3793735148"/>
    <tag k="highway" v="tertiary"/>
    <tag k="oneway" v="yes"/>
    <tag k="source" v="DigitalGlobe-Standard"/>
    <tag k="surface" v="asphalt"/>
  </way>
  <way id="376031290">
    <nd ref="3793735191"/>
    <nd ref="3793735174"/>
    <nd ref="3793735168"/>
    <nd ref="3793735167"/>
    <nd ref="3793735166"/>
    <nd ref="3793735189"/>
    <tag k="highway" v="residential"/>
  </way>
  <way id="376031291">
    <nd ref="3793735240"/>
    <nd ref="3793735236"/>
    <nd ref="3793735229"/>
    <nd ref="3793735227"/>
    <nd ref="3793735226"/>
    <nd ref="14063203166"/>
    <tag k="highway" v="residential"/>
  </way>
  <way id="376031292">
    <nd ref="3793735061"/>
    <nd ref="11770586388"/>
    <nd ref="11770586387"/>
    <nd ref="3793735051"/>
    <nd ref="3793735049"/>
    <nd ref="3793735046"/>
    <nd ref="3793735044"/>
    <nd ref="11770586385"/>
    <nd ref="3793735047"/>
    <tag k="highway" v="residential"/>
  </way>
  <way id="376031294">
    <nd ref="3793734996"/>
    <nd ref="8637632283"/>
    <nd ref="8637632284"/>
    <nd ref="3793735000"/>
    <nd ref="8637651295"/>
    <nd ref="3793734988"/>
    <nd ref="8637651294"/>
    <nd ref="8637651293"/>
    <tag k="highway" v="residential"/>
  </way>
  <way id="376031299">
    <nd ref="3793735188"/>
    <nd ref="3793735239"/>
    <nd ref="6971017329"/>
    <tag k="highway" v="residential"/>
  </way>
  <way id="376031300">
    <nd ref="3793735155"/>
    <nd ref="3793735157"/>
    <nd ref="3793735154"/>
    <nd ref="3793735153"/>
    <nd ref="3793735151"/>
    <nd ref="3793735149"/>
    <nd ref="3788543539"/>
    <tag k="highway" v="residential"/>
  </way>
  <way id="376031301">
    <nd ref="3793735082"/>
    <nd ref="3793735088"/>
    <nd ref="3793735092"/>
    <nd ref="8637632307"/>
    <nd ref="3793735095"/>
    <nd ref="3793735091"/>
    <nd ref="3793735030"/>
    <nd ref="3793735009"/>
    <tag k="highway" v="residential"/>
  </way>
  <way id="376031303">
    <nd ref="3793735187"/>
    <nd ref="3793735175"/>
    <nd ref="3793735155"/>
    <nd ref="8637651299"/>
    <nd ref="3793735132"/>
    <nd ref="3793735127"/>
    <nd ref="3793735086"/>
    <nd ref="3793735075"/>
    <tag k="highway" v="residential"/>
  </way>
  <way id="376031305">
    <nd ref="3793735227"/>
    <nd ref="3793735237"/>
    <nd ref="3793735234"/>
    <nd ref="10233024947"/>
    <nd ref="11226334748"/>
    <nd ref="3793735221"/>
    <nd ref="3793735220"/>
    <tag k="highway" v="residential"/>
  </way>
  <way id="376031311">
    <nd ref="3793735073"/>
    <nd ref="3793735056"/>
    <nd ref="8637632281"/>
    <nd ref="3793735055"/>
    <nd ref="3793735053"/>
    <nd ref="8637632280"/>
    <nd ref="3793735050"/>
    <nd ref="3793735041"/>
    <nd ref="8637632282"/>
    <nd ref="3793735037"/>
    <nd ref="8637651291"/>
    <nd ref="3793735031"/>
    <tag k="highway" v="residential"/>
  </way>
  <way id="390357782">
    <nd ref="3935230873"/>
    <nd ref="8642418163"/>
    <nd ref="3935230863"/>
    <nd ref="3935230859"/>
    <nd ref="3935230850"/>
    <tag k="highway" v="residential"/>
  </way>
  <way id="390357784">
    <nd ref="3935230852"/>
    <nd ref="3935230860"/>
    <nd ref="3935230862"/>
    <nd ref="8642418153"/>
    <nd ref="3935230867"/>
    <nd ref="3935230871"/>
    <nd ref="3935230876"/>
    <nd ref="3935245626"/>
    <nd ref="3935230877"/>
    <nd ref="3935230878"/>
    <nd ref="3935245625"/>
    <nd ref="3935230873"/>
    <nd ref="3935230872"/>
    <nd ref="3935240024"/>
    <nd ref="3935230866"/>
    <nd ref="8642418158"/>
    <nd ref="3935230865"/>
    <nd ref="3935277145"/>
    <nd ref="3935230868"/>
    <nd ref="3935277147"/>
    <nd ref="3935230874"/>
    <nd ref="3935277148"/>
    <nd ref="3935277150"/>
    <nd ref="3935230879"/>
    <nd ref="3935230881"/>
    <nd ref="3935230885"/>
    <tag k="highway" v="residential"/>
  </way>
  <way id="390357787">
    <nd ref="3935230855"/>
    <nd ref="3935230853"/>
    <nd ref="8635304020"/>
    <nd ref="3935230847"/>
    <nd ref="3935230857"/>
    <nd ref="3935230856"/>
    <nd ref="8635351531"/>
    <nd ref="3935230854"/>
    <nd ref="8635351533"/>
    <nd ref="8635245491"/>
    <nd ref="8635351528"/>
    <nd ref="8635304019"/>
    <nd ref="11765821168"/>
    <tag k="highway" v="residential"/>
  </way>
  <way id="390357789">
    <nd ref="3935230847"/>
    <nd ref="3935230835"/>
    <nd ref="3935230833"/>
    <nd ref="8635351534"/>
    <nd ref="8635351530"/>
    <nd ref="3935230830"/>
    <nd ref="8635351535"/>
    <nd ref="8635351532"/>
    <nd ref="8635245490"/>
    <nd ref="8635351529"/>
    <nd ref="8635304025"/>
    <nd ref="8635304015"/>
    <tag k="highway" v="residential"/>
  </way>
  <way id="390359237">
    <nd ref="3935245646"/>
    <nd ref="3935245648"/>
    <nd ref="3935245650"/>
    <nd ref="3935245651"/>
    <nd ref="3935245652"/>
    <nd ref="8635304010"/>
    <nd ref="3935245653"/>
    <nd ref="3935242875"/>
    <nd ref="3793731832"/>
    <tag k="highway" v="residential"/>
    <tag k="oneway" v="yes"/>
  </way>
  <way id="390359238">
    <nd ref="3935240030"/>
    <nd ref="3935240029"/>
    <nd ref="3935240028"/>
    <nd ref="3935240027"/>
    <nd ref="3935240026"/>
    <nd ref="3935240025"/>
    <nd ref="3935240024"/>
    <tag k="highway" v="residential"/>
  </way>
  <way id="390359242">
    <nd ref="6186953951"/>
    <nd ref="11080836072"/>
    <nd ref="11080836071"/>
    <nd ref="11080836070"/>
    <nd ref="11080836069"/>
    <nd ref="3935240048"/>
    <nd ref="3935240040"/>
    <tag k="highway" v="residential"/>
    <tag k="surface" v="unpaved"/>
  </way>
  <way id="390359769">
    <nd ref="3935245648"/>
    <nd ref="3935245642"/>
    <nd ref="3935245639"/>
    <nd ref="3935245634"/>
    <nd ref="3935230879"/>
    <tag k="highway" v="residential"/>
  </way>
  <way id="390359770">
    <nd ref="11080836068"/>
    <nd ref="3935245640"/>
    <nd ref="3935245629"/>
    <nd ref="3935245625"/>
    <tag k="highway" v="residential"/>
  </way>
  <way id="390359771">
    <nd ref="3935245651"/>
    <nd ref="3935245644"/>
    <nd ref="8635040569"/>
    <nd ref="8635040570"/>
    <nd ref="3935245638"/>
    <nd ref="8635040571"/>
    <nd ref="8635040572"/>
    <nd ref="3935245637"/>
    <nd ref="3935245631"/>
    <nd ref="3935245628"/>
    <nd ref="3935230865"/>
    <tag k="highway" v="residential"/>
  </way>
  <way id="390359801">
    <nd ref="8635303978"/>
    <nd ref="3935277664"/>
    <nd ref="3935258412"/>
    <nd ref="8635304004"/>
    <nd ref="3935258409"/>
    <nd ref="8635303994"/>
    <nd ref="3935258407"/>
    <nd ref="8635303996"/>
    <nd ref="3935258406"/>
    <nd ref="3935258405"/>
    <nd ref="3935230857"/>
    <tag k="highway" v="residential"/>
  </way>
  <way id="390362039">
    <nd ref="3935277667"/>
    <nd ref="3935277666"/>
    <nd ref="3935277665"/>
    <nd ref="3935277664"/>
    <tag k="highway" v="residential"/>
  </way>
  <way id="390362041">
    <nd ref="3935277153"/>
    <nd ref="11098676862"/>
    <nd ref="3935277152"/>
    <nd ref="3935277151"/>
    <nd ref="3935277149"/>
    <nd ref="3935277147"/>
    <tag k="highway" v="residential"/>
  </way>
  <way id="390362042">
    <nd ref="3935277145"/>
    <nd ref="3935277142"/>
    <nd ref="3935277139"/>
    <nd ref="3935277137"/>
    <nd ref="3935277132"/>
    <tag k="highway" v="residential"/>
  </way>
  <way id="390362043">
    <nd ref="3935277666"/>
    <nd ref="3935277663"/>
    <nd ref="3935277662"/>
    <nd ref="3935277660"/>
    <nd ref="3935258410"/>
    <tag k="highway" v="residential"/>
  </way>
  <way id="390362044">
    <nd ref="3935277148"/>
    <nd ref="3935277143"/>
    <nd ref="3935277140"/>
    <nd ref="3935277136"/>
    <nd ref="3935277133"/>
    <nd ref="3935277130"/>
    <tag k="highway" v="residential"/>
  </way>
  <way id="390362045">
    <nd ref="3935245650"/>
    <nd ref="3935277659"/>
    <nd ref="3935277657"/>
    <nd ref="3935277156"/>
    <nd ref="3935277155"/>
    <nd ref="3935277153"/>
    <tag k="highway" v="residential"/>
  </way>
  <way id="390362046">
    <nd ref="3935277150"/>
    <nd ref="3935277146"/>
    <nd ref="3935277144"/>
    <nd ref="3935277141"/>
    <nd ref="3935277138"/>
    <nd ref="3935277135"/>
    <nd ref="3935277134"/>
    <nd ref="3935230824"/>
    <tag k="highway" v="residential"/>
  </way>
  <way id="468654751">
    <nd ref="4631496785"/>
    <nd ref="4631497695"/>
    <tag k="highway" v="residential"/>
  </way>
  <way id="468654752">
    <nd ref="4631496783"/>
    <nd ref="4631496785"/>
    <nd ref="4631497616"/>
    <tag k="highway" v="residential"/>
  </way>
  <way id="478830459">
    <nd ref="3788668528"/>
    <nd ref="4720196361"/>
    <nd ref="4720197230"/>
    <nd ref="4720196362"/>
    <tag k="highway" v="residential"/>
    <tag k="name" v="Lane Number 7"/>
  </way>
  <way id="478830702">
    <nd ref="4720197427"/>
    <nd ref="4720196362"/>
    <nd ref="3788668527"/>
    <tag k="highway" v="residential"/>
  </way>
  <way id="478830723">
    <nd ref="4720197230"/>
    <nd ref="4720197231"/>
    <tag k="highway" v="residential"/>
  </way>
  <way id="478830963">
    <nd ref="4720199070"/>
    <nd ref="4720199071"/>
    <tag k="highway" v="residential"/>
  </way>
  <way id="482965648">
    <nd ref="4757329648"/>
    <nd ref="4757329650"/>
    <nd ref="4757329651"/>
    <nd ref="4757329652"/>
    <nd ref="4757329653"/>
    <nd ref="4757329654"/>
    <tag k="highway" v="residential"/>
  </way>
  <way id="482965667">
    <nd ref="4757329662"/>
    <nd ref="4757329668"/>
    <tag k="highway" v="residential"/>
    <tag k="source" v="DigitalGlobe-Standard"/>
  </way>
  <way id="482965833">
    <nd ref="4757332111"/>
    <nd ref="4757332112"/>
    <nd ref="4757332116"/>
    <tag k="highway" v="residential"/>
    <tag k="source" v="DigitalGlobe-Standard"/>
  </way>
  <way id="482965898">
    <nd ref="4757332523"/>
    <nd ref="4757332528"/>
    <tag k="highway" v="residential"/>
    <tag k="source" v="DigitalGlobe-Standard"/>
  </way>
  <way id="482965963">
    <nd ref="3787250001"/>
    <nd ref="4757332670"/>
    <nd ref="4757332671"/>
    <nd ref="4757332672"/>
    <nd ref="4757332675"/>
    <tag k="highway" v="residential"/>
    <tag k="source" v="DigitalGlobe-Standard"/>
    <tag k="surface" v="asphalt"/>
  </way>
  <way id="482966230">
    <nd ref="4757332675"/>
    <nd ref="14074587031"/>
    <tag k="highway" v="residential"/>
  </way>
  <way id="482966256">
    <nd ref="4757332670"/>
    <nd ref="4757335523"/>
    <nd ref="4757335524"/>
    <nd ref="4757335525"/>
    <tag k="highway" v="residential"/>
    <tag k="source" v="DigitalGlobe-Standard"/>
  </way>
  <way id="482966277">
    <nd ref="4757332672"/>
    <nd ref="4757335535"/>
    <tag k="highway" v="residential"/>
    <tag k="source" v="DigitalGlobe-Standard"/>
  </way>
  <way id="482966425">
    <nd ref="3788542713"/>
    <nd ref="4757335559"/>
    <tag k="highway" v="residential"/>
  </way>
  <way id="483932214">
    <nd ref="4766885831"/>
    <nd ref="4766885832"/>
    <nd ref="4766885833"/>
    <nd ref="4766885834"/>
    <nd ref="4766885835"/>
    <nd ref="4766885836"/>
    <nd ref="4766885837"/>
    <nd ref="4766885838"/>
    <nd ref="4766885839"/>
    <tag k="highway" v="residential"/>
  </way>
  <way id="570136578">
    <nd ref="3787305611"/>
    <nd ref="8655462855"/>
    <nd ref="316753359"/>
    <nd ref="6731565905"/>
    <nd ref="3787305594"/>
    <nd ref="2696139262"/>
    <nd ref="316753303"/>
    <nd ref="3783103759"/>
    <nd ref="11221701458"/>
    <nd ref="3783103761"/>
    <nd ref="11766114048"/>
    <tag k="highway" v="trunk"/>
    <tag k="oneway" v="yes"/>
    <tag k="ref" v="NH52"/>
  </way>
  <way id="570137370">
    <nd ref="316753305"/>
    <nd ref="5481799484"/>
    <nd ref="316753341"/>
    <nd ref="5481799483"/>
    <nd ref="5481815222"/>
    <nd ref="316753340"/>
    <nd ref="5481799486"/>
    <tag k="highway" v="trunk_link"/>
    <tag k="oneway" v="yes"/>
  </way>
  <way id="570137371">
    <nd ref="5481799494"/>
    <nd ref="6976242974"/>
    <nd ref="316753305"/>
    <tag k="highway" v="primary"/>
    <tag k="oneway" v="yes"/>
  </way>
  <way id="570137372">
    <nd ref="5481799486"/>
    <nd ref="5481799485"/>
    <nd ref="3779216107"/>
    <nd ref="5481799487"/>
    <nd ref="5481799488"/>
    <nd ref="3779216106"/>
    <nd ref="14053247533"/>
    <nd ref="3783124438"/>
    <nd ref="5481799493"/>
    <nd ref="3783124435"/>
    <nd ref="3779216105"/>
    <nd ref="3779216104"/>
    <nd ref="5481799490"/>
    <nd ref="5481799489"/>
    <nd ref="5481836396"/>
    <nd ref="14023656234"/>
    <nd ref="3779216101"/>
    <nd ref="2696139170"/>
    <nd ref="3779216098"/>
    <nd ref="8665470547"/>
    <nd ref="3779216069"/>
    <nd ref="3779216031"/>
    <nd ref="3779216008"/>
    <nd ref="3779215949"/>
    <nd ref="3779215915"/>
    <nd ref="3779215873"/>
    <nd ref="3779215858"/>
    <nd ref="3779215851"/>
    <nd ref="3779215840"/>
    <nd ref="3779215837"/>
    <nd ref="3779262108"/>
    <nd ref="3779215823"/>
    <nd ref="14053765753"/>
    <nd ref="14053765754"/>
    <nd ref="5487854413"/>
    <nd ref="3779215808"/>
    <nd ref="3779215807"/>
    <nd ref="3779215795"/>
    <nd ref="3779215792"/>
    <nd ref="3779215788"/>
    <nd ref="3788672884"/>
    <nd ref="3788675178"/>
    <nd ref="3787862306"/>
    <nd ref="3787862299"/>
    <nd ref="8655588613"/>
    <tag k="highway" v="trunk"/>
    <tag k="oneway" v="yes"/>
    <tag k="ref" v="NH52"/>
  </way>
  <way id="570140087">
    <nd ref="5481815221"/>
    <nd ref="3787305611"/>
    <nd ref="8655462862"/>
    <nd ref="8655462861"/>
    <nd ref="5481799486"/>
    <tag k="highway" v="trunk"/>
    <tag k="oneway" v="yes"/>
    <tag k="ref" v="NH52"/>
  </way>
  <way id="570145465">
    <nd ref="5481791763"/>
    <nd ref="8655462846"/>
    <nd ref="3783124435"/>
    <tag k="highway" v="tertiary"/>
    <tag k="oneway" v="yes"/>
  </way>
  <way id="570145466">
    <nd ref="3779216105"/>
    <nd ref="8655462845"/>
    <nd ref="3783124433"/>
    <tag k="highway" v="tertiary"/>
    <tag k="oneway" v="yes"/>
  </way>
  <way id="570145971">
    <nd ref="3779216069"/>
    <nd ref="5481836908"/>
    <tag k="highway" v="tertiary"/>
    <tag k="oneway" v="yes"/>
  </way>
  <way id="570146053">
    <nd ref="3787304013"/>
    <nd ref="11617741359"/>
    <nd ref="11210000261"/>
    <nd ref="3787303982"/>
    <nd ref="3787305614"/>
    <tag k="access" v="permissive"/>
    <tag k="highway" v="residential"/>
  </way>
  <way id="570146054">
    <nd ref="3787303977"/>
    <nd ref="8655462865"/>
    <tag k="highway" v="residential"/>
  </way>
  <way id="570146056">
    <nd ref="3783103778"/>
    <nd ref="4720199071"/>
    <nd ref="3783103763"/>
    <nd ref="11770583331"/>
    <nd ref="3783103760"/>
    <nd ref="3787305602"/>
    <nd ref="3783103762"/>
    <nd ref="3783103764"/>
    <nd ref="3787303985"/>
    <nd ref="3787303980"/>
    <nd ref="7090374384"/>
    <nd ref="3783103788"/>
    <nd ref="3783103790"/>
    <tag k="highway" v="primary"/>
    <tag k="oneway" v="yes"/>
  </way>
  <way id="570150172">
    <nd ref="2891846125"/>
    <nd ref="3783103790"/>
    <tag k="highway" v="tertiary"/>
  </way>
  <way id="570150174">
    <nd ref="3783103790"/>
    <nd ref="6976254825"/>
    <nd ref="3783103796"/>
    <nd ref="3787304017"/>
    <nd ref="3783103799"/>
    <nd ref="3783103801"/>
    <nd ref="3783103802"/>
    <nd ref="3783103803"/>
    <nd ref="3787304020"/>
    <nd ref="3783103800"/>
    <nd ref="3783103798"/>
    <nd ref="3783103795"/>
    <nd ref="11763301880"/>
    <nd ref="13651218059"/>
    <nd ref="11763301889"/>
    <nd ref="3783103784"/>
    <nd ref="3783103780"/>
    <nd ref="3783103776"/>
    <nd ref="3783103771"/>
    <nd ref="8093006072"/>
    <nd ref="3783103774"/>
    <nd ref="3783103781"/>
    <tag k="highway" v="primary"/>
    <tag k="oneway" v="yes"/>
  </way>
  <way id="570150177">
    <nd ref="3783103790"/>
    <nd ref="2696139270"/>
    <tag k="highway" v="tertiary"/>
    <tag k="name" v="Nirman Nagar Road"/>
    <tag k="oneway" v="yes"/>
  </way>
  <way id="571166831">
    <nd ref="319083018"/>
    <nd ref="6976254825"/>
    <tag k="highway" v="tertiary"/>
    <tag k="name" v="Shipra Path"/>
  </way>
  <way id="580000422">
    <nd ref="3793735162"/>
    <nd ref="3793735186"/>
    <nd ref="3793735199"/>
    <tag k="highway" v="residential"/>
  </way>
  <way id="580000424">
    <nd ref="3793735210"/>
    <nd ref="3793735214"/>
    <nd ref="3793735204"/>
    <nd ref="3793735202"/>
    <nd ref="8120330788"/>
    <nd ref="8120330790"/>
    <nd ref="3793735194"/>
    <tag k="highway" v="secondary"/>
    <tag k="name" v="80 Ft Road"/>
    <tag k="oneway" v="yes"/>
    <tag k="source" v="DigitalGlobe-Standard"/>
    <tag k="surface" v="asphalt"/>
  </way>
  <way id="580000427">
    <nd ref="4757331754"/>
    <nd ref="8637651271"/>
    <nd ref="8637651276"/>
    <nd ref="5553620249"/>
    <tag k="highway" v="residential"/>
    <tag k="source" v="DigitalGlobe-Standard"/>
  </way>
  <way id="580000429">
    <nd ref="11107067165"/>
    <nd ref="11204111423"/>
    <nd ref="11107067157"/>
    <nd ref="11107067164"/>
    <nd ref="8642294508"/>
    <nd ref="11107067163"/>
    <nd ref="11107067162"/>
    <nd ref="11107067161"/>
    <nd ref="11107067160"/>
    <nd ref="11107067170"/>
    <nd ref="11107067159"/>
    <nd ref="3788543521"/>
    <nd ref="3793735133"/>
    <nd ref="11593676543"/>
    <nd ref="8642294515"/>
    <nd ref="3793735127"/>
    <nd ref="8642294516"/>
    <nd ref="3793735119"/>
    <nd ref="3793735118"/>
    <nd ref="3793735106"/>
    <nd ref="3793735105"/>
    <nd ref="3793735100"/>
    <nd ref="3793735090"/>
    <nd ref="8120330650"/>
    <tag k="highway" v="tertiary"/>
    <tag k="oneway" v="yes"/>
    <tag k="source" v="DigitalGlobe-Standard"/>
  </way>
  <way id="580000431">
    <nd ref="3788543173"/>
    <nd ref="5553620251"/>
    <tag k="highway" v="residential"/>
    <tag k="source" v="DigitalGlobe-Standard"/>
  </way>
  <way id="580000434">
    <nd ref="3793735194"/>
    <nd ref="14063203166"/>
    <nd ref="11104607930"/>
    <nd ref="10233024946"/>
    <nd ref="3787250022"/>
    <tag k="highway" v="secondary"/>
    <tag k="source" v="DigitalGlobe-Standard"/>
    <tag k="surface" v="asphalt"/>
  </way>
  <way id="580000435">
    <nd ref="3787250049"/>
    <nd ref="3787250051"/>
    <nd ref="3787250055"/>
    <nd ref="11593705893"/>
    <nd ref="3787305061"/>
    <tag k="highway" v="residential"/>
    <tag k="source" v="DigitalGlobe-Standard"/>
  </way>
  <way id="580000436">
    <nd ref="3788543521"/>
    <nd ref="11107067171"/>
    <nd ref="3788543537"/>
    <nd ref="3788543540"/>
    <nd ref="3788543539"/>
    <tag k="highway" v="residential"/>
  </way>
  <way id="580002805">
    <nd ref="3788668523"/>
    <nd ref="5553635497"/>
    <tag k="highway" v="residential"/>
    <tag k="source" v="DigitalGlobe-Standard"/>
  </way>
  <way id="580002808">
    <nd ref="5553635483"/>
    <nd ref="11210066604"/>
    <nd ref="5553635484"/>
    <tag k="highway" v="service"/>
    <tag k="source" v="DigitalGlobe-Standard"/>
  </way>
  <way id="580005943">
    <nd ref="3788543195"/>
    <nd ref="11104142097"/>
    <nd ref="11104145924"/>
    <nd ref="3788543189"/>
    <nd ref="3788543183"/>
    <nd ref="3788543547"/>
    <nd ref="3788543544"/>
    <tag k="highway" v="residential"/>
  </way>
  <way id="660832114">
    <nd ref="3793731826"/>
    <nd ref="14030364769"/>
    <nd ref="6186953951"/>
    <nd ref="11080836066"/>
    <nd ref="6186953950"/>
    <nd ref="6186953949"/>
    <tag k="highway" v="tertiary"/>
    <tag k="oneway" v="yes"/>
  </way>
  <way id="660832115">
    <nd ref="3793731826"/>
    <nd ref="6186953952"/>
    <tag k="highway" v="service"/>
  </way>
  <way id="660832116">
    <nd ref="6186953956"/>
    <nd ref="6186956292"/>
    <nd ref="6186953955"/>
    <nd ref="6186953954"/>
    <nd ref="3793731826"/>
    <tag k="highway" v="tertiary"/>
    <tag k="oneway" v="yes"/>
  </way>
  <way id="715739101">
    <nd ref="3783103778"/>
    <nd ref="316753306"/>
    <tag k="highway" v="tertiary"/>
  </way>
  <way id="716647162">
    <nd ref="5481791857"/>
    <nd ref="8655462860"/>
    <nd ref="6731565904"/>
    <nd ref="6731565903"/>
    <nd ref="6731565905"/>
    <tag k="highway" v="trunk_link"/>
    <tag k="oneway" v="yes"/>
  </way>
  <way id="716653293">
    <nd ref="3787250056"/>
    <nd ref="6731570663"/>
    <tag k="highway" v="residential"/>
  </way>
  <way id="717451600">
    <nd ref="6737843615"/>
    <nd ref="6737843614"/>
    <nd ref="8620469109"/>
    <nd ref="6737843613"/>
    <tag k="highway" v="residential"/>
  </way>
  <way id="734341869">
    <nd ref="6876875552"/>
    <nd ref="3783217218"/>
    <tag k="highway" v="tertiary"/>
    <tag k="name" v="Shipra Path"/>
  </way>
  <way id="734341870">
    <nd ref="6876875565"/>
    <nd ref="6876875564"/>
    <nd ref="6876875563"/>
    <nd ref="9792463967"/>
    <nd ref="6876875562"/>
    <nd ref="6876875561"/>
    <nd ref="6876875560"/>
    <nd ref="7085259193"/>
    <nd ref="6876875559"/>
    <nd ref="3787292435"/>
    <tag k="highway" v="residential"/>
  </way>
  <way id="744533702">
    <nd ref="6968198685"/>
    <nd ref="6968193481"/>
    <nd ref="6968193484"/>
    <nd ref="6968193483"/>
    <nd ref="6968193482"/>
    <nd ref="11621298975"/>
    <nd ref="3787305257"/>
    <tag k="highway" v="residential"/>
  </way>
  <way id="753682797">
    <nd ref="8064587229"/>
    <nd ref="3787304003"/>
    <nd ref="8651146959"/>
    <nd ref="3786540219"/>
    <tag k="highway" v="trunk"/>
    <tag k="oneway" v="yes"/>
    <tag k="ref" v="NH52"/>
  </way>
  <way id="757215310">
    <nd ref="9909269316"/>
    <nd ref="6186956296"/>
    <nd ref="3789954266"/>
    <nd ref="8642418141"/>
    <nd ref="8635304002"/>
    <nd ref="3789954127"/>
    <nd ref="3789953696"/>
    <nd ref="11765821168"/>
    <nd ref="3789954201"/>
    <nd ref="3789954105"/>
    <nd ref="3789954087"/>
    <nd ref="3779262117"/>
    <tag k="highway" v="tertiary"/>
    <tag k="oneway" v="yes"/>
  </way>
  <way id="758271555">
    <nd ref="7081575036"/>
    <nd ref="7081575035"/>
    <tag k="highway" v="residential"/>
  </way>
  <way id="758683207">
    <nd ref="5481815225"/>
    <nd ref="5481815226"/>
    <nd ref="5481815221"/>
    <tag k="highway" v="trunk"/>
    <tag k="oneway" v="yes"/>
    <tag k="ref" v="NH52"/>
  </way>
  <way id="759114306">
    <nd ref="14061170791"/>
    <nd ref="3780824251"/>
    <nd ref="2696139370"/>
    <nd ref="3780824700"/>
    <nd ref="3780824869"/>
    <nd ref="3780824874"/>
    <nd ref="3780824971"/>
    <nd ref="2696139425"/>
    <tag k="highway" v="tertiary"/>
    <tag k="name" v="Nirman Nagar Road"/>
    <tag k="oneway" v="yes"/>
  </way>
  <way id="759114313">
    <nd ref="7090378402"/>
    <nd ref="11209574198"/>
    <nd ref="11209574197"/>
    <nd ref="7090378401"/>
    <nd ref="11209574213"/>
    <nd ref="11209574209"/>
    <nd ref="7090378400"/>
    <nd ref="11209574211"/>
    <nd ref="7090378399"/>
    <nd ref="11209574205"/>
    <nd ref="7090378398"/>
    <nd ref="11209574207"/>
    <nd ref="7090378397"/>
    <nd ref="14061170793"/>
    <nd ref="14061170792"/>
    <nd ref="14061170791"/>
    <tag k="highway" v="tertiary"/>
    <tag k="name" v="Nirman Nagar Road"/>
    <tag k="oneway" v="yes"/>
  </way>
  <way id="759350613">
    <nd ref="3787306682"/>
    <nd ref="3787306705"/>
    <nd ref="3787306747"/>
    <nd ref="11613149047"/>
    <nd ref="3787306753"/>
    <tag k="access" v="permissive"/>
    <tag k="highway" v="residential"/>
    <tag k="name" v="9 number lane"/>
  </way>
  <way id="759350615">
    <nd ref="3780960644"/>
    <nd ref="3780960637"/>
    <nd ref="3780960631"/>
    <nd ref="3780960625"/>
    <nd ref="3780960622"/>
    <nd ref="3780960618"/>
    <nd ref="3780960613"/>
    <nd ref="3780960608"/>
    <nd ref="3780960606"/>
    <nd ref="3780960602"/>
    <tag k="highway" v="tertiary"/>
    <tag k="name" v="Gautam Marg"/>
    <tag k="oneway" v="yes"/>
  </way>
  <way id="759350616">
    <nd ref="3780960602"/>
    <nd ref="8634324627"/>
    <nd ref="3780960636"/>
    <nd ref="9739664219"/>
    <nd ref="3780960659"/>
    <nd ref="3780960691"/>
    <nd ref="8634324650"/>
    <nd ref="3780960738"/>
    <nd ref="3780960777"/>
    <nd ref="3780960788"/>
    <nd ref="3780960811"/>
    <nd ref="3780960848"/>
    <nd ref="3780960873"/>
    <nd ref="3780960878"/>
    <nd ref="3780960947"/>
    <nd ref="3780961000"/>
    <nd ref="3780961013"/>
    <nd ref="3780961085"/>
    <nd ref="3780961088"/>
    <nd ref="2105397772"/>
    <tag k="highway" v="residential"/>
    <tag k="name" v="Vishwakarma Marg"/>
    <tag k="name:etymology:wikidata" v="Q61078183"/>
  </way>
  <way id="759350619">
    <nd ref="3783260023"/>
    <nd ref="3787306714"/>
    <tag k="highway" v="residential"/>
  </way>
  <way id="775210753">
    <nd ref="3783103767"/>
    <nd ref="3787304002"/>
    <nd ref="3787304012"/>
    <nd ref="3787304035"/>
    <nd ref="3787305971"/>
    <nd ref="3787305653"/>
    <nd ref="2696139341"/>
    <nd ref="2696139354"/>
    <nd ref="3780958366"/>
    <nd ref="3780958394"/>
    <nd ref="7081575036"/>
    <nd ref="2696139394"/>
    <nd ref="8634324626"/>
    <nd ref="3780960632"/>
    <nd ref="2696139411"/>
    <tag k="highway" v="residential"/>
    <tag k="name" v="banshi path"/>
  </way>
  <way id="775210754">
    <nd ref="3783103767"/>
    <nd ref="5481815225"/>
    <tag k="highway" v="trunk"/>
    <tag k="oneway" v="yes"/>
    <tag k="ref" v="NH52"/>
  </way>
  <way id="863292695">
    <nd ref="3783124441"/>
    <nd ref="8042108143"/>
    <nd ref="11209970699"/>
    <nd ref="8042108144"/>
    <nd ref="8042108145"/>
    <nd ref="8042108146"/>
    <nd ref="8042108147"/>
    <tag k="access" v="no"/>
    <tag k="highway" v="service"/>
  </way>
  <way id="865229947">
    <nd ref="3786540219"/>
    <nd ref="8651146974"/>
    <nd ref="2696139379"/>
    <nd ref="6738451263"/>
    <tag k="highway" v="trunk"/>
    <tag k="oneway" v="yes"/>
    <tag k="ref" v="NH52"/>
  </way>
  <way id="868222195">
    <nd ref="14053170363"/>
    <nd ref="14053170364"/>
    <nd ref="14053170365"/>
    <nd ref="14053170366"/>
    <nd ref="14053170367"/>
    <nd ref="8093006067"/>
    <nd ref="8093006068"/>
    <tag k="highway" v="service"/>
  </way>
  <way id="868223854">
    <nd ref="8093004214"/>
    <nd ref="8093004213"/>
    <nd ref="8093004212"/>
    <nd ref="8093004211"/>
    <nd ref="8093004210"/>
    <nd ref="8093004209"/>
    <nd ref="8093004208"/>
    <nd ref="8093004207"/>
    <nd ref="8093004206"/>
    <nd ref="8093004205"/>
    <nd ref="8093004215"/>
    <nd ref="8093004204"/>
    <nd ref="8093004203"/>
    <nd ref="8093004202"/>
    <tag k="highway" v="residential"/>
    <tag k="oneway" v="yes"/>
  </way>
  <way id="871815368">
    <nd ref="11219316924"/>
    <nd ref="3792433198"/>
    <tag k="highway" v="residential"/>
  </way>
  <way id="871815369">
    <nd ref="8120330789"/>
    <nd ref="3793735184"/>
    <nd ref="3793735171"/>
    <tag k="highway" v="residential"/>
  </way>
  <way id="871815371">
    <nd ref="3784288836"/>
    <nd ref="12919235785"/>
    <nd ref="12901240126"/>
    <nd ref="8120330804"/>
    <nd ref="8634407617"/>
    <nd ref="8120330805"/>
    <nd ref="11770642864"/>
    <nd ref="8120330806"/>
    <nd ref="8120330807"/>
    <nd ref="14078464129"/>
    <nd ref="8634324656"/>
    <tag k="highway" v="tertiary"/>
    <tag k="oneway" v="yes"/>
  </way>
  <way id="872370059">
    <nd ref="8125106435"/>
    <nd ref="3783103766"/>
    <tag k="highway" v="tertiary"/>
    <tag k="oneway" v="yes"/>
  </way>
  <way id="872370061">
    <nd ref="3783103766"/>
    <nd ref="8665470546"/>
    <nd ref="8125106437"/>
    <tag k="highway" v="tertiary"/>
    <tag k="oneway" v="yes"/>
  </way>
  <way id="872370062">
    <nd ref="3787305613"/>
    <nd ref="3783103762"/>
    <tag k="highway" v="residential"/>
  </way>
  <way id="929486841">
    <nd ref="14030364789"/>
    <nd ref="8637664170"/>
    <nd ref="8637664171"/>
    <nd ref="8637651266"/>
    <nd ref="8637664164"/>
    <tag k="highway" v="tertiary"/>
    <tag k="oneway" v="yes"/>
    <tag k="source" v="maxar"/>
  </way>
  <way id="929486842">
    <nd ref="3788542978"/>
    <nd ref="14078180610"/>
    <nd ref="3788542977"/>
    <nd ref="11166505824"/>
    <nd ref="8635211647"/>
    <nd ref="3788542972"/>
    <tag k="highway" v="tertiary"/>
    <tag k="oneway" v="yes"/>
  </way>
  <way id="929491619">
    <nd ref="8620267821"/>
    <nd ref="8620267847"/>
    <tag k="highway" v="tertiary"/>
    <tag k="name" v="Rajat Path"/>
    <tag k="oneway" v="yes"/>
    <tag k="source" v="maxar"/>
  </way>
  <way id="929491620">
    <nd ref="8665470548"/>
    <nd ref="8665470547"/>
    <nd ref="8620267827"/>
    <nd ref="8620267826"/>
    <nd ref="8620384788"/>
    <nd ref="8620267825"/>
    <nd ref="8620267824"/>
    <nd ref="8620267823"/>
    <nd ref="8620267822"/>
    <nd ref="8620267821"/>
    <tag k="highway" v="tertiary"/>
    <tag k="name" v="Rajat Path"/>
    <tag k="oneway" v="yes"/>
    <tag k="source" v="maxar"/>
  </way>
  <way id="929491625">
    <nd ref="8620267835"/>
    <nd ref="3788541430"/>
    <tag k="highway" v="residential"/>
    <tag k="source" v="maxar"/>
  </way>
  <way id="929491626">
    <nd ref="8620267847"/>
    <nd ref="8620267835"/>
    <nd ref="8620267846"/>
    <nd ref="8620267845"/>
    <nd ref="8620267844"/>
    <nd ref="8620267843"/>
    <nd ref="8621480725"/>
    <nd ref="8620267842"/>
    <nd ref="8620267841"/>
    <nd ref="8620267840"/>
    <nd ref="8620267839"/>
    <nd ref="8620267838"/>
    <nd ref="8620267837"/>
    <nd ref="8620267836"/>
    <nd ref="8620267832"/>
    <nd ref="8620267831"/>
    <nd ref="8620267830"/>
    <nd ref="3783217199"/>
    <tag k="highway" v="tertiary"/>
    <tag k="name" v="Rajat Path"/>
    <tag k="oneway" v="yes"/>
    <tag k="source" v="maxar"/>
  </way>
  <way id="929496245">
    <nd ref="8620299399"/>
    <nd ref="8620299398"/>
    <nd ref="8620299397"/>
    <nd ref="8620299396"/>
    <nd ref="8620299395"/>
    <nd ref="8620299394"/>
    <nd ref="8620299393"/>
    <nd ref="8620299392"/>
    <nd ref="8620299391"/>
    <nd ref="8620299390"/>
    <nd ref="8620299389"/>
    <nd ref="8620299388"/>
    <nd ref="8620299387"/>
    <nd ref="8620299386"/>
    <nd ref="8620299385"/>
    <nd ref="8620299384"/>
    <nd ref="8620299383"/>
    <nd ref="8620299382"/>
    <nd ref="8620299381"/>
    <nd ref="8620299380"/>
    <nd ref="8620299379"/>
    <nd ref="8620299378"/>
    <nd ref="8620299377"/>
    <nd ref="8620299376"/>
    <nd ref="8620299375"/>
    <nd ref="8620299374"/>
    <nd ref="8620299373"/>
    <nd ref="8620299372"/>
    <nd ref="8620299371"/>
    <nd ref="8620299368"/>
    <nd ref="8620299370"/>
    <nd ref="8620299369"/>
    <tag k="highway" v="service"/>
    <tag k="source" v="maxar"/>
  </way>
  <way id="929496246">
    <nd ref="8620299400"/>
    <nd ref="3788668521"/>
    <tag k="highway" v="residential"/>
    <tag k="source" v="maxar"/>
  </way>
  <way id="929496247">
    <nd ref="2696139223"/>
    <nd ref="3783124456"/>
    <tag k="highway" v="tertiary"/>
    <tag k="name" v="Madhyam Marg"/>
    <tag k="oneway" v="yes"/>
    <tag k="source" v="maxar"/>
  </way>
  <way id="929503744">
    <nd ref="3788543139"/>
    <nd ref="8620311234"/>
    <nd ref="3788543123"/>
    <nd ref="3788543116"/>
    <nd ref="3788543168"/>
    <tag k="highway" v="residential"/>
    <tag k="source" v="maxar"/>
  </way>
  <way id="929503745">
    <nd ref="3788543168"/>
    <nd ref="8620311240"/>
    <nd ref="8620311239"/>
    <nd ref="8620311238"/>
    <nd ref="8620311243"/>
    <nd ref="3788542721"/>
    <nd ref="8620311237"/>
    <tag k="highway" v="residential"/>
    <tag k="source" v="maxar"/>
  </way>
  <way id="929509808">
    <nd ref="8620384780"/>
    <nd ref="8620384777"/>
    <nd ref="8620384781"/>
    <nd ref="8620384776"/>
    <nd ref="8620384782"/>
    <nd ref="8620384783"/>
    <nd ref="8620384784"/>
    <nd ref="8620384785"/>
    <nd ref="8620384786"/>
    <nd ref="8620384787"/>
    <nd ref="8620384794"/>
    <nd ref="8620384793"/>
    <nd ref="8620384792"/>
    <nd ref="8620384791"/>
    <nd ref="8620384790"/>
    <nd ref="8620384789"/>
    <nd ref="8620384788"/>
    <tag k="highway" v="residential"/>
    <tag k="source" v="maxar"/>
  </way>
  <way id="929509809">
    <nd ref="3788543169"/>
    <nd ref="8620832637"/>
    <nd ref="8620384796"/>
    <nd ref="8620384795"/>
    <nd ref="3788542738"/>
    <nd ref="3788542711"/>
    <nd ref="8620384797"/>
    <tag k="highway" v="residential"/>
    <tag k="source" v="maxar"/>
  </way>
  <way id="929509810">
    <nd ref="3788542686"/>
    <nd ref="8620384802"/>
    <nd ref="8620384801"/>
    <nd ref="8620384800"/>
    <nd ref="8620384803"/>
    <nd ref="8620384813"/>
    <nd ref="8620384804"/>
    <nd ref="8620384799"/>
    <nd ref="8620384798"/>
    <nd ref="8620384810"/>
    <tag k="highway" v="residential"/>
    <tag k="source" v="maxar"/>
  </way>
  <way id="929509811">
    <nd ref="8620384805"/>
    <nd ref="3788541432"/>
    <tag k="highway" v="residential"/>
    <tag k="source" v="maxar"/>
  </way>
  <way id="929509812">
    <nd ref="3788543071"/>
    <nd ref="8620384811"/>
    <nd ref="8620384810"/>
    <nd ref="8620384809"/>
    <nd ref="8620384808"/>
    <tag k="highway" v="residential"/>
    <tag k="source" v="maxar"/>
  </way>
  <way id="929509813">
    <nd ref="8620384813"/>
    <nd ref="8620384812"/>
    <tag k="highway" v="residential"/>
    <tag k="source" v="maxar"/>
  </way>
  <way id="929509814">
    <nd ref="3788543074"/>
    <nd ref="8620399622"/>
    <nd ref="8620399621"/>
    <nd ref="8620399620"/>
    <nd ref="8620399619"/>
    <nd ref="8620399618"/>
    <nd ref="8620399617"/>
    <nd ref="3788543101"/>
    <nd ref="3788542678"/>
    <nd ref="8620384816"/>
    <nd ref="8620384815"/>
    <nd ref="8620384814"/>
    <nd ref="3788542702"/>
    <tag k="highway" v="residential"/>
    <tag k="source" v="maxar"/>
  </way>
  <way id="929509815">
    <nd ref="8620399630"/>
    <nd ref="3788543292"/>
    <nd ref="8620399629"/>
    <nd ref="3788543278"/>
    <nd ref="8620399628"/>
    <tag k="highway" v="residential"/>
    <tag k="source" v="maxar"/>
  </way>
  <way id="929509816">
    <nd ref="8620399623"/>
    <nd ref="8620311234"/>
    <tag k="highway" v="residential"/>
    <tag k="source" v="maxar"/>
  </way>
  <way id="929515129">
    <nd ref="11160361435"/>
    <nd ref="8620397600"/>
    <tag k="highway" v="residential"/>
    <tag k="source" v="maxar"/>
  </way>
  <way id="929515130">
    <nd ref="8620397602"/>
    <nd ref="8620397601"/>
    <nd ref="8621480744"/>
    <nd ref="8621480747"/>
    <nd ref="8621480746"/>
    <nd ref="8621480745"/>
    <tag k="highway" v="residential"/>
    <tag k="source" v="maxar"/>
  </way>
  <way id="929515132">
    <nd ref="8620397611"/>
    <nd ref="3788543302"/>
    <tag k="highway" v="residential"/>
    <tag k="source" v="maxar"/>
  </way>
  <way id="929515133">
    <nd ref="8620397613"/>
    <nd ref="8620397612"/>
    <tag k="highway" v="residential"/>
    <tag k="source" v="maxar"/>
  </way>
  <way id="929515134">
    <nd ref="3788543161"/>
    <nd ref="8620397614"/>
    <tag k="highway" v="residential"/>
    <tag k="source" v="maxar"/>
  </way>
  <way id="929515135">
    <nd ref="3788542705"/>
    <nd ref="14053292839"/>
    <tag k="highway" v="residential"/>
    <tag k="source" v="maxar"/>
  </way>
  <way id="929515136">
    <nd ref="8620447020"/>
    <nd ref="8620447018"/>
    <nd ref="8620447017"/>
    <tag k="highway" v="residential"/>
    <tag k="source" v="maxar"/>
  </way>
  <way id="929515137">
    <nd ref="8620447021"/>
    <nd ref="8620447020"/>
    <nd ref="8620447019"/>
    <tag k="highway" v="residential"/>
    <tag k="source" v="maxar"/>
  </way>
  <way id="929515138">
    <nd ref="8620447026"/>
    <nd ref="8620447025"/>
    <nd ref="8620447024"/>
    <nd ref="8620447023"/>
    <nd ref="8620447022"/>
    <nd ref="3788543023"/>
    <tag k="highway" v="residential"/>
    <tag k="source" v="maxar"/>
  </way>
  <way id="929515139">
    <nd ref="8620397614"/>
    <nd ref="8620447033"/>
    <tag k="highway" v="residential"/>
    <tag k="source" v="maxar"/>
  </way>
  <way id="929515140">
    <nd ref="8620447028"/>
    <nd ref="8620447032"/>
    <tag k="highway" v="residential"/>
    <tag k="source" v="maxar"/>
  </way>
  <way id="929515141">
    <nd ref="8620447029"/>
    <nd ref="8620447030"/>
    <tag k="highway" v="residential"/>
    <tag k="source" v="maxar"/>
  </way>
  <way id="929515142">
    <nd ref="8620447039"/>
    <nd ref="8620447038"/>
    <nd ref="8620447037"/>
    <nd ref="8620447036"/>
    <nd ref="8620447035"/>
    <nd ref="8620447034"/>
    <nd ref="8620447033"/>
    <nd ref="8621480779"/>
    <nd ref="8620447032"/>
    <nd ref="3788543061"/>
    <nd ref="8620447030"/>
    <nd ref="8620447031"/>
    <tag k="highway" v="residential"/>
    <tag k="source" v="maxar"/>
  </way>
  <way id="929519277">
    <nd ref="3788668218"/>
    <nd ref="3788668223"/>
    <nd ref="3783124428"/>
    <tag k="highway" v="residential"/>
    <tag k="source" v="maxar"/>
  </way>
  <way id="929519278">
    <nd ref="8620469102"/>
    <nd ref="8620469101"/>
    <nd ref="8620469100"/>
    <nd ref="8620469099"/>
    <nd ref="11770599213"/>
    <nd ref="8620469107"/>
    <tag k="highway" v="residential"/>
    <tag k="source" v="maxar"/>
  </way>
  <way id="929519279">
    <nd ref="8620469104"/>
    <nd ref="8620469103"/>
    <tag k="highway" v="residential"/>
    <tag k="source" v="maxar"/>
  </way>
  <way id="929519280">
    <nd ref="8620469105"/>
    <nd ref="3788668209"/>
    <tag k="highway" v="residential"/>
    <tag k="source" v="maxar"/>
  </way>
  <way id="929519281">
    <nd ref="6737843614"/>
    <nd ref="8620485018"/>
    <nd ref="8620485017"/>
    <nd ref="8620469116"/>
    <nd ref="8620469115"/>
    <nd ref="8620469114"/>
    <nd ref="8620469113"/>
    <nd ref="8620469112"/>
    <nd ref="8620469111"/>
    <nd ref="8620469110"/>
    <nd ref="8620469109"/>
    <tag k="highway" v="residential"/>
    <tag k="source" v="maxar"/>
  </way>
  <way id="929519282">
    <nd ref="8620485030"/>
    <nd ref="8620485029"/>
    <nd ref="8620485028"/>
    <nd ref="8620485027"/>
    <nd ref="8620485026"/>
    <nd ref="8620485025"/>
    <nd ref="8620485024"/>
    <nd ref="8620485023"/>
    <nd ref="8620485022"/>
    <nd ref="8620485021"/>
    <nd ref="8620485020"/>
    <nd ref="8620485019"/>
    <tag k="highway" v="residential"/>
    <tag k="source" v="maxar"/>
  </way>
  <way id="929519283">
    <nd ref="8620485023"/>
    <nd ref="8620485031"/>
    <tag k="highway" v="residential"/>
    <tag k="source" v="maxar"/>
  </way>
  <way id="929519284">
    <nd ref="8620485032"/>
    <nd ref="3788668126"/>
    <nd ref="3788668112"/>
    <tag k="highway" v="residential"/>
    <tag k="source" v="maxar"/>
  </way>
  <way id="929519285">
    <nd ref="8620485033"/>
    <nd ref="11155360372"/>
    <tag k="highway" v="residential"/>
    <tag k="source" v="maxar"/>
  </way>
  <way id="929524185">
    <nd ref="8620521163"/>
    <nd ref="8620521162"/>
    <tag k="highway" v="residential"/>
    <tag k="source" v="maxar"/>
  </way>
  <way id="929524186">
    <nd ref="8620521184"/>
    <nd ref="8620521166"/>
    <nd ref="8620521165"/>
    <nd ref="8620521164"/>
    <tag k="highway" v="residential"/>
    <tag k="source" v="maxar"/>
  </way>
  <way id="929524187">
    <nd ref="8620521173"/>
    <nd ref="3788668114"/>
    <nd ref="8620521172"/>
    <nd ref="8620521169"/>
    <nd ref="8620521168"/>
    <nd ref="8620521167"/>
    <nd ref="3788668102"/>
    <tag k="highway" v="residential"/>
    <tag k="source" v="maxar"/>
  </way>
  <way id="929524188">
    <nd ref="3788668152"/>
    <nd ref="8620521178"/>
    <nd ref="8620521177"/>
    <nd ref="8620521176"/>
    <nd ref="8620521175"/>
    <nd ref="3788668140"/>
    <nd ref="8620521174"/>
    <tag k="highway" v="residential"/>
    <tag k="source" v="maxar"/>
  </way>
  <way id="929524189">
    <nd ref="3788668138"/>
    <nd ref="8620521183"/>
    <nd ref="8620521182"/>
    <nd ref="8620521181"/>
    <nd ref="8620521180"/>
    <nd ref="8620521179"/>
    <tag k="highway" v="residential"/>
    <tag k="source" v="maxar"/>
  </way>
  <way id="929524190">
    <nd ref="8620521187"/>
    <nd ref="8620521186"/>
    <nd ref="8620521185"/>
    <nd ref="8620521184"/>
    <tag k="highway" v="residential"/>
    <tag k="source" v="maxar"/>
  </way>
  <way id="929524191">
    <nd ref="8620521190"/>
    <nd ref="3788668513"/>
    <tag k="highway" v="residential"/>
    <tag k="source" v="maxar"/>
  </way>
  <way id="929527831">
    <nd ref="8620542142"/>
    <nd ref="3788668217"/>
    <nd ref="8620542141"/>
    <tag k="highway" v="residential"/>
    <tag k="source" v="maxar"/>
  </way>
  <way id="929527832">
    <nd ref="8620542143"/>
    <nd ref="3788668235"/>
    <tag k="highway" v="residential"/>
    <tag k="source" v="maxar"/>
  </way>
  <way id="929527833">
    <nd ref="8620542145"/>
    <nd ref="8620542144"/>
    <tag k="highway" v="residential"/>
    <tag k="source" v="maxar"/>
  </way>
  <way id="929527834">
    <nd ref="8620542147"/>
    <nd ref="8620542145"/>
    <nd ref="11593634979"/>
    <nd ref="8620542146"/>
    <tag k="highway" v="residential"/>
    <tag k="source" v="maxar"/>
  </way>
  <way id="929527835">
    <nd ref="3788668235"/>
    <nd ref="8620542147"/>
    <nd ref="8620542141"/>
    <nd ref="8620542148"/>
    <tag k="highway" v="residential"/>
    <tag k="source" v="maxar"/>
  </way>
  <way id="929527836">
    <nd ref="8620542151"/>
    <nd ref="8620542150"/>
    <nd ref="8620542149"/>
    <tag k="highway" v="residential"/>
    <tag k="source" v="maxar"/>
  </way>
  <way id="929527837">
    <nd ref="8620542152"/>
    <nd ref="8620542150"/>
    <tag k="highway" v="residential"/>
    <tag k="source" v="maxar"/>
  </way>
  <way id="929527838">
    <nd ref="316753315"/>
    <nd ref="14053170363"/>
    <nd ref="11625891363"/>
    <nd ref="11625891362"/>
    <tag k="highway" v="residential"/>
    <tag k="source" v="maxar"/>
  </way>
  <way id="929527839">
    <nd ref="8620542154"/>
    <nd ref="8620542153"/>
    <tag k="highway" v="residential"/>
    <tag k="source" v="maxar"/>
  </way>
  <way id="929527840">
    <nd ref="8620542164"/>
    <nd ref="8620542154"/>
    <nd ref="8620542159"/>
    <nd ref="8620542158"/>
    <nd ref="8620542157"/>
    <nd ref="8620542156"/>
    <nd ref="8620542155"/>
    <tag k="highway" v="residential"/>
    <tag k="source" v="maxar"/>
  </way>
  <way id="929527841">
    <nd ref="8620542165"/>
    <nd ref="8620542164"/>
    <nd ref="8620542163"/>
    <nd ref="8620542162"/>
    <nd ref="8620542161"/>
    <nd ref="8620542160"/>
    <nd ref="8620542153"/>
    <nd ref="8620542155"/>
    <nd ref="8093004207"/>
    <tag k="highway" v="residential"/>
    <tag k="source" v="maxar"/>
  </way>
  <way id="929527842">
    <nd ref="8620542167"/>
    <nd ref="8620542166"/>
    <tag k="highway" v="residential"/>
    <tag k="source" v="maxar"/>
  </way>
  <way id="929527843">
    <nd ref="8620542174"/>
    <nd ref="8620542173"/>
    <nd ref="8620542172"/>
    <nd ref="8620542171"/>
    <nd ref="8620542170"/>
    <nd ref="8620542169"/>
    <nd ref="8620542168"/>
    <tag k="highway" v="residential"/>
    <tag k="source" v="maxar"/>
  </way>
  <way id="929527844">
    <nd ref="8620542176"/>
    <nd ref="8620542175"/>
    <tag k="highway" v="residential"/>
    <tag k="source" v="maxar"/>
  </way>
  <way id="929530148">
    <nd ref="8620576935"/>
    <nd ref="3788668448"/>
    <tag k="highway" v="residential"/>
    <tag k="source" v="maxar"/>
  </way>
  <way id="929530149">
    <nd ref="8620576936"/>
    <nd ref="8620576939"/>
    <nd ref="8620576937"/>
    <tag k="highway" v="residential"/>
    <tag k="source" v="maxar"/>
  </way>
  <way id="929530150">
    <nd ref="8620576939"/>
    <nd ref="3788668409"/>
    <nd ref="8620576938"/>
    <tag k="highway" v="residential"/>
    <tag k="source" v="maxar"/>
  </way>
  <way id="929530151">
    <nd ref="8620576941"/>
    <nd ref="8620576938"/>
    <nd ref="8620576940"/>
    <tag k="highway" v="residential"/>
    <tag k="source" v="maxar"/>
  </way>
  <way id="929530152">
    <nd ref="8620576943"/>
    <nd ref="3788668387"/>
    <nd ref="8620576942"/>
    <tag k="highway" v="residential"/>
    <tag k="source" v="maxar"/>
  </way>
  <way id="929530153">
    <nd ref="8620576946"/>
    <nd ref="8620576944"/>
    <tag k="highway" v="residential"/>
    <tag k="source" v="maxar"/>
  </way>
  <way id="929530154">
    <nd ref="8620576947"/>
    <nd ref="8620576946"/>
    <nd ref="8620576945"/>
    <tag k="highway" v="residential"/>
    <tag k="source" v="maxar"/>
  </way>
  <way id="929537642">
    <nd ref="3787306717"/>
    <nd ref="8620613306"/>
    <tag k="highway" v="residential"/>
    <tag k="source" v="maxar"/>
  </way>
  <way id="929537643">
    <nd ref="8620613316"/>
    <nd ref="8620613315"/>
    <tag k="highway" v="residential"/>
    <tag k="source" v="maxar"/>
  </way>
  <way id="929537645">
    <nd ref="3780824681"/>
    <nd ref="8620643023"/>
    <tag k="highway" v="residential"/>
    <tag k="source" v="maxar"/>
  </way>
  <way id="929650987">
    <nd ref="8621480722"/>
    <nd ref="8621480721"/>
    <tag k="highway" v="residential"/>
    <tag k="source" v="maxar"/>
  </way>
  <way id="929650990">
    <nd ref="8621480728"/>
    <nd ref="8621480727"/>
    <tag k="highway" v="residential"/>
    <tag k="source" v="maxar"/>
  </way>
  <way id="929650991">
    <nd ref="8621480730"/>
    <nd ref="8621480729"/>
    <tag k="highway" v="residential"/>
    <tag k="source" v="maxar"/>
  </way>
  <way id="929650992">
    <nd ref="8621480732"/>
    <nd ref="8621480731"/>
    <tag k="highway" v="residential"/>
    <tag k="source" v="maxar"/>
  </way>
  <way id="929650993">
    <nd ref="8621480737"/>
    <nd ref="11770608950"/>
    <nd ref="11770608952"/>
    <nd ref="3788668364"/>
    <tag k="highway" v="residential"/>
    <tag k="source" v="maxar"/>
  </way>
  <way id="929650994">
    <nd ref="8621480739"/>
    <nd ref="8621480738"/>
    <tag k="highway" v="residential"/>
    <tag k="source" v="maxar"/>
  </way>
  <way id="929650995">
    <nd ref="8621480741"/>
    <nd ref="8621480740"/>
    <nd ref="3788668247"/>
    <tag k="highway" v="residential"/>
    <tag k="source" v="maxar"/>
  </way>
  <way id="929650996">
    <nd ref="8621480743"/>
    <nd ref="8621480742"/>
    <tag k="highway" v="residential"/>
    <tag k="source" v="maxar"/>
  </way>
  <way id="929650997">
    <nd ref="8621480749"/>
    <nd ref="8621480748"/>
    <tag k="highway" v="residential"/>
    <tag k="source" v="maxar"/>
  </way>
  <way id="929650998">
    <nd ref="8621480751"/>
    <nd ref="8621480750"/>
    <tag k="highway" v="residential"/>
    <tag k="source" v="maxar"/>
  </way>
  <way id="929650999">
    <nd ref="8621480755"/>
    <nd ref="8621480754"/>
    <nd ref="8621480753"/>
    <nd ref="8621480752"/>
    <nd ref="8620384795"/>
    <tag k="highway" v="residential"/>
    <tag k="source" v="maxar"/>
  </way>
  <way id="929651003">
    <nd ref="8621480771"/>
    <nd ref="8621480769"/>
    <nd ref="8621480770"/>
    <tag k="highway" v="residential"/>
    <tag k="source" v="maxar"/>
  </way>
  <way id="929651004">
    <nd ref="8621480773"/>
    <nd ref="8621480772"/>
    <tag k="highway" v="residential"/>
    <tag k="source" v="maxar"/>
  </way>
  <way id="929651005">
    <nd ref="8621480776"/>
    <nd ref="8621480775"/>
    <tag k="highway" v="residential"/>
    <tag k="source" v="maxar"/>
  </way>
  <way id="929651006">
    <nd ref="8621480777"/>
    <nd ref="3779216095"/>
    <nd ref="8621480776"/>
    <nd ref="8621480774"/>
    <tag k="highway" v="residential"/>
    <tag k="source" v="maxar"/>
  </way>
  <way id="929651007">
    <nd ref="8621480778"/>
    <nd ref="8621480775"/>
    <nd ref="3779216086"/>
    <tag k="highway" v="residential"/>
    <tag k="source" v="maxar"/>
  </way>
  <way id="929651008">
    <nd ref="8621480780"/>
    <nd ref="11204938907"/>
    <tag k="highway" v="residential"/>
    <tag k="source" v="maxar"/>
  </way>
  <way id="931277467">
    <nd ref="2696139402"/>
    <nd ref="3783279336"/>
    <tag k="highway" v="residential"/>
    <tag k="source" v="maxar"/>
  </way>
  <way id="931277468">
    <nd ref="8634219476"/>
    <nd ref="8634219477"/>
    <tag k="highway" v="residential"/>
    <tag k="source" v="maxar"/>
  </way>
  <way id="931277469">
    <nd ref="3783279347"/>
    <nd ref="8634219478"/>
    <tag k="highway" v="residential"/>
    <tag k="source" v="maxar"/>
  </way>
  <way id="931289377">
    <nd ref="8634324656"/>
    <nd ref="8634324655"/>
    <nd ref="8634324654"/>
    <nd ref="8634324653"/>
    <nd ref="8634324652"/>
    <nd ref="8634324651"/>
    <nd ref="8634324650"/>
    <nd ref="8634324649"/>
    <nd ref="8634324648"/>
    <nd ref="8634324647"/>
    <nd ref="8634324644"/>
    <nd ref="8634324642"/>
    <nd ref="8634324640"/>
    <nd ref="8634324639"/>
    <nd ref="8634324637"/>
    <nd ref="14074208351"/>
    <nd ref="8634324635"/>
    <nd ref="8665470549"/>
    <nd ref="316927605"/>
    <tag k="highway" v="tertiary"/>
    <tag k="name" v="Jan Path"/>
    <tag k="oneway" v="yes"/>
    <tag k="source" v="maxar"/>
  </way>
  <way id="931289381">
    <nd ref="8634324623"/>
    <nd ref="8634324624"/>
    <nd ref="8634324625"/>
    <nd ref="8634324621"/>
    <nd ref="8634324622"/>
    <nd ref="8634324626"/>
    <nd ref="8634324620"/>
    <nd ref="8634324627"/>
    <nd ref="8634324628"/>
    <nd ref="8634324629"/>
    <nd ref="8634407647"/>
    <nd ref="8634324630"/>
    <nd ref="8634324631"/>
    <nd ref="8634324632"/>
    <nd ref="8634324633"/>
    <nd ref="8634324663"/>
    <nd ref="8642138395"/>
    <nd ref="11209551927"/>
    <nd ref="11209561640"/>
    <nd ref="8634324662"/>
    <nd ref="8634324661"/>
    <nd ref="8634324660"/>
    <nd ref="8634799693"/>
    <nd ref="8634799694"/>
    <nd ref="8634799695"/>
    <nd ref="11752349693"/>
    <tag k="highway" v="tertiary"/>
    <tag k="oneway" v="yes"/>
    <tag k="source" v="maxar"/>
  </way>
  <way id="931289383">
    <nd ref="8634324673"/>
    <nd ref="8634324672"/>
    <tag k="highway" v="residential"/>
    <tag k="source" v="maxar"/>
  </way>
  <way id="931343647">
    <nd ref="8634799691"/>
    <nd ref="11613308512"/>
    <nd ref="14056284403"/>
    <nd ref="3780960589"/>
    <nd ref="3780960583"/>
    <nd ref="3780960581"/>
    <nd ref="3780960579"/>
    <nd ref="11613308511"/>
    <nd ref="3780960576"/>
    <tag k="access" v="permissive"/>
    <tag k="highway" v="residential"/>
    <tag k="source" v="maxar"/>
  </way>
  <way id="931343648">
    <nd ref="3780824731"/>
    <nd ref="8634799708"/>
    <nd ref="3780824866"/>
    <tag k="highway" v="residential"/>
    <tag k="source" v="maxar"/>
  </way>
  <way id="931343649">
    <nd ref="3780824887"/>
    <nd ref="8634799709"/>
    <tag k="highway" v="residential"/>
    <tag k="source" v="maxar"/>
  </way>
  <way id="931393413">
    <nd ref="8635211647"/>
    <nd ref="8635211646"/>
    <tag k="highway" v="residential"/>
    <tag k="source" v="maxar"/>
  </way>
  <way id="931393431">
    <nd ref="8635214128"/>
    <nd ref="8635214127"/>
    <tag k="highway" v="residential"/>
    <tag k="source" v="maxar"/>
  </way>
  <way id="931393432">
    <nd ref="8635214130"/>
    <nd ref="8635214129"/>
    <tag k="highway" v="residential"/>
    <tag k="source" v="maxar"/>
  </way>
  <way id="931393433">
    <nd ref="3789954225"/>
    <nd ref="8635214129"/>
    <nd ref="8635214127"/>
    <nd ref="8635214131"/>
    <tag k="highway" v="residential"/>
    <tag k="source" v="maxar"/>
  </way>
  <way id="931393434">
    <nd ref="8635214136"/>
    <nd ref="8635214135"/>
    <tag k="highway" v="residential"/>
    <tag k="source" v="maxar"/>
  </way>
  <way id="931393435">
    <nd ref="11765850111"/>
    <nd ref="11765933773"/>
    <nd ref="8635214137"/>
    <tag k="highway" v="residential"/>
    <tag k="source" v="maxar"/>
  </way>
  <way id="931393436">
    <nd ref="11765850110"/>
    <nd ref="11765933775"/>
    <nd ref="3789953674"/>
    <tag k="highway" v="residential"/>
    <tag k="source" v="maxar"/>
  </way>
  <way id="931401237">
    <nd ref="8635303978"/>
    <nd ref="8635303979"/>
    <nd ref="8635303977"/>
    <nd ref="8635303976"/>
    <nd ref="8635303975"/>
    <nd ref="8635303974"/>
    <tag k="highway" v="residential"/>
    <tag k="source" v="maxar"/>
  </way>
  <way id="931401238">
    <nd ref="8635303981"/>
    <nd ref="8635303980"/>
    <nd ref="8635303979"/>
    <tag k="highway" v="residential"/>
    <tag k="source" v="maxar"/>
  </way>
  <way id="931401239">
    <nd ref="8635245491"/>
    <nd ref="8635303985"/>
    <nd ref="8635303984"/>
    <nd ref="8635303983"/>
    <nd ref="8635303982"/>
    <tag k="highway" v="residential"/>
    <tag k="source" v="maxar"/>
  </way>
  <way id="931401240">
    <nd ref="3935230854"/>
    <nd ref="8635303987"/>
    <nd ref="8635303986"/>
    <tag k="highway" v="residential"/>
    <tag k="source" v="maxar"/>
  </way>
  <way id="931401241">
    <nd ref="3935258406"/>
    <nd ref="8635303992"/>
    <tag k="highway" v="residential"/>
    <tag k="source" v="maxar"/>
  </way>
  <way id="931401242">
    <nd ref="8635303990"/>
    <nd ref="11765778229"/>
    <nd ref="8635303986"/>
    <nd ref="8635303989"/>
    <nd ref="8635303982"/>
    <nd ref="11765778231"/>
    <nd ref="8635303988"/>
    <tag k="highway" v="residential"/>
    <tag k="source" v="maxar"/>
  </way>
  <way id="931401243">
    <nd ref="3935230856"/>
    <nd ref="8635303993"/>
    <nd ref="8635303992"/>
    <nd ref="8635303990"/>
    <nd ref="8642418150"/>
    <nd ref="8635303991"/>
    <tag k="highway" v="residential"/>
    <tag k="source" v="maxar"/>
  </way>
  <way id="931401244">
    <nd ref="8635303995"/>
    <nd ref="8635303994"/>
    <tag k="highway" v="residential"/>
    <tag k="source" v="maxar"/>
  </way>
  <way id="931401245">
    <nd ref="3935258410"/>
    <nd ref="8635303995"/>
    <nd ref="8635303999"/>
    <nd ref="8635303998"/>
    <nd ref="8635303997"/>
    <nd ref="8635303996"/>
    <tag k="highway" v="residential"/>
    <tag k="source" v="maxar"/>
  </way>
  <way id="931401247">
    <nd ref="3793731829"/>
    <nd ref="8635304009"/>
    <nd ref="8635304008"/>
    <nd ref="8635304007"/>
    <nd ref="8635304000"/>
    <nd ref="8635304006"/>
    <nd ref="8642418156"/>
    <nd ref="8635304005"/>
    <nd ref="8642418154"/>
    <nd ref="3779262381"/>
    <tag k="highway" v="residential"/>
    <tag k="oneway" v="yes"/>
    <tag k="source" v="maxar"/>
  </way>
  <way id="931401248">
    <nd ref="7071385641"/>
    <nd ref="11765822345"/>
    <nd ref="8635304015"/>
    <nd ref="8635304019"/>
    <nd ref="8635303988"/>
    <nd ref="8635304001"/>
    <nd ref="8635304003"/>
    <nd ref="8635304016"/>
    <tag k="highway" v="tertiary"/>
    <tag k="oneway" v="yes"/>
    <tag k="source" v="maxar"/>
  </way>
  <way id="931401250">
    <nd ref="8635304024"/>
    <nd ref="8635304023"/>
    <nd ref="8635304022"/>
    <nd ref="8635304021"/>
    <nd ref="8635304020"/>
    <tag k="highway" v="residential"/>
    <tag k="source" v="maxar"/>
  </way>
  <way id="931406010">
    <nd ref="8635351529"/>
    <nd ref="8635351528"/>
    <tag k="highway" v="residential"/>
    <tag k="source" v="maxar"/>
  </way>
  <way id="931406011">
    <nd ref="8635351531"/>
    <nd ref="8635351530"/>
    <tag k="highway" v="residential"/>
    <tag k="source" v="maxar"/>
  </way>
  <way id="931406012">
    <nd ref="8635351533"/>
    <nd ref="8635351532"/>
    <tag k="highway" v="residential"/>
    <tag k="source" v="maxar"/>
  </way>
  <way id="931659085">
    <nd ref="3779215963"/>
    <nd ref="8637186670"/>
    <nd ref="8637186669"/>
    <nd ref="8637186666"/>
    <nd ref="8637186668"/>
    <nd ref="8637186667"/>
    <tag k="highway" v="residential"/>
    <tag k="source" v="maxar"/>
  </way>
  <way id="931677438">
    <nd ref="3787305103"/>
    <nd ref="8637331789"/>
    <tag k="highway" v="residential"/>
    <tag k="source" v="maxar"/>
  </way>
  <way id="931677439">
    <nd ref="3787305097"/>
    <nd ref="8637331791"/>
    <nd ref="8637331790"/>
    <nd ref="8637331793"/>
    <nd ref="8637331792"/>
    <tag k="highway" v="residential"/>
    <tag k="source" v="maxar"/>
  </way>
  <way id="931677440">
    <nd ref="8637331795"/>
    <nd ref="8637331789"/>
    <nd ref="8637331794"/>
    <tag k="highway" v="residential"/>
    <tag k="source" v="maxar"/>
  </way>
  <way id="931677441">
    <nd ref="2696139355"/>
    <nd ref="8637331798"/>
    <tag k="highway" v="residential"/>
    <tag k="source" v="maxar"/>
  </way>
  <way id="931702098">
    <nd ref="3793735220"/>
    <nd ref="8637592480"/>
    <tag k="highway" v="residential"/>
    <tag k="source" v="maxar"/>
  </way>
  <way id="931702099">
    <nd ref="8637592485"/>
    <nd ref="8637592484"/>
    <nd ref="8637592483"/>
    <nd ref="8637592482"/>
    <nd ref="8637592481"/>
    <nd ref="3792432926"/>
    <tag k="highway" v="residential"/>
    <tag k="source" v="maxar"/>
  </way>
  <way id="931702100">
    <nd ref="3788542753"/>
    <nd ref="8637592488"/>
    <nd ref="8637592487"/>
    <nd ref="8637592486"/>
    <tag k="highway" v="residential"/>
    <tag k="source" v="maxar"/>
  </way>
  <way id="931702101">
    <nd ref="8637592490"/>
    <nd ref="8637592489"/>
    <tag k="highway" v="residential"/>
    <tag k="source" v="maxar"/>
  </way>
  <way id="931706840">
    <nd ref="3788542950"/>
    <nd ref="8637632279"/>
    <tag k="highway" v="residential"/>
    <tag k="source" v="maxar"/>
  </way>
  <way id="931706841">
    <nd ref="3793735148"/>
    <nd ref="3788543533"/>
    <nd ref="11107067166"/>
    <nd ref="11107067167"/>
    <nd ref="3788543523"/>
    <nd ref="11107067168"/>
    <nd ref="11107067169"/>
    <nd ref="11107067158"/>
    <nd ref="3788543471"/>
    <nd ref="11107067156"/>
    <tag k="highway" v="tertiary"/>
    <tag k="oneway" v="yes"/>
  </way>
  <way id="931706842">
    <nd ref="3788543188"/>
    <nd ref="3788543533"/>
    <tag k="highway" v="residential"/>
  </way>
  <way id="931706843">
    <nd ref="8637632286"/>
    <nd ref="8637632285"/>
    <tag k="highway" v="residential"/>
    <tag k="source" v="maxar"/>
  </way>
  <way id="931706844">
    <nd ref="3793735162"/>
    <nd ref="3793735147"/>
    <tag k="highway" v="residential"/>
    <tag k="source" v="maxar"/>
  </way>
  <way id="931706845">
    <nd ref="8637632296"/>
    <nd ref="8637632294"/>
    <nd ref="8637632293"/>
    <nd ref="11597432645"/>
    <nd ref="8637632292"/>
    <nd ref="8637632291"/>
    <nd ref="11593752728"/>
    <nd ref="8637632290"/>
    <tag k="highway" v="residential"/>
    <tag k="source" v="maxar"/>
  </way>
  <way id="931706851">
    <nd ref="8637632315"/>
    <nd ref="11226334746"/>
    <tag k="highway" v="residential"/>
    <tag k="source" v="maxar"/>
  </way>
  <way id="931706852">
    <nd ref="3792432908"/>
    <nd ref="8637642718"/>
    <tag k="highway" v="residential"/>
    <tag k="source" v="maxar"/>
  </way>
  <way id="931706853">
    <nd ref="3793671498"/>
    <nd ref="8637642718"/>
    <nd ref="8637642717"/>
    <nd ref="8637642719"/>
    <tag k="highway" v="residential"/>
    <tag k="source" v="maxar"/>
  </way>
  <way id="931706854">
    <nd ref="3793671553"/>
    <nd ref="11621682429"/>
    <nd ref="11621682426"/>
    <nd ref="8642294449"/>
    <nd ref="3792432935"/>
    <tag k="highway" v="residential"/>
    <tag k="source" v="maxar"/>
  </way>
  <way id="931709164">
    <nd ref="8637651263"/>
    <nd ref="8637651262"/>
    <tag k="highway" v="residential"/>
    <tag k="source" v="maxar"/>
  </way>
  <way id="931709165">
    <nd ref="8637651265"/>
    <nd ref="8637651264"/>
    <tag k="highway" v="residential"/>
    <tag k="source" v="maxar"/>
  </way>
  <way id="931709166">
    <nd ref="8637651270"/>
    <nd ref="8637651269"/>
    <nd ref="12401617418"/>
    <nd ref="8637651268"/>
    <nd ref="8637651267"/>
    <tag k="highway" v="residential"/>
    <tag k="source" v="maxar"/>
  </way>
  <way id="931709167">
    <nd ref="3788543544"/>
    <nd ref="8637651273"/>
    <nd ref="8637651272"/>
    <nd ref="8637651270"/>
    <nd ref="8637651271"/>
    <tag k="highway" v="residential"/>
    <tag k="source" v="maxar"/>
  </way>
  <way id="931709168">
    <nd ref="8637651277"/>
    <nd ref="8637651276"/>
    <tag k="highway" v="residential"/>
    <tag k="source" v="maxar"/>
  </way>
  <way id="931709169">
    <nd ref="8637651282"/>
    <nd ref="8637651285"/>
    <nd ref="8637651280"/>
    <nd ref="8637651281"/>
    <nd ref="8637651284"/>
    <nd ref="8637651283"/>
    <tag k="highway" v="residential"/>
    <tag k="source" v="maxar"/>
  </way>
  <way id="931709170">
    <nd ref="3788543092"/>
    <nd ref="8637651288"/>
    <nd ref="8637651287"/>
    <nd ref="8637651286"/>
    <tag k="highway" v="residential"/>
    <tag k="source" v="maxar"/>
  </way>
  <way id="931709171">
    <nd ref="3788541434"/>
    <nd ref="8637651289"/>
    <tag k="highway" v="residential"/>
    <tag k="source" v="maxar"/>
  </way>
  <way id="931709173">
    <nd ref="8637651292"/>
    <nd ref="8637651291"/>
    <tag k="highway" v="residential"/>
    <tag k="source" v="maxar"/>
  </way>
  <way id="931709174">
    <nd ref="8637651296"/>
    <nd ref="8642294518"/>
    <nd ref="8637651295"/>
    <tag k="highway" v="service"/>
    <tag k="source" v="maxar"/>
  </way>
  <way id="931709175">
    <nd ref="8637651298"/>
    <nd ref="8637651297"/>
    <tag k="highway" v="residential"/>
    <tag k="source" v="maxar"/>
  </way>
  <way id="931709176">
    <nd ref="8637651303"/>
    <nd ref="8637651302"/>
    <nd ref="8637651301"/>
    <nd ref="8637651300"/>
    <nd ref="8637651298"/>
    <nd ref="8642294489"/>
    <nd ref="8637651299"/>
    <tag k="highway" v="residential"/>
    <tag k="source" v="maxar"/>
  </way>
  <way id="931709177">
    <nd ref="8637651305"/>
    <nd ref="8637651304"/>
    <tag k="highway" v="residential"/>
    <tag k="source" v="maxar"/>
  </way>
  <way id="931709178">
    <nd ref="8637651307"/>
    <nd ref="8637651306"/>
    <tag k="highway" v="residential"/>
    <tag k="source" v="maxar"/>
  </way>
  <way id="931709179">
    <nd ref="8637651311"/>
    <nd ref="8637651308"/>
    <tag k="highway" v="residential"/>
    <tag k="source" v="maxar"/>
  </way>
  <way id="931709181">
    <nd ref="3788543149"/>
    <nd ref="3788543121"/>
    <nd ref="8637651314"/>
    <nd ref="8637651310"/>
    <nd ref="8642294498"/>
    <nd ref="8637651313"/>
    <nd ref="8637651312"/>
    <nd ref="8642294500"/>
    <nd ref="8642294499"/>
    <nd ref="8642294501"/>
    <nd ref="3788542681"/>
    <tag k="highway" v="residential"/>
    <tag k="source" v="maxar"/>
  </way>
  <way id="931709182">
    <nd ref="8637651316"/>
    <nd ref="8637651315"/>
    <tag k="highway" v="residential"/>
    <tag k="source" v="maxar"/>
  </way>
  <way id="931709183">
    <nd ref="8637664117"/>
    <nd ref="8637651316"/>
    <nd ref="3788541427"/>
    <tag k="highway" v="residential"/>
    <tag k="source" v="maxar"/>
  </way>
  <way id="931709184">
    <nd ref="8637664123"/>
    <nd ref="8637664121"/>
    <tag k="highway" v="residential"/>
    <tag k="source" v="maxar"/>
  </way>
  <way id="931709185">
    <nd ref="11204902696"/>
    <nd ref="8637664118"/>
    <tag k="highway" v="residential"/>
    <tag k="source" v="maxar"/>
  </way>
  <way id="931709186">
    <nd ref="3788541455"/>
    <nd ref="8637794849"/>
    <nd ref="8637664121"/>
    <nd ref="11204902695"/>
    <nd ref="3788542691"/>
    <tag k="highway" v="residential"/>
    <tag k="source" v="maxar"/>
  </way>
  <way id="931709187">
    <nd ref="3788543479"/>
    <nd ref="4757331754"/>
    <tag k="highway" v="residential"/>
    <tag k="source" v="maxar"/>
  </way>
  <way id="931709188">
    <nd ref="8637664138"/>
    <nd ref="8637664137"/>
    <tag k="highway" v="residential"/>
    <tag k="source" v="maxar"/>
  </way>
  <way id="931709189">
    <nd ref="8637664146"/>
    <nd ref="8637664145"/>
    <nd ref="8637664144"/>
    <nd ref="8637664143"/>
    <nd ref="8637664142"/>
    <nd ref="8637664140"/>
    <nd ref="8637664138"/>
    <tag k="highway" v="residential"/>
    <tag k="source" v="maxar"/>
  </way>
  <way id="931709190">
    <nd ref="8637664148"/>
    <nd ref="3788543093"/>
    <tag k="highway" v="residential"/>
    <tag k="source" v="maxar"/>
  </way>
  <way id="931709191">
    <nd ref="8637664150"/>
    <nd ref="11107015567"/>
    <tag k="highway" v="residential"/>
    <tag k="source" v="maxar"/>
  </way>
  <way id="931709192">
    <nd ref="14030364778"/>
    <nd ref="14030364784"/>
    <nd ref="3793731829"/>
    <nd ref="14030364772"/>
    <nd ref="3793731832"/>
    <tag k="highway" v="tertiary"/>
  </way>
  <way id="931709193">
    <nd ref="3793731832"/>
    <nd ref="14030364788"/>
    <nd ref="14030364771"/>
    <nd ref="14030364770"/>
    <nd ref="8635304014"/>
    <nd ref="3793731826"/>
    <tag k="highway" v="tertiary"/>
  </way>
  <way id="931709194">
    <nd ref="3779262381"/>
    <nd ref="3935277660"/>
    <nd ref="8635304004"/>
    <nd ref="8635303981"/>
    <nd ref="8635303974"/>
    <nd ref="8635304003"/>
    <nd ref="8635304002"/>
    <tag k="highway" v="residential"/>
    <tag k="oneway" v="yes"/>
    <tag k="source" v="maxar"/>
  </way>
  <way id="931709195">
    <nd ref="3789954127"/>
    <nd ref="8635304001"/>
    <nd ref="8635304018"/>
    <nd ref="11765778230"/>
    <nd ref="8635303991"/>
    <nd ref="3935258408"/>
    <nd ref="3935258409"/>
    <nd ref="3935258410"/>
    <nd ref="3935245646"/>
    <tag k="highway" v="residential"/>
    <tag k="oneway" v="yes"/>
  </way>
  <way id="931725373">
    <nd ref="14060748264"/>
    <nd ref="14060748263"/>
    <nd ref="14060748262"/>
    <nd ref="14060748261"/>
    <nd ref="14060748260"/>
    <nd ref="8637775762"/>
    <nd ref="8637775761"/>
    <tag k="highway" v="residential"/>
    <tag k="source" v="maxar"/>
  </way>
  <way id="931725375">
    <nd ref="3792433579"/>
    <nd ref="8637775773"/>
    <nd ref="8637775772"/>
    <nd ref="8637775771"/>
    <nd ref="3787304041"/>
    <tag k="highway" v="residential"/>
    <tag k="source" v="maxar"/>
  </way>
  <way id="931725376">
    <nd ref="8637642717"/>
    <nd ref="8637775776"/>
    <nd ref="8637775775"/>
    <nd ref="8642294446"/>
    <nd ref="8637775774"/>
    <nd ref="3793735237"/>
    <tag k="highway" v="residential"/>
    <tag k="source" v="maxar"/>
  </way>
  <way id="931725377">
    <nd ref="8637775783"/>
    <nd ref="8637775782"/>
    <nd ref="8637775781"/>
    <nd ref="8637775780"/>
    <nd ref="8637775779"/>
    <tag k="highway" v="residential"/>
    <tag k="source" v="maxar"/>
  </way>
  <way id="931725378">
    <nd ref="8637775791"/>
    <nd ref="8637775790"/>
    <nd ref="8637775789"/>
    <nd ref="8637775788"/>
    <nd ref="8637775787"/>
    <tag k="highway" v="residential"/>
    <tag k="source" v="maxar"/>
  </way>
  <way id="931725379">
    <nd ref="8637775793"/>
    <nd ref="8637775792"/>
    <tag k="highway" v="residential"/>
    <tag k="source" v="maxar"/>
  </way>
  <way id="931725380">
    <nd ref="8637775804"/>
    <nd ref="8637775797"/>
    <nd ref="8637775796"/>
    <nd ref="8637775795"/>
    <nd ref="8637775794"/>
    <tag k="highway" v="residential"/>
    <tag k="source" v="maxar"/>
  </way>
  <way id="931725381">
    <nd ref="11221754916"/>
    <nd ref="8637775798"/>
    <tag k="access" v="permissive"/>
    <tag k="highway" v="residential"/>
    <tag k="source" v="maxar"/>
  </way>
  <way id="931725382">
    <nd ref="8637775806"/>
    <nd ref="8637775804"/>
    <nd ref="3792433591"/>
    <tag k="highway" v="residential"/>
    <tag k="source" v="maxar"/>
  </way>
  <way id="931725384">
    <nd ref="8637775813"/>
    <nd ref="8637775812"/>
    <tag k="highway" v="residential"/>
    <tag k="source" v="maxar"/>
  </way>
  <way id="931725385">
    <nd ref="8637794817"/>
    <nd ref="8637775816"/>
    <nd ref="8637775815"/>
    <nd ref="8637775814"/>
    <tag k="highway" v="residential"/>
    <tag k="source" v="maxar"/>
  </way>
  <way id="931725386">
    <nd ref="3788543229"/>
    <nd ref="8637794821"/>
    <nd ref="8637794820"/>
    <nd ref="8637794819"/>
    <nd ref="8637794818"/>
    <tag k="highway" v="residential"/>
    <tag k="source" v="maxar"/>
  </way>
  <way id="931725387">
    <nd ref="8637794825"/>
    <nd ref="14060748254"/>
    <nd ref="8637794824"/>
    <nd ref="8637794818"/>
    <nd ref="3787305104"/>
    <tag k="highway" v="residential"/>
    <tag k="source" v="maxar"/>
  </way>
  <way id="931725388">
    <nd ref="8637794827"/>
    <nd ref="8642294473"/>
    <nd ref="8637794826"/>
    <tag k="highway" v="residential"/>
    <tag k="source" v="maxar"/>
  </way>
  <way id="931725389">
    <nd ref="8637794830"/>
    <nd ref="9739652640"/>
    <nd ref="8637794829"/>
    <tag k="highway" v="residential"/>
    <tag k="source" v="maxar"/>
  </way>
  <way id="931725390">
    <nd ref="8637794832"/>
    <nd ref="11770612493"/>
    <tag k="highway" v="residential"/>
    <tag k="source" v="maxar"/>
  </way>
  <way id="931725391">
    <nd ref="6968198686"/>
    <nd ref="9739652642"/>
    <nd ref="8637794833"/>
    <tag k="highway" v="residential"/>
    <tag k="source" v="maxar"/>
  </way>
  <way id="931725392">
    <nd ref="3787305276"/>
    <nd ref="3787305282"/>
    <nd ref="8637794834"/>
    <tag k="highway" v="residential"/>
    <tag k="source" v="maxar"/>
  </way>
  <way id="931725393">
    <nd ref="3792433195"/>
    <nd ref="11219316926"/>
    <nd ref="3792433193"/>
    <tag k="highway" v="residential"/>
    <tag k="source" v="maxar"/>
  </way>
  <way id="931725396">
    <nd ref="8637794845"/>
    <nd ref="8637794844"/>
    <nd ref="8637794840"/>
    <nd ref="8637794843"/>
    <nd ref="8637794839"/>
    <nd ref="8637794842"/>
    <nd ref="3787305113"/>
    <tag k="highway" v="residential"/>
    <tag k="source" v="maxar"/>
  </way>
  <way id="931725397">
    <nd ref="3787305111"/>
    <nd ref="8637794846"/>
    <tag k="highway" v="residential"/>
    <tag k="source" v="maxar"/>
  </way>
  <way id="931725398">
    <nd ref="8637794848"/>
    <nd ref="10310301735"/>
    <nd ref="10310301733"/>
    <nd ref="8637794847"/>
    <tag k="highway" v="service"/>
    <tag k="source" v="maxar"/>
  </way>
  <way id="931725399">
    <nd ref="8637794849"/>
    <nd ref="3788543083"/>
    <tag k="highway" v="residential"/>
    <tag k="source" v="maxar"/>
  </way>
  <way id="931725400">
    <nd ref="8637794850"/>
    <nd ref="8642294497"/>
    <nd ref="3788542694"/>
    <tag k="highway" v="residential"/>
    <tag k="source" v="maxar"/>
  </way>
  <way id="932260857">
    <nd ref="8642138398"/>
    <nd ref="8642138397"/>
    <tag k="highway" v="residential"/>
    <tag k="source" v="maxar"/>
  </way>
  <way id="932273575">
    <nd ref="8642294428"/>
    <nd ref="8642294427"/>
    <tag k="highway" v="residential"/>
    <tag k="source" v="maxar"/>
  </way>
  <way id="932273576">
    <nd ref="3792433575"/>
    <nd ref="11219320978"/>
    <nd ref="8642294429"/>
    <tag k="highway" v="residential"/>
    <tag k="source" v="maxar"/>
  </way>
  <way id="932273577">
    <nd ref="8642294434"/>
    <nd ref="8642294433"/>
    <nd ref="8642294432"/>
    <nd ref="8642294431"/>
    <nd ref="8642294430"/>
    <tag k="highway" v="residential"/>
    <tag k="source" v="maxar"/>
  </way>
  <way id="932273578">
    <nd ref="3787306672"/>
    <nd ref="8642294435"/>
    <tag k="access" v="permissive"/>
    <tag k="highway" v="residential"/>
    <tag k="source" v="maxar"/>
  </way>
  <way id="932273579">
    <nd ref="8642294445"/>
    <nd ref="8642294444"/>
    <nd ref="8642294443"/>
    <nd ref="8642294442"/>
    <nd ref="8642294441"/>
    <nd ref="8642294440"/>
    <nd ref="8642294439"/>
    <nd ref="8642294438"/>
    <nd ref="8642294437"/>
    <nd ref="8642294436"/>
    <nd ref="3787303998"/>
    <tag k="highway" v="residential"/>
    <tag k="source" v="maxar"/>
  </way>
  <way id="932273580">
    <nd ref="8642294448"/>
    <nd ref="8642294447"/>
    <tag k="highway" v="residential"/>
    <tag k="source" v="maxar"/>
  </way>
  <way id="932273581">
    <nd ref="8642294450"/>
    <nd ref="8642294449"/>
    <tag k="highway" v="residential"/>
    <tag k="source" v="maxar"/>
  </way>
  <way id="932273582">
    <nd ref="8642294458"/>
    <nd ref="8642294457"/>
    <nd ref="8642294456"/>
    <nd ref="8642294455"/>
    <nd ref="8642294454"/>
    <nd ref="8642294453"/>
    <tag k="highway" v="residential"/>
    <tag k="source" v="maxar"/>
  </way>
  <way id="932273583">
    <nd ref="8642294461"/>
    <nd ref="8642294460"/>
    <nd ref="8642294459"/>
    <tag k="highway" v="residential"/>
    <tag k="source" v="maxar"/>
  </way>
  <way id="932273585">
    <nd ref="8642294468"/>
    <nd ref="8642294467"/>
    <tag k="highway" v="residential"/>
    <tag k="source" v="maxar"/>
  </way>
  <way id="932273586">
    <nd ref="8642294470"/>
    <nd ref="8642294469"/>
    <tag k="highway" v="residential"/>
    <tag k="source" v="maxar"/>
  </way>
  <way id="932273587">
    <nd ref="8642294472"/>
    <nd ref="8642294471"/>
    <tag k="highway" v="residential"/>
    <tag k="source" v="maxar"/>
  </way>
  <way id="932273588">
    <nd ref="8642294474"/>
    <nd ref="8642294473"/>
    <tag k="highway" v="residential"/>
    <tag k="source" v="maxar"/>
  </way>
  <way id="932273589">
    <nd ref="8642294477"/>
    <nd ref="8642294476"/>
    <nd ref="8642294475"/>
    <tag k="highway" v="residential"/>
    <tag k="source" v="maxar"/>
  </way>
  <way id="932273590">
    <nd ref="8642294483"/>
    <nd ref="8642294482"/>
    <nd ref="8642294481"/>
    <nd ref="8642294480"/>
    <nd ref="8642294479"/>
    <nd ref="8642294478"/>
    <tag k="highway" v="residential"/>
    <tag k="source" v="maxar"/>
  </way>
  <way id="932273591">
    <nd ref="8642294484"/>
    <nd ref="3787305084"/>
    <tag k="highway" v="residential"/>
    <tag k="source" v="maxar"/>
  </way>
  <way id="932273592">
    <nd ref="3787305105"/>
    <nd ref="8642294485"/>
    <tag k="highway" v="residential"/>
    <tag k="source" v="maxar"/>
  </way>
  <way id="932273593">
    <nd ref="3787305091"/>
    <nd ref="8642294486"/>
    <tag k="highway" v="residential"/>
    <tag k="source" v="maxar"/>
  </way>
  <way id="932273594">
    <nd ref="8642294489"/>
    <nd ref="8642294488"/>
    <tag k="highway" v="residential"/>
    <tag k="source" v="maxar"/>
  </way>
  <way id="932273595">
    <nd ref="8642294491"/>
    <nd ref="8642294490"/>
    <tag k="highway" v="residential"/>
    <tag k="source" v="maxar"/>
  </way>
  <way id="932273596">
    <nd ref="8642294493"/>
    <nd ref="8642294490"/>
    <nd ref="8642294492"/>
    <tag k="highway" v="residential"/>
    <tag k="source" v="maxar"/>
  </way>
  <way id="932273597">
    <nd ref="8642294494"/>
    <nd ref="3788541446"/>
    <tag k="highway" v="residential"/>
    <tag k="source" v="maxar"/>
  </way>
  <way id="932273598">
    <nd ref="8642294495"/>
    <nd ref="3788541447"/>
    <tag k="highway" v="residential"/>
    <tag k="source" v="maxar"/>
  </way>
  <way id="932273599">
    <nd ref="8642294497"/>
    <nd ref="8642294496"/>
    <tag k="highway" v="residential"/>
    <tag k="source" v="maxar"/>
  </way>
  <way id="932273600">
    <nd ref="8642294501"/>
    <nd ref="8637651311"/>
    <nd ref="8637651309"/>
    <nd ref="3788543118"/>
    <tag k="highway" v="residential"/>
    <tag k="source" v="maxar"/>
  </way>
  <way id="932273601">
    <nd ref="8642294503"/>
    <nd ref="8642294502"/>
    <tag k="highway" v="residential"/>
    <tag k="source" v="maxar"/>
  </way>
  <way id="932273602">
    <nd ref="8642294509"/>
    <nd ref="8642294508"/>
    <tag k="highway" v="residential"/>
    <tag k="source" v="maxar"/>
  </way>
  <way id="932273603">
    <nd ref="8642294511"/>
    <nd ref="8642294510"/>
    <tag k="highway" v="residential"/>
    <tag k="source" v="maxar"/>
  </way>
  <way id="932273604">
    <nd ref="8642294513"/>
    <nd ref="8642294512"/>
    <tag k="highway" v="residential"/>
    <tag k="source" v="maxar"/>
  </way>
  <way id="932273605">
    <nd ref="8642294515"/>
    <nd ref="8642294514"/>
    <tag k="highway" v="residential"/>
    <tag k="source" v="maxar"/>
  </way>
  <way id="932273606">
    <nd ref="8642294516"/>
    <nd ref="3793735108"/>
    <tag k="highway" v="residential"/>
    <tag k="source" v="maxar"/>
  </way>
  <way id="932273607">
    <nd ref="8642294517"/>
    <nd ref="11206853325"/>
    <tag k="highway" v="residential"/>
    <tag k="source" v="maxar"/>
  </way>
  <way id="932273608">
    <nd ref="8642294523"/>
    <nd ref="8642294522"/>
    <nd ref="8642294521"/>
    <nd ref="8642294520"/>
    <nd ref="8642294519"/>
    <nd ref="8642294518"/>
    <tag k="highway" v="service"/>
    <tag k="source" v="maxar"/>
  </way>
  <way id="932286024">
    <nd ref="8642418141"/>
    <nd ref="8642418140"/>
    <tag k="highway" v="residential"/>
    <tag k="source" v="maxar"/>
  </way>
  <way id="932286026">
    <nd ref="8642418145"/>
    <nd ref="8642418144"/>
    <tag k="highway" v="residential"/>
    <tag k="source" v="maxar"/>
  </way>
  <way id="932286027">
    <nd ref="8642418147"/>
    <nd ref="8642418146"/>
    <tag k="highway" v="residential"/>
    <tag k="source" v="maxar"/>
  </way>
  <way id="932286028">
    <nd ref="8642418150"/>
    <nd ref="8642418149"/>
    <tag k="highway" v="residential"/>
    <tag k="source" v="maxar"/>
  </way>
  <way id="932286030">
    <nd ref="8642418155"/>
    <nd ref="8642418154"/>
    <tag k="highway" v="residential"/>
    <tag k="source" v="maxar"/>
  </way>
  <way id="932286031">
    <nd ref="8642418157"/>
    <nd ref="8642418156"/>
    <tag k="highway" v="residential"/>
    <tag k="source" v="maxar"/>
  </way>
  <way id="932286032">
    <nd ref="8642418163"/>
    <nd ref="8642418162"/>
    <nd ref="8642418161"/>
    <nd ref="8642418160"/>
    <nd ref="8642418159"/>
    <nd ref="8642418158"/>
    <tag k="highway" v="residential"/>
    <tag k="source" v="maxar"/>
  </way>
  <way id="932364067">
    <nd ref="8643083616"/>
    <nd ref="3779216015"/>
    <nd ref="8643083615"/>
    <tag k="highway" v="residential"/>
    <tag k="source" v="maxar"/>
  </way>
  <way id="932364068">
    <nd ref="8643101523"/>
    <nd ref="8643101521"/>
    <nd ref="8643101522"/>
    <tag k="highway" v="residential"/>
    <tag k="source" v="maxar"/>
  </way>
  <way id="932364069">
    <nd ref="8643101519"/>
    <nd ref="8643101517"/>
    <nd ref="8643101518"/>
    <tag k="highway" v="residential"/>
    <tag k="source" v="maxar"/>
  </way>
  <way id="932364070">
    <nd ref="8643101521"/>
    <nd ref="8643101518"/>
    <nd ref="8643101520"/>
    <tag k="highway" v="residential"/>
    <tag k="source" v="maxar"/>
  </way>
  <way id="932364072">
    <nd ref="8643101526"/>
    <nd ref="9739664240"/>
    <nd ref="8643101525"/>
    <tag k="highway" v="residential"/>
    <tag k="source" v="maxar"/>
  </way>
  <way id="932364080">
    <nd ref="3779262256"/>
    <nd ref="8643101544"/>
    <tag k="highway" v="residential"/>
    <tag k="source" v="maxar"/>
  </way>
  <way id="932364081">
    <nd ref="8643101545"/>
    <nd ref="3779262199"/>
    <tag k="highway" v="residential"/>
    <tag k="source" v="maxar"/>
  </way>
  <way id="934430114">
    <nd ref="8660158353"/>
    <nd ref="8660158354"/>
    <tag k="highway" v="service"/>
  </way>
  <way id="934430115">
    <nd ref="8660158355"/>
    <nd ref="10592150373"/>
    <nd ref="8660158356"/>
    <nd ref="8660158357"/>
    <nd ref="8660158358"/>
    <nd ref="11766114028"/>
    <nd ref="8660158359"/>
    <nd ref="8660158360"/>
    <nd ref="10592150371"/>
    <nd ref="8660158361"/>
    <tag k="highway" v="residential"/>
    <tag k="surface" v="unpaved"/>
  </way>
  <way id="934430116">
    <nd ref="8660158363"/>
    <nd ref="10592150364"/>
    <nd ref="8660158366"/>
    <nd ref="8660158367"/>
    <nd ref="8660158368"/>
    <tag k="highway" v="residential"/>
  </way>
  <way id="1060079414">
    <nd ref="9739652640"/>
    <nd ref="3787292450"/>
    <tag k="highway" v="residential"/>
    <tag k="source" v="digitalglobe"/>
  </way>
  <way id="1060079415">
    <nd ref="3787305294"/>
    <nd ref="11593598203"/>
    <tag k="highway" v="residential"/>
    <tag k="source" v="digitalglobe"/>
  </way>
  <way id="1060079416">
    <nd ref="9739652642"/>
    <nd ref="9739652643"/>
    <tag k="highway" v="residential"/>
    <tag k="source" v="digitalglobe"/>
  </way>
  <way id="1060079418">
    <nd ref="3787305135"/>
    <nd ref="9739652652"/>
    <tag k="highway" v="residential"/>
    <tag k="source" v="digitalglobe"/>
  </way>
  <way id="1060079419">
    <nd ref="9739652653"/>
    <nd ref="9739652654"/>
    <nd ref="9739652655"/>
    <nd ref="9739652656"/>
    <tag k="highway" v="residential"/>
    <tag k="source" v="digitalglobe"/>
  </way>
  <way id="1060079420">
    <nd ref="11080836060"/>
    <nd ref="9739652659"/>
    <tag k="access" v="private"/>
    <tag k="highway" v="residential"/>
    <tag k="source" v="digitalglobe"/>
  </way>
  <way id="1060079424">
    <nd ref="3935240030"/>
    <nd ref="3935245640"/>
    <tag k="highway" v="residential"/>
    <tag k="source" v="digitalglobe"/>
  </way>
  <way id="1060079425">
    <nd ref="3789953685"/>
    <nd ref="9739652672"/>
    <nd ref="9739652673"/>
    <nd ref="9739652674"/>
    <tag k="highway" v="residential"/>
    <tag k="source" v="digitalglobe"/>
  </way>
  <way id="1060079438">
    <nd ref="9739664222"/>
    <nd ref="13610929229"/>
    <nd ref="9739664223"/>
    <tag k="highway" v="residential"/>
    <tag k="source" v="digitalglobe"/>
  </way>
  <way id="1060079439">
    <nd ref="3787306657"/>
    <nd ref="9739664224"/>
    <nd ref="9739664225"/>
    <nd ref="9739664226"/>
    <tag k="highway" v="residential"/>
    <tag k="source" v="digitalglobe"/>
  </way>
  <way id="1060079444">
    <nd ref="9739664240"/>
    <nd ref="3779262197"/>
    <tag k="highway" v="residential"/>
    <tag k="source" v="digitalglobe"/>
  </way>
  <way id="1060079445">
    <nd ref="3779262192"/>
    <nd ref="9739664243"/>
    <nd ref="9739664244"/>
    <tag k="highway" v="residential"/>
    <tag k="source" v="digitalglobe"/>
  </way>
  <way id="1066407927">
    <nd ref="3787305579"/>
    <nd ref="9792463948"/>
    <nd ref="9792463949"/>
    <nd ref="9792463950"/>
    <nd ref="9792463951"/>
    <nd ref="9792463952"/>
    <nd ref="9792463953"/>
    <nd ref="9792463954"/>
    <nd ref="9792463955"/>
    <nd ref="9792463956"/>
    <nd ref="9792463957"/>
    <nd ref="9792463958"/>
    <nd ref="9792463959"/>
    <nd ref="9792463960"/>
    <nd ref="9792463961"/>
    <nd ref="9792463962"/>
    <tag k="highway" v="residential"/>
  </way>
  <way id="1066407928">
    <nd ref="9792463958"/>
    <nd ref="9792463963"/>
    <nd ref="9792463964"/>
    <nd ref="9792463965"/>
    <nd ref="9792463948"/>
    <tag k="highway" v="residential"/>
  </way>
  <way id="1066407929">
    <nd ref="9792463954"/>
    <nd ref="9792463966"/>
    <nd ref="9792463967"/>
    <tag k="highway" v="residential"/>
  </way>
  <way id="1069462484">
    <nd ref="3783217205"/>
    <nd ref="9816227426"/>
    <nd ref="9816227427"/>
    <tag k="access" v="private"/>
    <tag k="highway" v="service"/>
  </way>
  <way id="1075031593">
    <nd ref="3788543214"/>
    <nd ref="3788543208"/>
    <tag k="highway" v="residential"/>
    <tag k="source" v="maxar"/>
  </way>
  <way id="1080181010">
    <nd ref="3788543536"/>
    <nd ref="9901112306"/>
    <tag k="highway" v="residential"/>
    <tag k="source" v="maxar"/>
  </way>
  <way id="1081121937">
    <nd ref="9909274618"/>
    <nd ref="9909269316"/>
    <tag k="highway" v="residential"/>
    <tag k="oneway" v="no"/>
  </way>
  <way id="1103785573">
    <nd ref="8637664175"/>
    <nd ref="10100629356"/>
    <tag k="highway" v="residential"/>
  </way>
  <way id="1118901781">
    <nd ref="10233024940"/>
    <nd ref="10233024941"/>
    <nd ref="10233024942"/>
    <nd ref="11098811025"/>
    <nd ref="8660158363"/>
    <nd ref="3793679961"/>
    <nd ref="11098811024"/>
    <nd ref="11098811023"/>
    <nd ref="10233024943"/>
    <nd ref="10233024944"/>
    <nd ref="10233024949"/>
    <nd ref="10233024945"/>
    <nd ref="10233024948"/>
    <nd ref="10233024947"/>
    <nd ref="11104607932"/>
    <nd ref="8120330793"/>
    <tag k="highway" v="tertiary"/>
    <tag k="oneway" v="yes"/>
  </way>
  <way id="1118901782">
    <nd ref="3792433178"/>
    <nd ref="11226344145"/>
    <nd ref="11098811027"/>
    <nd ref="11098811026"/>
    <nd ref="10233024950"/>
    <tag k="highway" v="tertiary"/>
    <tag k="oneway" v="yes"/>
  </way>
  <way id="1118901783">
    <nd ref="3793680025"/>
    <nd ref="3793680018"/>
    <nd ref="3793680014"/>
    <nd ref="3792433558"/>
    <nd ref="11226344144"/>
    <nd ref="3792433187"/>
    <nd ref="3792433180"/>
    <nd ref="3792433179"/>
    <nd ref="3792433178"/>
    <tag k="highway" v="residential"/>
  </way>
  <way id="1127681973">
    <nd ref="10310301733"/>
    <nd ref="10310301734"/>
    <tag k="highway" v="residential"/>
  </way>
  <way id="1127681974">
    <nd ref="10310301735"/>
    <nd ref="10310301736"/>
    <tag k="highway" v="residential"/>
  </way>
  <way id="1127681975">
    <nd ref="3793731850"/>
    <nd ref="10310301737"/>
    <nd ref="10310301736"/>
    <nd ref="10310301734"/>
    <nd ref="3793734962"/>
    <nd ref="10310301738"/>
    <nd ref="3793734983"/>
    <tag k="highway" v="residential"/>
    <tag k="source" v="maxar"/>
  </way>
  <way id="1132704003">
    <nd ref="6738451263"/>
    <nd ref="8634324658"/>
    <tag k="highway" v="trunk"/>
    <tag k="oneway" v="yes"/>
    <tag k="ref" v="NH52"/>
  </way>
  <way id="1134735560">
    <nd ref="10578470434"/>
    <nd ref="10578470435"/>
    <tag k="highway" v="residential"/>
    <tag k="source" v="maxar"/>
  </way>
  <way id="1134735561">
    <nd ref="10578470436"/>
    <nd ref="10578470437"/>
    <nd ref="10578470438"/>
    <tag k="highway" v="residential"/>
  </way>
  <way id="1136245562">
    <nd ref="10592150371"/>
    <nd ref="11766114022"/>
    <nd ref="10592150370"/>
    <tag k="highway" v="residential"/>
    <tag k="surface" v="unpaved"/>
  </way>
  <way id="1139113705">
    <nd ref="10617420718"/>
    <nd ref="10617420719"/>
    <tag k="highway" v="residential"/>
  </way>
  <way id="1142241272">
    <nd ref="3787304005"/>
    <nd ref="10637913923"/>
    <tag k="highway" v="residential"/>
  </way>
  <way id="1191967892">
    <nd ref="3788541427"/>
    <nd ref="3788543052"/>
    <tag k="highway" v="residential"/>
  </way>
  <way id="1192909263">
    <nd ref="11073095441"/>
    <nd ref="11073095442"/>
    <tag k="highway" v="residential"/>
  </way>
  <way id="1192914091">
    <nd ref="11073133527"/>
    <nd ref="11073133528"/>
    <tag k="highway" v="residential"/>
  </way>
  <way id="1193440045">
    <nd ref="3793735193"/>
    <nd ref="3793735187"/>
    <tag k="highway" v="residential"/>
  </way>
  <way id="1193747286">
    <nd ref="3793735005"/>
    <nd ref="9739652658"/>
    <nd ref="11080836060"/>
    <tag k="highway" v="residential"/>
    <tag k="source" v="digitalglobe"/>
  </way>
  <way id="1193747290">
    <nd ref="3935245649"/>
    <nd ref="3935240041"/>
    <nd ref="3935240038"/>
    <nd ref="3935245647"/>
    <nd ref="3935240036"/>
    <nd ref="3935240035"/>
    <nd ref="3935240034"/>
    <nd ref="3935240031"/>
    <nd ref="3935240030"/>
    <tag k="highway" v="residential"/>
    <tag k="surface" v="unpaved"/>
  </way>
  <way id="1193747291">
    <nd ref="3935240040"/>
    <nd ref="3935240034"/>
    <tag k="highway" v="residential"/>
    <tag k="surface" v="unpaved"/>
  </way>
  <way id="1195996832">
    <nd ref="11098811025"/>
    <nd ref="3793680013"/>
    <tag k="highway" v="residential"/>
  </way>
  <way id="1196694888">
    <nd ref="3792433595"/>
    <nd ref="11104047342"/>
    <nd ref="3792433588"/>
    <tag k="highway" v="residential"/>
    <tag k="source" v="maxar"/>
  </way>
  <way id="1196702431">
    <nd ref="8637775777"/>
    <nd ref="11104113075"/>
    <tag k="highway" v="residential"/>
    <tag k="source" v="maxar"/>
  </way>
  <way id="1196702596">
    <nd ref="11104099692"/>
    <nd ref="8637592485"/>
    <tag k="highway" v="residential"/>
    <tag k="source" v="maxar"/>
  </way>
  <way id="1196702862">
    <nd ref="3792433169"/>
    <nd ref="11104142148"/>
    <nd ref="11104142149"/>
    <nd ref="11104142150"/>
    <nd ref="3793679978"/>
    <tag k="highway" v="residential"/>
    <tag k="source" v="maxar"/>
    <tag k="surface" v="unpaved"/>
  </way>
  <way id="1196703121">
    <nd ref="3787250004"/>
    <nd ref="11104145924"/>
    <tag k="highway" v="residential"/>
    <tag k="source" v="maxar"/>
  </way>
  <way id="1196703276">
    <nd ref="11104142095"/>
    <nd ref="11104142096"/>
    <nd ref="11104142097"/>
    <tag k="highway" v="residential"/>
    <tag k="source" v="maxar"/>
    <tag k="surface" v="unpaved"/>
  </way>
  <way id="1196703729">
    <nd ref="11104153718"/>
    <nd ref="8637651273"/>
    <tag k="highway" v="residential"/>
  </way>
  <way id="1196703970">
    <nd ref="3788543517"/>
    <nd ref="3788543494"/>
    <tag k="highway" v="residential"/>
    <tag k="source" v="maxar"/>
  </way>
  <way id="1196704149">
    <nd ref="11104148130"/>
    <nd ref="11104148131"/>
    <tag k="highway" v="residential"/>
    <tag k="source" v="maxar"/>
  </way>
  <way id="1196704517">
    <nd ref="3788543257"/>
    <nd ref="3788543162"/>
    <tag k="highway" v="residential"/>
    <tag k="source" v="maxar"/>
  </way>
  <way id="1196709143">
    <nd ref="11226356044"/>
    <nd ref="11104216316"/>
    <tag k="highway" v="residential"/>
    <tag k="source" v="maxar"/>
  </way>
  <way id="1196709144">
    <nd ref="11104216318"/>
    <nd ref="11104216317"/>
    <tag k="highway" v="residential"/>
    <tag k="source" v="maxar"/>
  </way>
  <way id="1196709989">
    <nd ref="11104156233"/>
    <nd ref="11104156235"/>
    <nd ref="11104156232"/>
    <tag k="access" v="private"/>
    <tag k="highway" v="service"/>
    <tag k="source" v="maxar"/>
  </way>
  <way id="1196710274">
    <nd ref="11104189687"/>
    <nd ref="8635214127"/>
    <tag k="highway" v="residential"/>
    <tag k="source" v="maxar"/>
  </way>
  <way id="1196710622">
    <nd ref="3779262184"/>
    <nd ref="11104106400"/>
    <tag k="highway" v="residential"/>
    <tag k="source" v="maxar"/>
  </way>
  <way id="1196710936">
    <nd ref="3789953735"/>
    <nd ref="11104160968"/>
    <tag k="highway" v="residential"/>
    <tag k="source" v="maxar"/>
  </way>
  <way id="1196710937">
    <nd ref="11104160970"/>
    <nd ref="11104160969"/>
    <tag k="highway" v="residential"/>
    <tag k="source" v="maxar"/>
  </way>
  <way id="1196767661">
    <nd ref="8120330793"/>
    <nd ref="10233024946"/>
    <tag k="highway" v="tertiary"/>
    <tag k="oneway" v="no"/>
  </way>
  <way id="1196996425">
    <nd ref="3788541420"/>
    <nd ref="8637664127"/>
    <nd ref="8637664126"/>
    <nd ref="3788541431"/>
    <tag k="highway" v="residential"/>
  </way>
  <way id="1196996426">
    <nd ref="3788542708"/>
    <nd ref="3788542705"/>
    <tag k="highway" v="residential"/>
  </way>
  <way id="1196996427">
    <nd ref="3788543162"/>
    <nd ref="3788542742"/>
    <tag k="highway" v="residential"/>
  </way>
  <way id="1196999371">
    <nd ref="11107067156"/>
    <nd ref="3788543173"/>
    <nd ref="3788542684"/>
    <tag k="highway" v="residential"/>
    <tag k="source" v="DigitalGlobe-Standard"/>
  </way>
  <way id="1196999372">
    <nd ref="3788543118"/>
    <nd ref="11107067165"/>
    <tag k="highway" v="residential"/>
    <tag k="source" v="DigitalGlobe-Standard"/>
  </way>
  <way id="1196999373">
    <nd ref="11107067165"/>
    <nd ref="11107067156"/>
    <tag k="highway" v="tertiary"/>
    <tag k="source" v="DigitalGlobe-Standard"/>
  </way>
  <way id="1198912210">
    <nd ref="5481836908"/>
    <nd ref="14053765738"/>
    <nd ref="14053765730"/>
    <nd ref="14053765729"/>
    <nd ref="14053765728"/>
    <nd ref="14053765727"/>
    <nd ref="14053765726"/>
    <nd ref="14053765724"/>
    <nd ref="11763369335"/>
    <nd ref="3788542986"/>
    <nd ref="3788542988"/>
    <nd ref="11593708389"/>
    <nd ref="3788542992"/>
    <nd ref="10100629356"/>
    <nd ref="3788542990"/>
    <nd ref="3788542985"/>
    <nd ref="3788542982"/>
    <nd ref="3788542980"/>
    <nd ref="3788542978"/>
    <tag k="highway" v="tertiary"/>
    <tag k="oneway" v="yes"/>
  </way>
  <way id="1198912211">
    <nd ref="3788542978"/>
    <nd ref="3788542961"/>
    <nd ref="8635214133"/>
    <tag k="highway" v="residential"/>
  </way>
  <way id="1198912212">
    <nd ref="8637664164"/>
    <nd ref="8637664176"/>
    <nd ref="8637664175"/>
    <nd ref="8637664174"/>
    <nd ref="8637664173"/>
    <nd ref="8637664172"/>
    <nd ref="11763369334"/>
    <nd ref="8620229088"/>
    <nd ref="14053292829"/>
    <nd ref="14053765731"/>
    <nd ref="14053765725"/>
    <nd ref="14053765732"/>
    <nd ref="14053765733"/>
    <nd ref="14053765734"/>
    <nd ref="8665470548"/>
    <tag k="highway" v="tertiary"/>
    <tag k="oneway" v="yes"/>
    <tag k="source" v="maxar"/>
  </way>
  <way id="1203921310">
    <nd ref="8634324682"/>
    <nd ref="11158884462"/>
    <tag k="highway" v="residential"/>
    <tag k="source" v="maxar"/>
  </way>
  <way id="1204122663">
    <nd ref="3788543484"/>
    <nd ref="3788543487"/>
    <nd ref="3788543494"/>
    <tag k="highway" v="residential"/>
    <tag k="source" v="DigitalGlobe-Standard"/>
  </way>
  <way id="1204834988">
    <nd ref="11166505824"/>
    <nd ref="11593723709"/>
    <nd ref="11593723718"/>
    <nd ref="8635214134"/>
    <tag k="highway" v="residential"/>
  </way>
  <way id="1207323444">
    <nd ref="7090378391"/>
    <nd ref="7090378388"/>
    <nd ref="3783103790"/>
    <tag k="highway" v="tertiary"/>
    <tag k="name" v="Nirman Nagar Road"/>
    <tag k="oneway" v="yes"/>
  </way>
  <way id="1209271990">
    <nd ref="11204111420"/>
    <nd ref="11204111421"/>
    <nd ref="11204111422"/>
    <nd ref="11204111423"/>
    <tag k="highway" v="residential"/>
  </way>
  <way id="1209357647">
    <nd ref="8637664128"/>
    <nd ref="8620447036"/>
    <tag k="highway" v="residential"/>
  </way>
  <way id="1209936461">
    <nd ref="8635303998"/>
    <nd ref="11209354648"/>
    <nd ref="3935258406"/>
    <tag k="highway" v="residential"/>
  </way>
  <way id="1209945798">
    <nd ref="11209387131"/>
    <nd ref="11209387132"/>
    <nd ref="11209387133"/>
    <tag k="highway" v="residential"/>
  </way>
  <way id="1209950746">
    <nd ref="11209439233"/>
    <nd ref="11209439234"/>
    <tag k="highway" v="residential"/>
  </way>
  <way id="1209950966">
    <nd ref="11209422536"/>
    <nd ref="3783260054"/>
    <tag k="highway" v="residential"/>
  </way>
  <way id="1209950967">
    <nd ref="11209479337"/>
    <nd ref="11209479338"/>
    <tag k="highway" v="residential"/>
  </way>
  <way id="1209953393">
    <nd ref="11209489571"/>
    <nd ref="11209489572"/>
    <tag k="highway" v="service"/>
  </way>
  <way id="1209953516">
    <nd ref="8634324622"/>
    <nd ref="11209415522"/>
    <tag k="highway" v="residential"/>
  </way>
  <way id="1209953517">
    <nd ref="8634324622"/>
    <nd ref="3780960562"/>
    <tag k="highway" v="residential"/>
  </way>
  <way id="1209953518">
    <nd ref="2696139394"/>
    <nd ref="3780960562"/>
    <tag k="highway" v="tertiary"/>
    <tag k="name" v="Gautam Marg"/>
    <tag k="oneway" v="yes"/>
  </way>
  <way id="1209955742">
    <nd ref="8634407647"/>
    <nd ref="11209528257"/>
    <tag k="highway" v="service"/>
  </way>
  <way id="1209961160">
    <nd ref="11209562560"/>
    <nd ref="11209562561"/>
    <nd ref="11209562562"/>
    <tag k="highway" v="residential"/>
  </way>
  <way id="1209961240">
    <nd ref="11209571534"/>
    <nd ref="11209571535"/>
    <tag k="highway" v="residential"/>
  </way>
  <way id="1209962007">
    <nd ref="11209574198"/>
    <nd ref="11209574199"/>
    <nd ref="11209574214"/>
    <nd ref="11209574210"/>
    <nd ref="11209574212"/>
    <nd ref="11209574200"/>
    <nd ref="11209574203"/>
    <nd ref="11209574206"/>
    <nd ref="11209574208"/>
    <nd ref="11209574204"/>
    <nd ref="11209574201"/>
    <nd ref="11209574202"/>
    <tag k="highway" v="residential"/>
  </way>
  <way id="1209962008">
    <nd ref="11209574205"/>
    <nd ref="11209574206"/>
    <tag k="highway" v="residential"/>
  </way>
  <way id="1209962009">
    <nd ref="11209574207"/>
    <nd ref="11209574208"/>
    <tag k="highway" v="residential"/>
  </way>
  <way id="1209965862">
    <nd ref="11209572891"/>
    <nd ref="11209572892"/>
    <tag k="highway" v="residential"/>
  </way>
  <way id="1209965863">
    <nd ref="11209572893"/>
    <nd ref="11209572894"/>
    <tag k="highway" v="residential"/>
  </way>
  <way id="1209965864">
    <nd ref="3780958368"/>
    <nd ref="11209572896"/>
    <tag k="highway" v="residential"/>
  </way>
  <way id="1209995415">
    <nd ref="11209825457"/>
    <nd ref="11209825458"/>
    <tag k="highway" v="service"/>
  </way>
  <way id="1209996046">
    <nd ref="11209856509"/>
    <nd ref="11209856517"/>
    <tag k="highway" v="service"/>
  </way>
  <way id="1209996384">
    <nd ref="11209866806"/>
    <nd ref="3788668092"/>
    <nd ref="11209866807"/>
    <tag k="highway" v="residential"/>
  </way>
  <way id="1209996608">
    <nd ref="11209863791"/>
    <nd ref="11209863792"/>
    <tag k="highway" v="residential"/>
  </way>
  <way id="1209996984">
    <nd ref="11209859942"/>
    <nd ref="3788668114"/>
    <tag k="highway" v="residential"/>
  </way>
  <way id="1209996985">
    <nd ref="3788668109"/>
    <nd ref="11209859943"/>
    <tag k="highway" v="residential"/>
  </way>
  <way id="1209997678">
    <nd ref="11209863036"/>
    <nd ref="11209879737"/>
    <tag k="highway" v="residential"/>
  </way>
  <way id="1209997679">
    <nd ref="11209879738"/>
    <nd ref="11209879739"/>
    <tag k="highway" v="residential"/>
  </way>
  <way id="1209997991">
    <nd ref="11209875523"/>
    <nd ref="4766885839"/>
    <nd ref="11209875524"/>
    <tag k="highway" v="residential"/>
  </way>
  <way id="1209998679">
    <nd ref="11209860886"/>
    <nd ref="11209860887"/>
    <tag k="highway" v="service"/>
  </way>
  <way id="1209999293">
    <nd ref="11209892837"/>
    <nd ref="11209892838"/>
    <nd ref="11209892839"/>
    <nd ref="11209892840"/>
    <nd ref="11209892841"/>
    <nd ref="11209892842"/>
    <nd ref="11209892843"/>
    <nd ref="11209892844"/>
    <nd ref="11209892845"/>
    <nd ref="11209892846"/>
    <nd ref="11209892847"/>
    <nd ref="11209892848"/>
    <nd ref="11209892849"/>
    <nd ref="11209892850"/>
    <nd ref="11209892851"/>
    <nd ref="11209892852"/>
    <nd ref="11209892853"/>
    <nd ref="11209892854"/>
    <nd ref="11209892855"/>
    <nd ref="11209892856"/>
    <nd ref="11209892857"/>
    <nd ref="11209892858"/>
    <nd ref="11209892859"/>
    <nd ref="11209892860"/>
    <nd ref="11209892861"/>
    <nd ref="11209892838"/>
    <tag k="highway" v="service"/>
  </way>
  <way id="1210000664">
    <nd ref="11209882184"/>
    <nd ref="11209882185"/>
    <tag k="highway" v="residential"/>
  </way>
  <way id="1210000665">
    <nd ref="11209882186"/>
    <nd ref="11209882187"/>
    <tag k="highway" v="residential"/>
  </way>
  <way id="1210000847">
    <nd ref="9739652653"/>
    <nd ref="11209891219"/>
    <tag k="highway" v="service"/>
  </way>
  <way id="1210001034">
    <nd ref="11209901913"/>
    <nd ref="11209901914"/>
    <nd ref="11209901915"/>
    <tag k="highway" v="residential"/>
  </way>
  <way id="1210001035">
    <nd ref="11209901916"/>
    <nd ref="11209901917"/>
    <tag k="highway" v="residential"/>
  </way>
  <way id="1210001838">
    <nd ref="11209895548"/>
    <nd ref="11209895549"/>
    <nd ref="11209895550"/>
    <nd ref="11209895551"/>
    <nd ref="11209895552"/>
    <nd ref="11209895553"/>
    <nd ref="11209895554"/>
    <nd ref="11209895555"/>
    <nd ref="11209895556"/>
    <nd ref="11209895557"/>
    <nd ref="11209895558"/>
    <tag k="highway" v="residential"/>
  </way>
  <way id="1210009120">
    <nd ref="6868540506"/>
    <nd ref="11209966636"/>
    <nd ref="11209966635"/>
    <nd ref="8620384777"/>
    <tag k="highway" v="residential"/>
  </way>
  <way id="1210014450">
    <nd ref="11209970699"/>
    <nd ref="11209970700"/>
    <nd ref="11209970701"/>
    <nd ref="11209970702"/>
    <nd ref="11209970703"/>
    <nd ref="11209970704"/>
    <nd ref="11209970705"/>
    <nd ref="11209970706"/>
    <nd ref="11209970707"/>
    <nd ref="11209970708"/>
    <nd ref="11209970709"/>
    <nd ref="11209970710"/>
    <nd ref="11209970711"/>
    <nd ref="11209970712"/>
    <nd ref="11209970713"/>
    <nd ref="11209970714"/>
    <nd ref="11209970715"/>
    <nd ref="11209970716"/>
    <nd ref="11209970717"/>
    <nd ref="11209970718"/>
    <nd ref="11209970719"/>
    <nd ref="11209970720"/>
    <nd ref="11209970721"/>
    <nd ref="11209970722"/>
    <nd ref="11209970728"/>
    <nd ref="11210007937"/>
    <nd ref="11209970723"/>
    <nd ref="11209970724"/>
    <nd ref="11209970725"/>
    <nd ref="11209970726"/>
    <nd ref="11209970727"/>
    <nd ref="11209970700"/>
    <tag k="highway" v="service"/>
  </way>
  <way id="1210014451">
    <nd ref="11209970728"/>
    <nd ref="11209970729"/>
    <nd ref="11209970730"/>
    <nd ref="11209970731"/>
    <nd ref="11209970732"/>
    <nd ref="11209970733"/>
    <nd ref="11209970734"/>
    <nd ref="11209970735"/>
    <nd ref="11209970736"/>
    <nd ref="11210007937"/>
    <tag k="highway" v="service"/>
  </way>
  <way id="1210014452">
    <nd ref="11209970723"/>
    <nd ref="11210007938"/>
    <tag k="highway" v="service"/>
  </way>
  <way id="1210014453">
    <nd ref="11209970723"/>
    <nd ref="11210007939"/>
    <nd ref="11210007940"/>
    <nd ref="11210007941"/>
    <nd ref="11210007942"/>
    <tag k="highway" v="service"/>
  </way>
  <way id="1210014736">
    <nd ref="11210000261"/>
    <nd ref="11617790700"/>
    <nd ref="11617790702"/>
    <nd ref="11617790701"/>
    <nd ref="11210000262"/>
    <tag k="access" v="permissive"/>
    <tag k="highway" v="residential"/>
  </way>
  <way id="1210021226">
    <nd ref="11210040629"/>
    <nd ref="11210040630"/>
    <nd ref="11210040631"/>
    <tag k="highway" v="residential"/>
  </way>
  <way id="1210021745">
    <nd ref="11210066598"/>
    <nd ref="11210066599"/>
    <nd ref="11210066603"/>
    <nd ref="11210066600"/>
    <nd ref="11210066601"/>
    <nd ref="11210066602"/>
    <nd ref="5553635483"/>
    <tag k="highway" v="service"/>
  </way>
  <way id="1210021746">
    <nd ref="11210066603"/>
    <nd ref="11210066604"/>
    <tag k="highway" v="service"/>
  </way>
  <way id="1210668675">
    <nd ref="11217090898"/>
    <nd ref="11217090899"/>
    <tag k="highway" v="residential"/>
  </way>
  <way id="1210668862">
    <nd ref="11217100866"/>
    <nd ref="11217100867"/>
    <tag k="highway" v="residential"/>
  </way>
  <way id="1210669010">
    <nd ref="11217101475"/>
    <nd ref="11217101476"/>
    <tag k="highway" v="residential"/>
  </way>
  <way id="1210669660">
    <nd ref="3779216050"/>
    <nd ref="11217108259"/>
    <tag k="highway" v="residential"/>
  </way>
  <way id="1210669661">
    <nd ref="3779216039"/>
    <nd ref="11217108260"/>
    <tag k="highway" v="residential"/>
  </way>
  <way id="1210669885">
    <nd ref="3779216075"/>
    <nd ref="11217108643"/>
    <tag k="highway" v="residential"/>
  </way>
  <way id="1210669886">
    <nd ref="3779216052"/>
    <nd ref="11217108644"/>
    <tag k="highway" v="residential"/>
  </way>
  <way id="1210675611">
    <nd ref="3779215910"/>
    <nd ref="8637186671"/>
    <nd ref="11217108317"/>
    <tag k="highway" v="residential"/>
  </way>
  <way id="1210675659">
    <nd ref="11217141265"/>
    <nd ref="11217141266"/>
    <tag k="highway" v="residential"/>
  </way>
  <way id="1210676265">
    <nd ref="11217165004"/>
    <nd ref="11217165005"/>
    <tag k="highway" v="residential"/>
  </way>
  <way id="1210917919">
    <nd ref="11219320978"/>
    <nd ref="3792433573"/>
    <nd ref="11219320977"/>
    <tag k="highway" v="residential"/>
  </way>
  <way id="1211158438">
    <nd ref="11221685175"/>
    <nd ref="3787305565"/>
    <tag k="highway" v="residential"/>
    <tag k="source" v="digitalglobe"/>
  </way>
  <way id="1211160111">
    <nd ref="11221701459"/>
    <nd ref="11221701460"/>
    <tag k="highway" v="residential"/>
  </way>
  <way id="1211164745">
    <nd ref="3780958405"/>
    <nd ref="11221733702"/>
    <nd ref="9739664220"/>
    <tag k="access" v="private"/>
    <tag k="highway" v="service"/>
    <tag k="source" v="digitalglobe"/>
  </way>
  <way id="1211167128">
    <nd ref="11221754914"/>
    <nd ref="3787304050"/>
    <tag k="highway" v="residential"/>
    <tag k="source" v="maxar"/>
  </way>
  <way id="1211743315">
    <nd ref="11226334747"/>
    <nd ref="11226334748"/>
    <tag k="highway" v="residential"/>
  </way>
  <way id="1211743760">
    <nd ref="3792432925"/>
    <nd ref="11226343182"/>
    <tag k="highway" v="residential"/>
  </way>
  <way id="1211743761">
    <nd ref="3792432922"/>
    <nd ref="11226343184"/>
    <tag k="highway" v="residential"/>
  </way>
  <way id="1211743965">
    <nd ref="3793679894"/>
    <nd ref="3793679958"/>
    <tag k="highway" v="residential"/>
  </way>
  <way id="1211743966">
    <nd ref="3793679967"/>
    <nd ref="11226276199"/>
    <tag k="highway" v="residential"/>
  </way>
  <way id="1211743967">
    <nd ref="11226276200"/>
    <nd ref="11226276201"/>
    <nd ref="11226276202"/>
    <nd ref="11226276203"/>
    <nd ref="11226276204"/>
    <nd ref="11226276205"/>
    <tag k="highway" v="residential"/>
  </way>
  <way id="1211744369">
    <nd ref="11226344144"/>
    <nd ref="11226344145"/>
    <tag k="highway" v="residential"/>
  </way>
  <way id="1211744991">
    <nd ref="3787304026"/>
    <nd ref="3787304031"/>
    <tag k="highway" v="residential"/>
    <tag k="name" v="ram path"/>
  </way>
  <way id="1211744992">
    <nd ref="3783279317"/>
    <nd ref="3783279310"/>
    <nd ref="3783279287"/>
    <tag k="highway" v="residential"/>
    <tag k="name" v="jand baba marg"/>
  </way>
  <way id="1211744993">
    <nd ref="3783279287"/>
    <nd ref="3783279272"/>
    <nd ref="11158884462"/>
    <nd ref="3783279263"/>
    <nd ref="3783260055"/>
    <nd ref="2696139379"/>
    <tag k="highway" v="residential"/>
    <tag k="name" v="siddharth path"/>
  </way>
  <way id="1211745205">
    <nd ref="6734790963"/>
    <nd ref="8142083115"/>
    <nd ref="8142083101"/>
    <nd ref="3783279648"/>
    <nd ref="3783279641"/>
    <nd ref="11593554453"/>
    <nd ref="11593554457"/>
    <nd ref="2696139402"/>
    <nd ref="2696139396"/>
    <tag k="highway" v="residential"/>
  </way>
  <way id="1211745206">
    <nd ref="2696139396"/>
    <nd ref="3783279287"/>
    <tag k="highway" v="residential"/>
    <tag k="name" v="siddharth path"/>
  </way>
  <way id="1211746169">
    <nd ref="3779262242"/>
    <nd ref="3779262372"/>
    <tag k="highway" v="residential"/>
  </way>
  <way id="1211746170">
    <nd ref="3789954226"/>
    <nd ref="3789954225"/>
    <tag k="highway" v="residential"/>
  </way>
  <way id="1211746171">
    <nd ref="3779262224"/>
    <nd ref="11765934198"/>
    <nd ref="3789953686"/>
    <nd ref="3789953693"/>
    <nd ref="3789953698"/>
    <nd ref="11104156232"/>
    <nd ref="3789953736"/>
    <nd ref="3789953706"/>
    <nd ref="3789953707"/>
    <nd ref="3779262242"/>
    <tag k="highway" v="residential"/>
  </way>
  <way id="1211746172">
    <nd ref="3779262211"/>
    <nd ref="3779262213"/>
    <nd ref="3779262222"/>
    <nd ref="3779262224"/>
    <tag k="highway" v="residential"/>
  </way>
  <way id="1211746173">
    <nd ref="3779262199"/>
    <nd ref="11226356044"/>
    <nd ref="3779262206"/>
    <nd ref="3779262211"/>
    <tag k="highway" v="residential"/>
  </way>
  <way id="1211746174">
    <nd ref="3779262357"/>
    <nd ref="3779262256"/>
    <nd ref="11104216318"/>
    <nd ref="3789954117"/>
    <nd ref="3779262363"/>
    <tag k="highway" v="residential"/>
  </way>
  <way id="1211746175">
    <nd ref="3789954283"/>
    <nd ref="3789954271"/>
    <tag k="highway" v="residential"/>
  </way>
  <way id="1211746176">
    <nd ref="3779262374"/>
    <nd ref="3779262359"/>
    <nd ref="3779262254"/>
    <nd ref="3779262249"/>
    <tag k="highway" v="residential"/>
  </way>
  <way id="1211746177">
    <nd ref="3779262361"/>
    <nd ref="14053765741"/>
    <nd ref="3789953743"/>
    <nd ref="3789953735"/>
    <nd ref="3779262251"/>
    <nd ref="3779262249"/>
    <tag k="highway" v="residential"/>
  </way>
  <way id="1211746178">
    <nd ref="3779262189"/>
    <nd ref="3789954198"/>
    <tag k="highway" v="residential"/>
  </way>
  <way id="1211746179">
    <nd ref="3779262249"/>
    <nd ref="11226356047"/>
    <nd ref="11217530066"/>
    <tag k="highway" v="residential"/>
  </way>
  <way id="1215226584">
    <nd ref="11259107680"/>
    <nd ref="3788543002"/>
    <tag k="highway" v="residential"/>
    <tag k="source" v="maxar"/>
  </way>
  <way id="1247070043">
    <nd ref="8620643021"/>
    <nd ref="11593568966"/>
    <tag k="highway" v="residential"/>
  </way>
  <way id="1247070044">
    <nd ref="8620643018"/>
    <nd ref="11593568967"/>
    <tag k="highway" v="residential"/>
  </way>
  <way id="1247076450">
    <nd ref="11593554453"/>
    <nd ref="11593554454"/>
    <nd ref="11593554455"/>
    <nd ref="11593554456"/>
    <nd ref="11593554465"/>
    <nd ref="11593554452"/>
    <tag k="highway" v="residential"/>
  </way>
  <way id="1247076451">
    <nd ref="11593554457"/>
    <nd ref="11593554465"/>
    <nd ref="11593554458"/>
    <nd ref="11593554459"/>
    <nd ref="11593554460"/>
    <nd ref="11593554461"/>
    <nd ref="11593554462"/>
    <nd ref="11593554463"/>
    <nd ref="11593554464"/>
    <tag k="highway" v="residential"/>
  </way>
  <way id="1247077254">
    <nd ref="11593694742"/>
    <nd ref="11593694744"/>
    <nd ref="11593694743"/>
    <tag k="access" v="private"/>
    <tag k="highway" v="service"/>
  </way>
  <way id="1247077349">
    <nd ref="11593684812"/>
    <nd ref="11593684813"/>
    <tag k="highway" v="residential"/>
  </way>
  <way id="1247077486">
    <nd ref="11593676542"/>
    <nd ref="11593676543"/>
    <tag k="highway" v="residential"/>
  </way>
  <way id="1247077605">
    <nd ref="3793735093"/>
    <nd ref="11593665348"/>
    <tag k="highway" v="residential"/>
  </way>
  <way id="1247077619">
    <nd ref="11593690944"/>
    <nd ref="11593690945"/>
    <tag k="highway" v="residential"/>
  </way>
  <way id="1247077835">
    <nd ref="11217090898"/>
    <nd ref="11593696274"/>
    <tag k="highway" v="residential"/>
    <tag k="surface" v="unpaved"/>
  </way>
  <way id="1247078344">
    <nd ref="11593705892"/>
    <nd ref="11593705893"/>
    <tag k="highway" v="residential"/>
  </way>
  <way id="1247079290">
    <nd ref="3788542956"/>
    <nd ref="11593581132"/>
    <tag k="highway" v="residential"/>
  </way>
  <way id="1247079514">
    <nd ref="11593634979"/>
    <nd ref="11593634980"/>
    <tag k="highway" v="residential"/>
  </way>
  <way id="1247079594">
    <nd ref="11593692101"/>
    <nd ref="11593692102"/>
    <nd ref="11593692103"/>
    <tag k="access" v="private"/>
    <tag k="highway" v="service"/>
  </way>
  <way id="1247081855">
    <nd ref="11593696244"/>
    <nd ref="11593696245"/>
    <tag k="highway" v="residential"/>
  </way>
  <way id="1247082325">
    <nd ref="11593723709"/>
    <nd ref="11593723710"/>
    <nd ref="11593723711"/>
    <nd ref="11593723712"/>
    <nd ref="11593723713"/>
    <nd ref="11593723714"/>
    <nd ref="11593723715"/>
    <nd ref="11593723716"/>
    <nd ref="11593723717"/>
    <nd ref="11593723718"/>
    <tag k="highway" v="residential"/>
    <tag k="surface" v="unpaved"/>
  </way>
  <way id="1247082326">
    <nd ref="11593723717"/>
    <nd ref="11593723710"/>
    <tag k="highway" v="residential"/>
    <tag k="surface" v="unpaved"/>
  </way>
  <way id="1247082451">
    <nd ref="11593715770"/>
    <nd ref="11593715771"/>
    <tag k="highway" v="residential"/>
  </way>
  <way id="1247082593">
    <nd ref="11593708389"/>
    <nd ref="11593708390"/>
    <tag k="highway" v="residential"/>
    <tag k="surface" v="unpaved"/>
  </way>
  <way id="1247082971">
    <nd ref="3779262189"/>
    <nd ref="11593670836"/>
    <tag k="highway" v="residential"/>
  </way>
  <way id="1247086660">
    <nd ref="11593752728"/>
    <nd ref="11593752729"/>
    <tag k="highway" v="residential"/>
    <tag k="surface" v="unpaved"/>
  </way>
  <way id="1249439323">
    <nd ref="3780958422"/>
    <nd ref="3780958409"/>
    <nd ref="3787306753"/>
    <nd ref="11613071274"/>
    <tag k="highway" v="residential"/>
    <tag k="name" v="mohan marg"/>
  </way>
  <way id="1249455123">
    <nd ref="3787305643"/>
    <nd ref="3787306682"/>
    <tag k="access" v="permissive"/>
    <tag k="highway" v="residential"/>
    <tag k="name" v="2A lane"/>
  </way>
  <way id="1249455124">
    <nd ref="3787305643"/>
    <nd ref="11613187771"/>
    <nd ref="3788543230"/>
    <tag k="access" v="permissive"/>
    <tag k="highway" v="residential"/>
    <tag k="name" v="4 Number lane"/>
  </way>
  <way id="1249455252">
    <nd ref="3787305965"/>
    <nd ref="3787305643"/>
    <tag k="access" v="permissive"/>
    <tag k="highway" v="residential"/>
    <tag k="name" v="2A lane"/>
  </way>
  <way id="1249455253">
    <nd ref="3787305965"/>
    <nd ref="11613186625"/>
    <nd ref="3787305969"/>
    <tag k="access" v="permissive"/>
    <tag k="highway" v="residential"/>
    <tag k="name" v="2 Number lane"/>
  </way>
  <way id="1249469058">
    <nd ref="3780958447"/>
    <nd ref="3780958450"/>
    <nd ref="3780958451"/>
    <nd ref="3780958452"/>
    <nd ref="3780958453"/>
    <nd ref="3780958454"/>
    <tag k="access" v="permissive"/>
    <tag k="highway" v="residential"/>
  </way>
  <way id="1249470991">
    <nd ref="8634799692"/>
    <nd ref="11613287546"/>
    <nd ref="11613287547"/>
    <tag k="highway" v="residential"/>
  </way>
  <way id="1249474339">
    <nd ref="3783103778"/>
    <nd ref="3787303981"/>
    <nd ref="11210000262"/>
    <nd ref="4720197427"/>
    <nd ref="3787304016"/>
    <nd ref="316927613"/>
    <nd ref="3787304042"/>
    <nd ref="3787305962"/>
    <nd ref="3787305640"/>
    <nd ref="3787306706"/>
    <nd ref="316927612"/>
    <nd ref="3780824247"/>
    <nd ref="3780958396"/>
    <nd ref="316927611"/>
    <nd ref="3780824691"/>
    <nd ref="3780958448"/>
    <nd ref="316927610"/>
    <nd ref="10903079835"/>
    <nd ref="3780824746"/>
    <nd ref="316927608"/>
    <nd ref="8634799691"/>
    <nd ref="3780824889"/>
    <nd ref="3780824907"/>
    <nd ref="3780824934"/>
    <tag k="highway" v="tertiary"/>
    <tag k="lanes" v="2"/>
    <tag k="maxspeed" v="40"/>
    <tag k="name" v="Kings Road"/>
    <tag k="oneway" v="no"/>
  </way>
  <way id="1249789873">
    <nd ref="3780824878"/>
    <nd ref="11617764296"/>
    <tag k="highway" v="residential"/>
  </way>
  <way id="1249791131">
    <nd ref="3780824245"/>
    <nd ref="8620643022"/>
    <nd ref="11617806292"/>
    <nd ref="8620643021"/>
    <tag k="highway" v="residential"/>
    <tag k="source" v="maxar"/>
  </way>
  <way id="1250159267">
    <nd ref="11621292435"/>
    <nd ref="11621292436"/>
    <nd ref="11621292437"/>
    <tag k="highway" v="residential"/>
  </way>
  <way id="1250159537">
    <nd ref="11621298973"/>
    <nd ref="11621298974"/>
    <nd ref="11621298975"/>
    <tag k="highway" v="residential"/>
  </way>
  <way id="1250189944">
    <nd ref="11621682426"/>
    <nd ref="11621682427"/>
    <nd ref="11621682428"/>
    <nd ref="11621682429"/>
    <tag k="highway" v="residential"/>
  </way>
  <way id="1250189945">
    <nd ref="11621682428"/>
    <nd ref="11621682430"/>
    <tag k="highway" v="residential"/>
  </way>
  <way id="1266418982">
    <nd ref="11763301873"/>
    <nd ref="11763301874"/>
    <nd ref="11763301875"/>
    <nd ref="11763301876"/>
    <nd ref="11763301877"/>
    <nd ref="11763301879"/>
    <nd ref="11763301878"/>
    <tag k="highway" v="service"/>
  </way>
  <way id="1266418983">
    <nd ref="11763301880"/>
    <nd ref="11763301881"/>
    <nd ref="11763301882"/>
    <nd ref="11763301883"/>
    <nd ref="11763301890"/>
    <nd ref="11763301884"/>
    <nd ref="11763301885"/>
    <nd ref="11763301886"/>
    <nd ref="11763301887"/>
    <nd ref="11763301888"/>
    <nd ref="11763301889"/>
    <tag k="highway" v="service"/>
  </way>
  <way id="1266427994">
    <nd ref="11763369334"/>
    <nd ref="11763369335"/>
    <tag k="highway" v="tertiary_link"/>
  </way>
  <way id="1266743148">
    <nd ref="14030364786"/>
    <nd ref="8637664163"/>
    <nd ref="8637664165"/>
    <nd ref="8637664166"/>
    <nd ref="9909269315"/>
    <tag k="highway" v="tertiary"/>
    <tag k="oneway" v="yes"/>
    <tag k="source" v="maxar"/>
  </way>
  <way id="1266743149">
    <nd ref="9909269315"/>
    <nd ref="9909269316"/>
    <tag k="highway" v="tertiary"/>
    <tag k="oneway" v="yes"/>
    <tag k="source" v="maxar"/>
  </way>
  <way id="1266745663">
    <nd ref="11765778230"/>
    <nd ref="11765778231"/>
    <tag k="highway" v="residential"/>
  </way>
  <way id="1266753043">
    <nd ref="11765934198"/>
    <nd ref="11765934199"/>
    <tag k="highway" v="residential"/>
  </way>
  <way id="1266753844">
    <nd ref="11765933771"/>
    <nd ref="11765933774"/>
    <nd ref="11765933772"/>
    <tag k="highway" v="service"/>
  </way>
  <way id="1266753845">
    <nd ref="11765933773"/>
    <nd ref="11765933774"/>
    <nd ref="11765933775"/>
    <tag k="highway" v="service"/>
  </way>
  <way id="1266764784">
    <nd ref="11765987766"/>
    <nd ref="11765987767"/>
    <nd ref="11765987768"/>
    <nd ref="3788543129"/>
    <tag k="highway" v="residential"/>
  </way>
  <way id="1266765912">
    <nd ref="11766034692"/>
    <nd ref="4757332112"/>
    <tag k="highway" v="residential"/>
  </way>
  <way id="1266767941">
    <nd ref="11766046824"/>
    <nd ref="11766046825"/>
    <nd ref="11766046826"/>
    <nd ref="11766046827"/>
    <nd ref="11766046828"/>
    <nd ref="11766046829"/>
    <nd ref="11766046832"/>
    <nd ref="11766046830"/>
    <nd ref="11766046831"/>
    <tag k="highway" v="service"/>
  </way>
  <way id="1266776077">
    <nd ref="11766114023"/>
    <nd ref="10592150370"/>
    <nd ref="11766114024"/>
    <nd ref="11766114025"/>
    <nd ref="11766114026"/>
    <nd ref="11766114027"/>
    <nd ref="11766114028"/>
    <tag k="highway" v="residential"/>
    <tag k="surface" v="unpaved"/>
  </way>
  <way id="1266777076">
    <nd ref="11766114048"/>
    <nd ref="11766114050"/>
    <nd ref="11766114049"/>
    <tag k="access" v="private"/>
    <tag k="highway" v="service"/>
  </way>
  <way id="1267051222">
    <nd ref="11768476378"/>
    <nd ref="11768476379"/>
    <tag k="highway" v="residential"/>
  </way>
  <way id="1267052627">
    <nd ref="11768499051"/>
    <nd ref="11768499052"/>
    <nd ref="11768499053"/>
    <nd ref="11768499054"/>
    <nd ref="8637664150"/>
    <tag k="highway" v="residential"/>
  </way>
  <way id="1267052628">
    <nd ref="11768499056"/>
    <nd ref="11768499057"/>
    <tag k="highway" v="residential"/>
  </way>
  <way id="1267052629">
    <nd ref="11768499058"/>
    <nd ref="11768499059"/>
    <tag k="highway" v="residential"/>
  </way>
  <way id="1267083873">
    <nd ref="11768696706"/>
    <nd ref="11768696707"/>
    <nd ref="14053765740"/>
    <tag k="access" v="private"/>
    <tag k="highway" v="service"/>
  </way>
  <way id="1267302716">
    <nd ref="3788668211"/>
    <nd ref="11770599212"/>
    <nd ref="8620469107"/>
    <tag k="highway" v="residential"/>
    <tag k="source" v="maxar"/>
  </way>
  <way id="1267302841">
    <nd ref="11770583331"/>
    <nd ref="11770583332"/>
    <nd ref="11770583334"/>
    <nd ref="11770583333"/>
    <tag k="access" v="private"/>
    <tag k="highway" v="service"/>
  </way>
  <way id="1267302842">
    <nd ref="11770583334"/>
    <nd ref="11770583335"/>
    <tag k="access" v="private"/>
    <tag k="highway" v="service"/>
  </way>
  <way id="1267306657">
    <nd ref="11770606783"/>
    <nd ref="11770606784"/>
    <tag k="highway" v="residential"/>
  </way>
  <way id="1267306658">
    <nd ref="11770606785"/>
    <nd ref="11770606786"/>
    <tag k="highway" v="residential"/>
  </way>
  <way id="1267307079">
    <nd ref="11770583065"/>
    <nd ref="11770583066"/>
    <tag k="highway" v="residential"/>
  </way>
  <way id="1267309760">
    <nd ref="3787306714"/>
    <nd ref="3787306728"/>
    <tag k="highway" v="residential"/>
  </way>
  <way id="1268130177">
    <nd ref="11778102652"/>
    <nd ref="11778102653"/>
    <tag k="highway" v="residential"/>
    <tag k="surface" v="unpaved"/>
  </way>
  <way id="1311729026">
    <nd ref="11104142095"/>
    <nd ref="12141756778"/>
    <nd ref="12141756774"/>
    <nd ref="12141756775"/>
    <tag k="highway" v="residential"/>
  </way>
  <way id="1311729027">
    <nd ref="12141756776"/>
    <nd ref="12141756777"/>
    <nd ref="12141756778"/>
    <tag k="highway" v="residential"/>
  </way>
  <way id="1319584800">
    <nd ref="8637775806"/>
    <nd ref="3792433586"/>
    <tag k="highway" v="residential"/>
    <tag k="motor_vehicle" v="no"/>
  </way>
  <way id="1366003165">
    <nd ref="3780958407"/>
    <nd ref="3780958401"/>
    <nd ref="3780958402"/>
    <tag k="highway" v="residential"/>
    <tag k="name" v="Devi marg"/>
  </way>
  <way id="1366003166">
    <nd ref="3780958407"/>
    <nd ref="3780958422"/>
    <tag k="highway" v="residential"/>
    <tag k="name" v="mohan marg"/>
  </way>
  <way id="1384350507">
    <nd ref="11166505824"/>
    <nd ref="8637664171"/>
    <tag k="highway" v="residential"/>
  </way>
  <way id="1489315110">
    <nd ref="316753322"/>
    <nd ref="13651218059"/>
    <tag k="highway" v="residential"/>
  </way>
  <way id="1491728721">
    <nd ref="13670801479"/>
    <nd ref="13670801480"/>
    <nd ref="13670801481"/>
    <tag k="access" v="private"/>
    <tag k="highway" v="service"/>
  </way>
  <way id="1525143183">
    <nd ref="8634324656"/>
    <nd ref="6976242969"/>
    <tag k="highway" v="tertiary"/>
    <tag k="oneway" v="yes"/>
  </way>
  <way id="1540192058">
    <nd ref="14023643495"/>
    <nd ref="14023643497"/>
    <nd ref="14023643496"/>
    <tag k="access" v="private"/>
    <tag k="highway" v="service"/>
  </way>
  <way id="1540192273">
    <nd ref="3788668237"/>
    <nd ref="14023656234"/>
    <tag k="highway" v="residential"/>
  </way>
  <way id="1541212471">
    <nd ref="8635304016"/>
    <nd ref="14030364787"/>
    <nd ref="14030364785"/>
    <tag k="highway" v="tertiary"/>
    <tag k="oneway" v="yes"/>
  </way>
  <way id="1541212472">
    <nd ref="8635304016"/>
    <nd ref="9909269315"/>
    <tag k="highway" v="tertiary"/>
    <tag k="oneway" v="yes"/>
    <tag k="source" v="maxar"/>
  </way>
  <way id="1541212473">
    <nd ref="14030364778"/>
    <nd ref="14030364777"/>
    <nd ref="14030364776"/>
    <nd ref="8637794848"/>
    <nd ref="14030364775"/>
    <nd ref="14030364774"/>
    <nd ref="14030364773"/>
    <nd ref="8637664157"/>
    <nd ref="14030364786"/>
    <tag k="highway" v="tertiary"/>
    <tag k="oneway" v="yes"/>
    <tag k="source" v="maxar"/>
  </way>
  <way id="1541212474">
    <nd ref="14030364786"/>
    <nd ref="14030364785"/>
    <tag k="highway" v="residential"/>
  </way>
  <way id="1541212475">
    <nd ref="14030364785"/>
    <nd ref="14030364779"/>
    <nd ref="14030364780"/>
    <nd ref="14030364781"/>
    <nd ref="14030364782"/>
    <nd ref="14030364783"/>
    <nd ref="14030364778"/>
    <tag k="highway" v="tertiary"/>
    <tag k="oneway" v="yes"/>
  </way>
  <way id="1541212476">
    <nd ref="3788542972"/>
    <nd ref="3788542979"/>
    <nd ref="6186956296"/>
    <nd ref="8635304016"/>
    <tag k="highway" v="tertiary"/>
    <tag k="oneway" v="yes"/>
  </way>
  <way id="1541212477">
    <nd ref="9909269316"/>
    <nd ref="8637664167"/>
    <nd ref="8637664168"/>
    <nd ref="14030364789"/>
    <tag k="highway" v="tertiary"/>
    <tag k="oneway" v="yes"/>
    <tag k="source" v="maxar"/>
  </way>
  <way id="1545012668">
    <nd ref="14053247533"/>
    <nd ref="14053247534"/>
    <nd ref="14053247535"/>
    <nd ref="14053247536"/>
    <nd ref="14053247537"/>
    <tag k="highway" v="trunk_link"/>
    <tag k="oneway" v="yes"/>
  </way>
  <way id="1545014477">
    <nd ref="14053765725"/>
    <nd ref="14053765737"/>
    <nd ref="14076742121"/>
    <nd ref="11209895558"/>
    <nd ref="14053292830"/>
    <nd ref="8620447017"/>
    <nd ref="14053292839"/>
    <nd ref="14053292831"/>
    <nd ref="14053292838"/>
    <nd ref="14053292832"/>
    <nd ref="14053292837"/>
    <nd ref="14053292836"/>
    <nd ref="14053292833"/>
    <nd ref="8620397605"/>
    <nd ref="14074587032"/>
    <nd ref="14053292834"/>
    <nd ref="4757332675"/>
    <nd ref="4757335050"/>
    <nd ref="14053292835"/>
    <nd ref="11209891219"/>
    <tag k="highway" v="service"/>
  </way>
  <way id="1545076134">
    <nd ref="14053292829"/>
    <nd ref="14053765735"/>
    <nd ref="14053765736"/>
    <nd ref="14053765737"/>
    <tag k="highway" v="tertiary_link"/>
    <tag k="oneway" v="yes"/>
  </way>
  <way id="1545076135">
    <nd ref="14053765740"/>
    <nd ref="14053765741"/>
    <nd ref="14053765742"/>
    <nd ref="14053765743"/>
    <nd ref="14053765744"/>
    <nd ref="14053765745"/>
    <nd ref="3779262126"/>
    <nd ref="14053765746"/>
    <nd ref="14053765747"/>
    <nd ref="14053765748"/>
    <nd ref="14053765749"/>
    <nd ref="14053765750"/>
    <nd ref="14053765751"/>
    <tag k="highway" v="service"/>
  </way>
  <way id="1545076136">
    <nd ref="14053765734"/>
    <nd ref="14053765738"/>
    <nd ref="14053765739"/>
    <nd ref="14053765740"/>
    <tag k="highway" v="service"/>
  </way>
  <way id="1545076137">
    <nd ref="14053765740"/>
    <nd ref="11768696708"/>
    <tag k="highway" v="service"/>
  </way>
  <way id="1545379842">
    <nd ref="3787305097"/>
    <nd ref="3787305096"/>
    <nd ref="3787305095"/>
    <tag k="highway" v="residential"/>
  </way>
  <way id="1545403867">
    <nd ref="14056284403"/>
    <nd ref="14056284404"/>
    <tag k="highway" v="residential"/>
  </way>
  <way id="1545925136">
    <nd ref="14060748253"/>
    <nd ref="8637331795"/>
    <nd ref="3787305124"/>
    <nd ref="3787305125"/>
    <tag k="highway" v="residential"/>
  </way>
  <way id="1545925137">
    <nd ref="3787305282"/>
    <nd ref="14060748258"/>
    <nd ref="14060748257"/>
    <nd ref="14060748256"/>
    <nd ref="14060748255"/>
    <nd ref="9739652650"/>
    <nd ref="9739652651"/>
    <tag k="highway" v="residential"/>
    <tag k="source" v="digitalglobe"/>
  </way>
  <way id="1545925138">
    <nd ref="14060748262"/>
    <nd ref="14060748265"/>
    <tag k="highway" v="residential"/>
  </way>
  <way id="1545943185">
    <nd ref="14060862677"/>
    <nd ref="14060862678"/>
    <tag k="highway" v="residential"/>
  </way>
  <way id="1545974671">
    <nd ref="14061170791"/>
    <nd ref="7090378396"/>
    <nd ref="13670801479"/>
    <nd ref="3787306692"/>
    <nd ref="3787305651"/>
    <nd ref="3787305961"/>
    <nd ref="14061170795"/>
    <nd ref="14061170789"/>
    <tag k="highway" v="tertiary"/>
    <tag k="name" v="Nirman Nagar Road"/>
  </way>
  <way id="1545974672">
    <nd ref="2696139270"/>
    <nd ref="3787304021"/>
    <nd ref="14061170788"/>
    <nd ref="14061170789"/>
    <tag k="highway" v="tertiary"/>
    <tag k="name" v="Nirman Nagar Road"/>
    <tag k="oneway" v="yes"/>
  </way>
  <way id="1545974673">
    <nd ref="14061170789"/>
    <nd ref="14061170790"/>
    <nd ref="7090378391"/>
    <tag k="highway" v="tertiary"/>
    <tag k="name" v="Nirman Nagar Road"/>
    <tag k="oneway" v="yes"/>
  </way>
  <way id="1547184229">
    <nd ref="3787292426"/>
    <nd ref="3787305280"/>
    <nd ref="3793671550"/>
    <nd ref="3787305143"/>
    <tag k="highway" v="residential"/>
    <tag k="surface" v="unpaved"/>
  </way>
  <way id="1547184230">
    <nd ref="3787305571"/>
    <nd ref="3787305563"/>
    <nd ref="3787292426"/>
    <tag k="highway" v="residential"/>
    <tag k="surface" v="unpaved"/>
  </way>
  <way id="1547438640">
    <nd ref="14074587032"/>
    <nd ref="2830764255"/>
    <tag k="highway" v="tertiary"/>
  </way>
  <way id="1547440684">
    <nd ref="3780824924"/>
    <nd ref="3780824900"/>
    <nd ref="3780824863"/>
    <nd ref="3780824749"/>
    <nd ref="3780824742"/>
    <nd ref="3780824735"/>
    <nd ref="3780824728"/>
    <nd ref="3780824719"/>
    <nd ref="3780824707"/>
    <tag k="highway" v="residential"/>
  </way>
  <way id="1547440686">
    <nd ref="3780824707"/>
    <nd ref="3780824703"/>
    <nd ref="3780824694"/>
    <nd ref="3780824690"/>
    <nd ref="3780824685"/>
    <nd ref="3780824683"/>
    <nd ref="3780824673"/>
    <tag k="highway" v="residential"/>
  </way>
  <way id="1547609092">
    <nd ref="14076087150"/>
    <nd ref="9816227427"/>
    <nd ref="14076087152"/>
    <nd ref="14076087151"/>
    <tag k="access" v="private"/>
    <tag k="highway" v="service"/>
  </way>
  <way id="1547637803">
    <nd ref="3787305597"/>
    <nd ref="14076332642"/>
    <tag k="highway" v="residential"/>
  </way>
  <way id="1547637804">
    <nd ref="8125106438"/>
    <nd ref="8651146973"/>
    <nd ref="8125106437"/>
    <nd ref="8125106435"/>
    <nd ref="8064587229"/>
    <tag k="highway" v="trunk"/>
    <tag k="oneway" v="yes"/>
    <tag k="ref" v="NH52"/>
  </way>
  <way id="1547637805">
    <nd ref="3787305597"/>
    <nd ref="8125106438"/>
    <tag k="highway" v="trunk"/>
    <tag k="oneway" v="yes"/>
    <tag k="ref" v="NH52"/>
  </way>
  <way id="1547637806">
    <nd ref="11766114048"/>
    <nd ref="3787305597"/>
    <tag k="highway" v="trunk"/>
    <tag k="oneway" v="yes"/>
    <tag k="ref" v="NH52"/>
  </way>
  <way id="1547684736">
    <nd ref="14076742121"/>
    <nd ref="14076742122"/>
    <tag k="highway" v="trunk_link"/>
  </way>
  <way id="1547848146">
    <nd ref="3788542977"/>
    <nd ref="3789954265"/>
    <nd ref="11226356043"/>
    <nd ref="14078180622"/>
    <nd ref="14078180611"/>
    <nd ref="14078180612"/>
    <nd ref="14078180630"/>
    <nd ref="14078180613"/>
    <nd ref="14055787667"/>
    <tag k="highway" v="residential"/>
  </way>
  <way id="1547848147">
    <nd ref="3789954121"/>
    <nd ref="11226356043"/>
    <tag k="highway" v="residential"/>
  </way>
  <way id="1547848148">
    <nd ref="3789953676"/>
    <nd ref="14078180617"/>
    <tag k="highway" v="residential"/>
  </way>
  <way id="1547848149">
    <nd ref="14078180618"/>
    <nd ref="14078180619"/>
    <nd ref="14078180620"/>
    <nd ref="14078180621"/>
    <tag k="highway" v="residential"/>
  </way>
  <way id="1547848150">
    <nd ref="14078180622"/>
    <nd ref="14078180623"/>
    <nd ref="14078180624"/>
    <nd ref="14078180625"/>
    <nd ref="14078180626"/>
    <nd ref="14078180627"/>
    <nd ref="14078180628"/>
    <nd ref="14078180635"/>
    <nd ref="14078180629"/>
    <nd ref="14078180611"/>
    <tag k="highway" v="residential"/>
  </way>
  <way id="1547848151">
    <nd ref="14078180630"/>
    <nd ref="14078180631"/>
    <nd ref="14078180632"/>
    <nd ref="14078180633"/>
    <nd ref="14078180634"/>
    <nd ref="14078180635"/>
    <tag k="highway" v="residential"/>
  </way>

</osm>
